[{
  "encodedId" : "228TLJ",
  "badgeType" : "DAILY_STEPS",
  "value" : 40000,
  "timesAchieved" : 1,
  "dateTime" : "2017-07-15",
  "name" : "Cleats (40,000 steps in a day)",
  "shortName" : "Cleats",
  "earnedMessage" : "Congrats on earning your first Cleats badge!",
  "description" : "40,000 steps in a day",
  "category" : "Daily Steps",
  "shareText" : "I took 40,000 steps and earned the Cleats badge! #Fitbit"
},{
  "encodedId" : "228TPW",
  "badgeType" : "DAILY_STEPS",
  "value" : 35000,
  "timesAchieved" : 3,
  "dateTime" : "2017-07-15",
  "name" : "Hiking Boot (35,000 steps in a day)",
  "shortName" : "Hiking Boot",
  "earnedMessage" : "Congrats on earning your first Hiking Boot badge!",
  "description" : "35,000 steps in a day",
  "category" : "Daily Steps",
  "shareText" : "I took 35,000 steps and earned the Hiking Boot badge! #Fitbit"
},{
  "encodedId" : "228TM5",
  "badgeType" : "DAILY_STEPS",
  "value" : 30000,
  "timesAchieved" : 5,
  "dateTime" : "2017-07-15",
  "name" : "Trail Shoe (30,000 steps in a day)",
  "shortName" : "Trail Shoe",
  "earnedMessage" : "Congrats on earning your first Trail Shoe badge!",
  "description" : "30,000 steps in a day",
  "category" : "Daily Steps",
  "shareText" : "I took 30,000 steps and earned the Trail Shoe badge! #Fitbit"
},{
  "encodedId" : "228TLX",
  "badgeType" : "DAILY_STEPS",
  "value" : 25000,
  "timesAchieved" : 11,
  "dateTime" : "2017-08-18",
  "name" : "Classics (25,000 steps in a day)",
  "shortName" : "Classics",
  "earnedMessage" : "Congrats on earning your first Classics badge!",
  "description" : "25,000 steps in a day",
  "category" : "Daily Steps",
  "shareText" : "I took 25,000 steps and earned the Classics badge! #Fitbit"
},{
  "encodedId" : "228TPP",
  "badgeType" : "DAILY_STEPS",
  "value" : 20000,
  "timesAchieved" : 39,
  "dateTime" : "2017-08-18",
  "name" : "High Tops (20,000 steps in a day)",
  "shortName" : "High Tops",
  "earnedMessage" : "Congrats on earning your first High Tops badge!",
  "description" : "20,000 steps in a day",
  "category" : "Daily Steps",
  "shareText" : "I took 20,000 steps and earned the High Tops badge! #Fitbit"
},{
  "encodedId" : "228TMK",
  "badgeType" : "DAILY_STEPS",
  "value" : 15000,
  "timesAchieved" : 127,
  "dateTime" : "2017-08-18",
  "name" : "Urban Boot (15,000 steps in a day)",
  "shortName" : "Urban Boot",
  "earnedMessage" : "Congrats on earning your first Urban Boot badge!",
  "description" : "15,000 steps in a day",
  "category" : "Daily Steps",
  "shareText" : "I took 15,000 steps and earned the Urban Boot badge! #Fitbit"
},{
  "encodedId" : "228TQB",
  "badgeType" : "DAILY_STEPS",
  "value" : 10000,
  "timesAchieved" : 288,
  "dateTime" : "2017-08-18",
  "name" : "Sneakers (10,000 steps in a day)",
  "shortName" : "Sneakers",
  "earnedMessage" : "Congrats on earning your first Sneakers badge!",
  "description" : "10,000 steps in a day",
  "category" : "Daily Steps",
  "shareText" : "I took 10,000 steps and earned the Sneakers badge! #Fitbit"
},{
  "encodedId" : "228TQ4",
  "badgeType" : "DAILY_STEPS",
  "value" : 5000,
  "timesAchieved" : 508,
  "dateTime" : "2017-08-18",
  "name" : "Boat Shoe (5,000 steps in a day)",
  "shortName" : "Boat Shoe",
  "earnedMessage" : "Congrats on earning your first Boat Shoe badge!",
  "description" : "5,000 steps in a day",
  "category" : "Daily Steps",
  "shareText" : "I took 5,000 steps and earned the Boat Shoe badge! #Fitbit"
},{
  "encodedId" : "22984B",
  "badgeType" : "DAILY_FLOORS",
  "value" : 300,
  "timesAchieved" : 1,
  "dateTime" : "2017-07-15",
  "name" : "Waterfall (300 floors in a day)",
  "shortName" : "Waterfall",
  "earnedMessage" : "Congrats on earning your first Waterfall badge!",
  "description" : "300 floors in a day",
  "category" : "Daily Climb",
  "shareText" : "I climbed 300 flights of stairs and earned the Waterfall badge! #Fitbit"
},{
  "encodedId" : "228TC9",
  "badgeType" : "DAILY_FLOORS",
  "value" : 200,
  "timesAchieved" : 2,
  "dateTime" : "2017-07-15",
  "name" : "Castle (200 floors in a day)",
  "shortName" : "Castle",
  "earnedMessage" : "Congrats on earning your first Castle badge!",
  "description" : "200 floors in a day",
  "category" : "Daily Climb",
  "shareText" : "I climbed 200 flights of stairs and earned the Castle badge! #Fitbit"
},{
  "encodedId" : "229849",
  "badgeType" : "DAILY_FLOORS",
  "value" : 175,
  "timesAchieved" : 2,
  "dateTime" : "2017-07-15",
  "name" : "Bridge (175 floors in a day)",
  "shortName" : "Bridge",
  "earnedMessage" : "Congrats on earning your first Bridge badge!",
  "description" : "175 floors in a day",
  "category" : "Daily Climb",
  "shareText" : "I climbed 175 flights of stairs and earned the Bridge badge! #Fitbit"
},{
  "encodedId" : "228TC3",
  "badgeType" : "DAILY_FLOORS",
  "value" : 150,
  "timesAchieved" : 4,
  "dateTime" : "2017-07-15",
  "name" : "Stadium (150 floors in a day)",
  "shortName" : "Stadium",
  "earnedMessage" : "Congrats on earning your first Stadium badge!",
  "description" : "150 floors in a day",
  "category" : "Daily Climb",
  "shareText" : "I climbed 150 flights of stairs and earned the Stadium badge! #Fitbit"
},{
  "encodedId" : "229844",
  "badgeType" : "DAILY_FLOORS",
  "value" : 125,
  "timesAchieved" : 7,
  "dateTime" : "2017-08-18",
  "name" : "Rollercoaster (125 floors in a day)",
  "shortName" : "Rollercoaster",
  "earnedMessage" : "Congrats on earning your first Rollercoaster badge!",
  "description" : "125 floors in a day",
  "category" : "Daily Climb",
  "shareText" : "I climbed 125 flights of stairs and earned the Rollercoaster badge! #Fitbit"
},{
  "encodedId" : "228TSL",
  "badgeType" : "DAILY_FLOORS",
  "value" : 100,
  "timesAchieved" : 15,
  "dateTime" : "2017-08-18",
  "name" : "Skyscraper (100 floors in a day)",
  "shortName" : "Skyscraper",
  "earnedMessage" : "Congrats on earning your first Skyscraper badge!",
  "description" : "100 floors in a day",
  "category" : "Daily Climb",
  "shareText" : "I climbed 100 flights of stairs and earned the Skyscraper badge! #Fitbit"
},{
  "encodedId" : "229843",
  "badgeType" : "DAILY_FLOORS",
  "value" : 75,
  "timesAchieved" : 31,
  "dateTime" : "2017-08-18",
  "name" : "Ferris Wheel (75 floors in a day)",
  "shortName" : "Ferris Wheel",
  "earnedMessage" : "Congrats on earning your first Ferris Wheel badge!",
  "description" : "75 floors in a day",
  "category" : "Daily Climb",
  "shareText" : "I climbed 75 flights of stairs and earned the Ferris Wheel badge! #Fitbit"
},{
  "encodedId" : "228TT7",
  "badgeType" : "DAILY_FLOORS",
  "value" : 50,
  "timesAchieved" : 86,
  "dateTime" : "2017-08-18",
  "name" : "Lighthouse (50 floors in a day)",
  "shortName" : "Lighthouse",
  "earnedMessage" : "Congrats on earning your first Lighthouse badge!",
  "description" : "50 floors in a day",
  "category" : "Daily Climb",
  "shareText" : "I climbed 50 flights of stairs and earned the Lighthouse badge! #Fitbit"
},{
  "encodedId" : "228TSZ",
  "badgeType" : "DAILY_FLOORS",
  "value" : 25,
  "timesAchieved" : 309,
  "dateTime" : "2017-08-18",
  "name" : "Redwood Forest (25 floors in a day)",
  "shortName" : "Redwood Forest",
  "earnedMessage" : "Congrats on earning your first Redwood Forest badge!",
  "description" : "25 floors in a day",
  "category" : "Daily Climb",
  "shareText" : "I climbed 25 flights of stairs and earned the Redwood Forest badge! #Fitbit"
},{
  "encodedId" : "228TTM",
  "badgeType" : "DAILY_FLOORS",
  "value" : 10,
  "timesAchieved" : 534,
  "dateTime" : "2017-08-18",
  "name" : "Happy Hill (10 floors in a day)",
  "shortName" : "Happy Hill",
  "earnedMessage" : "Congrats on earning your first Happy Hill badge!",
  "description" : "10 floors in a day",
  "category" : "Daily Climb",
  "shareText" : "I climbed 10 flights of stairs and earned the Happy Hill badge! #Fitbit"
},{
  "encodedId" : "22B8M6",
  "badgeType" : "LIFETIME_DISTANCE",
  "value" : 4800,
  "unit" : "KILOMETERS",
  "timesAchieved" : 1,
  "dateTime" : "2017-07-12",
  "name" : "Sahara (4,800 lifetime kilometers)",
  "shortName" : "Sahara",
  "earnedMessage" : "Whoa! You've earned the Sahara badge!",
  "description" : "4,800 lifetime kilometers",
  "category" : "Lifetime Distance",
  "shareText" : "I covered 4,800 kilometers with my #Fitbit and earned the Sahara badge."
},{
  "encodedId" : "22B8M5",
  "badgeType" : "LIFETIME_DISTANCE",
  "value" : 4023,
  "unit" : "KILOMETERS",
  "timesAchieved" : 1,
  "dateTime" : "2017-03-21",
  "name" : "Monarch Migration (4,023 lifetime kilometers)",
  "shortName" : "Monarch Migration",
  "earnedMessage" : "Whoa! You've earned the Monarch Migration badge!",
  "description" : "4,023 lifetime kilometers",
  "category" : "Lifetime Distance",
  "shareText" : "I covered 4,023 kilometers with my #Fitbit and earned the Monarch Migration badge."
},{
  "encodedId" : "22B8LY",
  "badgeType" : "LIFETIME_DISTANCE",
  "value" : 3213,
  "unit" : "KILOMETERS",
  "timesAchieved" : 1,
  "dateTime" : "2016-04-13",
  "name" : "India (3,213 lifetime kilometers)",
  "shortName" : "India",
  "earnedMessage" : "Whoa! You've earned the India badge!",
  "description" : "3,213 lifetime kilometers",
  "category" : "Lifetime Distance",
  "shareText" : "I covered 3,213 kilometers with my #Fitbit and earned the India badge."
},{
  "encodedId" : "22B8LX",
  "badgeType" : "LIFETIME_DISTANCE",
  "value" : 3007,
  "unit" : "KILOMETERS",
  "timesAchieved" : 1,
  "dateTime" : "2016-03-24",
  "name" : "Japan (3,007 lifetime kilometers)",
  "shortName" : "Japan",
  "earnedMessage" : "Whoa! You've earned the Japan badge!",
  "description" : "3,007 lifetime kilometers",
  "category" : "Lifetime Distance",
  "shareText" : "I covered 3,007 kilometers with my #Fitbit and earned the Japan badge."
},{
  "encodedId" : "22B8M2",
  "badgeType" : "LIFETIME_DISTANCE",
  "value" : 2574,
  "unit" : "KILOMETERS",
  "timesAchieved" : 1,
  "dateTime" : "2016-01-31",
  "name" : "Great Barrier Reef (2,574 lifetime kilometers)",
  "shortName" : "Great Barrier Reef",
  "earnedMessage" : "Whoa! You've earned the Great Barrier Reef badge!",
  "description" : "2,574 lifetime kilometers",
  "category" : "Lifetime Distance",
  "shareText" : "I covered 2,574 kilometers with my #Fitbit and earned the Great Barrier Reef badge."
},{
  "encodedId" : "22B8LZ",
  "badgeType" : "LIFETIME_DISTANCE",
  "value" : 1593,
  "unit" : "KILOMETERS",
  "timesAchieved" : 1,
  "dateTime" : "2015-10-10",
  "name" : "New Zealand (1,593 lifetime kilometers)",
  "shortName" : "New Zealand",
  "earnedMessage" : "Whoa! You've earned the New Zealand badge!",
  "description" : "1,593 lifetime kilometers",
  "category" : "Lifetime Distance",
  "shareText" : "I covered 1,593 kilometers with my #Fitbit and earned the New Zealand badge."
},{
  "encodedId" : "22B8LT",
  "badgeType" : "LIFETIME_DISTANCE",
  "value" : 1184,
  "unit" : "KILOMETERS",
  "timesAchieved" : 1,
  "dateTime" : "2015-08-18",
  "name" : "Italy (1,184 lifetime kilometers)",
  "shortName" : "Italy",
  "earnedMessage" : "Whoa! You've earned the Italy badge!",
  "description" : "1,184 lifetime kilometers",
  "category" : "Lifetime Distance",
  "shareText" : "I covered 1,184 kilometers with my #Fitbit and earned the Italy badge."
},{
  "encodedId" : "22B8LS",
  "badgeType" : "LIFETIME_DISTANCE",
  "value" : 804,
  "unit" : "KILOMETERS",
  "timesAchieved" : 1,
  "dateTime" : "2015-06-08",
  "name" : "Serengeti (804 lifetime kilometers)",
  "shortName" : "Serengeti",
  "earnedMessage" : "Whoa! You've earned the Serengeti badge!",
  "description" : "804 lifetime kilometers",
  "category" : "Lifetime Distance",
  "shareText" : "I covered 804 kilometers with my #Fitbit and earned the Serengeti badge."
},{
  "encodedId" : "22B8LW",
  "badgeType" : "LIFETIME_DISTANCE",
  "value" : 563,
  "unit" : "KILOMETERS",
  "timesAchieved" : 1,
  "dateTime" : "2015-05-04",
  "name" : "Hawaii (563 lifetime kilometers)",
  "shortName" : "Hawaii",
  "earnedMessage" : "Whoa! You've earned the Hawaii badge!",
  "description" : "563 lifetime kilometers",
  "category" : "Lifetime Distance",
  "shareText" : "I covered 563 kilometers with my #Fitbit and earned the Hawaii badge."
},{
  "encodedId" : "22B8LV",
  "badgeType" : "LIFETIME_DISTANCE",
  "value" : 402,
  "unit" : "KILOMETERS",
  "timesAchieved" : 1,
  "dateTime" : "2015-04-21",
  "name" : "London Underground (402 lifetime kilometers)",
  "shortName" : "London Underground",
  "earnedMessage" : "Whoa! You've earned the London Underground badge!",
  "description" : "402 lifetime kilometers",
  "category" : "Lifetime Distance",
  "shareText" : "I covered 402 kilometers with my #Fitbit and earned the London Underground badge."
},{
  "encodedId" : "22B8LP",
  "badgeType" : "LIFETIME_DISTANCE",
  "value" : 112,
  "unit" : "KILOMETERS",
  "timesAchieved" : 1,
  "dateTime" : "2015-03-29",
  "name" : "Penguin March (112 lifetime kilometers)",
  "shortName" : "Penguin March",
  "earnedMessage" : "Whoa! You've earned the Penguin March badge!",
  "description" : "112 lifetime kilometers",
  "category" : "Lifetime Distance",
  "shareText" : "I covered 112 kilometers with my #Fitbit and earned the Penguin March badge."
},{
  "encodedId" : "22B8LN",
  "badgeType" : "LIFETIME_DISTANCE",
  "value" : 42,
  "unit" : "KILOMETERS",
  "timesAchieved" : 1,
  "dateTime" : "2015-03-23",
  "name" : "Marathon (42 lifetime kilometers)",
  "shortName" : "Marathon",
  "earnedMessage" : "Whoa! You've earned the Marathon badge!",
  "description" : "42 lifetime kilometers",
  "category" : "Lifetime Distance",
  "shareText" : "I covered 42 kilometers with my #Fitbit and earned the Marathon badge."
},{
  "encodedId" : "228TKC",
  "badgeType" : "LIFETIME_FLOORS",
  "value" : 14000,
  "timesAchieved" : 1,
  "dateTime" : "2017-04-09",
  "name" : "Spaceship (14,000 lifetime floors)",
  "shortName" : "Spaceship",
  "earnedMessage" : "Yipee! You've earned the Spaceship badge!",
  "description" : "14,000 lifetime floors",
  "category" : "Lifetime Climb",
  "shareText" : "I climbed 14,000 floors with my #Fitbit and earned the Spaceship badge."
},{
  "encodedId" : "228TK5",
  "badgeType" : "LIFETIME_FLOORS",
  "value" : 8000,
  "timesAchieved" : 1,
  "dateTime" : "2016-01-17",
  "name" : "Cloud (8,000 lifetime floors)",
  "shortName" : "Cloud",
  "earnedMessage" : "Yipee! You've earned the Cloud badge!",
  "description" : "8,000 lifetime floors",
  "category" : "Lifetime Climb",
  "shareText" : "I climbed 8,000 floors with my #Fitbit and earned the Cloud badge."
},{
  "encodedId" : "228TKR",
  "badgeType" : "LIFETIME_FLOORS",
  "value" : 4000,
  "timesAchieved" : 1,
  "dateTime" : "2015-09-10",
  "name" : "747 (4,000 lifetime floors)",
  "shortName" : "747",
  "earnedMessage" : "Yipee! You've earned the 747 badge!",
  "description" : "4,000 lifetime floors",
  "category" : "Lifetime Climb",
  "shareText" : "I climbed 4,000 floors with my #Fitbit and earned the 747 badge."
},{
  "encodedId" : "228T9T",
  "badgeType" : "LIFETIME_FLOORS",
  "value" : 2000,
  "timesAchieved" : 1,
  "dateTime" : "2015-06-08",
  "name" : "Hot Air Balloon (2,000 lifetime floors)",
  "shortName" : "Hot Air Balloon",
  "earnedMessage" : "Yipee! You've earned the Hot Air Balloon badge!",
  "description" : "2,000 lifetime floors",
  "category" : "Lifetime Climb",
  "shareText" : "I climbed 2,000 floors with my #Fitbit and earned the Hot Air Balloon badge."
},{
  "encodedId" : "228T9C",
  "badgeType" : "LIFETIME_FLOORS",
  "value" : 1000,
  "timesAchieved" : 1,
  "dateTime" : "2015-04-15",
  "name" : "Skydiver (1,000 lifetime floors)",
  "shortName" : "Skydiver",
  "earnedMessage" : "Yipee! You've earned the Skydiver badge!",
  "description" : "1,000 lifetime floors",
  "category" : "Lifetime Climb",
  "shareText" : "I climbed 1,000 floors with my #Fitbit and earned the Skydiver badge."
},{
  "encodedId" : "228TB8",
  "badgeType" : "LIFETIME_FLOORS",
  "value" : 500,
  "timesAchieved" : 1,
  "dateTime" : "2015-03-29",
  "name" : "Helicopter (500 lifetime floors)",
  "shortName" : "Helicopter",
  "earnedMessage" : "Yipee! You've earned the Helicopter badge!",
  "description" : "500 lifetime floors",
  "category" : "Lifetime Climb",
  "shareText" : "I climbed 500 floors with my #Fitbit and earned the Helicopter badge."
},{
  "encodedId" : "22B4YT",
  "badgeType" : "CUSTOM",
  "value" : 0,
  "timesAchieved" : 1,
  "dateTime" : "2016-05-22",
  "name" : "Goal Day 2016 (Challenge)",
  "shortName" : "Goal Day 2016",
  "earnedMessage" : "You just earned the Goal Day 2016 badge! Way to crush it, goal getter!",
  "description" : "Challenge",
  "category" : "Challenge",
  "shareText" : "I completed a challenge on #Fitbit."
}]