[{
  "id" : 3900507835,
  "date" : "02/07/17",
  "waterAmount" : 250.0,
  "measurementUnit" : "MILLILITER"
},{
  "id" : 3900589368,
  "date" : "02/07/17",
  "waterAmount" : 250.0,
  "measurementUnit" : "MILLILITER"
},{
  "id" : 3903058444,
  "date" : "02/08/17",
  "waterAmount" : 250.0,
  "measurementUnit" : "MILLILITER"
},{
  "id" : 3950591145,
  "date" : "02/21/17",
  "waterAmount" : 250.0,
  "measurementUnit" : "MILLILITER"
},{
  "id" : 4938397960,
  "date" : "02/08/18",
  "waterAmount" : 250.0,
  "measurementUnit" : "MILLILITER"
},{
  "id" : 4938350407,
  "date" : "02/08/18",
  "waterAmount" : 250.0,
  "measurementUnit" : "MILLILITER"
},{
  "id" : 4938326804,
  "date" : "02/08/18",
  "waterAmount" : 250.0,
  "measurementUnit" : "MILLILITER"
},{
  "id" : 4938442121,
  "date" : "02/08/18",
  "waterAmount" : 250.0,
  "measurementUnit" : "MILLILITER"
},{
  "id" : 4955550624,
  "date" : "02/14/18",
  "waterAmount" : 250.0,
  "measurementUnit" : "MILLILITER"
},{
  "id" : 4955548045,
  "date" : "02/14/18",
  "waterAmount" : 250.0,
  "measurementUnit" : "MILLILITER"
}]