[{
  "id" : 2993322807,
  "date" : "03/09/16",
  "waterAmount" : 0.0,
  "measurementUnit" : "MILLILITER"
},{
  "id" : 2993488056,
  "date" : "03/10/16",
  "waterAmount" : 0.0,
  "measurementUnit" : "MILLILITER"
},{
  "id" : 2993492054,
  "date" : "03/11/16",
  "waterAmount" : 0.0,
  "measurementUnit" : "MILLILITER"
},{
  "id" : 2993883554,
  "date" : "03/12/16",
  "waterAmount" : 0.0,
  "measurementUnit" : "MILLILITER"
},{
  "id" : 2993816373,
  "date" : "03/13/16",
  "waterAmount" : 0.0,
  "measurementUnit" : "MILLILITER"
},{
  "id" : 2993645224,
  "date" : "03/14/16",
  "waterAmount" : 0.0,
  "measurementUnit" : "MILLILITER"
},{
  "id" : 2993707553,
  "date" : "03/15/16",
  "waterAmount" : 0.0,
  "measurementUnit" : "MILLILITER"
},{
  "id" : 2993865411,
  "date" : "03/16/16",
  "waterAmount" : 0.0,
  "measurementUnit" : "MILLILITER"
},{
  "id" : 2993528393,
  "date" : "03/17/16",
  "waterAmount" : 0.0,
  "measurementUnit" : "MILLILITER"
},{
  "id" : 2993504195,
  "date" : "03/18/16",
  "waterAmount" : 0.0,
  "measurementUnit" : "MILLILITER"
},{
  "id" : 2993508215,
  "date" : "03/19/16",
  "waterAmount" : 0.0,
  "measurementUnit" : "MILLILITER"
},{
  "id" : 2993316876,
  "date" : "03/20/16",
  "waterAmount" : 0.0,
  "measurementUnit" : "MILLILITER"
},{
  "id" : 2993236298,
  "date" : "03/21/16",
  "waterAmount" : 0.0,
  "measurementUnit" : "MILLILITER"
},{
  "id" : 2993794242,
  "date" : "03/22/16",
  "waterAmount" : 0.0,
  "measurementUnit" : "MILLILITER"
},{
  "id" : 2993471927,
  "date" : "03/23/16",
  "waterAmount" : 0.0,
  "measurementUnit" : "MILLILITER"
},{
  "id" : 2993673370,
  "date" : "03/24/16",
  "waterAmount" : 0.0,
  "measurementUnit" : "MILLILITER"
},{
  "id" : 2993588774,
  "date" : "03/25/16",
  "waterAmount" : 0.0,
  "measurementUnit" : "MILLILITER"
},{
  "id" : 2993480027,
  "date" : "03/26/16",
  "waterAmount" : 0.0,
  "measurementUnit" : "MILLILITER"
},{
  "id" : 2993520346,
  "date" : "03/27/16",
  "waterAmount" : 0.0,
  "measurementUnit" : "MILLILITER"
},{
  "id" : 2993445690,
  "date" : "03/28/16",
  "waterAmount" : 0.0,
  "measurementUnit" : "MILLILITER"
},{
  "id" : 2993693499,
  "date" : "03/29/16",
  "waterAmount" : 0.0,
  "measurementUnit" : "MILLILITER"
},{
  "id" : 2993907709,
  "date" : "03/30/16",
  "waterAmount" : 0.0,
  "measurementUnit" : "MILLILITER"
},{
  "id" : 2993377303,
  "date" : "03/31/16",
  "waterAmount" : 0.0,
  "measurementUnit" : "MILLILITER"
},{
  "id" : 2993322805,
  "date" : "04/01/16",
  "waterAmount" : 0.0,
  "measurementUnit" : "MILLILITER"
},{
  "id" : 2993333046,
  "date" : "04/02/16",
  "waterAmount" : 0.0,
  "measurementUnit" : "MILLILITER"
},{
  "id" : 2993735888,
  "date" : "04/03/16",
  "waterAmount" : 0.0,
  "measurementUnit" : "MILLILITER"
},{
  "id" : 2993873472,
  "date" : "04/03/16",
  "waterAmount" : 0.0,
  "measurementUnit" : "MILLILITER"
},{
  "id" : 2993189926,
  "date" : "04/04/16",
  "waterAmount" : 0.0,
  "measurementUnit" : "MILLILITER"
},{
  "id" : 2993590780,
  "date" : "04/04/16",
  "waterAmount" : 0.0,
  "measurementUnit" : "MILLILITER"
},{
  "id" : 2993387311,
  "date" : "04/05/16",
  "waterAmount" : 0.0,
  "measurementUnit" : "MILLILITER"
},{
  "id" : 2993643175,
  "date" : "04/05/16",
  "waterAmount" : 0.0,
  "measurementUnit" : "MILLILITER"
},{
  "id" : 2993863405,
  "date" : "04/06/16",
  "waterAmount" : 0.0,
  "measurementUnit" : "MILLILITER"
},{
  "id" : 2993220147,
  "date" : "04/06/16",
  "waterAmount" : 0.0,
  "measurementUnit" : "MILLILITER"
},{
  "id" : 2993326954,
  "date" : "04/07/16",
  "waterAmount" : 0.0,
  "measurementUnit" : "MILLILITER"
},{
  "id" : 2993536467,
  "date" : "04/07/16",
  "waterAmount" : 0.0,
  "measurementUnit" : "MILLILITER"
},{
  "id" : 2993477957,
  "date" : "04/08/16",
  "waterAmount" : 0.0,
  "measurementUnit" : "MILLILITER"
},{
  "id" : 2993508219,
  "date" : "04/08/16",
  "waterAmount" : 0.0,
  "measurementUnit" : "MILLILITER"
},{
  "id" : 2993322803,
  "date" : "04/09/16",
  "waterAmount" : 0.0,
  "measurementUnit" : "MILLILITER"
},{
  "id" : 2993743887,
  "date" : "04/09/16",
  "waterAmount" : 0.0,
  "measurementUnit" : "MILLILITER"
},{
  "id" : 2993727780,
  "date" : "04/10/16",
  "waterAmount" : 0.0,
  "measurementUnit" : "MILLILITER"
},{
  "id" : 2993837252,
  "date" : "04/10/16",
  "waterAmount" : 0.0,
  "measurementUnit" : "MILLILITER"
},{
  "id" : 2993907702,
  "date" : "04/11/16",
  "waterAmount" : 0.0,
  "measurementUnit" : "MILLILITER"
},{
  "id" : 2993484093,
  "date" : "04/11/16",
  "waterAmount" : 0.0,
  "measurementUnit" : "MILLILITER"
},{
  "id" : 2993881522,
  "date" : "04/12/16",
  "waterAmount" : 0.0,
  "measurementUnit" : "MILLILITER"
},{
  "id" : 2993312852,
  "date" : "04/12/16",
  "waterAmount" : 0.0,
  "measurementUnit" : "MILLILITER"
},{
  "id" : 2993351125,
  "date" : "04/13/16",
  "waterAmount" : 0.0,
  "measurementUnit" : "MILLILITER"
},{
  "id" : 2993713632,
  "date" : "04/13/16",
  "waterAmount" : 0.0,
  "measurementUnit" : "MILLILITER"
},{
  "id" : 2993173746,
  "date" : "04/14/16",
  "waterAmount" : 0.0,
  "measurementUnit" : "MILLILITER"
},{
  "id" : 2993578649,
  "date" : "04/14/16",
  "waterAmount" : 0.0,
  "measurementUnit" : "MILLILITER"
},{
  "id" : 2993865413,
  "date" : "04/15/16",
  "waterAmount" : 0.0,
  "measurementUnit" : "MILLILITER"
},{
  "id" : 2993735891,
  "date" : "04/15/16",
  "waterAmount" : 0.0,
  "measurementUnit" : "MILLILITER"
},{
  "id" : 2993588770,
  "date" : "04/16/16",
  "waterAmount" : 0.0,
  "measurementUnit" : "MILLILITER"
},{
  "id" : 2993451711,
  "date" : "04/16/16",
  "waterAmount" : 0.0,
  "measurementUnit" : "MILLILITER"
},{
  "id" : 3108661523,
  "date" : "04/17/16",
  "waterAmount" : 0.0,
  "measurementUnit" : "MILLILITER"
},{
  "id" : 3108577040,
  "date" : "04/18/16",
  "waterAmount" : 0.0,
  "measurementUnit" : "MILLILITER"
},{
  "id" : 3108597150,
  "date" : "04/19/16",
  "waterAmount" : 0.0,
  "measurementUnit" : "MILLILITER"
},{
  "id" : 3108677718,
  "date" : "04/20/16",
  "waterAmount" : 0.0,
  "measurementUnit" : "MILLILITER"
},{
  "id" : 3108425971,
  "date" : "04/21/16",
  "waterAmount" : 0.0,
  "measurementUnit" : "MILLILITER"
},{
  "id" : 3108945500,
  "date" : "04/22/16",
  "waterAmount" : 0.0,
  "measurementUnit" : "MILLILITER"
},{
  "id" : 3108701873,
  "date" : "04/23/16",
  "waterAmount" : 0.0,
  "measurementUnit" : "MILLILITER"
},{
  "id" : 3108842899,
  "date" : "04/24/16",
  "waterAmount" : 0.0,
  "measurementUnit" : "MILLILITER"
},{
  "id" : 3108758340,
  "date" : "04/25/16",
  "waterAmount" : 0.0,
  "measurementUnit" : "MILLILITER"
},{
  "id" : 3108750227,
  "date" : "04/26/16",
  "waterAmount" : 0.0,
  "measurementUnit" : "MILLILITER"
},{
  "id" : 3108637551,
  "date" : "04/27/16",
  "waterAmount" : 0.0,
  "measurementUnit" : "MILLILITER"
},{
  "id" : 3108558811,
  "date" : "04/27/16",
  "waterAmount" : 0.0,
  "measurementUnit" : "MILLILITER"
},{
  "id" : 3108846873,
  "date" : "04/28/16",
  "waterAmount" : 0.0,
  "measurementUnit" : "MILLILITER"
},{
  "id" : 3108925387,
  "date" : "04/29/16",
  "waterAmount" : 0.0,
  "measurementUnit" : "MILLILITER"
},{
  "id" : 3108502472,
  "date" : "04/30/16",
  "waterAmount" : 0.0,
  "measurementUnit" : "MILLILITER"
},{
  "id" : 3108871020,
  "date" : "05/01/16",
  "waterAmount" : 0.0,
  "measurementUnit" : "MILLILITER"
},{
  "id" : 3108528617,
  "date" : "05/01/16",
  "waterAmount" : 0.0,
  "measurementUnit" : "MILLILITER"
},{
  "id" : 3108583157,
  "date" : "05/02/16",
  "waterAmount" : 0.0,
  "measurementUnit" : "MILLILITER"
},{
  "id" : 3108869018,
  "date" : "05/02/16",
  "waterAmount" : 0.0,
  "measurementUnit" : "MILLILITER"
},{
  "id" : 3108657554,
  "date" : "05/03/16",
  "waterAmount" : 0.0,
  "measurementUnit" : "MILLILITER"
},{
  "id" : 3108639456,
  "date" : "05/03/16",
  "waterAmount" : 0.0,
  "measurementUnit" : "MILLILITER"
},{
  "id" : 3108812578,
  "date" : "05/04/16",
  "waterAmount" : 0.0,
  "measurementUnit" : "MILLILITER"
},{
  "id" : 3108524637,
  "date" : "05/05/16",
  "waterAmount" : 0.0,
  "measurementUnit" : "MILLILITER"
},{
  "id" : 3108919354,
  "date" : "05/05/16",
  "waterAmount" : 0.0,
  "measurementUnit" : "MILLILITER"
},{
  "id" : 3108881194,
  "date" : "05/06/16",
  "waterAmount" : 0.0,
  "measurementUnit" : "MILLILITER"
},{
  "id" : 3108462207,
  "date" : "05/06/16",
  "waterAmount" : 0.0,
  "measurementUnit" : "MILLILITER"
},{
  "id" : 3108462206,
  "date" : "05/07/16",
  "waterAmount" : 0.0,
  "measurementUnit" : "MILLILITER"
},{
  "id" : 3108544792,
  "date" : "05/07/16",
  "waterAmount" : 0.0,
  "measurementUnit" : "MILLILITER"
},{
  "id" : 3108740114,
  "date" : "05/08/16",
  "waterAmount" : 0.0,
  "measurementUnit" : "MILLILITER"
},{
  "id" : 3108611233,
  "date" : "05/09/16",
  "waterAmount" : 0.0,
  "measurementUnit" : "MILLILITER"
},{
  "id" : 3108484346,
  "date" : "05/09/16",
  "waterAmount" : 0.0,
  "measurementUnit" : "MILLILITER"
},{
  "id" : 3108693758,
  "date" : "05/10/16",
  "waterAmount" : 0.0,
  "measurementUnit" : "MILLILITER"
},{
  "id" : 3108695827,
  "date" : "05/11/16",
  "waterAmount" : 250.0,
  "measurementUnit" : "MILLILITER"
},{
  "id" : 3114844615,
  "date" : "05/12/16",
  "waterAmount" : 500.0,
  "measurementUnit" : "MILLILITER"
},{
  "id" : 3114953286,
  "date" : "05/12/16",
  "waterAmount" : 0.0,
  "measurementUnit" : "MILLILITER"
},{
  "id" : 3114949302,
  "date" : "05/12/16",
  "waterAmount" : 0.0,
  "measurementUnit" : "MILLILITER"
},{
  "id" : 3123087206,
  "date" : "05/13/16",
  "waterAmount" : 0.0,
  "measurementUnit" : "MILLILITER"
},{
  "id" : 3122992588,
  "date" : "05/13/16",
  "waterAmount" : 0.0,
  "measurementUnit" : "MILLILITER"
},{
  "id" : 3123133542,
  "date" : "05/13/16",
  "waterAmount" : 750.0,
  "measurementUnit" : "MILLILITER"
},{
  "id" : 3123284672,
  "date" : "05/14/16",
  "waterAmount" : 250.0,
  "measurementUnit" : "MILLILITER"
},{
  "id" : 3123006717,
  "date" : "05/14/16",
  "waterAmount" : 0.0,
  "measurementUnit" : "MILLILITER"
},{
  "id" : 3123439769,
  "date" : "05/14/16",
  "waterAmount" : 0.0,
  "measurementUnit" : "MILLILITER"
},{
  "id" : 3122803351,
  "date" : "05/14/16",
  "waterAmount" : 250.0,
  "measurementUnit" : "MILLILITER"
},{
  "id" : 3123117470,
  "date" : "05/14/16",
  "waterAmount" : 250.0,
  "measurementUnit" : "MILLILITER"
},{
  "id" : 3900181253,
  "date" : "02/07/17",
  "waterAmount" : 250.0,
  "measurementUnit" : "MILLILITER"
},{
  "id" : 3900391789,
  "date" : "02/07/17",
  "waterAmount" : 250.0,
  "measurementUnit" : "MILLILITER"
},{
  "id" : 3900406959,
  "date" : "02/07/17",
  "waterAmount" : 250.0,
  "measurementUnit" : "MILLILITER"
}]