[{
  "id" : 1487431112,
  "date" : "08/27/15",
  "waterAmount" : 0.0,
  "measurementUnit" : "MILLILITER"
},{
  "id" : 1487318132,
  "date" : "08/27/15",
  "waterAmount" : 0.0,
  "measurementUnit" : "MILLILITER"
},{
  "id" : 1487353788,
  "date" : "08/28/15",
  "waterAmount" : 0.0,
  "measurementUnit" : "MILLILITER"
},{
  "id" : 1487408432,
  "date" : "08/28/15",
  "waterAmount" : 0.0,
  "measurementUnit" : "MILLILITER"
},{
  "id" : 1487319566,
  "date" : "08/29/15",
  "waterAmount" : 0.0,
  "measurementUnit" : "MILLILITER"
},{
  "id" : 1487140928,
  "date" : "08/29/15",
  "waterAmount" : 0.0,
  "measurementUnit" : "MILLILITER"
},{
  "id" : 1487402714,
  "date" : "08/30/15",
  "waterAmount" : 0.0,
  "measurementUnit" : "MILLILITER"
},{
  "id" : 1487347762,
  "date" : "08/30/15",
  "waterAmount" : 0.0,
  "measurementUnit" : "MILLILITER"
},{
  "id" : 1487140000,
  "date" : "08/31/15",
  "waterAmount" : 0.0,
  "measurementUnit" : "MILLILITER"
},{
  "id" : 1487416417,
  "date" : "08/31/15",
  "waterAmount" : 0.0,
  "measurementUnit" : "MILLILITER"
},{
  "id" : 1487395675,
  "date" : "09/01/15",
  "waterAmount" : 0.0,
  "measurementUnit" : "MILLILITER"
},{
  "id" : 1487323787,
  "date" : "09/01/15",
  "waterAmount" : 0.0,
  "measurementUnit" : "MILLILITER"
},{
  "id" : 1487351216,
  "date" : "09/02/15",
  "waterAmount" : 0.0,
  "measurementUnit" : "MILLILITER"
},{
  "id" : 1487291098,
  "date" : "09/02/15",
  "waterAmount" : 0.0,
  "measurementUnit" : "MILLILITER"
},{
  "id" : 1488394326,
  "date" : "09/03/15",
  "waterAmount" : 0.0,
  "measurementUnit" : "MILLILITER"
},{
  "id" : 2993958034,
  "date" : "12/27/15",
  "waterAmount" : 0.0,
  "measurementUnit" : "MILLILITER"
},{
  "id" : 2993865410,
  "date" : "12/28/15",
  "waterAmount" : 0.0,
  "measurementUnit" : "MILLILITER"
},{
  "id" : 2993619002,
  "date" : "12/29/15",
  "waterAmount" : 0.0,
  "measurementUnit" : "MILLILITER"
},{
  "id" : 2993731765,
  "date" : "12/30/15",
  "waterAmount" : 0.0,
  "measurementUnit" : "MILLILITER"
},{
  "id" : 2993707552,
  "date" : "12/31/15",
  "waterAmount" : 0.0,
  "measurementUnit" : "MILLILITER"
},{
  "id" : 2993857372,
  "date" : "01/01/16",
  "waterAmount" : 0.0,
  "measurementUnit" : "MILLILITER"
},{
  "id" : 2993322806,
  "date" : "01/02/16",
  "waterAmount" : 0.0,
  "measurementUnit" : "MILLILITER"
},{
  "id" : 2993669250,
  "date" : "01/03/16",
  "waterAmount" : 0.0,
  "measurementUnit" : "MILLILITER"
},{
  "id" : 2993818498,
  "date" : "01/04/16",
  "waterAmount" : 0.0,
  "measurementUnit" : "MILLILITER"
},{
  "id" : 2993171749,
  "date" : "01/05/16",
  "waterAmount" : 0.0,
  "measurementUnit" : "MILLILITER"
},{
  "id" : 2993588772,
  "date" : "01/06/16",
  "waterAmount" : 0.0,
  "measurementUnit" : "MILLILITER"
},{
  "id" : 2993647180,
  "date" : "01/07/16",
  "waterAmount" : 0.0,
  "measurementUnit" : "MILLILITER"
},{
  "id" : 2993322804,
  "date" : "01/08/16",
  "waterAmount" : 0.0,
  "measurementUnit" : "MILLILITER"
},{
  "id" : 2993826463,
  "date" : "01/09/16",
  "waterAmount" : 0.0,
  "measurementUnit" : "MILLILITER"
},{
  "id" : 2993339025,
  "date" : "01/10/16",
  "waterAmount" : 0.0,
  "measurementUnit" : "MILLILITER"
},{
  "id" : 2993226148,
  "date" : "01/11/16",
  "waterAmount" : 0.0,
  "measurementUnit" : "MILLILITER"
},{
  "id" : 2759147060,
  "date" : "01/12/16",
  "waterAmount" : 0.0,
  "measurementUnit" : "MILLILITER"
},{
  "id" : 2759215500,
  "date" : "01/13/16",
  "waterAmount" : 0.0,
  "measurementUnit" : "MILLILITER"
},{
  "id" : 2759136937,
  "date" : "01/14/16",
  "waterAmount" : 0.0,
  "measurementUnit" : "MILLILITER"
},{
  "id" : 2758812765,
  "date" : "01/15/16",
  "waterAmount" : 0.0,
  "measurementUnit" : "MILLILITER"
},{
  "id" : 2758826873,
  "date" : "01/16/16",
  "waterAmount" : 0.0,
  "measurementUnit" : "MILLILITER"
},{
  "id" : 2758949754,
  "date" : "01/17/16",
  "waterAmount" : 0.0,
  "measurementUnit" : "MILLILITER"
},{
  "id" : 2758848982,
  "date" : "01/18/16",
  "waterAmount" : 0.0,
  "measurementUnit" : "MILLILITER"
},{
  "id" : 2993739818,
  "date" : "01/19/16",
  "waterAmount" : 0.0,
  "measurementUnit" : "MILLILITER"
},{
  "id" : 2993202002,
  "date" : "01/20/16",
  "waterAmount" : 0.0,
  "measurementUnit" : "MILLILITER"
},{
  "id" : 2993933881,
  "date" : "01/21/16",
  "waterAmount" : 0.0,
  "measurementUnit" : "MILLILITER"
},{
  "id" : 2759792485,
  "date" : "01/22/16",
  "waterAmount" : 0.0,
  "measurementUnit" : "MILLILITER"
},{
  "id" : 2759806510,
  "date" : "01/22/16",
  "waterAmount" : 0.0,
  "measurementUnit" : "MILLILITER"
},{
  "id" : 2759826638,
  "date" : "01/23/16",
  "waterAmount" : 0.0,
  "measurementUnit" : "MILLILITER"
},{
  "id" : 2759627318,
  "date" : "01/24/16",
  "waterAmount" : 0.0,
  "measurementUnit" : "MILLILITER"
},{
  "id" : 2759915247,
  "date" : "01/25/16",
  "waterAmount" : 0.0,
  "measurementUnit" : "MILLILITER"
},{
  "id" : 2759713894,
  "date" : "01/26/16",
  "waterAmount" : 0.0,
  "measurementUnit" : "MILLILITER"
},{
  "id" : 2759593088,
  "date" : "01/27/16",
  "waterAmount" : 0.0,
  "measurementUnit" : "MILLILITER"
},{
  "id" : 2759788387,
  "date" : "01/28/16",
  "waterAmount" : 0.0,
  "measurementUnit" : "MILLILITER"
},{
  "id" : 2759639374,
  "date" : "01/29/16",
  "waterAmount" : 0.0,
  "measurementUnit" : "MILLILITER"
},{
  "id" : 2759570895,
  "date" : "01/30/16",
  "waterAmount" : 0.0,
  "measurementUnit" : "MILLILITER"
},{
  "id" : 2759498439,
  "date" : "01/31/16",
  "waterAmount" : 0.0,
  "measurementUnit" : "MILLILITER"
},{
  "id" : 2759518531,
  "date" : "02/01/16",
  "waterAmount" : 0.0,
  "measurementUnit" : "MILLILITER"
},{
  "id" : 2759448110,
  "date" : "02/02/16",
  "waterAmount" : 0.0,
  "measurementUnit" : "MILLILITER"
},{
  "id" : 2759564809,
  "date" : "02/03/16",
  "waterAmount" : 0.0,
  "measurementUnit" : "MILLILITER"
},{
  "id" : 2759939460,
  "date" : "02/04/16",
  "waterAmount" : 0.0,
  "measurementUnit" : "MILLILITER"
},{
  "id" : 2759273493,
  "date" : "02/05/16",
  "waterAmount" : 0.0,
  "measurementUnit" : "MILLILITER"
},{
  "id" : 2759168740,
  "date" : "02/06/16",
  "waterAmount" : 0.0,
  "measurementUnit" : "MILLILITER"
},{
  "id" : 2758672673,
  "date" : "02/07/16",
  "waterAmount" : 0.0,
  "measurementUnit" : "MILLILITER"
},{
  "id" : 2758622269,
  "date" : "02/08/16",
  "waterAmount" : 0.0,
  "measurementUnit" : "MILLILITER"
},{
  "id" : 2759196957,
  "date" : "02/09/16",
  "waterAmount" : 0.0,
  "measurementUnit" : "MILLILITER"
},{
  "id" : 2758820431,
  "date" : "02/10/16",
  "waterAmount" : 0.0,
  "measurementUnit" : "MILLILITER"
},{
  "id" : 2758664605,
  "date" : "02/11/16",
  "waterAmount" : 0.0,
  "measurementUnit" : "MILLILITER"
},{
  "id" : 2759070105,
  "date" : "02/12/16",
  "waterAmount" : 0.0,
  "measurementUnit" : "MILLILITER"
},{
  "id" : 2758981495,
  "date" : "02/12/16",
  "waterAmount" : 0.0,
  "measurementUnit" : "MILLILITER"
},{
  "id" : 2758842528,
  "date" : "02/13/16",
  "waterAmount" : 0.0,
  "measurementUnit" : "MILLILITER"
},{
  "id" : 2758838544,
  "date" : "02/13/16",
  "waterAmount" : 0.0,
  "measurementUnit" : "MILLILITER"
},{
  "id" : 2758743192,
  "date" : "02/14/16",
  "waterAmount" : 0.0,
  "measurementUnit" : "MILLILITER"
},{
  "id" : 2758963364,
  "date" : "02/14/16",
  "waterAmount" : 0.0,
  "measurementUnit" : "MILLILITER"
},{
  "id" : 2758894882,
  "date" : "02/15/16",
  "waterAmount" : 0.0,
  "measurementUnit" : "MILLILITER"
},{
  "id" : 2759045936,
  "date" : "02/15/16",
  "waterAmount" : 0.0,
  "measurementUnit" : "MILLILITER"
},{
  "id" : 2759265443,
  "date" : "02/16/16",
  "waterAmount" : 0.0,
  "measurementUnit" : "MILLILITER"
},{
  "id" : 2758674696,
  "date" : "02/16/16",
  "waterAmount" : 0.0,
  "measurementUnit" : "MILLILITER"
},{
  "id" : 2758690822,
  "date" : "02/17/16",
  "waterAmount" : 0.0,
  "measurementUnit" : "MILLILITER"
},{
  "id" : 2758808293,
  "date" : "02/17/16",
  "waterAmount" : 0.0,
  "measurementUnit" : "MILLILITER"
},{
  "id" : 2759120415,
  "date" : "02/18/16",
  "waterAmount" : 0.0,
  "measurementUnit" : "MILLILITER"
},{
  "id" : 2759307725,
  "date" : "02/18/16",
  "waterAmount" : 499.79,
  "measurementUnit" : "MILLILITER"
},{
  "id" : 2758907023,
  "date" : "02/18/16",
  "waterAmount" : 0.0,
  "measurementUnit" : "MILLILITER"
},{
  "id" : 2759278808,
  "date" : "02/18/16",
  "waterAmount" : 499.79,
  "measurementUnit" : "MILLILITER"
},{
  "id" : 2759156414,
  "date" : "02/18/16",
  "waterAmount" : 100.0,
  "measurementUnit" : "MILLILITER"
},{
  "id" : 2759834732,
  "date" : "02/18/16",
  "waterAmount" : 1014.37,
  "measurementUnit" : "MILLILITER"
},{
  "id" : 2993919767,
  "date" : "02/19/16",
  "waterAmount" : 0.0,
  "measurementUnit" : "MILLILITER"
},{
  "id" : 2993935886,
  "date" : "02/20/16",
  "waterAmount" : 0.0,
  "measurementUnit" : "MILLILITER"
},{
  "id" : 2993498096,
  "date" : "02/21/16",
  "waterAmount" : 0.0,
  "measurementUnit" : "MILLILITER"
},{
  "id" : 2993602846,
  "date" : "02/22/16",
  "waterAmount" : 0.0,
  "measurementUnit" : "MILLILITER"
},{
  "id" : 2993683402,
  "date" : "02/23/16",
  "waterAmount" : 0.0,
  "measurementUnit" : "MILLILITER"
},{
  "id" : 2993242309,
  "date" : "02/24/16",
  "waterAmount" : 0.0,
  "measurementUnit" : "MILLILITER"
},{
  "id" : 2993477959,
  "date" : "02/25/16",
  "waterAmount" : 0.0,
  "measurementUnit" : "MILLILITER"
},{
  "id" : 2993339021,
  "date" : "02/26/16",
  "waterAmount" : 0.0,
  "measurementUnit" : "MILLILITER"
},{
  "id" : 2993578648,
  "date" : "02/27/16",
  "waterAmount" : 0.0,
  "measurementUnit" : "MILLILITER"
},{
  "id" : 2993743886,
  "date" : "02/28/16",
  "waterAmount" : 0.0,
  "measurementUnit" : "MILLILITER"
},{
  "id" : 2993600923,
  "date" : "02/29/16",
  "waterAmount" : 0.0,
  "measurementUnit" : "MILLILITER"
},{
  "id" : 2993776123,
  "date" : "03/01/16",
  "waterAmount" : 0.0,
  "measurementUnit" : "MILLILITER"
},{
  "id" : 2993236296,
  "date" : "03/02/16",
  "waterAmount" : 0.0,
  "measurementUnit" : "MILLILITER"
},{
  "id" : 2993774063,
  "date" : "03/03/16",
  "waterAmount" : 0.0,
  "measurementUnit" : "MILLILITER"
},{
  "id" : 2993697508,
  "date" : "03/04/16",
  "waterAmount" : 0.0,
  "measurementUnit" : "MILLILITER"
},{
  "id" : 2993735889,
  "date" : "03/05/16",
  "waterAmount" : 0.0,
  "measurementUnit" : "MILLILITER"
},{
  "id" : 2993339022,
  "date" : "03/06/16",
  "waterAmount" : 0.0,
  "measurementUnit" : "MILLILITER"
},{
  "id" : 2993881528,
  "date" : "03/07/16",
  "waterAmount" : 0.0,
  "measurementUnit" : "MILLILITER"
},{
  "id" : 2993602838,
  "date" : "03/08/16",
  "waterAmount" : 0.0,
  "measurementUnit" : "MILLILITER"
}]