[{
  "dateTime" : "05/08/16 19:57:00",
  "value" : "10"
},{
  "dateTime" : "05/09/16 06:45:00",
  "value" : "10"
},{
  "dateTime" : "05/09/16 06:48:00",
  "value" : "10"
},{
  "dateTime" : "05/09/16 08:16:00",
  "value" : "10"
},{
  "dateTime" : "05/09/16 08:39:00",
  "value" : "40"
},{
  "dateTime" : "05/09/16 08:40:00",
  "value" : "10"
},{
  "dateTime" : "05/09/16 08:58:00",
  "value" : "20"
},{
  "dateTime" : "05/09/16 08:59:00",
  "value" : "60"
},{
  "dateTime" : "05/09/16 09:06:00",
  "value" : "10"
},{
  "dateTime" : "05/09/16 09:08:00",
  "value" : "10"
},{
  "dateTime" : "05/09/16 09:58:00",
  "value" : "10"
},{
  "dateTime" : "05/09/16 10:02:00",
  "value" : "10"
},{
  "dateTime" : "05/09/16 10:04:00",
  "value" : "10"
},{
  "dateTime" : "05/09/16 10:14:00",
  "value" : "20"
},{
  "dateTime" : "05/09/16 10:27:00",
  "value" : "30"
},{
  "dateTime" : "05/09/16 10:28:00",
  "value" : "10"
},{
  "dateTime" : "05/09/16 10:38:00",
  "value" : "10"
},{
  "dateTime" : "05/09/16 18:15:00",
  "value" : "10"
},{
  "dateTime" : "05/09/16 21:46:00",
  "value" : "10"
},{
  "dateTime" : "05/09/16 22:02:00",
  "value" : "10"
},{
  "dateTime" : "05/09/16 22:11:00",
  "value" : "10"
},{
  "dateTime" : "05/10/16 07:51:00",
  "value" : "10"
},{
  "dateTime" : "05/10/16 08:36:00",
  "value" : "20"
},{
  "dateTime" : "05/10/16 08:56:00",
  "value" : "10"
},{
  "dateTime" : "05/10/16 08:57:00",
  "value" : "10"
},{
  "dateTime" : "05/10/16 08:58:00",
  "value" : "10"
},{
  "dateTime" : "05/10/16 08:59:00",
  "value" : "10"
},{
  "dateTime" : "05/10/16 10:59:00",
  "value" : "10"
},{
  "dateTime" : "05/10/16 11:05:00",
  "value" : "10"
},{
  "dateTime" : "05/10/16 11:25:00",
  "value" : "10"
},{
  "dateTime" : "05/10/16 11:32:00",
  "value" : "10"
},{
  "dateTime" : "05/10/16 11:41:00",
  "value" : "10"
},{
  "dateTime" : "05/10/16 11:54:00",
  "value" : "10"
},{
  "dateTime" : "05/10/16 16:11:00",
  "value" : "10"
},{
  "dateTime" : "05/10/16 16:13:00",
  "value" : "20"
},{
  "dateTime" : "05/10/16 18:53:00",
  "value" : "10"
},{
  "dateTime" : "05/10/16 20:40:00",
  "value" : "10"
},{
  "dateTime" : "05/10/16 20:42:00",
  "value" : "10"
},{
  "dateTime" : "05/10/16 20:48:00",
  "value" : "10"
},{
  "dateTime" : "05/10/16 21:05:00",
  "value" : "10"
},{
  "dateTime" : "05/10/16 21:53:00",
  "value" : "10"
},{
  "dateTime" : "05/10/16 21:54:00",
  "value" : "10"
},{
  "dateTime" : "05/10/16 21:55:00",
  "value" : "10"
},{
  "dateTime" : "05/10/16 21:56:00",
  "value" : "10"
},{
  "dateTime" : "05/10/16 21:58:00",
  "value" : "10"
},{
  "dateTime" : "05/10/16 22:47:00",
  "value" : "10"
},{
  "dateTime" : "05/11/16 07:02:00",
  "value" : "10"
},{
  "dateTime" : "05/11/16 07:44:00",
  "value" : "10"
},{
  "dateTime" : "05/11/16 07:50:00",
  "value" : "20"
},{
  "dateTime" : "05/11/16 08:38:00",
  "value" : "10"
},{
  "dateTime" : "05/11/16 08:47:00",
  "value" : "20"
},{
  "dateTime" : "05/11/16 08:48:00",
  "value" : "20"
},{
  "dateTime" : "05/11/16 08:49:00",
  "value" : "10"
},{
  "dateTime" : "05/11/16 08:52:00",
  "value" : "10"
},{
  "dateTime" : "05/11/16 08:53:00",
  "value" : "10"
},{
  "dateTime" : "05/11/16 08:54:00",
  "value" : "10"
},{
  "dateTime" : "05/11/16 08:56:00",
  "value" : "10"
},{
  "dateTime" : "05/11/16 08:59:00",
  "value" : "10"
},{
  "dateTime" : "05/11/16 09:00:00",
  "value" : "10"
},{
  "dateTime" : "05/11/16 09:02:00",
  "value" : "20"
},{
  "dateTime" : "05/11/16 10:51:00",
  "value" : "10"
},{
  "dateTime" : "05/11/16 11:24:00",
  "value" : "10"
},{
  "dateTime" : "05/11/16 11:55:00",
  "value" : "10"
},{
  "dateTime" : "05/11/16 12:00:00",
  "value" : "10"
},{
  "dateTime" : "05/11/16 12:09:00",
  "value" : "10"
},{
  "dateTime" : "05/11/16 12:10:00",
  "value" : "20"
},{
  "dateTime" : "05/11/16 13:21:00",
  "value" : "0"
},{
  "dateTime" : "05/11/16 13:24:00",
  "value" : "0"
},{
  "dateTime" : "05/11/16 13:26:00",
  "value" : "10"
},{
  "dateTime" : "05/11/16 13:43:00",
  "value" : "10"
},{
  "dateTime" : "05/11/16 13:44:00",
  "value" : "10"
},{
  "dateTime" : "05/11/16 13:49:00",
  "value" : "10"
},{
  "dateTime" : "05/11/16 13:50:00",
  "value" : "10"
},{
  "dateTime" : "05/11/16 13:51:00",
  "value" : "20"
},{
  "dateTime" : "05/11/16 14:06:00",
  "value" : "10"
},{
  "dateTime" : "05/11/16 14:07:00",
  "value" : "10"
},{
  "dateTime" : "05/11/16 14:08:00",
  "value" : "10"
},{
  "dateTime" : "05/11/16 14:17:00",
  "value" : "10"
},{
  "dateTime" : "05/11/16 14:29:00",
  "value" : "10"
},{
  "dateTime" : "05/11/16 14:31:00",
  "value" : "10"
},{
  "dateTime" : "05/11/16 14:47:00",
  "value" : "20"
},{
  "dateTime" : "05/11/16 15:17:00",
  "value" : "10"
},{
  "dateTime" : "05/11/16 15:18:00",
  "value" : "10"
},{
  "dateTime" : "05/11/16 15:19:00",
  "value" : "10"
},{
  "dateTime" : "05/11/16 15:23:00",
  "value" : "10"
},{
  "dateTime" : "05/11/16 15:30:00",
  "value" : "0"
},{
  "dateTime" : "05/11/16 15:33:00",
  "value" : "10"
},{
  "dateTime" : "05/11/16 15:35:00",
  "value" : "10"
},{
  "dateTime" : "05/11/16 16:33:00",
  "value" : "10"
},{
  "dateTime" : "05/11/16 16:36:00",
  "value" : "10"
},{
  "dateTime" : "05/11/16 17:01:00",
  "value" : "10"
},{
  "dateTime" : "05/11/16 17:19:00",
  "value" : "20"
},{
  "dateTime" : "05/11/16 17:21:00",
  "value" : "10"
},{
  "dateTime" : "05/11/16 17:39:00",
  "value" : "10"
},{
  "dateTime" : "05/11/16 17:44:00",
  "value" : "10"
},{
  "dateTime" : "05/11/16 17:48:00",
  "value" : "20"
},{
  "dateTime" : "05/11/16 17:51:00",
  "value" : "10"
},{
  "dateTime" : "05/11/16 20:54:00",
  "value" : "10"
},{
  "dateTime" : "05/11/16 22:44:00",
  "value" : "10"
},{
  "dateTime" : "05/11/16 22:45:00",
  "value" : "20"
},{
  "dateTime" : "05/11/16 23:57:00",
  "value" : "10"
},{
  "dateTime" : "05/11/16 23:59:00",
  "value" : "10"
},{
  "dateTime" : "05/12/16 06:59:00",
  "value" : "10"
},{
  "dateTime" : "05/12/16 07:11:00",
  "value" : "10"
},{
  "dateTime" : "05/12/16 07:17:00",
  "value" : "10"
},{
  "dateTime" : "05/12/16 07:27:00",
  "value" : "10"
},{
  "dateTime" : "05/12/16 07:41:00",
  "value" : "10"
},{
  "dateTime" : "05/12/16 08:28:00",
  "value" : "10"
},{
  "dateTime" : "05/12/16 08:30:00",
  "value" : "10"
},{
  "dateTime" : "05/12/16 08:31:00",
  "value" : "10"
},{
  "dateTime" : "05/12/16 13:22:00",
  "value" : "20"
},{
  "dateTime" : "05/12/16 13:23:00",
  "value" : "20"
},{
  "dateTime" : "05/12/16 18:28:00",
  "value" : "10"
},{
  "dateTime" : "05/12/16 18:30:00",
  "value" : "10"
},{
  "dateTime" : "05/12/16 18:34:00",
  "value" : "10"
},{
  "dateTime" : "05/12/16 18:35:00",
  "value" : "10"
},{
  "dateTime" : "05/12/16 18:36:00",
  "value" : "10"
},{
  "dateTime" : "05/12/16 21:28:00",
  "value" : "10"
},{
  "dateTime" : "05/13/16 07:02:00",
  "value" : "10"
},{
  "dateTime" : "05/13/16 09:03:00",
  "value" : "50"
},{
  "dateTime" : "05/13/16 09:04:00",
  "value" : "30"
},{
  "dateTime" : "05/13/16 09:12:00",
  "value" : "20"
},{
  "dateTime" : "05/13/16 10:10:00",
  "value" : "20"
},{
  "dateTime" : "05/13/16 12:50:00",
  "value" : "10"
},{
  "dateTime" : "05/13/16 12:52:00",
  "value" : "10"
},{
  "dateTime" : "05/13/16 12:55:00",
  "value" : "20"
},{
  "dateTime" : "05/13/16 14:14:00",
  "value" : "10"
},{
  "dateTime" : "05/13/16 14:40:00",
  "value" : "10"
},{
  "dateTime" : "05/13/16 14:59:00",
  "value" : "10"
},{
  "dateTime" : "05/13/16 15:10:00",
  "value" : "10"
},{
  "dateTime" : "05/13/16 15:18:00",
  "value" : "10"
},{
  "dateTime" : "05/13/16 15:31:00",
  "value" : "10"
},{
  "dateTime" : "05/13/16 15:38:00",
  "value" : "10"
},{
  "dateTime" : "05/13/16 15:40:00",
  "value" : "10"
},{
  "dateTime" : "05/13/16 15:57:00",
  "value" : "10"
},{
  "dateTime" : "05/13/16 16:05:00",
  "value" : "10"
},{
  "dateTime" : "05/13/16 16:20:00",
  "value" : "10"
},{
  "dateTime" : "05/13/16 16:25:00",
  "value" : "10"
},{
  "dateTime" : "05/13/16 16:27:00",
  "value" : "10"
},{
  "dateTime" : "05/13/16 16:58:00",
  "value" : "10"
},{
  "dateTime" : "05/13/16 17:33:00",
  "value" : "20"
},{
  "dateTime" : "05/13/16 17:53:00",
  "value" : "10"
},{
  "dateTime" : "05/13/16 18:22:00",
  "value" : "10"
},{
  "dateTime" : "05/13/16 20:28:00",
  "value" : "10"
},{
  "dateTime" : "05/13/16 23:47:00",
  "value" : "10"
},{
  "dateTime" : "05/13/16 23:54:00",
  "value" : "10"
},{
  "dateTime" : "05/13/16 23:59:00",
  "value" : "10"
},{
  "dateTime" : "05/14/16 07:38:00",
  "value" : "10"
},{
  "dateTime" : "05/14/16 08:32:00",
  "value" : "10"
},{
  "dateTime" : "05/14/16 08:35:00",
  "value" : "10"
},{
  "dateTime" : "05/14/16 08:38:00",
  "value" : "10"
},{
  "dateTime" : "05/14/16 09:31:00",
  "value" : "10"
},{
  "dateTime" : "05/14/16 09:34:00",
  "value" : "10"
},{
  "dateTime" : "05/14/16 09:44:00",
  "value" : "10"
},{
  "dateTime" : "05/14/16 10:16:00",
  "value" : "10"
},{
  "dateTime" : "05/14/16 12:43:00",
  "value" : "10"
},{
  "dateTime" : "05/14/16 12:46:00",
  "value" : "20"
},{
  "dateTime" : "05/14/16 12:47:00",
  "value" : "10"
},{
  "dateTime" : "05/14/16 12:50:00",
  "value" : "10"
},{
  "dateTime" : "05/14/16 16:45:00",
  "value" : "10"
},{
  "dateTime" : "05/14/16 16:47:00",
  "value" : "10"
},{
  "dateTime" : "05/14/16 16:48:00",
  "value" : "10"
},{
  "dateTime" : "05/14/16 16:50:00",
  "value" : "10"
},{
  "dateTime" : "05/14/16 16:53:00",
  "value" : "10"
},{
  "dateTime" : "05/14/16 16:54:00",
  "value" : "10"
},{
  "dateTime" : "05/14/16 16:55:00",
  "value" : "10"
},{
  "dateTime" : "05/14/16 16:56:00",
  "value" : "10"
},{
  "dateTime" : "05/14/16 16:57:00",
  "value" : "10"
},{
  "dateTime" : "05/14/16 16:58:00",
  "value" : "10"
},{
  "dateTime" : "05/14/16 17:17:00",
  "value" : "10"
},{
  "dateTime" : "05/14/16 17:18:00",
  "value" : "10"
},{
  "dateTime" : "05/14/16 19:27:00",
  "value" : "10"
},{
  "dateTime" : "05/14/16 19:31:00",
  "value" : "10"
},{
  "dateTime" : "05/14/16 19:42:00",
  "value" : "10"
},{
  "dateTime" : "05/14/16 19:43:00",
  "value" : "20"
},{
  "dateTime" : "05/14/16 19:48:00",
  "value" : "20"
},{
  "dateTime" : "05/14/16 19:49:00",
  "value" : "10"
},{
  "dateTime" : "05/15/16 07:50:00",
  "value" : "10"
},{
  "dateTime" : "05/15/16 09:03:00",
  "value" : "10"
},{
  "dateTime" : "05/15/16 10:33:00",
  "value" : "10"
},{
  "dateTime" : "05/15/16 10:34:00",
  "value" : "10"
},{
  "dateTime" : "05/15/16 10:53:00",
  "value" : "10"
},{
  "dateTime" : "05/15/16 11:39:00",
  "value" : "10"
},{
  "dateTime" : "05/15/16 11:53:00",
  "value" : "10"
},{
  "dateTime" : "05/15/16 13:50:00",
  "value" : "10"
},{
  "dateTime" : "05/15/16 13:53:00",
  "value" : "20"
},{
  "dateTime" : "05/15/16 13:55:00",
  "value" : "10"
},{
  "dateTime" : "05/15/16 15:08:00",
  "value" : "10"
},{
  "dateTime" : "05/15/16 15:18:00",
  "value" : "10"
},{
  "dateTime" : "05/15/16 18:59:00",
  "value" : "10"
},{
  "dateTime" : "05/15/16 20:29:00",
  "value" : "10"
},{
  "dateTime" : "05/15/16 22:08:00",
  "value" : "10"
},{
  "dateTime" : "05/15/16 23:02:00",
  "value" : "10"
},{
  "dateTime" : "05/16/16 07:12:00",
  "value" : "10"
},{
  "dateTime" : "05/16/16 07:20:00",
  "value" : "10"
},{
  "dateTime" : "05/16/16 08:04:00",
  "value" : "10"
},{
  "dateTime" : "05/16/16 08:06:00",
  "value" : "10"
},{
  "dateTime" : "05/16/16 08:47:00",
  "value" : "20"
},{
  "dateTime" : "05/16/16 08:55:00",
  "value" : "10"
},{
  "dateTime" : "05/16/16 08:57:00",
  "value" : "30"
},{
  "dateTime" : "05/16/16 08:58:00",
  "value" : "20"
},{
  "dateTime" : "05/16/16 09:10:00",
  "value" : "20"
},{
  "dateTime" : "05/16/16 09:55:00",
  "value" : "10"
},{
  "dateTime" : "05/16/16 09:58:00",
  "value" : "10"
},{
  "dateTime" : "05/16/16 12:34:00",
  "value" : "10"
},{
  "dateTime" : "05/16/16 12:36:00",
  "value" : "10"
},{
  "dateTime" : "05/16/16 12:38:00",
  "value" : "10"
},{
  "dateTime" : "05/16/16 12:40:00",
  "value" : "30"
},{
  "dateTime" : "05/16/16 13:00:00",
  "value" : "10"
},{
  "dateTime" : "05/16/16 14:05:00",
  "value" : "10"
},{
  "dateTime" : "05/16/16 14:06:00",
  "value" : "10"
},{
  "dateTime" : "05/16/16 14:07:00",
  "value" : "10"
},{
  "dateTime" : "05/16/16 16:41:00",
  "value" : "10"
},{
  "dateTime" : "05/16/16 16:54:00",
  "value" : "10"
},{
  "dateTime" : "05/16/16 17:06:00",
  "value" : "10"
},{
  "dateTime" : "05/16/16 17:07:00",
  "value" : "20"
},{
  "dateTime" : "05/16/16 17:08:00",
  "value" : "10"
},{
  "dateTime" : "05/16/16 18:04:00",
  "value" : "10"
},{
  "dateTime" : "05/16/16 18:07:00",
  "value" : "10"
},{
  "dateTime" : "05/16/16 18:08:00",
  "value" : "10"
},{
  "dateTime" : "05/16/16 18:13:00",
  "value" : "10"
},{
  "dateTime" : "05/16/16 19:15:00",
  "value" : "10"
},{
  "dateTime" : "05/16/16 20:31:00",
  "value" : "10"
},{
  "dateTime" : "05/16/16 22:35:00",
  "value" : "10"
},{
  "dateTime" : "05/16/16 22:43:00",
  "value" : "10"
},{
  "dateTime" : "05/17/16 07:02:00",
  "value" : "10"
},{
  "dateTime" : "05/17/16 07:56:00",
  "value" : "10"
},{
  "dateTime" : "05/17/16 07:59:00",
  "value" : "10"
},{
  "dateTime" : "05/17/16 08:01:00",
  "value" : "10"
},{
  "dateTime" : "05/17/16 08:37:00",
  "value" : "10"
},{
  "dateTime" : "05/17/16 08:46:00",
  "value" : "50"
},{
  "dateTime" : "05/17/16 08:47:00",
  "value" : "30"
},{
  "dateTime" : "05/17/16 08:48:00",
  "value" : "10"
},{
  "dateTime" : "05/17/16 08:53:00",
  "value" : "20"
},{
  "dateTime" : "05/17/16 08:55:00",
  "value" : "20"
},{
  "dateTime" : "05/17/16 08:59:00",
  "value" : "10"
},{
  "dateTime" : "05/17/16 09:00:00",
  "value" : "10"
},{
  "dateTime" : "05/17/16 09:02:00",
  "value" : "10"
},{
  "dateTime" : "05/17/16 09:03:00",
  "value" : "10"
},{
  "dateTime" : "05/17/16 11:03:00",
  "value" : "10"
},{
  "dateTime" : "05/17/16 11:11:00",
  "value" : "10"
},{
  "dateTime" : "05/17/16 11:58:00",
  "value" : "10"
},{
  "dateTime" : "05/17/16 12:05:00",
  "value" : "10"
},{
  "dateTime" : "05/17/16 13:12:00",
  "value" : "10"
},{
  "dateTime" : "05/17/16 15:21:00",
  "value" : "10"
},{
  "dateTime" : "05/17/16 15:26:00",
  "value" : "10"
},{
  "dateTime" : "05/17/16 15:38:00",
  "value" : "10"
},{
  "dateTime" : "05/17/16 15:39:00",
  "value" : "10"
},{
  "dateTime" : "05/17/16 15:40:00",
  "value" : "10"
},{
  "dateTime" : "05/17/16 15:41:00",
  "value" : "20"
},{
  "dateTime" : "05/17/16 16:14:00",
  "value" : "10"
},{
  "dateTime" : "05/17/16 17:07:00",
  "value" : "10"
},{
  "dateTime" : "05/17/16 17:08:00",
  "value" : "10"
},{
  "dateTime" : "05/17/16 19:21:00",
  "value" : "10"
},{
  "dateTime" : "05/17/16 19:30:00",
  "value" : "10"
},{
  "dateTime" : "05/17/16 20:41:00",
  "value" : "20"
},{
  "dateTime" : "05/17/16 23:15:00",
  "value" : "10"
},{
  "dateTime" : "05/17/16 23:16:00",
  "value" : "10"
},{
  "dateTime" : "05/17/16 23:17:00",
  "value" : "10"
},{
  "dateTime" : "05/18/16 07:05:00",
  "value" : "10"
},{
  "dateTime" : "05/18/16 08:02:00",
  "value" : "10"
},{
  "dateTime" : "05/18/16 08:04:00",
  "value" : "10"
},{
  "dateTime" : "05/18/16 08:28:00",
  "value" : "10"
},{
  "dateTime" : "05/18/16 08:47:00",
  "value" : "40"
},{
  "dateTime" : "05/18/16 08:48:00",
  "value" : "20"
},{
  "dateTime" : "05/18/16 08:54:00",
  "value" : "10"
},{
  "dateTime" : "05/18/16 08:55:00",
  "value" : "10"
},{
  "dateTime" : "05/18/16 09:00:00",
  "value" : "10"
},{
  "dateTime" : "05/18/16 09:01:00",
  "value" : "20"
},{
  "dateTime" : "05/18/16 09:03:00",
  "value" : "20"
},{
  "dateTime" : "05/18/16 11:06:00",
  "value" : "10"
},{
  "dateTime" : "05/18/16 12:03:00",
  "value" : "10"
},{
  "dateTime" : "05/18/16 12:05:00",
  "value" : "10"
},{
  "dateTime" : "05/18/16 12:07:00",
  "value" : "10"
},{
  "dateTime" : "05/18/16 12:12:00",
  "value" : "10"
},{
  "dateTime" : "05/18/16 13:12:00",
  "value" : "10"
},{
  "dateTime" : "05/18/16 14:08:00",
  "value" : "10"
},{
  "dateTime" : "05/18/16 14:12:00",
  "value" : "0"
},{
  "dateTime" : "05/18/16 14:15:00",
  "value" : "10"
},{
  "dateTime" : "05/18/16 14:18:00",
  "value" : "0"
},{
  "dateTime" : "05/18/16 14:24:00",
  "value" : "0"
},{
  "dateTime" : "05/18/16 14:27:00",
  "value" : "10"
},{
  "dateTime" : "05/18/16 14:28:00",
  "value" : "10"
},{
  "dateTime" : "05/18/16 14:30:00",
  "value" : "10"
},{
  "dateTime" : "05/18/16 14:32:00",
  "value" : "10"
},{
  "dateTime" : "05/18/16 14:33:00",
  "value" : "10"
},{
  "dateTime" : "05/18/16 14:35:00",
  "value" : "0"
},{
  "dateTime" : "05/18/16 14:38:00",
  "value" : "10"
},{
  "dateTime" : "05/18/16 14:41:00",
  "value" : "0"
},{
  "dateTime" : "05/18/16 14:46:00",
  "value" : "0"
},{
  "dateTime" : "05/18/16 14:51:00",
  "value" : "0"
},{
  "dateTime" : "05/18/16 14:54:00",
  "value" : "10"
},{
  "dateTime" : "05/18/16 14:55:00",
  "value" : "10"
},{
  "dateTime" : "05/18/16 14:56:00",
  "value" : "0"
},{
  "dateTime" : "05/18/16 15:34:00",
  "value" : "0"
},{
  "dateTime" : "05/18/16 15:37:00",
  "value" : "0"
},{
  "dateTime" : "05/18/16 15:38:00",
  "value" : "10"
},{
  "dateTime" : "05/18/16 15:39:00",
  "value" : "10"
},{
  "dateTime" : "05/18/16 15:42:00",
  "value" : "10"
},{
  "dateTime" : "05/18/16 16:50:00",
  "value" : "10"
},{
  "dateTime" : "05/18/16 17:22:00",
  "value" : "10"
},{
  "dateTime" : "05/18/16 17:41:00",
  "value" : "10"
},{
  "dateTime" : "05/18/16 17:45:00",
  "value" : "10"
},{
  "dateTime" : "05/18/16 17:50:00",
  "value" : "10"
},{
  "dateTime" : "05/18/16 17:52:00",
  "value" : "10"
},{
  "dateTime" : "05/18/16 22:01:00",
  "value" : "10"
},{
  "dateTime" : "05/19/16 08:15:00",
  "value" : "10"
},{
  "dateTime" : "05/19/16 08:17:00",
  "value" : "10"
},{
  "dateTime" : "05/19/16 08:25:00",
  "value" : "10"
},{
  "dateTime" : "05/19/16 08:27:00",
  "value" : "10"
},{
  "dateTime" : "05/19/16 09:25:00",
  "value" : "10"
},{
  "dateTime" : "05/19/16 09:26:00",
  "value" : "10"
},{
  "dateTime" : "05/19/16 09:27:00",
  "value" : "10"
},{
  "dateTime" : "05/19/16 15:25:00",
  "value" : "10"
},{
  "dateTime" : "05/19/16 15:26:00",
  "value" : "20"
},{
  "dateTime" : "05/19/16 15:27:00",
  "value" : "10"
},{
  "dateTime" : "05/19/16 17:05:00",
  "value" : "10"
},{
  "dateTime" : "05/19/16 18:06:00",
  "value" : "10"
},{
  "dateTime" : "05/19/16 18:07:00",
  "value" : "10"
},{
  "dateTime" : "05/19/16 18:28:00",
  "value" : "10"
},{
  "dateTime" : "05/19/16 21:06:00",
  "value" : "10"
},{
  "dateTime" : "05/19/16 21:20:00",
  "value" : "10"
},{
  "dateTime" : "05/19/16 21:21:00",
  "value" : "10"
},{
  "dateTime" : "05/19/16 22:09:00",
  "value" : "10"
},{
  "dateTime" : "05/20/16 07:28:00",
  "value" : "10"
},{
  "dateTime" : "05/20/16 08:02:00",
  "value" : "10"
},{
  "dateTime" : "05/20/16 08:27:00",
  "value" : "10"
},{
  "dateTime" : "05/20/16 08:47:00",
  "value" : "20"
},{
  "dateTime" : "05/20/16 08:48:00",
  "value" : "40"
},{
  "dateTime" : "05/20/16 08:57:00",
  "value" : "10"
},{
  "dateTime" : "05/20/16 08:58:00",
  "value" : "10"
},{
  "dateTime" : "05/20/16 09:12:00",
  "value" : "20"
},{
  "dateTime" : "05/20/16 12:44:00",
  "value" : "10"
},{
  "dateTime" : "05/20/16 14:16:00",
  "value" : "10"
},{
  "dateTime" : "05/20/16 17:36:00",
  "value" : "10"
},{
  "dateTime" : "05/20/16 19:05:00",
  "value" : "10"
},{
  "dateTime" : "05/20/16 20:01:00",
  "value" : "10"
},{
  "dateTime" : "05/20/16 20:54:00",
  "value" : "10"
},{
  "dateTime" : "05/20/16 20:56:00",
  "value" : "10"
},{
  "dateTime" : "05/20/16 22:41:00",
  "value" : "10"
},{
  "dateTime" : "05/21/16 06:32:00",
  "value" : "10"
},{
  "dateTime" : "05/21/16 06:52:00",
  "value" : "10"
},{
  "dateTime" : "05/21/16 06:56:00",
  "value" : "10"
},{
  "dateTime" : "05/21/16 09:02:00",
  "value" : "10"
},{
  "dateTime" : "05/21/16 09:28:00",
  "value" : "10"
},{
  "dateTime" : "05/21/16 09:40:00",
  "value" : "10"
},{
  "dateTime" : "05/21/16 11:50:00",
  "value" : "10"
},{
  "dateTime" : "05/21/16 12:46:00",
  "value" : "20"
},{
  "dateTime" : "05/21/16 13:24:00",
  "value" : "10"
},{
  "dateTime" : "05/21/16 13:31:00",
  "value" : "10"
},{
  "dateTime" : "05/21/16 13:33:00",
  "value" : "10"
},{
  "dateTime" : "05/21/16 14:16:00",
  "value" : "10"
},{
  "dateTime" : "05/21/16 14:18:00",
  "value" : "10"
},{
  "dateTime" : "05/21/16 17:55:00",
  "value" : "10"
},{
  "dateTime" : "05/21/16 18:04:00",
  "value" : "10"
},{
  "dateTime" : "05/21/16 18:08:00",
  "value" : "10"
},{
  "dateTime" : "05/21/16 18:11:00",
  "value" : "10"
},{
  "dateTime" : "05/21/16 22:22:00",
  "value" : "20"
},{
  "dateTime" : "05/22/16 10:21:00",
  "value" : "10"
},{
  "dateTime" : "05/22/16 13:03:00",
  "value" : "10"
},{
  "dateTime" : "05/22/16 13:14:00",
  "value" : "10"
},{
  "dateTime" : "05/22/16 13:23:00",
  "value" : "10"
},{
  "dateTime" : "05/22/16 17:18:00",
  "value" : "10"
},{
  "dateTime" : "05/22/16 17:25:00",
  "value" : "0"
},{
  "dateTime" : "05/22/16 17:26:00",
  "value" : "10"
},{
  "dateTime" : "05/22/16 17:28:00",
  "value" : "10"
},{
  "dateTime" : "05/22/16 17:30:00",
  "value" : "0"
},{
  "dateTime" : "05/22/16 17:31:00",
  "value" : "10"
},{
  "dateTime" : "05/22/16 17:32:00",
  "value" : "20"
},{
  "dateTime" : "05/22/16 17:33:00",
  "value" : "10"
},{
  "dateTime" : "05/22/16 17:35:00",
  "value" : "10"
},{
  "dateTime" : "05/22/16 17:36:00",
  "value" : "10"
},{
  "dateTime" : "05/22/16 17:38:00",
  "value" : "20"
},{
  "dateTime" : "05/22/16 17:39:00",
  "value" : "10"
},{
  "dateTime" : "05/22/16 17:40:00",
  "value" : "0"
},{
  "dateTime" : "05/22/16 17:42:00",
  "value" : "10"
},{
  "dateTime" : "05/22/16 17:44:00",
  "value" : "10"
},{
  "dateTime" : "05/22/16 17:45:00",
  "value" : "0"
},{
  "dateTime" : "05/22/16 17:48:00",
  "value" : "10"
},{
  "dateTime" : "05/22/16 17:49:00",
  "value" : "10"
},{
  "dateTime" : "05/22/16 17:50:00",
  "value" : "0"
},{
  "dateTime" : "05/22/16 17:54:00",
  "value" : "30"
},{
  "dateTime" : "05/22/16 17:55:00",
  "value" : "0"
},{
  "dateTime" : "05/22/16 17:56:00",
  "value" : "10"
},{
  "dateTime" : "05/22/16 17:57:00",
  "value" : "10"
},{
  "dateTime" : "05/22/16 18:00:00",
  "value" : "0"
},{
  "dateTime" : "05/22/16 18:01:00",
  "value" : "10"
},{
  "dateTime" : "05/22/16 18:05:00",
  "value" : "0"
},{
  "dateTime" : "05/22/16 18:09:00",
  "value" : "20"
},{
  "dateTime" : "05/22/16 18:10:00",
  "value" : "20"
},{
  "dateTime" : "05/22/16 18:11:00",
  "value" : "10"
},{
  "dateTime" : "05/22/16 18:15:00",
  "value" : "0"
},{
  "dateTime" : "05/22/16 18:17:00",
  "value" : "20"
},{
  "dateTime" : "05/22/16 18:18:00",
  "value" : "10"
},{
  "dateTime" : "05/22/16 18:20:00",
  "value" : "0"
},{
  "dateTime" : "05/22/16 18:22:00",
  "value" : "20"
},{
  "dateTime" : "05/22/16 18:25:00",
  "value" : "10"
},{
  "dateTime" : "05/22/16 18:27:00",
  "value" : "10"
},{
  "dateTime" : "05/22/16 18:28:00",
  "value" : "20"
},{
  "dateTime" : "05/22/16 18:30:00",
  "value" : "0"
},{
  "dateTime" : "05/22/16 18:35:00",
  "value" : "0"
},{
  "dateTime" : "05/22/16 18:40:00",
  "value" : "0"
},{
  "dateTime" : "05/22/16 18:44:00",
  "value" : "20"
},{
  "dateTime" : "05/22/16 18:45:00",
  "value" : "10"
},{
  "dateTime" : "05/22/16 18:47:00",
  "value" : "10"
},{
  "dateTime" : "05/22/16 18:49:00",
  "value" : "20"
},{
  "dateTime" : "05/22/16 18:50:00",
  "value" : "10"
},{
  "dateTime" : "05/22/16 18:51:00",
  "value" : "10"
},{
  "dateTime" : "05/22/16 18:57:00",
  "value" : "10"
},{
  "dateTime" : "05/22/16 18:58:00",
  "value" : "10"
},{
  "dateTime" : "05/22/16 22:04:00",
  "value" : "10"
},{
  "dateTime" : "05/22/16 22:12:00",
  "value" : "10"
},{
  "dateTime" : "05/23/16 07:29:00",
  "value" : "10"
},{
  "dateTime" : "05/23/16 07:34:00",
  "value" : "10"
},{
  "dateTime" : "05/23/16 07:54:00",
  "value" : "20"
},{
  "dateTime" : "05/23/16 07:56:00",
  "value" : "20"
},{
  "dateTime" : "05/23/16 08:40:00",
  "value" : "40"
},{
  "dateTime" : "05/23/16 08:41:00",
  "value" : "20"
},{
  "dateTime" : "05/23/16 08:47:00",
  "value" : "10"
},{
  "dateTime" : "05/23/16 08:49:00",
  "value" : "10"
},{
  "dateTime" : "05/23/16 08:54:00",
  "value" : "10"
},{
  "dateTime" : "05/23/16 10:02:00",
  "value" : "10"
},{
  "dateTime" : "05/23/16 12:35:00",
  "value" : "10"
},{
  "dateTime" : "05/23/16 13:03:00",
  "value" : "10"
},{
  "dateTime" : "05/23/16 13:07:00",
  "value" : "10"
},{
  "dateTime" : "05/23/16 14:03:00",
  "value" : "10"
},{
  "dateTime" : "05/23/16 14:04:00",
  "value" : "10"
},{
  "dateTime" : "05/23/16 14:09:00",
  "value" : "10"
},{
  "dateTime" : "05/23/16 14:10:00",
  "value" : "20"
},{
  "dateTime" : "05/23/16 14:54:00",
  "value" : "10"
},{
  "dateTime" : "05/23/16 15:27:00",
  "value" : "10"
},{
  "dateTime" : "05/23/16 15:29:00",
  "value" : "10"
},{
  "dateTime" : "05/23/16 15:51:00",
  "value" : "10"
},{
  "dateTime" : "05/23/16 15:52:00",
  "value" : "10"
},{
  "dateTime" : "05/23/16 19:38:00",
  "value" : "10"
},{
  "dateTime" : "05/23/16 20:02:00",
  "value" : "10"
},{
  "dateTime" : "05/23/16 21:55:00",
  "value" : "10"
},{
  "dateTime" : "05/23/16 21:59:00",
  "value" : "10"
},{
  "dateTime" : "05/24/16 07:03:00",
  "value" : "10"
},{
  "dateTime" : "05/24/16 07:06:00",
  "value" : "10"
},{
  "dateTime" : "05/24/16 08:04:00",
  "value" : "10"
},{
  "dateTime" : "05/24/16 08:15:00",
  "value" : "10"
},{
  "dateTime" : "05/24/16 08:17:00",
  "value" : "10"
},{
  "dateTime" : "05/24/16 09:02:00",
  "value" : "10"
},{
  "dateTime" : "05/24/16 09:13:00",
  "value" : "10"
},{
  "dateTime" : "05/24/16 09:23:00",
  "value" : "10"
},{
  "dateTime" : "05/24/16 09:25:00",
  "value" : "20"
},{
  "dateTime" : "05/24/16 10:52:00",
  "value" : "10"
},{
  "dateTime" : "05/24/16 10:58:00",
  "value" : "20"
},{
  "dateTime" : "05/24/16 10:59:00",
  "value" : "10"
},{
  "dateTime" : "05/24/16 12:04:00",
  "value" : "10"
},{
  "dateTime" : "05/24/16 19:31:00",
  "value" : "10"
},{
  "dateTime" : "05/24/16 19:32:00",
  "value" : "10"
},{
  "dateTime" : "05/24/16 19:49:00",
  "value" : "10"
},{
  "dateTime" : "05/24/16 20:02:00",
  "value" : "10"
},{
  "dateTime" : "05/24/16 20:05:00",
  "value" : "10"
},{
  "dateTime" : "05/24/16 20:37:00",
  "value" : "10"
},{
  "dateTime" : "05/24/16 20:39:00",
  "value" : "10"
},{
  "dateTime" : "05/24/16 20:40:00",
  "value" : "10"
},{
  "dateTime" : "05/24/16 20:42:00",
  "value" : "10"
},{
  "dateTime" : "05/24/16 22:12:00",
  "value" : "10"
},{
  "dateTime" : "05/24/16 22:14:00",
  "value" : "10"
},{
  "dateTime" : "05/25/16 08:53:00",
  "value" : "10"
},{
  "dateTime" : "05/25/16 08:54:00",
  "value" : "10"
},{
  "dateTime" : "05/25/16 09:22:00",
  "value" : "10"
},{
  "dateTime" : "05/25/16 09:40:00",
  "value" : "20"
},{
  "dateTime" : "05/25/16 09:46:00",
  "value" : "10"
},{
  "dateTime" : "05/25/16 09:49:00",
  "value" : "20"
},{
  "dateTime" : "05/25/16 09:50:00",
  "value" : "10"
},{
  "dateTime" : "05/25/16 10:00:00",
  "value" : "10"
},{
  "dateTime" : "05/25/16 10:01:00",
  "value" : "10"
},{
  "dateTime" : "05/25/16 10:02:00",
  "value" : "10"
},{
  "dateTime" : "05/25/16 10:05:00",
  "value" : "20"
},{
  "dateTime" : "05/25/16 11:02:00",
  "value" : "10"
},{
  "dateTime" : "05/25/16 11:04:00",
  "value" : "10"
},{
  "dateTime" : "05/25/16 11:06:00",
  "value" : "10"
},{
  "dateTime" : "05/25/16 11:55:00",
  "value" : "20"
},{
  "dateTime" : "05/25/16 12:14:00",
  "value" : "10"
},{
  "dateTime" : "05/25/16 12:44:00",
  "value" : "10"
},{
  "dateTime" : "05/25/16 12:46:00",
  "value" : "10"
},{
  "dateTime" : "05/25/16 12:47:00",
  "value" : "10"
},{
  "dateTime" : "05/25/16 13:12:00",
  "value" : "10"
},{
  "dateTime" : "05/25/16 13:15:00",
  "value" : "10"
},{
  "dateTime" : "05/25/16 13:16:00",
  "value" : "10"
},{
  "dateTime" : "05/25/16 13:18:00",
  "value" : "10"
},{
  "dateTime" : "05/25/16 13:19:00",
  "value" : "20"
},{
  "dateTime" : "05/25/16 13:40:00",
  "value" : "0"
},{
  "dateTime" : "05/25/16 13:41:00",
  "value" : "10"
},{
  "dateTime" : "05/25/16 13:42:00",
  "value" : "10"
},{
  "dateTime" : "05/25/16 13:45:00",
  "value" : "10"
},{
  "dateTime" : "05/25/16 13:46:00",
  "value" : "10"
},{
  "dateTime" : "05/25/16 13:47:00",
  "value" : "10"
},{
  "dateTime" : "05/25/16 13:49:00",
  "value" : "10"
},{
  "dateTime" : "05/25/16 13:50:00",
  "value" : "10"
},{
  "dateTime" : "05/25/16 13:51:00",
  "value" : "10"
},{
  "dateTime" : "05/25/16 13:52:00",
  "value" : "20"
},{
  "dateTime" : "05/25/16 13:57:00",
  "value" : "10"
},{
  "dateTime" : "05/25/16 13:58:00",
  "value" : "10"
},{
  "dateTime" : "05/25/16 14:01:00",
  "value" : "0"
},{
  "dateTime" : "05/25/16 14:02:00",
  "value" : "10"
},{
  "dateTime" : "05/25/16 14:03:00",
  "value" : "50"
},{
  "dateTime" : "05/25/16 14:04:00",
  "value" : "20"
},{
  "dateTime" : "05/25/16 14:05:00",
  "value" : "0"
},{
  "dateTime" : "05/25/16 14:06:00",
  "value" : "20"
},{
  "dateTime" : "05/25/16 14:07:00",
  "value" : "50"
},{
  "dateTime" : "05/25/16 14:08:00",
  "value" : "10"
},{
  "dateTime" : "05/25/16 14:09:00",
  "value" : "10"
},{
  "dateTime" : "05/25/16 14:10:00",
  "value" : "50"
},{
  "dateTime" : "05/25/16 14:11:00",
  "value" : "10"
},{
  "dateTime" : "05/25/16 14:12:00",
  "value" : "50"
},{
  "dateTime" : "05/25/16 14:13:00",
  "value" : "30"
},{
  "dateTime" : "05/25/16 14:15:00",
  "value" : "50"
},{
  "dateTime" : "05/25/16 14:16:00",
  "value" : "20"
},{
  "dateTime" : "05/25/16 14:17:00",
  "value" : "0"
},{
  "dateTime" : "05/25/16 14:18:00",
  "value" : "10"
},{
  "dateTime" : "05/25/16 14:19:00",
  "value" : "50"
},{
  "dateTime" : "05/25/16 14:20:00",
  "value" : "10"
},{
  "dateTime" : "05/25/16 14:21:00",
  "value" : "0"
},{
  "dateTime" : "05/25/16 14:28:00",
  "value" : "30"
},{
  "dateTime" : "05/25/16 14:29:00",
  "value" : "10"
},{
  "dateTime" : "05/25/16 14:34:00",
  "value" : "10"
},{
  "dateTime" : "05/25/16 14:40:00",
  "value" : "10"
},{
  "dateTime" : "05/25/16 14:45:00",
  "value" : "0"
},{
  "dateTime" : "05/25/16 14:57:00",
  "value" : "20"
},{
  "dateTime" : "05/25/16 14:58:00",
  "value" : "10"
},{
  "dateTime" : "05/25/16 15:00:00",
  "value" : "10"
},{
  "dateTime" : "05/25/16 15:02:00",
  "value" : "10"
},{
  "dateTime" : "05/25/16 15:04:00",
  "value" : "10"
},{
  "dateTime" : "05/25/16 15:05:00",
  "value" : "10"
},{
  "dateTime" : "05/25/16 15:35:00",
  "value" : "0"
},{
  "dateTime" : "05/25/16 15:38:00",
  "value" : "0"
},{
  "dateTime" : "05/25/16 15:42:00",
  "value" : "10"
},{
  "dateTime" : "05/25/16 15:43:00",
  "value" : "10"
},{
  "dateTime" : "05/25/16 15:50:00",
  "value" : "10"
},{
  "dateTime" : "05/25/16 16:17:00",
  "value" : "10"
},{
  "dateTime" : "05/25/16 16:52:00",
  "value" : "10"
},{
  "dateTime" : "05/25/16 16:59:00",
  "value" : "10"
},{
  "dateTime" : "05/25/16 21:42:00",
  "value" : "10"
},{
  "dateTime" : "05/25/16 21:43:00",
  "value" : "10"
},{
  "dateTime" : "05/25/16 21:52:00",
  "value" : "10"
},{
  "dateTime" : "05/25/16 21:56:00",
  "value" : "10"
},{
  "dateTime" : "05/25/16 22:11:00",
  "value" : "10"
},{
  "dateTime" : "05/26/16 07:02:00",
  "value" : "10"
},{
  "dateTime" : "05/26/16 07:04:00",
  "value" : "10"
},{
  "dateTime" : "05/26/16 08:33:00",
  "value" : "10"
},{
  "dateTime" : "05/26/16 13:39:00",
  "value" : "10"
},{
  "dateTime" : "05/26/16 13:40:00",
  "value" : "10"
},{
  "dateTime" : "05/26/16 13:41:00",
  "value" : "20"
},{
  "dateTime" : "05/26/16 17:46:00",
  "value" : "10"
},{
  "dateTime" : "05/26/16 17:48:00",
  "value" : "10"
},{
  "dateTime" : "05/26/16 18:49:00",
  "value" : "10"
},{
  "dateTime" : "05/26/16 19:19:00",
  "value" : "10"
},{
  "dateTime" : "05/27/16 07:26:00",
  "value" : "10"
},{
  "dateTime" : "05/27/16 07:28:00",
  "value" : "10"
},{
  "dateTime" : "05/27/16 07:57:00",
  "value" : "10"
},{
  "dateTime" : "05/27/16 08:04:00",
  "value" : "20"
},{
  "dateTime" : "05/27/16 08:07:00",
  "value" : "10"
},{
  "dateTime" : "05/27/16 08:40:00",
  "value" : "10"
},{
  "dateTime" : "05/27/16 09:04:00",
  "value" : "30"
},{
  "dateTime" : "05/27/16 09:05:00",
  "value" : "30"
},{
  "dateTime" : "05/27/16 09:06:00",
  "value" : "10"
},{
  "dateTime" : "05/27/16 09:08:00",
  "value" : "20"
},{
  "dateTime" : "05/27/16 09:09:00",
  "value" : "10"
},{
  "dateTime" : "05/27/16 09:17:00",
  "value" : "20"
},{
  "dateTime" : "05/27/16 09:47:00",
  "value" : "10"
},{
  "dateTime" : "05/27/16 10:06:00",
  "value" : "10"
},{
  "dateTime" : "05/27/16 10:25:00",
  "value" : "20"
},{
  "dateTime" : "05/27/16 13:54:00",
  "value" : "10"
},{
  "dateTime" : "05/27/16 16:46:00",
  "value" : "10"
},{
  "dateTime" : "05/27/16 21:37:00",
  "value" : "10"
},{
  "dateTime" : "05/27/16 22:26:00",
  "value" : "10"
},{
  "dateTime" : "05/28/16 06:53:00",
  "value" : "10"
},{
  "dateTime" : "05/28/16 07:15:00",
  "value" : "10"
},{
  "dateTime" : "05/28/16 07:19:00",
  "value" : "10"
},{
  "dateTime" : "05/28/16 08:45:00",
  "value" : "10"
},{
  "dateTime" : "05/28/16 08:46:00",
  "value" : "20"
},{
  "dateTime" : "05/28/16 10:44:00",
  "value" : "10"
},{
  "dateTime" : "05/28/16 11:45:00",
  "value" : "10"
},{
  "dateTime" : "05/28/16 12:46:00",
  "value" : "10"
},{
  "dateTime" : "05/28/16 17:17:00",
  "value" : "10"
},{
  "dateTime" : "05/28/16 17:18:00",
  "value" : "10"
},{
  "dateTime" : "05/28/16 17:19:00",
  "value" : "10"
},{
  "dateTime" : "05/28/16 17:20:00",
  "value" : "10"
},{
  "dateTime" : "05/28/16 17:22:00",
  "value" : "10"
},{
  "dateTime" : "05/28/16 18:04:00",
  "value" : "10"
},{
  "dateTime" : "05/28/16 18:19:00",
  "value" : "10"
},{
  "dateTime" : "05/28/16 18:23:00",
  "value" : "10"
},{
  "dateTime" : "05/28/16 21:04:00",
  "value" : "10"
},{
  "dateTime" : "05/28/16 21:19:00",
  "value" : "10"
},{
  "dateTime" : "05/28/16 21:20:00",
  "value" : "20"
},{
  "dateTime" : "05/28/16 21:46:00",
  "value" : "10"
},{
  "dateTime" : "05/28/16 21:47:00",
  "value" : "10"
},{
  "dateTime" : "05/28/16 21:49:00",
  "value" : "10"
},{
  "dateTime" : "05/28/16 21:50:00",
  "value" : "10"
},{
  "dateTime" : "05/29/16 08:37:00",
  "value" : "10"
},{
  "dateTime" : "05/29/16 08:39:00",
  "value" : "10"
},{
  "dateTime" : "05/29/16 09:08:00",
  "value" : "10"
},{
  "dateTime" : "05/30/16 06:40:00",
  "value" : "10"
},{
  "dateTime" : "05/30/16 06:45:00",
  "value" : "0"
},{
  "dateTime" : "05/30/16 06:48:00",
  "value" : "10"
},{
  "dateTime" : "05/30/16 06:49:00",
  "value" : "10"
},{
  "dateTime" : "05/30/16 06:50:00",
  "value" : "0"
},{
  "dateTime" : "05/30/16 07:05:00",
  "value" : "0"
},{
  "dateTime" : "05/30/16 07:07:00",
  "value" : "10"
},{
  "dateTime" : "05/30/16 07:15:00",
  "value" : "0"
},{
  "dateTime" : "05/30/16 07:17:00",
  "value" : "0"
},{
  "dateTime" : "05/30/16 07:18:00",
  "value" : "0"
},{
  "dateTime" : "05/30/16 07:22:00",
  "value" : "0"
},{
  "dateTime" : "05/30/16 07:26:00",
  "value" : "0"
},{
  "dateTime" : "05/30/16 07:30:00",
  "value" : "0"
},{
  "dateTime" : "05/30/16 07:35:00",
  "value" : "0"
},{
  "dateTime" : "05/30/16 07:40:00",
  "value" : "0"
},{
  "dateTime" : "05/30/16 07:43:00",
  "value" : "0"
},{
  "dateTime" : "05/30/16 07:44:00",
  "value" : "0"
},{
  "dateTime" : "05/30/16 07:45:00",
  "value" : "0"
},{
  "dateTime" : "05/30/16 07:47:00",
  "value" : "0"
},{
  "dateTime" : "05/30/16 07:50:00",
  "value" : "0"
},{
  "dateTime" : "05/30/16 07:54:00",
  "value" : "10"
},{
  "dateTime" : "05/30/16 07:55:00",
  "value" : "0"
},{
  "dateTime" : "05/30/16 08:03:00",
  "value" : "0"
},{
  "dateTime" : "05/30/16 08:06:00",
  "value" : "0"
},{
  "dateTime" : "05/30/16 08:07:00",
  "value" : "10"
},{
  "dateTime" : "05/30/16 08:13:00",
  "value" : "10"
},{
  "dateTime" : "05/30/16 08:15:00",
  "value" : "20"
},{
  "dateTime" : "05/30/16 10:07:00",
  "value" : "10"
},{
  "dateTime" : "05/30/16 16:14:00",
  "value" : "10"
},{
  "dateTime" : "05/30/16 17:26:00",
  "value" : "10"
},{
  "dateTime" : "05/30/16 17:35:00",
  "value" : "20"
},{
  "dateTime" : "05/30/16 22:16:00",
  "value" : "10"
},{
  "dateTime" : "05/30/16 22:22:00",
  "value" : "10"
},{
  "dateTime" : "05/31/16 07:31:00",
  "value" : "10"
},{
  "dateTime" : "05/31/16 07:34:00",
  "value" : "10"
},{
  "dateTime" : "05/31/16 11:07:00",
  "value" : "10"
},{
  "dateTime" : "05/31/16 11:11:00",
  "value" : "10"
},{
  "dateTime" : "05/31/16 11:45:00",
  "value" : "10"
},{
  "dateTime" : "05/31/16 11:46:00",
  "value" : "10"
},{
  "dateTime" : "05/31/16 11:49:00",
  "value" : "10"
},{
  "dateTime" : "05/31/16 17:00:00",
  "value" : "10"
},{
  "dateTime" : "05/31/16 17:08:00",
  "value" : "10"
},{
  "dateTime" : "05/31/16 17:09:00",
  "value" : "10"
},{
  "dateTime" : "05/31/16 18:00:00",
  "value" : "10"
},{
  "dateTime" : "05/31/16 19:44:00",
  "value" : "10"
},{
  "dateTime" : "05/31/16 20:57:00",
  "value" : "10"
},{
  "dateTime" : "06/01/16 08:20:00",
  "value" : "10"
},{
  "dateTime" : "06/01/16 10:12:00",
  "value" : "20"
},{
  "dateTime" : "06/01/16 13:33:00",
  "value" : "0"
},{
  "dateTime" : "06/01/16 13:37:00",
  "value" : "0"
},{
  "dateTime" : "06/01/16 13:38:00",
  "value" : "10"
},{
  "dateTime" : "06/01/16 13:39:00",
  "value" : "20"
},{
  "dateTime" : "06/01/16 13:41:00",
  "value" : "10"
},{
  "dateTime" : "06/01/16 13:44:00",
  "value" : "40"
},{
  "dateTime" : "06/01/16 13:45:00",
  "value" : "20"
},{
  "dateTime" : "06/01/16 13:47:00",
  "value" : "10"
},{
  "dateTime" : "06/01/16 13:49:00",
  "value" : "0"
},{
  "dateTime" : "06/01/16 13:51:00",
  "value" : "10"
},{
  "dateTime" : "06/01/16 13:54:00",
  "value" : "0"
},{
  "dateTime" : "06/01/16 13:55:00",
  "value" : "10"
},{
  "dateTime" : "06/01/16 13:56:00",
  "value" : "20"
},{
  "dateTime" : "06/01/16 13:57:00",
  "value" : "20"
},{
  "dateTime" : "06/01/16 13:59:00",
  "value" : "10"
},{
  "dateTime" : "06/01/16 14:00:00",
  "value" : "10"
},{
  "dateTime" : "06/01/16 14:01:00",
  "value" : "20"
},{
  "dateTime" : "06/01/16 14:02:00",
  "value" : "10"
},{
  "dateTime" : "06/01/16 14:04:00",
  "value" : "0"
},{
  "dateTime" : "06/01/16 14:08:00",
  "value" : "0"
},{
  "dateTime" : "06/01/16 14:10:00",
  "value" : "0"
},{
  "dateTime" : "06/01/16 14:14:00",
  "value" : "20"
},{
  "dateTime" : "06/01/16 14:15:00",
  "value" : "10"
},{
  "dateTime" : "06/01/16 14:19:00",
  "value" : "10"
},{
  "dateTime" : "06/01/16 14:20:00",
  "value" : "10"
},{
  "dateTime" : "06/01/16 14:21:00",
  "value" : "10"
},{
  "dateTime" : "06/01/16 14:37:00",
  "value" : "10"
},{
  "dateTime" : "06/01/16 14:38:00",
  "value" : "10"
},{
  "dateTime" : "06/01/16 19:11:00",
  "value" : "10"
},{
  "dateTime" : "06/01/16 22:32:00",
  "value" : "10"
},{
  "dateTime" : "06/01/16 22:41:00",
  "value" : "10"
},{
  "dateTime" : "06/02/16 07:03:00",
  "value" : "10"
},{
  "dateTime" : "06/02/16 07:18:00",
  "value" : "10"
},{
  "dateTime" : "06/02/16 07:36:00",
  "value" : "10"
},{
  "dateTime" : "06/02/16 08:46:00",
  "value" : "10"
},{
  "dateTime" : "06/02/16 13:27:00",
  "value" : "10"
},{
  "dateTime" : "06/02/16 13:28:00",
  "value" : "10"
},{
  "dateTime" : "06/02/16 13:29:00",
  "value" : "10"
},{
  "dateTime" : "06/02/16 13:36:00",
  "value" : "20"
},{
  "dateTime" : "06/02/16 13:37:00",
  "value" : "20"
},{
  "dateTime" : "06/02/16 17:59:00",
  "value" : "10"
},{
  "dateTime" : "06/02/16 18:00:00",
  "value" : "10"
},{
  "dateTime" : "06/02/16 18:01:00",
  "value" : "10"
},{
  "dateTime" : "06/02/16 18:02:00",
  "value" : "10"
},{
  "dateTime" : "06/02/16 18:46:00",
  "value" : "10"
},{
  "dateTime" : "06/02/16 19:28:00",
  "value" : "10"
},{
  "dateTime" : "06/02/16 20:26:00",
  "value" : "10"
},{
  "dateTime" : "06/02/16 20:32:00",
  "value" : "10"
}]