[{
  "dateTime" : "09/07/15 07:36:00",
  "value" : "10"
},{
  "dateTime" : "09/07/15 07:47:00",
  "value" : "10"
},{
  "dateTime" : "09/07/15 08:47:00",
  "value" : "10"
},{
  "dateTime" : "09/07/15 08:53:00",
  "value" : "10"
},{
  "dateTime" : "09/07/15 09:13:00",
  "value" : "30"
},{
  "dateTime" : "09/07/15 09:15:00",
  "value" : "10"
},{
  "dateTime" : "09/07/15 09:16:00",
  "value" : "10"
},{
  "dateTime" : "09/07/15 09:26:00",
  "value" : "10"
},{
  "dateTime" : "09/07/15 09:32:00",
  "value" : "10"
},{
  "dateTime" : "09/07/15 09:50:00",
  "value" : "10"
},{
  "dateTime" : "09/07/15 09:51:00",
  "value" : "40"
},{
  "dateTime" : "09/07/15 09:52:00",
  "value" : "10"
},{
  "dateTime" : "09/07/15 09:59:00",
  "value" : "20"
},{
  "dateTime" : "09/07/15 10:00:00",
  "value" : "10"
},{
  "dateTime" : "09/07/15 10:01:00",
  "value" : "20"
},{
  "dateTime" : "09/07/15 11:07:00",
  "value" : "10"
},{
  "dateTime" : "09/07/15 13:29:00",
  "value" : "10"
},{
  "dateTime" : "09/07/15 13:40:00",
  "value" : "10"
},{
  "dateTime" : "09/07/15 13:58:00",
  "value" : "10"
},{
  "dateTime" : "09/07/15 13:59:00",
  "value" : "30"
},{
  "dateTime" : "09/07/15 14:00:00",
  "value" : "10"
},{
  "dateTime" : "09/07/15 14:59:00",
  "value" : "10"
},{
  "dateTime" : "09/07/15 17:08:00",
  "value" : "10"
},{
  "dateTime" : "09/07/15 17:19:00",
  "value" : "10"
},{
  "dateTime" : "09/07/15 17:20:00",
  "value" : "10"
},{
  "dateTime" : "09/07/15 17:44:00",
  "value" : "10"
},{
  "dateTime" : "09/07/15 18:21:00",
  "value" : "10"
},{
  "dateTime" : "09/07/15 18:24:00",
  "value" : "20"
},{
  "dateTime" : "09/07/15 18:26:00",
  "value" : "10"
},{
  "dateTime" : "09/07/15 19:31:00",
  "value" : "10"
},{
  "dateTime" : "09/07/15 21:53:00",
  "value" : "10"
},{
  "dateTime" : "09/07/15 21:57:00",
  "value" : "10"
},{
  "dateTime" : "09/08/15 08:36:00",
  "value" : "10"
},{
  "dateTime" : "09/08/15 09:10:00",
  "value" : "0"
},{
  "dateTime" : "09/08/15 09:11:00",
  "value" : "0"
},{
  "dateTime" : "09/08/15 09:12:00",
  "value" : "20"
},{
  "dateTime" : "09/08/15 09:13:00",
  "value" : "10"
},{
  "dateTime" : "09/08/15 09:14:00",
  "value" : "0"
},{
  "dateTime" : "09/08/15 09:20:00",
  "value" : "10"
},{
  "dateTime" : "09/08/15 09:21:00",
  "value" : "10"
},{
  "dateTime" : "09/08/15 09:22:00",
  "value" : "10"
},{
  "dateTime" : "09/08/15 09:24:00",
  "value" : "20"
},{
  "dateTime" : "09/08/15 09:25:00",
  "value" : "20"
},{
  "dateTime" : "09/08/15 09:26:00",
  "value" : "10"
},{
  "dateTime" : "09/08/15 09:27:00",
  "value" : "10"
},{
  "dateTime" : "09/08/15 09:28:00",
  "value" : "20"
},{
  "dateTime" : "09/08/15 09:30:00",
  "value" : "10"
},{
  "dateTime" : "09/08/15 09:33:00",
  "value" : "10"
},{
  "dateTime" : "09/08/15 09:41:00",
  "value" : "30"
},{
  "dateTime" : "09/08/15 09:42:00",
  "value" : "10"
},{
  "dateTime" : "09/08/15 09:43:00",
  "value" : "10"
},{
  "dateTime" : "09/08/15 09:46:00",
  "value" : "10"
},{
  "dateTime" : "09/08/15 09:50:00",
  "value" : "20"
},{
  "dateTime" : "09/08/15 09:51:00",
  "value" : "10"
},{
  "dateTime" : "09/08/15 09:53:00",
  "value" : "10"
},{
  "dateTime" : "09/08/15 09:54:00",
  "value" : "20"
},{
  "dateTime" : "09/08/15 09:56:00",
  "value" : "10"
},{
  "dateTime" : "09/08/15 10:00:00",
  "value" : "10"
},{
  "dateTime" : "09/08/15 10:04:00",
  "value" : "10"
},{
  "dateTime" : "09/08/15 10:13:00",
  "value" : "10"
},{
  "dateTime" : "09/08/15 10:16:00",
  "value" : "10"
},{
  "dateTime" : "09/08/15 10:17:00",
  "value" : "20"
},{
  "dateTime" : "09/08/15 10:19:00",
  "value" : "10"
},{
  "dateTime" : "09/08/15 10:20:00",
  "value" : "10"
},{
  "dateTime" : "09/08/15 10:23:00",
  "value" : "10"
},{
  "dateTime" : "09/08/15 10:30:00",
  "value" : "10"
},{
  "dateTime" : "09/08/15 10:35:00",
  "value" : "10"
},{
  "dateTime" : "09/08/15 10:37:00",
  "value" : "10"
},{
  "dateTime" : "09/08/15 10:38:00",
  "value" : "20"
},{
  "dateTime" : "09/08/15 10:39:00",
  "value" : "20"
},{
  "dateTime" : "09/08/15 10:41:00",
  "value" : "20"
},{
  "dateTime" : "09/08/15 10:42:00",
  "value" : "0"
},{
  "dateTime" : "09/08/15 10:49:00",
  "value" : "10"
},{
  "dateTime" : "09/08/15 10:51:00",
  "value" : "20"
},{
  "dateTime" : "09/08/15 10:56:00",
  "value" : "20"
},{
  "dateTime" : "09/08/15 11:04:00",
  "value" : "10"
},{
  "dateTime" : "09/08/15 11:15:00",
  "value" : "10"
},{
  "dateTime" : "09/08/15 11:31:00",
  "value" : "0"
},{
  "dateTime" : "09/08/15 11:49:00",
  "value" : "10"
},{
  "dateTime" : "09/08/15 13:17:00",
  "value" : "10"
},{
  "dateTime" : "09/08/15 13:29:00",
  "value" : "10"
},{
  "dateTime" : "09/08/15 13:32:00",
  "value" : "20"
},{
  "dateTime" : "09/08/15 13:33:00",
  "value" : "10"
},{
  "dateTime" : "09/08/15 13:48:00",
  "value" : "10"
},{
  "dateTime" : "09/08/15 13:49:00",
  "value" : "10"
},{
  "dateTime" : "09/08/15 15:46:00",
  "value" : "10"
},{
  "dateTime" : "09/08/15 15:48:00",
  "value" : "20"
},{
  "dateTime" : "09/08/15 15:54:00",
  "value" : "10"
},{
  "dateTime" : "09/08/15 15:55:00",
  "value" : "10"
},{
  "dateTime" : "09/08/15 17:59:00",
  "value" : "10"
},{
  "dateTime" : "09/08/15 20:10:00",
  "value" : "10"
},{
  "dateTime" : "09/08/15 20:47:00",
  "value" : "10"
},{
  "dateTime" : "09/08/15 21:17:00",
  "value" : "10"
},{
  "dateTime" : "09/08/15 21:23:00",
  "value" : "10"
},{
  "dateTime" : "09/08/15 22:15:00",
  "value" : "10"
},{
  "dateTime" : "09/08/15 22:30:00",
  "value" : "10"
},{
  "dateTime" : "09/09/15 08:03:00",
  "value" : "10"
},{
  "dateTime" : "09/09/15 08:42:00",
  "value" : "10"
},{
  "dateTime" : "09/09/15 08:51:00",
  "value" : "10"
},{
  "dateTime" : "09/09/15 08:52:00",
  "value" : "10"
},{
  "dateTime" : "09/09/15 09:35:00",
  "value" : "10"
},{
  "dateTime" : "09/09/15 09:41:00",
  "value" : "30"
},{
  "dateTime" : "09/09/15 09:42:00",
  "value" : "30"
},{
  "dateTime" : "09/09/15 09:52:00",
  "value" : "20"
},{
  "dateTime" : "09/09/15 09:53:00",
  "value" : "20"
},{
  "dateTime" : "09/09/15 11:04:00",
  "value" : "10"
},{
  "dateTime" : "09/09/15 11:05:00",
  "value" : "20"
},{
  "dateTime" : "09/09/15 11:07:00",
  "value" : "20"
},{
  "dateTime" : "09/09/15 12:55:00",
  "value" : "10"
},{
  "dateTime" : "09/09/15 14:03:00",
  "value" : "20"
},{
  "dateTime" : "09/09/15 15:58:00",
  "value" : "10"
},{
  "dateTime" : "09/09/15 17:14:00",
  "value" : "10"
},{
  "dateTime" : "09/09/15 18:13:00",
  "value" : "10"
},{
  "dateTime" : "09/09/15 18:14:00",
  "value" : "10"
},{
  "dateTime" : "09/09/15 18:15:00",
  "value" : "10"
},{
  "dateTime" : "09/09/15 18:18:00",
  "value" : "10"
},{
  "dateTime" : "09/09/15 18:55:00",
  "value" : "10"
},{
  "dateTime" : "09/09/15 21:18:00",
  "value" : "10"
},{
  "dateTime" : "09/09/15 21:19:00",
  "value" : "10"
},{
  "dateTime" : "09/10/15 07:10:00",
  "value" : "10"
},{
  "dateTime" : "09/10/15 07:56:00",
  "value" : "10"
},{
  "dateTime" : "09/10/15 08:05:00",
  "value" : "10"
},{
  "dateTime" : "09/10/15 08:38:00",
  "value" : "10"
},{
  "dateTime" : "09/10/15 08:39:00",
  "value" : "10"
},{
  "dateTime" : "09/10/15 08:48:00",
  "value" : "50"
},{
  "dateTime" : "09/10/15 08:49:00",
  "value" : "20"
},{
  "dateTime" : "09/10/15 08:50:00",
  "value" : "10"
},{
  "dateTime" : "09/10/15 08:51:00",
  "value" : "10"
},{
  "dateTime" : "09/10/15 09:05:00",
  "value" : "20"
},{
  "dateTime" : "09/10/15 10:03:00",
  "value" : "10"
},{
  "dateTime" : "09/10/15 10:10:00",
  "value" : "10"
},{
  "dateTime" : "09/10/15 10:51:00",
  "value" : "10"
},{
  "dateTime" : "09/10/15 10:52:00",
  "value" : "10"
},{
  "dateTime" : "09/10/15 10:53:00",
  "value" : "20"
},{
  "dateTime" : "09/10/15 12:14:00",
  "value" : "10"
},{
  "dateTime" : "09/10/15 12:59:00",
  "value" : "10"
},{
  "dateTime" : "09/10/15 13:45:00",
  "value" : "10"
},{
  "dateTime" : "09/10/15 14:20:00",
  "value" : "10"
},{
  "dateTime" : "09/10/15 14:23:00",
  "value" : "10"
},{
  "dateTime" : "09/10/15 19:20:00",
  "value" : "10"
},{
  "dateTime" : "09/10/15 20:29:00",
  "value" : "10"
},{
  "dateTime" : "09/11/15 08:29:00",
  "value" : "10"
},{
  "dateTime" : "09/11/15 09:17:00",
  "value" : "30"
},{
  "dateTime" : "09/11/15 09:18:00",
  "value" : "10"
},{
  "dateTime" : "09/11/15 09:26:00",
  "value" : "10"
},{
  "dateTime" : "09/11/15 09:27:00",
  "value" : "10"
},{
  "dateTime" : "09/11/15 11:03:00",
  "value" : "20"
},{
  "dateTime" : "09/11/15 11:06:00",
  "value" : "10"
},{
  "dateTime" : "09/11/15 11:08:00",
  "value" : "20"
},{
  "dateTime" : "09/11/15 11:09:00",
  "value" : "10"
},{
  "dateTime" : "09/11/15 11:10:00",
  "value" : "10"
},{
  "dateTime" : "09/11/15 12:00:00",
  "value" : "10"
},{
  "dateTime" : "09/11/15 13:00:00",
  "value" : "10"
},{
  "dateTime" : "09/11/15 13:11:00",
  "value" : "10"
},{
  "dateTime" : "09/11/15 13:37:00",
  "value" : "10"
},{
  "dateTime" : "09/11/15 13:39:00",
  "value" : "10"
},{
  "dateTime" : "09/11/15 14:07:00",
  "value" : "20"
},{
  "dateTime" : "09/11/15 15:19:00",
  "value" : "10"
},{
  "dateTime" : "09/11/15 15:21:00",
  "value" : "20"
},{
  "dateTime" : "09/11/15 15:26:00",
  "value" : "10"
},{
  "dateTime" : "09/11/15 15:55:00",
  "value" : "10"
},{
  "dateTime" : "09/11/15 16:27:00",
  "value" : "10"
},{
  "dateTime" : "09/11/15 16:28:00",
  "value" : "10"
},{
  "dateTime" : "09/11/15 16:30:00",
  "value" : "20"
},{
  "dateTime" : "09/11/15 19:10:00",
  "value" : "10"
},{
  "dateTime" : "09/11/15 19:14:00",
  "value" : "10"
},{
  "dateTime" : "09/11/15 19:47:00",
  "value" : "10"
},{
  "dateTime" : "09/12/15 08:23:00",
  "value" : "10"
},{
  "dateTime" : "09/12/15 09:20:00",
  "value" : "10"
},{
  "dateTime" : "09/12/15 10:21:00",
  "value" : "10"
},{
  "dateTime" : "09/12/15 14:04:00",
  "value" : "10"
},{
  "dateTime" : "09/12/15 14:20:00",
  "value" : "20"
},{
  "dateTime" : "09/12/15 16:11:00",
  "value" : "10"
},{
  "dateTime" : "09/12/15 17:37:00",
  "value" : "10"
},{
  "dateTime" : "09/12/15 18:19:00",
  "value" : "10"
},{
  "dateTime" : "09/12/15 19:22:00",
  "value" : "10"
},{
  "dateTime" : "09/12/15 19:44:00",
  "value" : "10"
},{
  "dateTime" : "09/12/15 19:59:00",
  "value" : "10"
},{
  "dateTime" : "09/12/15 21:56:00",
  "value" : "10"
},{
  "dateTime" : "09/12/15 22:31:00",
  "value" : "10"
},{
  "dateTime" : "09/12/15 22:33:00",
  "value" : "10"
},{
  "dateTime" : "09/12/15 23:19:00",
  "value" : "10"
},{
  "dateTime" : "09/12/15 23:22:00",
  "value" : "10"
},{
  "dateTime" : "09/13/15 12:50:00",
  "value" : "10"
},{
  "dateTime" : "09/13/15 13:28:00",
  "value" : "10"
},{
  "dateTime" : "09/13/15 13:41:00",
  "value" : "10"
},{
  "dateTime" : "09/13/15 16:20:00",
  "value" : "10"
},{
  "dateTime" : "09/13/15 16:21:00",
  "value" : "10"
},{
  "dateTime" : "09/13/15 16:22:00",
  "value" : "10"
},{
  "dateTime" : "09/13/15 16:31:00",
  "value" : "10"
},{
  "dateTime" : "09/13/15 22:54:00",
  "value" : "10"
},{
  "dateTime" : "09/14/15 08:39:00",
  "value" : "10"
},{
  "dateTime" : "09/14/15 08:50:00",
  "value" : "10"
},{
  "dateTime" : "09/14/15 08:54:00",
  "value" : "10"
},{
  "dateTime" : "09/14/15 08:55:00",
  "value" : "10"
},{
  "dateTime" : "09/14/15 08:56:00",
  "value" : "10"
},{
  "dateTime" : "09/14/15 08:57:00",
  "value" : "10"
},{
  "dateTime" : "09/14/15 09:36:00",
  "value" : "20"
},{
  "dateTime" : "09/14/15 09:43:00",
  "value" : "20"
},{
  "dateTime" : "09/14/15 09:44:00",
  "value" : "10"
},{
  "dateTime" : "09/14/15 09:59:00",
  "value" : "10"
},{
  "dateTime" : "09/14/15 10:00:00",
  "value" : "10"
},{
  "dateTime" : "09/14/15 13:34:00",
  "value" : "10"
},{
  "dateTime" : "09/14/15 13:50:00",
  "value" : "20"
},{
  "dateTime" : "09/14/15 14:09:00",
  "value" : "10"
},{
  "dateTime" : "09/14/15 14:13:00",
  "value" : "10"
},{
  "dateTime" : "09/14/15 14:14:00",
  "value" : "10"
},{
  "dateTime" : "09/14/15 14:15:00",
  "value" : "10"
},{
  "dateTime" : "09/14/15 14:39:00",
  "value" : "20"
},{
  "dateTime" : "09/14/15 14:41:00",
  "value" : "10"
},{
  "dateTime" : "09/14/15 14:43:00",
  "value" : "20"
},{
  "dateTime" : "09/14/15 14:44:00",
  "value" : "10"
},{
  "dateTime" : "09/14/15 14:51:00",
  "value" : "10"
},{
  "dateTime" : "09/15/15 15:05:00",
  "value" : "10"
},{
  "dateTime" : "09/15/15 15:15:00",
  "value" : "10"
},{
  "dateTime" : "09/15/15 15:19:00",
  "value" : "10"
},{
  "dateTime" : "09/15/15 15:41:00",
  "value" : "10"
},{
  "dateTime" : "09/15/15 15:52:00",
  "value" : "10"
},{
  "dateTime" : "09/15/15 15:58:00",
  "value" : "10"
},{
  "dateTime" : "09/15/15 15:59:00",
  "value" : "10"
},{
  "dateTime" : "09/15/15 16:16:00",
  "value" : "20"
},{
  "dateTime" : "09/15/15 17:36:00",
  "value" : "10"
},{
  "dateTime" : "09/15/15 20:03:00",
  "value" : "10"
},{
  "dateTime" : "09/15/15 20:18:00",
  "value" : "10"
},{
  "dateTime" : "09/15/15 20:34:00",
  "value" : "10"
},{
  "dateTime" : "09/15/15 20:45:00",
  "value" : "10"
},{
  "dateTime" : "09/15/15 21:01:00",
  "value" : "10"
},{
  "dateTime" : "09/15/15 21:20:00",
  "value" : "10"
},{
  "dateTime" : "09/15/15 21:21:00",
  "value" : "10"
},{
  "dateTime" : "09/15/15 21:22:00",
  "value" : "10"
},{
  "dateTime" : "09/16/15 08:21:00",
  "value" : "10"
},{
  "dateTime" : "09/16/15 08:59:00",
  "value" : "10"
},{
  "dateTime" : "09/16/15 09:05:00",
  "value" : "10"
},{
  "dateTime" : "09/16/15 09:07:00",
  "value" : "10"
},{
  "dateTime" : "09/16/15 09:21:00",
  "value" : "10"
},{
  "dateTime" : "09/16/15 09:48:00",
  "value" : "30"
},{
  "dateTime" : "09/16/15 09:49:00",
  "value" : "10"
},{
  "dateTime" : "09/16/15 09:59:00",
  "value" : "10"
},{
  "dateTime" : "09/16/15 11:02:00",
  "value" : "10"
},{
  "dateTime" : "09/16/15 11:04:00",
  "value" : "20"
},{
  "dateTime" : "09/16/15 12:04:00",
  "value" : "20"
},{
  "dateTime" : "09/16/15 12:05:00",
  "value" : "10"
},{
  "dateTime" : "09/16/15 12:06:00",
  "value" : "10"
},{
  "dateTime" : "09/16/15 13:04:00",
  "value" : "10"
},{
  "dateTime" : "09/16/15 14:12:00",
  "value" : "20"
},{
  "dateTime" : "09/16/15 16:04:00",
  "value" : "10"
},{
  "dateTime" : "09/16/15 17:18:00",
  "value" : "10"
},{
  "dateTime" : "09/16/15 18:21:00",
  "value" : "20"
},{
  "dateTime" : "09/16/15 18:26:00",
  "value" : "10"
},{
  "dateTime" : "09/16/15 18:27:00",
  "value" : "10"
},{
  "dateTime" : "09/16/15 18:28:00",
  "value" : "10"
},{
  "dateTime" : "09/16/15 18:32:00",
  "value" : "10"
},{
  "dateTime" : "09/16/15 19:45:00",
  "value" : "10"
},{
  "dateTime" : "09/16/15 19:46:00",
  "value" : "10"
},{
  "dateTime" : "09/16/15 19:48:00",
  "value" : "20"
},{
  "dateTime" : "09/16/15 19:51:00",
  "value" : "20"
},{
  "dateTime" : "09/16/15 19:52:00",
  "value" : "10"
},{
  "dateTime" : "09/16/15 21:58:00",
  "value" : "10"
},{
  "dateTime" : "09/17/15 07:11:00",
  "value" : "10"
},{
  "dateTime" : "09/17/15 07:57:00",
  "value" : "10"
},{
  "dateTime" : "09/17/15 08:07:00",
  "value" : "10"
},{
  "dateTime" : "09/17/15 08:08:00",
  "value" : "10"
},{
  "dateTime" : "09/17/15 08:39:00",
  "value" : "10"
},{
  "dateTime" : "09/17/15 08:47:00",
  "value" : "50"
},{
  "dateTime" : "09/17/15 08:48:00",
  "value" : "10"
},{
  "dateTime" : "09/17/15 08:49:00",
  "value" : "20"
},{
  "dateTime" : "09/17/15 08:50:00",
  "value" : "20"
},{
  "dateTime" : "09/17/15 09:04:00",
  "value" : "20"
},{
  "dateTime" : "09/17/15 10:39:00",
  "value" : "10"
},{
  "dateTime" : "09/17/15 13:01:00",
  "value" : "10"
},{
  "dateTime" : "09/17/15 13:04:00",
  "value" : "10"
},{
  "dateTime" : "09/17/15 14:23:00",
  "value" : "10"
},{
  "dateTime" : "09/17/15 17:48:00",
  "value" : "10"
},{
  "dateTime" : "09/17/15 17:49:00",
  "value" : "10"
},{
  "dateTime" : "09/17/15 17:50:00",
  "value" : "10"
},{
  "dateTime" : "09/18/15 01:07:00",
  "value" : "10"
},{
  "dateTime" : "09/18/15 10:43:00",
  "value" : "10"
},{
  "dateTime" : "09/18/15 12:02:00",
  "value" : "10"
},{
  "dateTime" : "09/18/15 12:33:00",
  "value" : "10"
},{
  "dateTime" : "09/18/15 12:58:00",
  "value" : "10"
},{
  "dateTime" : "09/18/15 13:06:00",
  "value" : "10"
},{
  "dateTime" : "09/18/15 13:07:00",
  "value" : "10"
},{
  "dateTime" : "09/18/15 13:11:00",
  "value" : "10"
},{
  "dateTime" : "09/18/15 13:49:00",
  "value" : "20"
},{
  "dateTime" : "09/18/15 14:08:00",
  "value" : "10"
},{
  "dateTime" : "09/18/15 14:12:00",
  "value" : "10"
},{
  "dateTime" : "09/18/15 14:13:00",
  "value" : "20"
},{
  "dateTime" : "09/18/15 15:15:00",
  "value" : "20"
},{
  "dateTime" : "09/18/15 15:21:00",
  "value" : "10"
},{
  "dateTime" : "09/18/15 15:22:00",
  "value" : "10"
},{
  "dateTime" : "09/18/15 16:17:00",
  "value" : "10"
},{
  "dateTime" : "09/18/15 16:18:00",
  "value" : "10"
},{
  "dateTime" : "09/18/15 16:58:00",
  "value" : "10"
},{
  "dateTime" : "09/18/15 17:21:00",
  "value" : "40"
},{
  "dateTime" : "09/18/15 17:24:00",
  "value" : "10"
},{
  "dateTime" : "09/18/15 18:08:00",
  "value" : "10"
},{
  "dateTime" : "09/18/15 18:45:00",
  "value" : "10"
},{
  "dateTime" : "09/18/15 18:46:00",
  "value" : "10"
},{
  "dateTime" : "09/18/15 18:47:00",
  "value" : "10"
},{
  "dateTime" : "09/18/15 18:48:00",
  "value" : "10"
},{
  "dateTime" : "09/18/15 23:52:00",
  "value" : "10"
},{
  "dateTime" : "09/18/15 23:53:00",
  "value" : "10"
},{
  "dateTime" : "09/19/15 07:46:00",
  "value" : "10"
},{
  "dateTime" : "09/19/15 08:39:00",
  "value" : "20"
},{
  "dateTime" : "09/19/15 10:23:00",
  "value" : "10"
},{
  "dateTime" : "09/19/15 12:05:00",
  "value" : "10"
},{
  "dateTime" : "09/19/15 14:23:00",
  "value" : "10"
},{
  "dateTime" : "09/19/15 14:59:00",
  "value" : "0"
},{
  "dateTime" : "09/19/15 15:00:00",
  "value" : "0"
},{
  "dateTime" : "09/19/15 16:38:00",
  "value" : "10"
},{
  "dateTime" : "09/19/15 17:15:00",
  "value" : "10"
},{
  "dateTime" : "09/19/15 17:29:00",
  "value" : "10"
},{
  "dateTime" : "09/19/15 17:33:00",
  "value" : "10"
},{
  "dateTime" : "09/19/15 17:34:00",
  "value" : "20"
},{
  "dateTime" : "09/19/15 21:03:00",
  "value" : "10"
},{
  "dateTime" : "09/19/15 23:54:00",
  "value" : "10"
},{
  "dateTime" : "09/20/15 09:38:00",
  "value" : "10"
},{
  "dateTime" : "09/20/15 09:41:00",
  "value" : "20"
},{
  "dateTime" : "09/20/15 10:22:00",
  "value" : "10"
},{
  "dateTime" : "09/20/15 10:43:00",
  "value" : "0"
},{
  "dateTime" : "09/20/15 10:46:00",
  "value" : "10"
},{
  "dateTime" : "09/20/15 10:47:00",
  "value" : "10"
},{
  "dateTime" : "09/20/15 10:48:00",
  "value" : "10"
},{
  "dateTime" : "09/20/15 10:49:00",
  "value" : "20"
},{
  "dateTime" : "09/20/15 10:50:00",
  "value" : "10"
},{
  "dateTime" : "09/20/15 10:51:00",
  "value" : "0"
},{
  "dateTime" : "09/20/15 10:56:00",
  "value" : "20"
},{
  "dateTime" : "09/20/15 11:02:00",
  "value" : "0"
},{
  "dateTime" : "09/20/15 11:03:00",
  "value" : "20"
},{
  "dateTime" : "09/20/15 11:04:00",
  "value" : "10"
},{
  "dateTime" : "09/20/15 11:19:00",
  "value" : "0"
},{
  "dateTime" : "09/20/15 11:22:00",
  "value" : "0"
},{
  "dateTime" : "09/20/15 11:24:00",
  "value" : "10"
},{
  "dateTime" : "09/20/15 11:28:00",
  "value" : "10"
},{
  "dateTime" : "09/20/15 11:29:00",
  "value" : "10"
},{
  "dateTime" : "09/20/15 11:35:00",
  "value" : "10"
},{
  "dateTime" : "09/20/15 11:37:00",
  "value" : "10"
},{
  "dateTime" : "09/20/15 11:38:00",
  "value" : "10"
},{
  "dateTime" : "09/20/15 11:39:00",
  "value" : "10"
},{
  "dateTime" : "09/20/15 11:43:00",
  "value" : "30"
},{
  "dateTime" : "09/20/15 11:47:00",
  "value" : "0"
},{
  "dateTime" : "09/20/15 11:53:00",
  "value" : "10"
},{
  "dateTime" : "09/20/15 11:54:00",
  "value" : "10"
},{
  "dateTime" : "09/20/15 11:57:00",
  "value" : "10"
},{
  "dateTime" : "09/20/15 11:58:00",
  "value" : "10"
},{
  "dateTime" : "09/20/15 11:59:00",
  "value" : "10"
},{
  "dateTime" : "09/20/15 12:00:00",
  "value" : "10"
},{
  "dateTime" : "09/20/15 12:23:00",
  "value" : "10"
},{
  "dateTime" : "09/20/15 18:28:00",
  "value" : "10"
},{
  "dateTime" : "09/20/15 18:29:00",
  "value" : "10"
},{
  "dateTime" : "09/20/15 19:39:00",
  "value" : "20"
},{
  "dateTime" : "09/20/15 19:42:00",
  "value" : "20"
},{
  "dateTime" : "09/20/15 19:44:00",
  "value" : "10"
},{
  "dateTime" : "09/20/15 19:45:00",
  "value" : "20"
},{
  "dateTime" : "09/21/15 01:57:00",
  "value" : "10"
},{
  "dateTime" : "09/21/15 08:41:00",
  "value" : "10"
},{
  "dateTime" : "09/21/15 09:53:00",
  "value" : "10"
},{
  "dateTime" : "09/21/15 10:46:00",
  "value" : "10"
},{
  "dateTime" : "09/21/15 11:12:00",
  "value" : "10"
},{
  "dateTime" : "09/21/15 11:14:00",
  "value" : "10"
},{
  "dateTime" : "09/21/15 11:41:00",
  "value" : "10"
},{
  "dateTime" : "09/21/15 11:45:00",
  "value" : "10"
},{
  "dateTime" : "09/21/15 11:46:00",
  "value" : "20"
},{
  "dateTime" : "09/21/15 11:47:00",
  "value" : "10"
},{
  "dateTime" : "09/21/15 12:04:00",
  "value" : "20"
},{
  "dateTime" : "09/21/15 13:12:00",
  "value" : "20"
},{
  "dateTime" : "09/21/15 13:13:00",
  "value" : "10"
},{
  "dateTime" : "09/21/15 13:14:00",
  "value" : "10"
},{
  "dateTime" : "09/21/15 14:53:00",
  "value" : "10"
},{
  "dateTime" : "09/21/15 15:16:00",
  "value" : "10"
},{
  "dateTime" : "09/21/15 15:18:00",
  "value" : "20"
},{
  "dateTime" : "09/21/15 16:24:00",
  "value" : "10"
},{
  "dateTime" : "09/21/15 17:31:00",
  "value" : "20"
},{
  "dateTime" : "09/21/15 18:17:00",
  "value" : "10"
},{
  "dateTime" : "09/21/15 18:19:00",
  "value" : "10"
},{
  "dateTime" : "09/21/15 19:07:00",
  "value" : "20"
},{
  "dateTime" : "09/21/15 19:57:00",
  "value" : "10"
},{
  "dateTime" : "09/22/15 11:46:00",
  "value" : "20"
},{
  "dateTime" : "09/22/15 11:47:00",
  "value" : "10"
},{
  "dateTime" : "09/22/15 11:48:00",
  "value" : "10"
},{
  "dateTime" : "09/22/15 12:21:00",
  "value" : "10"
},{
  "dateTime" : "09/22/15 12:22:00",
  "value" : "10"
},{
  "dateTime" : "09/22/15 12:24:00",
  "value" : "10"
},{
  "dateTime" : "09/22/15 12:29:00",
  "value" : "20"
},{
  "dateTime" : "09/22/15 12:30:00",
  "value" : "30"
},{
  "dateTime" : "09/22/15 12:31:00",
  "value" : "10"
},{
  "dateTime" : "09/22/15 12:48:00",
  "value" : "10"
},{
  "dateTime" : "09/22/15 12:56:00",
  "value" : "10"
},{
  "dateTime" : "09/22/15 12:57:00",
  "value" : "10"
},{
  "dateTime" : "09/22/15 13:51:00",
  "value" : "10"
},{
  "dateTime" : "09/22/15 13:52:00",
  "value" : "10"
},{
  "dateTime" : "09/22/15 13:54:00",
  "value" : "10"
},{
  "dateTime" : "09/22/15 14:18:00",
  "value" : "20"
},{
  "dateTime" : "09/22/15 14:19:00",
  "value" : "10"
},{
  "dateTime" : "09/22/15 14:20:00",
  "value" : "10"
},{
  "dateTime" : "09/22/15 14:25:00",
  "value" : "10"
},{
  "dateTime" : "09/22/15 14:27:00",
  "value" : "10"
},{
  "dateTime" : "09/22/15 14:28:00",
  "value" : "20"
},{
  "dateTime" : "09/22/15 16:15:00",
  "value" : "20"
},{
  "dateTime" : "09/22/15 20:20:00",
  "value" : "10"
},{
  "dateTime" : "09/22/15 20:31:00",
  "value" : "10"
},{
  "dateTime" : "09/22/15 21:01:00",
  "value" : "10"
},{
  "dateTime" : "09/22/15 21:02:00",
  "value" : "10"
},{
  "dateTime" : "09/22/15 21:03:00",
  "value" : "10"
},{
  "dateTime" : "09/22/15 22:41:00",
  "value" : "10"
},{
  "dateTime" : "09/23/15 11:06:00",
  "value" : "10"
},{
  "dateTime" : "09/23/15 11:07:00",
  "value" : "10"
},{
  "dateTime" : "09/23/15 11:32:00",
  "value" : "10"
},{
  "dateTime" : "09/23/15 11:54:00",
  "value" : "20"
},{
  "dateTime" : "09/23/15 11:55:00",
  "value" : "30"
},{
  "dateTime" : "09/23/15 12:05:00",
  "value" : "30"
},{
  "dateTime" : "09/23/15 12:06:00",
  "value" : "10"
},{
  "dateTime" : "09/23/15 13:01:00",
  "value" : "20"
},{
  "dateTime" : "09/23/15 14:14:00",
  "value" : "10"
},{
  "dateTime" : "09/23/15 14:15:00",
  "value" : "10"
},{
  "dateTime" : "09/23/15 15:47:00",
  "value" : "20"
},{
  "dateTime" : "09/23/15 16:37:00",
  "value" : "20"
},{
  "dateTime" : "09/23/15 17:22:00",
  "value" : "10"
},{
  "dateTime" : "09/23/15 17:52:00",
  "value" : "10"
},{
  "dateTime" : "09/23/15 18:24:00",
  "value" : "20"
},{
  "dateTime" : "09/23/15 18:25:00",
  "value" : "10"
},{
  "dateTime" : "09/23/15 18:28:00",
  "value" : "10"
},{
  "dateTime" : "09/23/15 18:32:00",
  "value" : "10"
},{
  "dateTime" : "09/23/15 19:41:00",
  "value" : "10"
},{
  "dateTime" : "09/23/15 19:42:00",
  "value" : "10"
},{
  "dateTime" : "09/23/15 19:43:00",
  "value" : "10"
},{
  "dateTime" : "09/23/15 19:44:00",
  "value" : "10"
},{
  "dateTime" : "09/23/15 19:46:00",
  "value" : "10"
},{
  "dateTime" : "09/23/15 19:47:00",
  "value" : "30"
},{
  "dateTime" : "09/23/15 20:20:00",
  "value" : "10"
},{
  "dateTime" : "09/24/15 11:27:00",
  "value" : "10"
},{
  "dateTime" : "09/24/15 14:36:00",
  "value" : "10"
},{
  "dateTime" : "09/24/15 14:40:00",
  "value" : "10"
},{
  "dateTime" : "09/24/15 17:12:00",
  "value" : "10"
},{
  "dateTime" : "09/24/15 17:29:00",
  "value" : "10"
},{
  "dateTime" : "09/24/15 17:35:00",
  "value" : "10"
},{
  "dateTime" : "09/24/15 17:38:00",
  "value" : "10"
},{
  "dateTime" : "09/25/15 01:09:00",
  "value" : "10"
},{
  "dateTime" : "09/25/15 01:17:00",
  "value" : "10"
},{
  "dateTime" : "09/25/15 10:26:00",
  "value" : "10"
},{
  "dateTime" : "09/25/15 10:48:00",
  "value" : "10"
},{
  "dateTime" : "09/25/15 12:29:00",
  "value" : "10"
},{
  "dateTime" : "09/25/15 13:31:00",
  "value" : "10"
},{
  "dateTime" : "09/25/15 13:40:00",
  "value" : "10"
},{
  "dateTime" : "09/25/15 13:59:00",
  "value" : "10"
},{
  "dateTime" : "09/25/15 14:03:00",
  "value" : "10"
},{
  "dateTime" : "09/25/15 14:06:00",
  "value" : "40"
},{
  "dateTime" : "09/25/15 15:15:00",
  "value" : "20"
},{
  "dateTime" : "09/25/15 15:20:00",
  "value" : "10"
},{
  "dateTime" : "09/25/15 17:31:00",
  "value" : "10"
},{
  "dateTime" : "09/25/15 17:48:00",
  "value" : "10"
},{
  "dateTime" : "09/25/15 18:24:00",
  "value" : "10"
},{
  "dateTime" : "09/25/15 18:25:00",
  "value" : "10"
},{
  "dateTime" : "09/25/15 18:27:00",
  "value" : "10"
},{
  "dateTime" : "09/25/15 19:06:00",
  "value" : "10"
},{
  "dateTime" : "09/25/15 19:14:00",
  "value" : "10"
},{
  "dateTime" : "09/26/15 00:28:00",
  "value" : "10"
},{
  "dateTime" : "09/26/15 11:34:00",
  "value" : "10"
},{
  "dateTime" : "09/26/15 11:47:00",
  "value" : "10"
},{
  "dateTime" : "09/26/15 12:05:00",
  "value" : "10"
},{
  "dateTime" : "09/26/15 12:12:00",
  "value" : "10"
},{
  "dateTime" : "09/26/15 12:19:00",
  "value" : "10"
},{
  "dateTime" : "09/26/15 15:44:00",
  "value" : "10"
},{
  "dateTime" : "09/26/15 15:48:00",
  "value" : "10"
},{
  "dateTime" : "09/26/15 17:10:00",
  "value" : "10"
},{
  "dateTime" : "09/26/15 17:26:00",
  "value" : "10"
},{
  "dateTime" : "09/26/15 17:27:00",
  "value" : "10"
},{
  "dateTime" : "09/26/15 19:30:00",
  "value" : "20"
},{
  "dateTime" : "09/27/15 12:10:00",
  "value" : "10"
},{
  "dateTime" : "09/27/15 12:25:00",
  "value" : "10"
},{
  "dateTime" : "09/27/15 13:16:00",
  "value" : "10"
},{
  "dateTime" : "09/27/15 14:09:00",
  "value" : "30"
},{
  "dateTime" : "09/27/15 14:46:00",
  "value" : "10"
},{
  "dateTime" : "09/27/15 15:11:00",
  "value" : "10"
},{
  "dateTime" : "09/27/15 15:26:00",
  "value" : "10"
},{
  "dateTime" : "09/27/15 15:31:00",
  "value" : "20"
},{
  "dateTime" : "09/27/15 15:34:00",
  "value" : "10"
},{
  "dateTime" : "09/27/15 15:38:00",
  "value" : "10"
},{
  "dateTime" : "09/27/15 15:43:00",
  "value" : "10"
},{
  "dateTime" : "09/27/15 15:53:00",
  "value" : "10"
},{
  "dateTime" : "09/27/15 18:35:00",
  "value" : "10"
},{
  "dateTime" : "09/27/15 19:25:00",
  "value" : "10"
},{
  "dateTime" : "09/27/15 21:29:00",
  "value" : "10"
},{
  "dateTime" : "09/28/15 10:47:00",
  "value" : "10"
},{
  "dateTime" : "09/28/15 10:48:00",
  "value" : "10"
},{
  "dateTime" : "09/28/15 11:09:00",
  "value" : "10"
},{
  "dateTime" : "09/28/15 13:38:00",
  "value" : "10"
},{
  "dateTime" : "09/28/15 14:10:00",
  "value" : "10"
},{
  "dateTime" : "09/28/15 16:49:00",
  "value" : "0"
},{
  "dateTime" : "09/28/15 16:55:00",
  "value" : "20"
},{
  "dateTime" : "09/28/15 16:56:00",
  "value" : "10"
},{
  "dateTime" : "09/28/15 16:57:00",
  "value" : "10"
},{
  "dateTime" : "09/28/15 17:01:00",
  "value" : "20"
},{
  "dateTime" : "09/28/15 17:11:00",
  "value" : "0"
},{
  "dateTime" : "09/28/15 17:15:00",
  "value" : "10"
},{
  "dateTime" : "09/28/15 17:16:00",
  "value" : "40"
},{
  "dateTime" : "09/28/15 17:19:00",
  "value" : "40"
},{
  "dateTime" : "09/28/15 17:23:00",
  "value" : "20"
},{
  "dateTime" : "09/28/15 17:24:00",
  "value" : "20"
},{
  "dateTime" : "09/28/15 17:25:00",
  "value" : "20"
},{
  "dateTime" : "09/28/15 17:26:00",
  "value" : "20"
},{
  "dateTime" : "09/28/15 17:28:00",
  "value" : "10"
},{
  "dateTime" : "09/28/15 17:30:00",
  "value" : "20"
},{
  "dateTime" : "09/28/15 17:34:00",
  "value" : "10"
},{
  "dateTime" : "09/28/15 17:41:00",
  "value" : "10"
},{
  "dateTime" : "09/28/15 17:43:00",
  "value" : "10"
},{
  "dateTime" : "09/28/15 17:47:00",
  "value" : "40"
},{
  "dateTime" : "09/28/15 17:49:00",
  "value" : "30"
},{
  "dateTime" : "09/28/15 17:51:00",
  "value" : "40"
},{
  "dateTime" : "09/28/15 17:52:00",
  "value" : "0"
},{
  "dateTime" : "09/28/15 17:57:00",
  "value" : "0"
},{
  "dateTime" : "09/28/15 18:01:00",
  "value" : "10"
},{
  "dateTime" : "09/28/15 18:02:00",
  "value" : "10"
},{
  "dateTime" : "09/28/15 18:05:00",
  "value" : "0"
},{
  "dateTime" : "09/28/15 18:07:00",
  "value" : "10"
},{
  "dateTime" : "09/28/15 18:08:00",
  "value" : "10"
},{
  "dateTime" : "09/28/15 18:11:00",
  "value" : "0"
},{
  "dateTime" : "09/28/15 18:12:00",
  "value" : "10"
},{
  "dateTime" : "09/28/15 18:13:00",
  "value" : "10"
},{
  "dateTime" : "09/28/15 18:26:00",
  "value" : "10"
},{
  "dateTime" : "09/28/15 21:59:00",
  "value" : "10"
},{
  "dateTime" : "09/29/15 11:00:00",
  "value" : "10"
},{
  "dateTime" : "09/29/15 12:48:00",
  "value" : "10"
},{
  "dateTime" : "09/29/15 14:00:00",
  "value" : "10"
},{
  "dateTime" : "09/29/15 14:22:00",
  "value" : "10"
},{
  "dateTime" : "09/29/15 14:27:00",
  "value" : "10"
},{
  "dateTime" : "09/29/15 19:56:00",
  "value" : "10"
},{
  "dateTime" : "09/29/15 19:57:00",
  "value" : "10"
},{
  "dateTime" : "09/30/15 09:53:00",
  "value" : "10"
},{
  "dateTime" : "09/30/15 12:56:00",
  "value" : "10"
},{
  "dateTime" : "09/30/15 14:39:00",
  "value" : "10"
},{
  "dateTime" : "09/30/15 18:41:00",
  "value" : "10"
},{
  "dateTime" : "09/30/15 19:56:00",
  "value" : "10"
},{
  "dateTime" : "09/30/15 23:01:00",
  "value" : "10"
},{
  "dateTime" : "10/01/15 00:00:00",
  "value" : "10"
},{
  "dateTime" : "10/01/15 06:33:00",
  "value" : "10"
},{
  "dateTime" : "10/01/15 07:05:00",
  "value" : "20"
},{
  "dateTime" : "10/01/15 07:56:00",
  "value" : "10"
},{
  "dateTime" : "10/01/15 09:37:00",
  "value" : "10"
},{
  "dateTime" : "10/01/15 09:39:00",
  "value" : "10"
},{
  "dateTime" : "10/01/15 10:08:00",
  "value" : "20"
},{
  "dateTime" : "10/01/15 12:13:00",
  "value" : "10"
},{
  "dateTime" : "10/01/15 12:14:00",
  "value" : "40"
},{
  "dateTime" : "10/01/15 15:06:00",
  "value" : "10"
},{
  "dateTime" : "10/01/15 15:07:00",
  "value" : "20"
},{
  "dateTime" : "10/01/15 15:08:00",
  "value" : "10"
},{
  "dateTime" : "10/01/15 16:02:00",
  "value" : "20"
},{
  "dateTime" : "10/01/15 16:03:00",
  "value" : "20"
},{
  "dateTime" : "10/01/15 16:04:00",
  "value" : "20"
},{
  "dateTime" : "10/01/15 16:05:00",
  "value" : "20"
},{
  "dateTime" : "10/01/15 16:06:00",
  "value" : "40"
},{
  "dateTime" : "10/01/15 16:07:00",
  "value" : "30"
},{
  "dateTime" : "10/01/15 16:08:00",
  "value" : "30"
},{
  "dateTime" : "10/01/15 20:06:00",
  "value" : "20"
},{
  "dateTime" : "10/01/15 20:07:00",
  "value" : "10"
},{
  "dateTime" : "10/01/15 20:08:00",
  "value" : "10"
},{
  "dateTime" : "10/01/15 20:09:00",
  "value" : "10"
},{
  "dateTime" : "10/02/15 07:37:00",
  "value" : "10"
},{
  "dateTime" : "10/02/15 11:29:00",
  "value" : "20"
},{
  "dateTime" : "10/02/15 11:30:00",
  "value" : "30"
},{
  "dateTime" : "10/02/15 12:44:00",
  "value" : "10"
},{
  "dateTime" : "10/02/15 13:04:00",
  "value" : "10"
},{
  "dateTime" : "10/02/15 13:05:00",
  "value" : "20"
},{
  "dateTime" : "10/02/15 13:06:00",
  "value" : "10"
},{
  "dateTime" : "10/02/15 13:48:00",
  "value" : "10"
},{
  "dateTime" : "10/02/15 15:12:00",
  "value" : "10"
},{
  "dateTime" : "10/02/15 15:13:00",
  "value" : "20"
},{
  "dateTime" : "10/02/15 15:16:00",
  "value" : "10"
},{
  "dateTime" : "10/02/15 15:17:00",
  "value" : "10"
},{
  "dateTime" : "10/02/15 16:14:00",
  "value" : "20"
},{
  "dateTime" : "10/02/15 16:15:00",
  "value" : "10"
},{
  "dateTime" : "10/02/15 18:54:00",
  "value" : "20"
},{
  "dateTime" : "10/02/15 18:56:00",
  "value" : "10"
},{
  "dateTime" : "10/02/15 18:57:00",
  "value" : "10"
},{
  "dateTime" : "10/03/15 09:23:00",
  "value" : "10"
},{
  "dateTime" : "10/03/15 10:19:00",
  "value" : "10"
},{
  "dateTime" : "10/03/15 11:05:00",
  "value" : "10"
},{
  "dateTime" : "10/03/15 11:47:00",
  "value" : "10"
},{
  "dateTime" : "10/03/15 11:49:00",
  "value" : "10"
},{
  "dateTime" : "10/03/15 12:14:00",
  "value" : "10"
},{
  "dateTime" : "10/03/15 12:16:00",
  "value" : "20"
},{
  "dateTime" : "10/03/15 12:17:00",
  "value" : "10"
},{
  "dateTime" : "10/03/15 13:04:00",
  "value" : "10"
},{
  "dateTime" : "10/03/15 13:27:00",
  "value" : "10"
},{
  "dateTime" : "10/03/15 14:24:00",
  "value" : "10"
},{
  "dateTime" : "10/03/15 14:29:00",
  "value" : "10"
},{
  "dateTime" : "10/03/15 16:08:00",
  "value" : "10"
},{
  "dateTime" : "10/03/15 16:20:00",
  "value" : "10"
},{
  "dateTime" : "10/03/15 19:05:00",
  "value" : "10"
},{
  "dateTime" : "10/03/15 19:06:00",
  "value" : "10"
},{
  "dateTime" : "10/03/15 19:07:00",
  "value" : "10"
},{
  "dateTime" : "10/03/15 19:08:00",
  "value" : "10"
},{
  "dateTime" : "10/03/15 22:40:00",
  "value" : "10"
},{
  "dateTime" : "10/03/15 22:43:00",
  "value" : "10"
},{
  "dateTime" : "10/03/15 22:48:00",
  "value" : "10"
},{
  "dateTime" : "10/03/15 22:52:00",
  "value" : "10"
},{
  "dateTime" : "10/03/15 23:14:00",
  "value" : "10"
},{
  "dateTime" : "10/04/15 08:48:00",
  "value" : "10"
},{
  "dateTime" : "10/04/15 09:55:00",
  "value" : "10"
},{
  "dateTime" : "10/04/15 12:03:00",
  "value" : "10"
},{
  "dateTime" : "10/04/15 12:04:00",
  "value" : "20"
},{
  "dateTime" : "10/04/15 12:05:00",
  "value" : "40"
},{
  "dateTime" : "10/04/15 12:06:00",
  "value" : "30"
},{
  "dateTime" : "10/04/15 12:07:00",
  "value" : "40"
},{
  "dateTime" : "10/04/15 12:08:00",
  "value" : "30"
},{
  "dateTime" : "10/04/15 12:09:00",
  "value" : "40"
},{
  "dateTime" : "10/04/15 12:10:00",
  "value" : "30"
},{
  "dateTime" : "10/04/15 12:11:00",
  "value" : "20"
},{
  "dateTime" : "10/04/15 13:57:00",
  "value" : "10"
},{
  "dateTime" : "10/04/15 14:44:00",
  "value" : "10"
},{
  "dateTime" : "10/04/15 15:37:00",
  "value" : "10"
},{
  "dateTime" : "10/04/15 16:07:00",
  "value" : "10"
},{
  "dateTime" : "10/04/15 17:32:00",
  "value" : "10"
},{
  "dateTime" : "10/04/15 17:34:00",
  "value" : "10"
},{
  "dateTime" : "10/04/15 17:36:00",
  "value" : "10"
},{
  "dateTime" : "10/04/15 18:12:00",
  "value" : "10"
},{
  "dateTime" : "10/04/15 19:38:00",
  "value" : "10"
},{
  "dateTime" : "10/04/15 19:39:00",
  "value" : "10"
},{
  "dateTime" : "10/04/15 19:51:00",
  "value" : "10"
},{
  "dateTime" : "10/04/15 21:24:00",
  "value" : "10"
},{
  "dateTime" : "10/05/15 08:38:00",
  "value" : "10"
},{
  "dateTime" : "10/05/15 08:49:00",
  "value" : "10"
},{
  "dateTime" : "10/05/15 09:06:00",
  "value" : "10"
},{
  "dateTime" : "10/05/15 09:08:00",
  "value" : "10"
},{
  "dateTime" : "10/05/15 09:16:00",
  "value" : "10"
},{
  "dateTime" : "10/05/15 09:46:00",
  "value" : "10"
},{
  "dateTime" : "10/05/15 09:54:00",
  "value" : "10"
},{
  "dateTime" : "10/05/15 10:05:00",
  "value" : "10"
},{
  "dateTime" : "10/05/15 10:33:00",
  "value" : "20"
},{
  "dateTime" : "10/05/15 10:39:00",
  "value" : "10"
},{
  "dateTime" : "10/05/15 10:46:00",
  "value" : "10"
},{
  "dateTime" : "10/05/15 11:08:00",
  "value" : "10"
},{
  "dateTime" : "10/05/15 11:12:00",
  "value" : "20"
},{
  "dateTime" : "10/05/15 13:45:00",
  "value" : "10"
},{
  "dateTime" : "10/05/15 13:47:00",
  "value" : "10"
},{
  "dateTime" : "10/05/15 13:51:00",
  "value" : "10"
},{
  "dateTime" : "10/05/15 14:11:00",
  "value" : "20"
},{
  "dateTime" : "10/05/15 14:12:00",
  "value" : "10"
},{
  "dateTime" : "10/05/15 14:15:00",
  "value" : "10"
},{
  "dateTime" : "10/05/15 14:17:00",
  "value" : "20"
},{
  "dateTime" : "10/05/15 16:52:00",
  "value" : "10"
},{
  "dateTime" : "10/05/15 16:53:00",
  "value" : "10"
},{
  "dateTime" : "10/05/15 17:04:00",
  "value" : "10"
},{
  "dateTime" : "10/05/15 17:30:00",
  "value" : "10"
},{
  "dateTime" : "10/05/15 18:02:00",
  "value" : "10"
},{
  "dateTime" : "10/05/15 18:03:00",
  "value" : "20"
},{
  "dateTime" : "10/06/15 11:50:00",
  "value" : "10"
},{
  "dateTime" : "10/06/15 14:54:00",
  "value" : "10"
},{
  "dateTime" : "10/06/15 14:55:00",
  "value" : "10"
},{
  "dateTime" : "10/06/15 14:57:00",
  "value" : "10"
},{
  "dateTime" : "10/06/15 14:58:00",
  "value" : "10"
},{
  "dateTime" : "10/06/15 16:07:00",
  "value" : "10"
},{
  "dateTime" : "10/06/15 16:08:00",
  "value" : "10"
},{
  "dateTime" : "10/06/15 16:10:00",
  "value" : "10"
},{
  "dateTime" : "10/06/15 16:11:00",
  "value" : "20"
},{
  "dateTime" : "10/06/15 16:12:00",
  "value" : "10"
},{
  "dateTime" : "10/06/15 16:13:00",
  "value" : "10"
},{
  "dateTime" : "10/06/15 16:16:00",
  "value" : "10"
},{
  "dateTime" : "10/06/15 16:18:00",
  "value" : "10"
},{
  "dateTime" : "10/06/15 20:45:00",
  "value" : "10"
},{
  "dateTime" : "10/06/15 21:24:00",
  "value" : "10"
},{
  "dateTime" : "10/06/15 22:15:00",
  "value" : "10"
}]