[{
  "dateTime" : "07/28/17 09:39:00",
  "value" : "10"
},{
  "dateTime" : "07/28/17 10:33:00",
  "value" : "10"
},{
  "dateTime" : "07/28/17 10:36:00",
  "value" : "20"
},{
  "dateTime" : "07/28/17 10:52:00",
  "value" : "10"
},{
  "dateTime" : "07/28/17 11:00:00",
  "value" : "30"
},{
  "dateTime" : "07/28/17 12:43:00",
  "value" : "10"
},{
  "dateTime" : "07/28/17 14:02:00",
  "value" : "10"
},{
  "dateTime" : "07/28/17 14:03:00",
  "value" : "10"
},{
  "dateTime" : "07/28/17 16:03:00",
  "value" : "10"
},{
  "dateTime" : "07/28/17 17:41:00",
  "value" : "10"
},{
  "dateTime" : "07/28/17 17:43:00",
  "value" : "10"
},{
  "dateTime" : "07/28/17 17:44:00",
  "value" : "10"
},{
  "dateTime" : "07/28/17 21:45:00",
  "value" : "10"
},{
  "dateTime" : "07/29/17 07:14:00",
  "value" : "10"
},{
  "dateTime" : "07/29/17 07:38:00",
  "value" : "10"
},{
  "dateTime" : "07/29/17 07:48:00",
  "value" : "10"
},{
  "dateTime" : "07/29/17 07:54:00",
  "value" : "10"
},{
  "dateTime" : "07/29/17 07:55:00",
  "value" : "10"
},{
  "dateTime" : "07/29/17 09:03:00",
  "value" : "10"
},{
  "dateTime" : "07/29/17 09:04:00",
  "value" : "10"
},{
  "dateTime" : "07/29/17 09:07:00",
  "value" : "10"
},{
  "dateTime" : "07/29/17 09:09:00",
  "value" : "30"
},{
  "dateTime" : "07/29/17 09:17:00",
  "value" : "30"
},{
  "dateTime" : "07/29/17 09:18:00",
  "value" : "20"
},{
  "dateTime" : "07/29/17 09:19:00",
  "value" : "10"
},{
  "dateTime" : "07/29/17 09:20:00",
  "value" : "10"
},{
  "dateTime" : "07/29/17 09:21:00",
  "value" : "10"
},{
  "dateTime" : "07/29/17 09:22:00",
  "value" : "30"
},{
  "dateTime" : "07/29/17 09:23:00",
  "value" : "10"
},{
  "dateTime" : "07/29/17 09:26:00",
  "value" : "10"
},{
  "dateTime" : "07/29/17 09:31:00",
  "value" : "10"
},{
  "dateTime" : "07/29/17 09:43:00",
  "value" : "30"
},{
  "dateTime" : "07/29/17 10:06:00",
  "value" : "10"
},{
  "dateTime" : "07/29/17 10:07:00",
  "value" : "20"
},{
  "dateTime" : "07/29/17 10:19:00",
  "value" : "10"
},{
  "dateTime" : "07/29/17 10:26:00",
  "value" : "10"
},{
  "dateTime" : "07/29/17 10:27:00",
  "value" : "10"
},{
  "dateTime" : "07/29/17 11:04:00",
  "value" : "10"
},{
  "dateTime" : "07/29/17 11:05:00",
  "value" : "20"
},{
  "dateTime" : "07/29/17 11:06:00",
  "value" : "20"
},{
  "dateTime" : "07/29/17 12:09:00",
  "value" : "10"
},{
  "dateTime" : "07/29/17 12:15:00",
  "value" : "10"
},{
  "dateTime" : "07/29/17 13:15:00",
  "value" : "10"
},{
  "dateTime" : "07/29/17 13:18:00",
  "value" : "10"
},{
  "dateTime" : "07/29/17 13:32:00",
  "value" : "10"
},{
  "dateTime" : "07/29/17 16:40:00",
  "value" : "10"
},{
  "dateTime" : "07/29/17 18:33:00",
  "value" : "10"
},{
  "dateTime" : "07/29/17 20:53:00",
  "value" : "20"
},{
  "dateTime" : "07/30/17 19:15:00",
  "value" : "0"
},{
  "dateTime" : "07/30/17 19:19:00",
  "value" : "0"
},{
  "dateTime" : "07/30/17 19:23:00",
  "value" : "0"
},{
  "dateTime" : "07/30/17 19:26:00",
  "value" : "10"
},{
  "dateTime" : "07/30/17 19:27:00",
  "value" : "10"
},{
  "dateTime" : "07/30/17 19:31:00",
  "value" : "0"
},{
  "dateTime" : "07/30/17 19:40:00",
  "value" : "0"
},{
  "dateTime" : "07/30/17 19:44:00",
  "value" : "0"
},{
  "dateTime" : "07/30/17 19:45:00",
  "value" : "10"
},{
  "dateTime" : "07/30/17 19:46:00",
  "value" : "10"
},{
  "dateTime" : "07/30/17 19:48:00",
  "value" : "10"
},{
  "dateTime" : "07/30/17 19:51:00",
  "value" : "10"
},{
  "dateTime" : "07/30/17 19:52:00",
  "value" : "0"
},{
  "dateTime" : "07/30/17 19:56:00",
  "value" : "10"
},{
  "dateTime" : "07/30/17 19:57:00",
  "value" : "10"
},{
  "dateTime" : "07/30/17 19:58:00",
  "value" : "10"
},{
  "dateTime" : "07/30/17 19:59:00",
  "value" : "10"
},{
  "dateTime" : "07/30/17 20:01:00",
  "value" : "10"
},{
  "dateTime" : "07/30/17 20:26:00",
  "value" : "10"
},{
  "dateTime" : "07/30/17 23:55:00",
  "value" : "20"
},{
  "dateTime" : "07/30/17 23:56:00",
  "value" : "10"
},{
  "dateTime" : "07/31/17 00:34:00",
  "value" : "10"
},{
  "dateTime" : "07/31/17 00:41:00",
  "value" : "40"
},{
  "dateTime" : "07/31/17 00:42:00",
  "value" : "20"
},{
  "dateTime" : "07/31/17 02:58:00",
  "value" : "10"
},{
  "dateTime" : "07/31/17 03:54:00",
  "value" : "20"
},{
  "dateTime" : "07/31/17 03:56:00",
  "value" : "10"
},{
  "dateTime" : "07/31/17 04:06:00",
  "value" : "10"
},{
  "dateTime" : "07/31/17 04:24:00",
  "value" : "10"
},{
  "dateTime" : "07/31/17 04:25:00",
  "value" : "20"
},{
  "dateTime" : "07/31/17 07:46:00",
  "value" : "10"
},{
  "dateTime" : "07/31/17 08:07:00",
  "value" : "10"
},{
  "dateTime" : "07/31/17 08:08:00",
  "value" : "20"
},{
  "dateTime" : "07/31/17 08:26:00",
  "value" : "10"
},{
  "dateTime" : "07/31/17 08:49:00",
  "value" : "10"
},{
  "dateTime" : "07/31/17 08:50:00",
  "value" : "10"
},{
  "dateTime" : "07/31/17 08:51:00",
  "value" : "10"
},{
  "dateTime" : "07/31/17 08:54:00",
  "value" : "10"
},{
  "dateTime" : "07/31/17 08:55:00",
  "value" : "10"
},{
  "dateTime" : "07/31/17 17:03:00",
  "value" : "0"
},{
  "dateTime" : "07/31/17 17:08:00",
  "value" : "0"
},{
  "dateTime" : "07/31/17 17:11:00",
  "value" : "30"
},{
  "dateTime" : "07/31/17 17:12:00",
  "value" : "30"
},{
  "dateTime" : "07/31/17 17:14:00",
  "value" : "10"
},{
  "dateTime" : "07/31/17 17:15:00",
  "value" : "10"
},{
  "dateTime" : "07/31/17 17:18:00",
  "value" : "10"
},{
  "dateTime" : "07/31/17 17:20:00",
  "value" : "0"
},{
  "dateTime" : "07/31/17 17:22:00",
  "value" : "10"
},{
  "dateTime" : "07/31/17 17:23:00",
  "value" : "10"
},{
  "dateTime" : "07/31/17 17:25:00",
  "value" : "0"
},{
  "dateTime" : "07/31/17 17:29:00",
  "value" : "10"
},{
  "dateTime" : "07/31/17 17:30:00",
  "value" : "10"
},{
  "dateTime" : "07/31/17 17:31:00",
  "value" : "10"
},{
  "dateTime" : "07/31/17 17:34:00",
  "value" : "10"
},{
  "dateTime" : "07/31/17 17:36:00",
  "value" : "10"
},{
  "dateTime" : "07/31/17 17:37:00",
  "value" : "10"
},{
  "dateTime" : "07/31/17 17:38:00",
  "value" : "10"
},{
  "dateTime" : "07/31/17 17:40:00",
  "value" : "10"
},{
  "dateTime" : "07/31/17 17:41:00",
  "value" : "10"
},{
  "dateTime" : "07/31/17 17:42:00",
  "value" : "20"
},{
  "dateTime" : "07/31/17 17:46:00",
  "value" : "0"
},{
  "dateTime" : "07/31/17 17:49:00",
  "value" : "0"
},{
  "dateTime" : "07/31/17 17:50:00",
  "value" : "30"
},{
  "dateTime" : "07/31/17 17:51:00",
  "value" : "30"
},{
  "dateTime" : "07/31/17 17:54:00",
  "value" : "10"
},{
  "dateTime" : "07/31/17 17:56:00",
  "value" : "10"
},{
  "dateTime" : "07/31/17 17:57:00",
  "value" : "20"
},{
  "dateTime" : "07/31/17 17:59:00",
  "value" : "10"
},{
  "dateTime" : "08/01/17 07:54:00",
  "value" : "10"
},{
  "dateTime" : "08/01/17 07:55:00",
  "value" : "10"
},{
  "dateTime" : "08/01/17 08:27:00",
  "value" : "10"
},{
  "dateTime" : "08/01/17 08:39:00",
  "value" : "20"
},{
  "dateTime" : "08/01/17 08:40:00",
  "value" : "30"
},{
  "dateTime" : "08/01/17 08:41:00",
  "value" : "20"
},{
  "dateTime" : "08/01/17 10:22:00",
  "value" : "10"
},{
  "dateTime" : "08/01/17 10:23:00",
  "value" : "10"
},{
  "dateTime" : "08/01/17 11:26:00",
  "value" : "10"
},{
  "dateTime" : "08/01/17 11:32:00",
  "value" : "10"
},{
  "dateTime" : "08/01/17 11:37:00",
  "value" : "10"
},{
  "dateTime" : "08/01/17 11:38:00",
  "value" : "10"
},{
  "dateTime" : "08/01/17 11:47:00",
  "value" : "10"
},{
  "dateTime" : "08/01/17 11:56:00",
  "value" : "10"
},{
  "dateTime" : "08/01/17 12:00:00",
  "value" : "10"
},{
  "dateTime" : "08/01/17 14:04:00",
  "value" : "10"
},{
  "dateTime" : "08/01/17 17:12:00",
  "value" : "10"
},{
  "dateTime" : "08/01/17 17:15:00",
  "value" : "10"
},{
  "dateTime" : "08/01/17 18:54:00",
  "value" : "10"
},{
  "dateTime" : "08/01/17 19:07:00",
  "value" : "10"
},{
  "dateTime" : "08/01/17 19:37:00",
  "value" : "10"
},{
  "dateTime" : "08/01/17 19:39:00",
  "value" : "10"
},{
  "dateTime" : "08/01/17 19:40:00",
  "value" : "20"
},{
  "dateTime" : "08/01/17 22:26:00",
  "value" : "10"
},{
  "dateTime" : "08/02/17 10:35:00",
  "value" : "10"
},{
  "dateTime" : "08/02/17 10:36:00",
  "value" : "10"
},{
  "dateTime" : "08/02/17 10:39:00",
  "value" : "10"
},{
  "dateTime" : "08/02/17 11:37:00",
  "value" : "10"
},{
  "dateTime" : "08/02/17 11:38:00",
  "value" : "10"
},{
  "dateTime" : "08/02/17 12:00:00",
  "value" : "10"
},{
  "dateTime" : "08/02/17 12:12:00",
  "value" : "20"
},{
  "dateTime" : "08/02/17 15:13:00",
  "value" : "20"
},{
  "dateTime" : "08/02/17 15:15:00",
  "value" : "10"
},{
  "dateTime" : "08/02/17 15:21:00",
  "value" : "10"
},{
  "dateTime" : "08/02/17 15:33:00",
  "value" : "10"
},{
  "dateTime" : "08/02/17 16:07:00",
  "value" : "10"
},{
  "dateTime" : "08/02/17 16:08:00",
  "value" : "10"
},{
  "dateTime" : "08/02/17 16:09:00",
  "value" : "10"
},{
  "dateTime" : "08/02/17 17:21:00",
  "value" : "10"
},{
  "dateTime" : "08/02/17 20:29:00",
  "value" : "10"
},{
  "dateTime" : "08/02/17 20:30:00",
  "value" : "10"
},{
  "dateTime" : "08/02/17 21:03:00",
  "value" : "10"
},{
  "dateTime" : "08/02/17 21:15:00",
  "value" : "10"
},{
  "dateTime" : "08/02/17 21:23:00",
  "value" : "10"
},{
  "dateTime" : "08/02/17 21:24:00",
  "value" : "20"
},{
  "dateTime" : "08/02/17 21:25:00",
  "value" : "10"
},{
  "dateTime" : "08/03/17 01:36:00",
  "value" : "20"
},{
  "dateTime" : "08/03/17 01:37:00",
  "value" : "20"
},{
  "dateTime" : "08/03/17 06:35:00",
  "value" : "10"
},{
  "dateTime" : "08/03/17 06:36:00",
  "value" : "10"
},{
  "dateTime" : "08/03/17 06:37:00",
  "value" : "10"
},{
  "dateTime" : "08/03/17 06:39:00",
  "value" : "20"
},{
  "dateTime" : "08/03/17 06:54:00",
  "value" : "10"
},{
  "dateTime" : "08/03/17 06:55:00",
  "value" : "10"
},{
  "dateTime" : "08/03/17 07:31:00",
  "value" : "10"
},{
  "dateTime" : "08/03/17 07:32:00",
  "value" : "10"
},{
  "dateTime" : "08/03/17 07:40:00",
  "value" : "10"
},{
  "dateTime" : "08/03/17 08:16:00",
  "value" : "10"
},{
  "dateTime" : "08/03/17 08:35:00",
  "value" : "10"
},{
  "dateTime" : "08/03/17 08:38:00",
  "value" : "10"
},{
  "dateTime" : "08/03/17 09:11:00",
  "value" : "10"
},{
  "dateTime" : "08/03/17 10:13:00",
  "value" : "10"
},{
  "dateTime" : "08/03/17 11:21:00",
  "value" : "10"
},{
  "dateTime" : "08/03/17 12:26:00",
  "value" : "10"
},{
  "dateTime" : "08/03/17 23:19:00",
  "value" : "10"
},{
  "dateTime" : "08/03/17 23:20:00",
  "value" : "10"
},{
  "dateTime" : "08/03/17 23:23:00",
  "value" : "10"
},{
  "dateTime" : "08/03/17 23:24:00",
  "value" : "10"
},{
  "dateTime" : "08/03/17 23:26:00",
  "value" : "20"
},{
  "dateTime" : "08/04/17 00:29:00",
  "value" : "20"
},{
  "dateTime" : "08/04/17 00:32:00",
  "value" : "10"
},{
  "dateTime" : "08/04/17 00:38:00",
  "value" : "20"
},{
  "dateTime" : "08/04/17 00:39:00",
  "value" : "10"
},{
  "dateTime" : "08/04/17 01:29:00",
  "value" : "10"
},{
  "dateTime" : "08/04/17 02:36:00",
  "value" : "20"
},{
  "dateTime" : "08/04/17 02:37:00",
  "value" : "20"
},{
  "dateTime" : "08/04/17 03:45:00",
  "value" : "10"
},{
  "dateTime" : "08/04/17 04:17:00",
  "value" : "10"
},{
  "dateTime" : "08/04/17 04:27:00",
  "value" : "10"
},{
  "dateTime" : "08/04/17 04:45:00",
  "value" : "10"
},{
  "dateTime" : "08/04/17 06:00:00",
  "value" : "10"
},{
  "dateTime" : "08/04/17 06:04:00",
  "value" : "10"
},{
  "dateTime" : "08/04/17 06:57:00",
  "value" : "20"
},{
  "dateTime" : "08/04/17 07:03:00",
  "value" : "10"
},{
  "dateTime" : "08/04/17 07:09:00",
  "value" : "10"
},{
  "dateTime" : "08/04/17 21:46:00",
  "value" : "10"
},{
  "dateTime" : "08/04/17 21:55:00",
  "value" : "10"
},{
  "dateTime" : "08/04/17 22:04:00",
  "value" : "10"
},{
  "dateTime" : "08/04/17 22:46:00",
  "value" : "10"
},{
  "dateTime" : "08/04/17 22:59:00",
  "value" : "10"
},{
  "dateTime" : "08/04/17 23:00:00",
  "value" : "10"
},{
  "dateTime" : "08/04/17 23:01:00",
  "value" : "10"
},{
  "dateTime" : "08/04/17 23:02:00",
  "value" : "10"
},{
  "dateTime" : "08/04/17 23:17:00",
  "value" : "10"
},{
  "dateTime" : "08/04/17 23:18:00",
  "value" : "10"
},{
  "dateTime" : "08/05/17 00:06:00",
  "value" : "10"
},{
  "dateTime" : "08/05/17 02:21:00",
  "value" : "10"
},{
  "dateTime" : "08/05/17 03:49:00",
  "value" : "10"
},{
  "dateTime" : "08/05/17 03:58:00",
  "value" : "10"
},{
  "dateTime" : "08/05/17 07:09:00",
  "value" : "20"
},{
  "dateTime" : "08/05/17 20:32:00",
  "value" : "10"
},{
  "dateTime" : "08/05/17 20:35:00",
  "value" : "10"
},{
  "dateTime" : "08/06/17 00:02:00",
  "value" : "10"
},{
  "dateTime" : "08/06/17 00:04:00",
  "value" : "10"
},{
  "dateTime" : "08/06/17 00:05:00",
  "value" : "10"
},{
  "dateTime" : "08/06/17 00:07:00",
  "value" : "20"
},{
  "dateTime" : "08/06/17 00:09:00",
  "value" : "10"
},{
  "dateTime" : "08/06/17 00:10:00",
  "value" : "10"
},{
  "dateTime" : "08/06/17 00:13:00",
  "value" : "10"
},{
  "dateTime" : "08/06/17 00:14:00",
  "value" : "10"
},{
  "dateTime" : "08/06/17 00:15:00",
  "value" : "20"
},{
  "dateTime" : "08/06/17 00:16:00",
  "value" : "20"
},{
  "dateTime" : "08/06/17 00:17:00",
  "value" : "20"
},{
  "dateTime" : "08/06/17 00:18:00",
  "value" : "10"
},{
  "dateTime" : "08/06/17 00:19:00",
  "value" : "10"
},{
  "dateTime" : "08/06/17 00:20:00",
  "value" : "10"
},{
  "dateTime" : "08/06/17 00:21:00",
  "value" : "10"
},{
  "dateTime" : "08/06/17 00:22:00",
  "value" : "20"
},{
  "dateTime" : "08/06/17 00:23:00",
  "value" : "10"
},{
  "dateTime" : "08/06/17 00:25:00",
  "value" : "10"
},{
  "dateTime" : "08/06/17 00:26:00",
  "value" : "30"
},{
  "dateTime" : "08/06/17 00:28:00",
  "value" : "10"
},{
  "dateTime" : "08/06/17 00:33:00",
  "value" : "10"
},{
  "dateTime" : "08/06/17 00:34:00",
  "value" : "10"
},{
  "dateTime" : "08/06/17 00:35:00",
  "value" : "20"
},{
  "dateTime" : "08/07/17 01:53:00",
  "value" : "10"
},{
  "dateTime" : "08/07/17 01:56:00",
  "value" : "20"
},{
  "dateTime" : "08/07/17 01:57:00",
  "value" : "20"
},{
  "dateTime" : "08/07/17 01:58:00",
  "value" : "10"
},{
  "dateTime" : "08/07/17 02:30:00",
  "value" : "10"
},{
  "dateTime" : "08/07/17 02:39:00",
  "value" : "20"
},{
  "dateTime" : "08/07/17 02:40:00",
  "value" : "30"
},{
  "dateTime" : "08/07/17 05:01:00",
  "value" : "10"
},{
  "dateTime" : "08/07/17 05:22:00",
  "value" : "20"
},{
  "dateTime" : "08/07/17 06:08:00",
  "value" : "10"
},{
  "dateTime" : "08/07/17 12:16:00",
  "value" : "10"
},{
  "dateTime" : "08/07/17 12:17:00",
  "value" : "10"
},{
  "dateTime" : "08/07/17 12:25:00",
  "value" : "10"
},{
  "dateTime" : "08/07/17 12:27:00",
  "value" : "10"
},{
  "dateTime" : "08/07/17 14:16:00",
  "value" : "20"
},{
  "dateTime" : "08/07/17 14:17:00",
  "value" : "20"
},{
  "dateTime" : "08/07/17 16:10:00",
  "value" : "10"
},{
  "dateTime" : "08/07/17 17:56:00",
  "value" : "10"
},{
  "dateTime" : "08/07/17 17:57:00",
  "value" : "10"
},{
  "dateTime" : "08/07/17 17:58:00",
  "value" : "10"
},{
  "dateTime" : "08/07/17 17:59:00",
  "value" : "10"
},{
  "dateTime" : "08/07/17 18:00:00",
  "value" : "10"
},{
  "dateTime" : "08/07/17 18:19:00",
  "value" : "10"
},{
  "dateTime" : "08/07/17 19:00:00",
  "value" : "10"
},{
  "dateTime" : "08/07/17 19:01:00",
  "value" : "10"
},{
  "dateTime" : "08/07/17 19:03:00",
  "value" : "10"
},{
  "dateTime" : "08/07/17 19:47:00",
  "value" : "10"
},{
  "dateTime" : "08/07/17 23:08:00",
  "value" : "10"
},{
  "dateTime" : "08/08/17 07:32:00",
  "value" : "10"
},{
  "dateTime" : "08/08/17 07:34:00",
  "value" : "10"
},{
  "dateTime" : "08/08/17 07:52:00",
  "value" : "20"
},{
  "dateTime" : "08/08/17 08:33:00",
  "value" : "30"
},{
  "dateTime" : "08/08/17 08:40:00",
  "value" : "40"
},{
  "dateTime" : "08/08/17 09:03:00",
  "value" : "10"
},{
  "dateTime" : "08/08/17 09:05:00",
  "value" : "10"
},{
  "dateTime" : "08/08/17 09:11:00",
  "value" : "10"
},{
  "dateTime" : "08/08/17 09:23:00",
  "value" : "10"
},{
  "dateTime" : "08/08/17 10:23:00",
  "value" : "10"
},{
  "dateTime" : "08/08/17 10:36:00",
  "value" : "10"
},{
  "dateTime" : "08/08/17 10:59:00",
  "value" : "10"
},{
  "dateTime" : "08/08/17 11:30:00",
  "value" : "10"
},{
  "dateTime" : "08/08/17 11:41:00",
  "value" : "10"
},{
  "dateTime" : "08/08/17 12:00:00",
  "value" : "20"
},{
  "dateTime" : "08/08/17 15:08:00",
  "value" : "10"
},{
  "dateTime" : "08/08/17 15:09:00",
  "value" : "10"
},{
  "dateTime" : "08/08/17 15:17:00",
  "value" : "10"
},{
  "dateTime" : "08/08/17 17:07:00",
  "value" : "10"
},{
  "dateTime" : "08/08/17 18:01:00",
  "value" : "10"
},{
  "dateTime" : "08/08/17 18:37:00",
  "value" : "20"
},{
  "dateTime" : "08/08/17 19:07:00",
  "value" : "20"
},{
  "dateTime" : "08/08/17 19:09:00",
  "value" : "10"
},{
  "dateTime" : "08/08/17 20:43:00",
  "value" : "10"
},{
  "dateTime" : "08/08/17 21:05:00",
  "value" : "20"
},{
  "dateTime" : "08/09/17 08:53:00",
  "value" : "0"
},{
  "dateTime" : "08/09/17 08:59:00",
  "value" : "0"
},{
  "dateTime" : "08/09/17 09:01:00",
  "value" : "10"
},{
  "dateTime" : "08/09/17 09:02:00",
  "value" : "20"
},{
  "dateTime" : "08/09/17 09:03:00",
  "value" : "10"
},{
  "dateTime" : "08/09/17 09:12:00",
  "value" : "10"
},{
  "dateTime" : "08/09/17 09:17:00",
  "value" : "0"
},{
  "dateTime" : "08/09/17 09:18:00",
  "value" : "0"
},{
  "dateTime" : "08/09/17 09:22:00",
  "value" : "10"
},{
  "dateTime" : "08/09/17 09:28:00",
  "value" : "10"
},{
  "dateTime" : "08/09/17 09:29:00",
  "value" : "10"
},{
  "dateTime" : "08/09/17 09:31:00",
  "value" : "20"
},{
  "dateTime" : "08/09/17 09:32:00",
  "value" : "10"
},{
  "dateTime" : "08/09/17 09:33:00",
  "value" : "10"
},{
  "dateTime" : "08/09/17 09:34:00",
  "value" : "10"
},{
  "dateTime" : "08/09/17 09:36:00",
  "value" : "30"
},{
  "dateTime" : "08/09/17 09:41:00",
  "value" : "20"
},{
  "dateTime" : "08/09/17 09:42:00",
  "value" : "10"
},{
  "dateTime" : "08/09/17 10:04:00",
  "value" : "10"
},{
  "dateTime" : "08/09/17 10:51:00",
  "value" : "10"
},{
  "dateTime" : "08/09/17 10:52:00",
  "value" : "10"
},{
  "dateTime" : "08/09/17 11:45:00",
  "value" : "10"
},{
  "dateTime" : "08/09/17 11:47:00",
  "value" : "10"
},{
  "dateTime" : "08/09/17 11:48:00",
  "value" : "10"
},{
  "dateTime" : "08/09/17 12:33:00",
  "value" : "10"
},{
  "dateTime" : "08/09/17 13:57:00",
  "value" : "20"
},{
  "dateTime" : "08/09/17 13:59:00",
  "value" : "10"
},{
  "dateTime" : "08/09/17 14:17:00",
  "value" : "10"
},{
  "dateTime" : "08/09/17 15:12:00",
  "value" : "20"
},{
  "dateTime" : "08/09/17 15:58:00",
  "value" : "10"
},{
  "dateTime" : "08/09/17 16:19:00",
  "value" : "20"
},{
  "dateTime" : "08/09/17 16:20:00",
  "value" : "10"
},{
  "dateTime" : "08/09/17 17:23:00",
  "value" : "10"
},{
  "dateTime" : "08/09/17 18:29:00",
  "value" : "10"
},{
  "dateTime" : "08/09/17 18:30:00",
  "value" : "10"
},{
  "dateTime" : "08/09/17 18:55:00",
  "value" : "10"
},{
  "dateTime" : "08/09/17 21:56:00",
  "value" : "10"
},{
  "dateTime" : "08/09/17 22:05:00",
  "value" : "10"
},{
  "dateTime" : "08/09/17 22:55:00",
  "value" : "10"
},{
  "dateTime" : "08/09/17 22:59:00",
  "value" : "10"
},{
  "dateTime" : "08/09/17 23:16:00",
  "value" : "10"
},{
  "dateTime" : "08/09/17 23:57:00",
  "value" : "10"
},{
  "dateTime" : "08/09/17 23:58:00",
  "value" : "10"
},{
  "dateTime" : "08/09/17 23:59:00",
  "value" : "10"
},{
  "dateTime" : "08/10/17 05:53:00",
  "value" : "10"
},{
  "dateTime" : "08/10/17 12:27:00",
  "value" : "10"
},{
  "dateTime" : "08/10/17 12:30:00",
  "value" : "10"
},{
  "dateTime" : "08/10/17 12:34:00",
  "value" : "10"
},{
  "dateTime" : "08/13/17 00:30:00",
  "value" : "10"
},{
  "dateTime" : "08/13/17 01:40:00",
  "value" : "10"
},{
  "dateTime" : "08/13/17 02:25:00",
  "value" : "10"
},{
  "dateTime" : "08/13/17 12:06:00",
  "value" : "10"
},{
  "dateTime" : "08/13/17 12:25:00",
  "value" : "20"
},{
  "dateTime" : "08/13/17 12:26:00",
  "value" : "10"
},{
  "dateTime" : "08/13/17 13:12:00",
  "value" : "20"
},{
  "dateTime" : "08/13/17 13:29:00",
  "value" : "10"
},{
  "dateTime" : "08/13/17 13:31:00",
  "value" : "20"
},{
  "dateTime" : "08/13/17 16:16:00",
  "value" : "10"
},{
  "dateTime" : "08/13/17 16:27:00",
  "value" : "10"
},{
  "dateTime" : "08/13/17 16:44:00",
  "value" : "0"
},{
  "dateTime" : "08/13/17 16:49:00",
  "value" : "10"
},{
  "dateTime" : "08/13/17 16:52:00",
  "value" : "10"
},{
  "dateTime" : "08/13/17 16:59:00",
  "value" : "10"
},{
  "dateTime" : "08/13/17 17:03:00",
  "value" : "10"
},{
  "dateTime" : "08/13/17 17:12:00",
  "value" : "10"
},{
  "dateTime" : "08/13/17 17:15:00",
  "value" : "10"
},{
  "dateTime" : "08/13/17 17:33:00",
  "value" : "20"
},{
  "dateTime" : "08/13/17 17:34:00",
  "value" : "10"
},{
  "dateTime" : "08/13/17 17:35:00",
  "value" : "10"
},{
  "dateTime" : "08/13/17 17:36:00",
  "value" : "10"
},{
  "dateTime" : "08/13/17 17:39:00",
  "value" : "10"
},{
  "dateTime" : "08/13/17 17:43:00",
  "value" : "20"
},{
  "dateTime" : "08/13/17 17:44:00",
  "value" : "10"
},{
  "dateTime" : "08/13/17 17:48:00",
  "value" : "10"
},{
  "dateTime" : "08/13/17 17:49:00",
  "value" : "10"
},{
  "dateTime" : "08/13/17 17:50:00",
  "value" : "10"
},{
  "dateTime" : "08/13/17 17:52:00",
  "value" : "20"
},{
  "dateTime" : "08/13/17 17:58:00",
  "value" : "10"
},{
  "dateTime" : "08/13/17 17:59:00",
  "value" : "20"
},{
  "dateTime" : "08/13/17 18:00:00",
  "value" : "10"
},{
  "dateTime" : "08/13/17 18:03:00",
  "value" : "10"
},{
  "dateTime" : "08/13/17 18:04:00",
  "value" : "20"
},{
  "dateTime" : "08/13/17 18:07:00",
  "value" : "20"
},{
  "dateTime" : "08/13/17 18:08:00",
  "value" : "10"
},{
  "dateTime" : "08/13/17 18:09:00",
  "value" : "10"
},{
  "dateTime" : "08/13/17 18:10:00",
  "value" : "20"
},{
  "dateTime" : "08/13/17 18:11:00",
  "value" : "20"
},{
  "dateTime" : "08/13/17 18:14:00",
  "value" : "10"
},{
  "dateTime" : "08/13/17 18:15:00",
  "value" : "10"
},{
  "dateTime" : "08/13/17 18:18:00",
  "value" : "10"
},{
  "dateTime" : "08/13/17 18:19:00",
  "value" : "10"
},{
  "dateTime" : "08/13/17 18:23:00",
  "value" : "20"
},{
  "dateTime" : "08/13/17 19:34:00",
  "value" : "10"
},{
  "dateTime" : "08/13/17 19:41:00",
  "value" : "10"
},{
  "dateTime" : "08/13/17 19:43:00",
  "value" : "20"
},{
  "dateTime" : "08/13/17 19:46:00",
  "value" : "10"
},{
  "dateTime" : "08/13/17 20:08:00",
  "value" : "10"
},{
  "dateTime" : "08/14/17 07:54:00",
  "value" : "10"
},{
  "dateTime" : "08/14/17 08:27:00",
  "value" : "10"
},{
  "dateTime" : "08/14/17 08:34:00",
  "value" : "20"
},{
  "dateTime" : "08/14/17 16:47:00",
  "value" : "0"
},{
  "dateTime" : "08/14/17 16:50:00",
  "value" : "0"
},{
  "dateTime" : "08/14/17 16:52:00",
  "value" : "10"
},{
  "dateTime" : "08/14/17 16:53:00",
  "value" : "20"
},{
  "dateTime" : "08/14/17 16:54:00",
  "value" : "0"
},{
  "dateTime" : "08/14/17 17:04:00",
  "value" : "0"
},{
  "dateTime" : "08/14/17 17:05:00",
  "value" : "0"
},{
  "dateTime" : "08/14/17 17:09:00",
  "value" : "50"
},{
  "dateTime" : "08/14/17 17:10:00",
  "value" : "10"
},{
  "dateTime" : "08/14/17 17:11:00",
  "value" : "0"
},{
  "dateTime" : "08/14/17 17:12:00",
  "value" : "10"
},{
  "dateTime" : "08/14/17 17:17:00",
  "value" : "0"
},{
  "dateTime" : "08/14/17 17:19:00",
  "value" : "10"
},{
  "dateTime" : "08/14/17 17:20:00",
  "value" : "10"
},{
  "dateTime" : "08/14/17 17:23:00",
  "value" : "0"
},{
  "dateTime" : "08/14/17 17:26:00",
  "value" : "0"
},{
  "dateTime" : "08/14/17 17:27:00",
  "value" : "10"
},{
  "dateTime" : "08/14/17 17:28:00",
  "value" : "20"
},{
  "dateTime" : "08/14/17 17:31:00",
  "value" : "0"
},{
  "dateTime" : "08/14/17 17:32:00",
  "value" : "10"
},{
  "dateTime" : "08/14/17 17:34:00",
  "value" : "20"
},{
  "dateTime" : "08/14/17 17:36:00",
  "value" : "0"
},{
  "dateTime" : "08/14/17 17:39:00",
  "value" : "10"
},{
  "dateTime" : "08/14/17 17:40:00",
  "value" : "20"
},{
  "dateTime" : "08/14/17 17:41:00",
  "value" : "0"
},{
  "dateTime" : "08/14/17 17:43:00",
  "value" : "0"
},{
  "dateTime" : "08/14/17 17:46:00",
  "value" : "20"
},{
  "dateTime" : "08/14/17 17:47:00",
  "value" : "20"
},{
  "dateTime" : "08/14/17 17:48:00",
  "value" : "10"
},{
  "dateTime" : "08/14/17 17:52:00",
  "value" : "0"
},{
  "dateTime" : "08/14/17 17:53:00",
  "value" : "10"
},{
  "dateTime" : "08/14/17 17:54:00",
  "value" : "30"
},{
  "dateTime" : "08/14/17 17:56:00",
  "value" : "10"
},{
  "dateTime" : "08/14/17 17:59:00",
  "value" : "10"
},{
  "dateTime" : "08/15/17 07:50:00",
  "value" : "10"
},{
  "dateTime" : "08/15/17 07:53:00",
  "value" : "20"
},{
  "dateTime" : "08/15/17 07:54:00",
  "value" : "10"
},{
  "dateTime" : "08/15/17 08:22:00",
  "value" : "10"
},{
  "dateTime" : "08/15/17 08:23:00",
  "value" : "10"
},{
  "dateTime" : "08/15/17 08:44:00",
  "value" : "20"
},{
  "dateTime" : "08/15/17 08:45:00",
  "value" : "10"
},{
  "dateTime" : "08/15/17 11:45:00",
  "value" : "10"
},{
  "dateTime" : "08/15/17 17:01:00",
  "value" : "10"
},{
  "dateTime" : "08/15/17 17:02:00",
  "value" : "30"
},{
  "dateTime" : "08/15/17 17:03:00",
  "value" : "10"
},{
  "dateTime" : "08/15/17 18:23:00",
  "value" : "10"
},{
  "dateTime" : "08/15/17 19:40:00",
  "value" : "20"
},{
  "dateTime" : "08/15/17 20:23:00",
  "value" : "10"
},{
  "dateTime" : "08/15/17 21:35:00",
  "value" : "10"
},{
  "dateTime" : "08/15/17 21:39:00",
  "value" : "10"
},{
  "dateTime" : "08/15/17 22:09:00",
  "value" : "10"
},{
  "dateTime" : "08/15/17 22:35:00",
  "value" : "10"
},{
  "dateTime" : "08/15/17 22:38:00",
  "value" : "10"
},{
  "dateTime" : "08/16/17 07:20:00",
  "value" : "10"
},{
  "dateTime" : "08/16/17 08:56:00",
  "value" : "10"
},{
  "dateTime" : "08/16/17 09:05:00",
  "value" : "10"
},{
  "dateTime" : "08/16/17 09:06:00",
  "value" : "10"
},{
  "dateTime" : "08/16/17 09:44:00",
  "value" : "10"
},{
  "dateTime" : "08/16/17 09:45:00",
  "value" : "10"
},{
  "dateTime" : "08/16/17 09:56:00",
  "value" : "30"
},{
  "dateTime" : "08/16/17 09:57:00",
  "value" : "10"
},{
  "dateTime" : "08/16/17 10:01:00",
  "value" : "10"
},{
  "dateTime" : "08/16/17 10:02:00",
  "value" : "20"
},{
  "dateTime" : "08/16/17 10:04:00",
  "value" : "20"
},{
  "dateTime" : "08/16/17 10:05:00",
  "value" : "10"
},{
  "dateTime" : "08/16/17 10:07:00",
  "value" : "10"
},{
  "dateTime" : "08/16/17 10:08:00",
  "value" : "10"
},{
  "dateTime" : "08/16/17 10:09:00",
  "value" : "10"
},{
  "dateTime" : "08/16/17 10:11:00",
  "value" : "10"
},{
  "dateTime" : "08/16/17 10:12:00",
  "value" : "10"
},{
  "dateTime" : "08/16/17 10:37:00",
  "value" : "20"
},{
  "dateTime" : "08/16/17 12:02:00",
  "value" : "10"
},{
  "dateTime" : "08/16/17 12:03:00",
  "value" : "20"
},{
  "dateTime" : "08/16/17 12:13:00",
  "value" : "10"
},{
  "dateTime" : "08/16/17 12:22:00",
  "value" : "30"
},{
  "dateTime" : "08/17/17 01:50:00",
  "value" : "10"
},{
  "dateTime" : "08/17/17 01:59:00",
  "value" : "10"
},{
  "dateTime" : "08/17/17 02:29:00",
  "value" : "10"
},{
  "dateTime" : "08/17/17 02:31:00",
  "value" : "10"
},{
  "dateTime" : "08/17/17 02:45:00",
  "value" : "10"
},{
  "dateTime" : "08/17/17 03:04:00",
  "value" : "10"
},{
  "dateTime" : "08/17/17 03:18:00",
  "value" : "10"
},{
  "dateTime" : "08/17/17 03:19:00",
  "value" : "10"
},{
  "dateTime" : "08/17/17 13:20:00",
  "value" : "10"
},{
  "dateTime" : "08/17/17 13:28:00",
  "value" : "10"
},{
  "dateTime" : "08/17/17 13:29:00",
  "value" : "10"
},{
  "dateTime" : "08/17/17 13:30:00",
  "value" : "30"
},{
  "dateTime" : "08/17/17 18:29:00",
  "value" : "10"
},{
  "dateTime" : "08/17/17 19:05:00",
  "value" : "10"
},{
  "dateTime" : "08/17/17 19:06:00",
  "value" : "10"
},{
  "dateTime" : "08/17/17 19:07:00",
  "value" : "20"
},{
  "dateTime" : "08/18/17 07:16:00",
  "value" : "10"
},{
  "dateTime" : "08/18/17 07:19:00",
  "value" : "0"
},{
  "dateTime" : "08/18/17 07:23:00",
  "value" : "0"
},{
  "dateTime" : "08/18/17 07:25:00",
  "value" : "0"
},{
  "dateTime" : "08/18/17 07:29:00",
  "value" : "10"
},{
  "dateTime" : "08/18/17 07:31:00",
  "value" : "0"
},{
  "dateTime" : "08/18/17 07:32:00",
  "value" : "10"
},{
  "dateTime" : "08/18/17 07:33:00",
  "value" : "50"
},{
  "dateTime" : "08/18/17 07:34:00",
  "value" : "20"
},{
  "dateTime" : "08/18/17 07:36:00",
  "value" : "10"
},{
  "dateTime" : "08/18/17 07:37:00",
  "value" : "10"
},{
  "dateTime" : "08/18/17 07:40:00",
  "value" : "10"
},{
  "dateTime" : "08/18/17 07:41:00",
  "value" : "10"
},{
  "dateTime" : "08/18/17 07:42:00",
  "value" : "0"
},{
  "dateTime" : "08/18/17 07:43:00",
  "value" : "10"
},{
  "dateTime" : "08/18/17 07:45:00",
  "value" : "10"
},{
  "dateTime" : "08/18/17 07:47:00",
  "value" : "0"
},{
  "dateTime" : "08/18/17 07:48:00",
  "value" : "10"
},{
  "dateTime" : "08/18/17 07:50:00",
  "value" : "40"
},{
  "dateTime" : "08/18/17 07:52:00",
  "value" : "20"
},{
  "dateTime" : "08/18/17 07:53:00",
  "value" : "20"
},{
  "dateTime" : "08/18/17 07:56:00",
  "value" : "10"
},{
  "dateTime" : "08/18/17 07:57:00",
  "value" : "0"
},{
  "dateTime" : "08/18/17 07:59:00",
  "value" : "0"
},{
  "dateTime" : "08/18/17 08:00:00",
  "value" : "0"
},{
  "dateTime" : "08/18/17 08:02:00",
  "value" : "10"
},{
  "dateTime" : "08/18/17 08:03:00",
  "value" : "10"
},{
  "dateTime" : "08/18/17 08:04:00",
  "value" : "10"
},{
  "dateTime" : "08/18/17 08:05:00",
  "value" : "10"
},{
  "dateTime" : "08/18/17 08:06:00",
  "value" : "10"
},{
  "dateTime" : "08/18/17 08:07:00",
  "value" : "10"
},{
  "dateTime" : "08/18/17 08:08:00",
  "value" : "20"
},{
  "dateTime" : "08/18/17 08:09:00",
  "value" : "30"
},{
  "dateTime" : "08/18/17 08:15:00",
  "value" : "10"
},{
  "dateTime" : "08/18/17 08:21:00",
  "value" : "10"
},{
  "dateTime" : "08/18/17 08:22:00",
  "value" : "0"
},{
  "dateTime" : "08/18/17 08:23:00",
  "value" : "10"
},{
  "dateTime" : "08/18/17 08:24:00",
  "value" : "10"
},{
  "dateTime" : "08/18/17 08:25:00",
  "value" : "10"
},{
  "dateTime" : "08/18/17 08:27:00",
  "value" : "10"
},{
  "dateTime" : "08/18/17 08:28:00",
  "value" : "20"
},{
  "dateTime" : "08/18/17 08:29:00",
  "value" : "10"
},{
  "dateTime" : "08/18/17 08:30:00",
  "value" : "10"
},{
  "dateTime" : "08/18/17 08:32:00",
  "value" : "0"
},{
  "dateTime" : "08/18/17 08:34:00",
  "value" : "10"
},{
  "dateTime" : "08/18/17 08:35:00",
  "value" : "20"
},{
  "dateTime" : "08/18/17 08:37:00",
  "value" : "10"
},{
  "dateTime" : "08/18/17 08:38:00",
  "value" : "10"
},{
  "dateTime" : "08/18/17 08:39:00",
  "value" : "10"
},{
  "dateTime" : "08/18/17 08:40:00",
  "value" : "10"
},{
  "dateTime" : "08/18/17 08:42:00",
  "value" : "10"
},{
  "dateTime" : "08/18/17 08:43:00",
  "value" : "10"
},{
  "dateTime" : "08/18/17 08:44:00",
  "value" : "10"
},{
  "dateTime" : "08/18/17 08:45:00",
  "value" : "20"
},{
  "dateTime" : "08/18/17 08:46:00",
  "value" : "20"
},{
  "dateTime" : "08/18/17 08:50:00",
  "value" : "10"
},{
  "dateTime" : "08/18/17 08:51:00",
  "value" : "20"
},{
  "dateTime" : "08/18/17 08:52:00",
  "value" : "20"
},{
  "dateTime" : "08/18/17 08:53:00",
  "value" : "20"
},{
  "dateTime" : "08/18/17 08:54:00",
  "value" : "10"
},{
  "dateTime" : "08/18/17 08:55:00",
  "value" : "10"
},{
  "dateTime" : "08/18/17 08:56:00",
  "value" : "0"
},{
  "dateTime" : "08/18/17 08:57:00",
  "value" : "10"
},{
  "dateTime" : "08/18/17 08:59:00",
  "value" : "10"
},{
  "dateTime" : "08/18/17 09:00:00",
  "value" : "30"
},{
  "dateTime" : "08/18/17 09:01:00",
  "value" : "20"
},{
  "dateTime" : "08/18/17 09:02:00",
  "value" : "10"
},{
  "dateTime" : "08/18/17 09:03:00",
  "value" : "10"
},{
  "dateTime" : "08/18/17 09:04:00",
  "value" : "20"
},{
  "dateTime" : "08/18/17 09:06:00",
  "value" : "10"
},{
  "dateTime" : "08/18/17 09:07:00",
  "value" : "20"
},{
  "dateTime" : "08/18/17 09:08:00",
  "value" : "0"
},{
  "dateTime" : "08/18/17 09:10:00",
  "value" : "10"
},{
  "dateTime" : "08/18/17 09:12:00",
  "value" : "10"
},{
  "dateTime" : "08/18/17 09:14:00",
  "value" : "20"
},{
  "dateTime" : "08/18/17 09:15:00",
  "value" : "20"
},{
  "dateTime" : "08/18/17 09:16:00",
  "value" : "10"
},{
  "dateTime" : "08/18/17 09:18:00",
  "value" : "10"
},{
  "dateTime" : "08/18/17 09:20:00",
  "value" : "10"
},{
  "dateTime" : "08/18/17 09:21:00",
  "value" : "10"
},{
  "dateTime" : "08/18/17 09:22:00",
  "value" : "10"
},{
  "dateTime" : "08/18/17 09:23:00",
  "value" : "20"
},{
  "dateTime" : "08/18/17 09:24:00",
  "value" : "20"
},{
  "dateTime" : "08/18/17 09:25:00",
  "value" : "10"
},{
  "dateTime" : "08/18/17 09:56:00",
  "value" : "10"
},{
  "dateTime" : "08/18/17 10:00:00",
  "value" : "10"
},{
  "dateTime" : "08/18/17 10:01:00",
  "value" : "20"
},{
  "dateTime" : "08/18/17 10:02:00",
  "value" : "10"
},{
  "dateTime" : "08/18/17 10:03:00",
  "value" : "10"
},{
  "dateTime" : "08/18/17 10:29:00",
  "value" : "10"
},{
  "dateTime" : "08/18/17 10:48:00",
  "value" : "30"
},{
  "dateTime" : "08/18/17 10:57:00",
  "value" : "10"
},{
  "dateTime" : "08/18/17 11:00:00",
  "value" : "10"
},{
  "dateTime" : "08/18/17 11:55:00",
  "value" : "20"
},{
  "dateTime" : "08/18/17 12:08:00",
  "value" : "10"
},{
  "dateTime" : "08/18/17 14:01:00",
  "value" : "10"
},{
  "dateTime" : "08/18/17 14:04:00",
  "value" : "10"
},{
  "dateTime" : "08/18/17 14:05:00",
  "value" : "10"
},{
  "dateTime" : "08/18/17 14:09:00",
  "value" : "10"
},{
  "dateTime" : "08/18/17 14:16:00",
  "value" : "20"
},{
  "dateTime" : "08/18/17 16:38:00",
  "value" : "10"
},{
  "dateTime" : "08/18/17 16:40:00",
  "value" : "10"
},{
  "dateTime" : "08/18/17 18:26:00",
  "value" : "10"
},{
  "dateTime" : "08/18/17 18:27:00",
  "value" : "10"
},{
  "dateTime" : "08/18/17 18:28:00",
  "value" : "10"
},{
  "dateTime" : "08/18/17 18:29:00",
  "value" : "10"
},{
  "dateTime" : "08/18/17 18:47:00",
  "value" : "10"
},{
  "dateTime" : "08/18/17 19:46:00",
  "value" : "10"
}]