[{
  "dateTime" : "06/28/17 09:10:00",
  "value" : "10"
},{
  "dateTime" : "06/28/17 09:41:00",
  "value" : "20"
},{
  "dateTime" : "06/28/17 10:17:00",
  "value" : "10"
},{
  "dateTime" : "06/28/17 10:56:00",
  "value" : "10"
},{
  "dateTime" : "06/28/17 10:57:00",
  "value" : "10"
},{
  "dateTime" : "06/28/17 11:08:00",
  "value" : "0"
},{
  "dateTime" : "06/28/17 11:21:00",
  "value" : "10"
},{
  "dateTime" : "06/28/17 11:22:00",
  "value" : "10"
},{
  "dateTime" : "06/28/17 11:30:00",
  "value" : "10"
},{
  "dateTime" : "06/28/17 11:31:00",
  "value" : "0"
},{
  "dateTime" : "06/28/17 11:32:00",
  "value" : "0"
},{
  "dateTime" : "06/28/17 11:44:00",
  "value" : "10"
},{
  "dateTime" : "06/28/17 11:52:00",
  "value" : "0"
},{
  "dateTime" : "06/28/17 12:16:00",
  "value" : "10"
},{
  "dateTime" : "06/28/17 12:25:00",
  "value" : "10"
},{
  "dateTime" : "06/28/17 12:29:00",
  "value" : "10"
},{
  "dateTime" : "06/28/17 12:33:00",
  "value" : "0"
},{
  "dateTime" : "06/28/17 13:02:00",
  "value" : "10"
},{
  "dateTime" : "06/28/17 13:08:00",
  "value" : "10"
},{
  "dateTime" : "06/28/17 13:32:00",
  "value" : "0"
},{
  "dateTime" : "06/28/17 13:33:00",
  "value" : "0"
},{
  "dateTime" : "06/29/17 09:41:00",
  "value" : "10"
},{
  "dateTime" : "06/29/17 09:45:00",
  "value" : "10"
},{
  "dateTime" : "06/29/17 09:47:00",
  "value" : "20"
},{
  "dateTime" : "06/29/17 09:49:00",
  "value" : "20"
},{
  "dateTime" : "06/29/17 09:50:00",
  "value" : "10"
},{
  "dateTime" : "06/29/17 10:34:00",
  "value" : "10"
},{
  "dateTime" : "06/29/17 10:39:00",
  "value" : "10"
},{
  "dateTime" : "06/29/17 14:35:00",
  "value" : "10"
},{
  "dateTime" : "06/29/17 15:04:00",
  "value" : "30"
},{
  "dateTime" : "06/29/17 15:08:00",
  "value" : "10"
},{
  "dateTime" : "06/29/17 15:11:00",
  "value" : "10"
},{
  "dateTime" : "06/29/17 15:13:00",
  "value" : "10"
},{
  "dateTime" : "06/29/17 15:14:00",
  "value" : "10"
},{
  "dateTime" : "06/29/17 15:15:00",
  "value" : "10"
},{
  "dateTime" : "06/29/17 15:16:00",
  "value" : "10"
},{
  "dateTime" : "06/29/17 15:17:00",
  "value" : "10"
},{
  "dateTime" : "06/29/17 15:21:00",
  "value" : "10"
},{
  "dateTime" : "06/29/17 15:25:00",
  "value" : "10"
},{
  "dateTime" : "06/29/17 15:26:00",
  "value" : "10"
},{
  "dateTime" : "06/29/17 15:30:00",
  "value" : "10"
},{
  "dateTime" : "06/29/17 15:49:00",
  "value" : "10"
},{
  "dateTime" : "06/29/17 15:50:00",
  "value" : "10"
},{
  "dateTime" : "06/29/17 15:55:00",
  "value" : "20"
},{
  "dateTime" : "06/29/17 16:44:00",
  "value" : "0"
},{
  "dateTime" : "06/29/17 16:51:00",
  "value" : "10"
},{
  "dateTime" : "06/29/17 16:52:00",
  "value" : "10"
},{
  "dateTime" : "06/29/17 16:54:00",
  "value" : "40"
},{
  "dateTime" : "06/29/17 16:55:00",
  "value" : "10"
},{
  "dateTime" : "06/29/17 16:57:00",
  "value" : "10"
},{
  "dateTime" : "06/29/17 16:58:00",
  "value" : "10"
},{
  "dateTime" : "06/29/17 17:04:00",
  "value" : "10"
},{
  "dateTime" : "06/29/17 17:07:00",
  "value" : "10"
},{
  "dateTime" : "06/29/17 17:08:00",
  "value" : "10"
},{
  "dateTime" : "06/29/17 17:15:00",
  "value" : "10"
},{
  "dateTime" : "06/29/17 17:17:00",
  "value" : "0"
},{
  "dateTime" : "06/29/17 17:28:00",
  "value" : "10"
},{
  "dateTime" : "06/29/17 17:30:00",
  "value" : "10"
},{
  "dateTime" : "06/29/17 17:52:00",
  "value" : "10"
},{
  "dateTime" : "06/29/17 18:03:00",
  "value" : "10"
},{
  "dateTime" : "06/29/17 19:59:00",
  "value" : "20"
},{
  "dateTime" : "06/29/17 20:00:00",
  "value" : "20"
},{
  "dateTime" : "06/29/17 20:01:00",
  "value" : "20"
},{
  "dateTime" : "06/29/17 20:02:00",
  "value" : "10"
},{
  "dateTime" : "06/29/17 20:03:00",
  "value" : "30"
},{
  "dateTime" : "06/29/17 20:04:00",
  "value" : "10"
},{
  "dateTime" : "06/30/17 09:01:00",
  "value" : "20"
},{
  "dateTime" : "06/30/17 09:27:00",
  "value" : "10"
},{
  "dateTime" : "06/30/17 09:35:00",
  "value" : "10"
},{
  "dateTime" : "06/30/17 10:15:00",
  "value" : "10"
},{
  "dateTime" : "06/30/17 10:57:00",
  "value" : "10"
},{
  "dateTime" : "06/30/17 11:11:00",
  "value" : "10"
},{
  "dateTime" : "06/30/17 11:20:00",
  "value" : "10"
},{
  "dateTime" : "06/30/17 12:45:00",
  "value" : "10"
},{
  "dateTime" : "06/30/17 14:21:00",
  "value" : "10"
},{
  "dateTime" : "06/30/17 14:47:00",
  "value" : "10"
},{
  "dateTime" : "06/30/17 14:57:00",
  "value" : "10"
},{
  "dateTime" : "06/30/17 15:03:00",
  "value" : "10"
},{
  "dateTime" : "06/30/17 15:04:00",
  "value" : "40"
},{
  "dateTime" : "06/30/17 15:05:00",
  "value" : "10"
},{
  "dateTime" : "06/30/17 15:06:00",
  "value" : "10"
},{
  "dateTime" : "06/30/17 15:07:00",
  "value" : "10"
},{
  "dateTime" : "06/30/17 15:09:00",
  "value" : "20"
},{
  "dateTime" : "06/30/17 15:11:00",
  "value" : "30"
},{
  "dateTime" : "06/30/17 15:12:00",
  "value" : "20"
},{
  "dateTime" : "06/30/17 15:13:00",
  "value" : "10"
},{
  "dateTime" : "06/30/17 15:17:00",
  "value" : "20"
},{
  "dateTime" : "06/30/17 15:18:00",
  "value" : "30"
},{
  "dateTime" : "06/30/17 15:20:00",
  "value" : "20"
},{
  "dateTime" : "06/30/17 15:21:00",
  "value" : "10"
},{
  "dateTime" : "06/30/17 15:26:00",
  "value" : "10"
},{
  "dateTime" : "06/30/17 15:27:00",
  "value" : "20"
},{
  "dateTime" : "06/30/17 15:55:00",
  "value" : "20"
},{
  "dateTime" : "06/30/17 16:48:00",
  "value" : "10"
},{
  "dateTime" : "06/30/17 16:57:00",
  "value" : "20"
},{
  "dateTime" : "06/30/17 16:58:00",
  "value" : "10"
},{
  "dateTime" : "06/30/17 17:03:00",
  "value" : "10"
},{
  "dateTime" : "06/30/17 17:06:00",
  "value" : "10"
},{
  "dateTime" : "06/30/17 17:08:00",
  "value" : "20"
},{
  "dateTime" : "06/30/17 17:09:00",
  "value" : "10"
},{
  "dateTime" : "06/30/17 17:10:00",
  "value" : "20"
},{
  "dateTime" : "06/30/17 17:11:00",
  "value" : "10"
},{
  "dateTime" : "06/30/17 17:12:00",
  "value" : "10"
},{
  "dateTime" : "06/30/17 17:13:00",
  "value" : "10"
},{
  "dateTime" : "06/30/17 17:15:00",
  "value" : "10"
},{
  "dateTime" : "06/30/17 17:28:00",
  "value" : "20"
},{
  "dateTime" : "06/30/17 17:34:00",
  "value" : "20"
},{
  "dateTime" : "06/30/17 17:36:00",
  "value" : "30"
},{
  "dateTime" : "06/30/17 17:37:00",
  "value" : "10"
},{
  "dateTime" : "06/30/17 17:38:00",
  "value" : "10"
},{
  "dateTime" : "06/30/17 17:40:00",
  "value" : "10"
},{
  "dateTime" : "06/30/17 17:51:00",
  "value" : "70"
},{
  "dateTime" : "06/30/17 17:52:00",
  "value" : "40"
},{
  "dateTime" : "06/30/17 17:53:00",
  "value" : "30"
},{
  "dateTime" : "06/30/17 18:00:00",
  "value" : "10"
},{
  "dateTime" : "06/30/17 18:04:00",
  "value" : "10"
},{
  "dateTime" : "06/30/17 19:19:00",
  "value" : "10"
},{
  "dateTime" : "07/01/17 07:53:00",
  "value" : "20"
},{
  "dateTime" : "07/01/17 08:12:00",
  "value" : "10"
},{
  "dateTime" : "07/01/17 08:14:00",
  "value" : "10"
},{
  "dateTime" : "07/01/17 08:19:00",
  "value" : "10"
},{
  "dateTime" : "07/01/17 08:20:00",
  "value" : "20"
},{
  "dateTime" : "07/01/17 08:26:00",
  "value" : "10"
},{
  "dateTime" : "07/01/17 08:44:00",
  "value" : "10"
},{
  "dateTime" : "07/01/17 08:48:00",
  "value" : "10"
},{
  "dateTime" : "07/01/17 08:49:00",
  "value" : "10"
},{
  "dateTime" : "07/01/17 08:58:00",
  "value" : "10"
},{
  "dateTime" : "07/02/17 15:34:00",
  "value" : "10"
},{
  "dateTime" : "07/02/17 15:52:00",
  "value" : "20"
},{
  "dateTime" : "07/02/17 16:11:00",
  "value" : "10"
},{
  "dateTime" : "07/02/17 16:28:00",
  "value" : "10"
},{
  "dateTime" : "07/02/17 16:29:00",
  "value" : "10"
},{
  "dateTime" : "07/02/17 16:34:00",
  "value" : "10"
},{
  "dateTime" : "07/02/17 17:51:00",
  "value" : "10"
},{
  "dateTime" : "07/03/17 11:00:00",
  "value" : "10"
},{
  "dateTime" : "07/03/17 11:03:00",
  "value" : "10"
},{
  "dateTime" : "07/03/17 11:12:00",
  "value" : "10"
},{
  "dateTime" : "07/03/17 11:16:00",
  "value" : "10"
},{
  "dateTime" : "07/03/17 11:18:00",
  "value" : "20"
},{
  "dateTime" : "07/03/17 11:19:00",
  "value" : "30"
},{
  "dateTime" : "07/03/17 11:20:00",
  "value" : "70"
},{
  "dateTime" : "07/03/17 11:21:00",
  "value" : "20"
},{
  "dateTime" : "07/03/17 11:23:00",
  "value" : "30"
},{
  "dateTime" : "07/03/17 11:24:00",
  "value" : "60"
},{
  "dateTime" : "07/03/17 11:25:00",
  "value" : "10"
},{
  "dateTime" : "07/03/17 11:26:00",
  "value" : "10"
},{
  "dateTime" : "07/03/17 11:41:00",
  "value" : "10"
},{
  "dateTime" : "07/03/17 11:42:00",
  "value" : "10"
},{
  "dateTime" : "07/03/17 11:43:00",
  "value" : "10"
},{
  "dateTime" : "07/03/17 11:44:00",
  "value" : "10"
},{
  "dateTime" : "07/03/17 11:45:00",
  "value" : "10"
},{
  "dateTime" : "07/03/17 13:07:00",
  "value" : "10"
},{
  "dateTime" : "07/03/17 14:07:00",
  "value" : "10"
},{
  "dateTime" : "07/03/17 16:32:00",
  "value" : "10"
},{
  "dateTime" : "07/04/17 07:35:00",
  "value" : "10"
},{
  "dateTime" : "07/04/17 08:11:00",
  "value" : "10"
},{
  "dateTime" : "07/04/17 08:59:00",
  "value" : "10"
},{
  "dateTime" : "07/04/17 09:22:00",
  "value" : "10"
},{
  "dateTime" : "07/04/17 09:34:00",
  "value" : "10"
},{
  "dateTime" : "07/04/17 10:57:00",
  "value" : "10"
},{
  "dateTime" : "07/04/17 11:50:00",
  "value" : "10"
},{
  "dateTime" : "07/04/17 12:15:00",
  "value" : "10"
},{
  "dateTime" : "07/04/17 12:16:00",
  "value" : "10"
},{
  "dateTime" : "07/04/17 12:19:00",
  "value" : "10"
},{
  "dateTime" : "07/04/17 12:23:00",
  "value" : "10"
},{
  "dateTime" : "07/04/17 12:39:00",
  "value" : "20"
},{
  "dateTime" : "07/04/17 13:37:00",
  "value" : "10"
},{
  "dateTime" : "07/04/17 13:41:00",
  "value" : "10"
},{
  "dateTime" : "07/04/17 13:56:00",
  "value" : "10"
},{
  "dateTime" : "07/04/17 14:04:00",
  "value" : "10"
},{
  "dateTime" : "07/04/17 14:06:00",
  "value" : "10"
},{
  "dateTime" : "07/04/17 14:09:00",
  "value" : "10"
},{
  "dateTime" : "07/04/17 14:33:00",
  "value" : "10"
},{
  "dateTime" : "07/04/17 14:34:00",
  "value" : "10"
},{
  "dateTime" : "07/04/17 15:06:00",
  "value" : "50"
},{
  "dateTime" : "07/04/17 15:10:00",
  "value" : "10"
},{
  "dateTime" : "07/04/17 15:20:00",
  "value" : "10"
},{
  "dateTime" : "07/04/17 15:25:00",
  "value" : "20"
},{
  "dateTime" : "07/04/17 15:31:00",
  "value" : "10"
},{
  "dateTime" : "07/04/17 16:05:00",
  "value" : "10"
},{
  "dateTime" : "07/04/17 17:27:00",
  "value" : "10"
},{
  "dateTime" : "07/04/17 17:37:00",
  "value" : "10"
},{
  "dateTime" : "07/04/17 17:38:00",
  "value" : "30"
},{
  "dateTime" : "07/04/17 17:40:00",
  "value" : "10"
},{
  "dateTime" : "07/04/17 17:46:00",
  "value" : "10"
},{
  "dateTime" : "07/04/17 17:50:00",
  "value" : "10"
},{
  "dateTime" : "07/04/17 17:51:00",
  "value" : "10"
},{
  "dateTime" : "07/04/17 17:52:00",
  "value" : "10"
},{
  "dateTime" : "07/04/17 17:53:00",
  "value" : "10"
},{
  "dateTime" : "07/04/17 17:55:00",
  "value" : "60"
},{
  "dateTime" : "07/04/17 17:56:00",
  "value" : "90"
},{
  "dateTime" : "07/04/17 17:57:00",
  "value" : "20"
},{
  "dateTime" : "07/05/17 07:36:00",
  "value" : "20"
},{
  "dateTime" : "07/05/17 07:52:00",
  "value" : "10"
},{
  "dateTime" : "07/05/17 08:07:00",
  "value" : "0"
},{
  "dateTime" : "07/05/17 08:11:00",
  "value" : "20"
},{
  "dateTime" : "07/05/17 08:12:00",
  "value" : "20"
},{
  "dateTime" : "07/05/17 08:15:00",
  "value" : "10"
},{
  "dateTime" : "07/05/17 08:16:00",
  "value" : "40"
},{
  "dateTime" : "07/05/17 08:17:00",
  "value" : "40"
},{
  "dateTime" : "07/05/17 08:18:00",
  "value" : "10"
},{
  "dateTime" : "07/05/17 08:21:00",
  "value" : "10"
},{
  "dateTime" : "07/05/17 08:22:00",
  "value" : "50"
},{
  "dateTime" : "07/05/17 08:23:00",
  "value" : "70"
},{
  "dateTime" : "07/05/17 08:24:00",
  "value" : "10"
},{
  "dateTime" : "07/05/17 08:25:00",
  "value" : "10"
},{
  "dateTime" : "07/05/17 08:26:00",
  "value" : "20"
},{
  "dateTime" : "07/05/17 08:27:00",
  "value" : "20"
},{
  "dateTime" : "07/05/17 08:28:00",
  "value" : "60"
},{
  "dateTime" : "07/05/17 08:29:00",
  "value" : "20"
},{
  "dateTime" : "07/05/17 08:35:00",
  "value" : "10"
},{
  "dateTime" : "07/05/17 08:36:00",
  "value" : "20"
},{
  "dateTime" : "07/05/17 08:37:00",
  "value" : "20"
},{
  "dateTime" : "07/05/17 08:38:00",
  "value" : "10"
},{
  "dateTime" : "07/05/17 08:42:00",
  "value" : "40"
},{
  "dateTime" : "07/05/17 08:43:00",
  "value" : "40"
},{
  "dateTime" : "07/05/17 08:44:00",
  "value" : "20"
},{
  "dateTime" : "07/05/17 08:45:00",
  "value" : "20"
},{
  "dateTime" : "07/05/17 08:49:00",
  "value" : "40"
},{
  "dateTime" : "07/05/17 08:50:00",
  "value" : "10"
},{
  "dateTime" : "07/05/17 08:52:00",
  "value" : "30"
},{
  "dateTime" : "07/05/17 08:53:00",
  "value" : "50"
},{
  "dateTime" : "07/05/17 08:54:00",
  "value" : "40"
},{
  "dateTime" : "07/05/17 08:55:00",
  "value" : "50"
},{
  "dateTime" : "07/05/17 08:56:00",
  "value" : "40"
},{
  "dateTime" : "07/05/17 09:00:00",
  "value" : "20"
},{
  "dateTime" : "07/05/17 09:01:00",
  "value" : "40"
},{
  "dateTime" : "07/05/17 09:04:00",
  "value" : "40"
},{
  "dateTime" : "07/05/17 09:05:00",
  "value" : "20"
},{
  "dateTime" : "07/05/17 09:06:00",
  "value" : "30"
},{
  "dateTime" : "07/05/17 09:07:00",
  "value" : "40"
},{
  "dateTime" : "07/05/17 09:10:00",
  "value" : "30"
},{
  "dateTime" : "07/05/17 09:11:00",
  "value" : "40"
},{
  "dateTime" : "07/05/17 09:15:00",
  "value" : "10"
},{
  "dateTime" : "07/05/17 09:16:00",
  "value" : "10"
},{
  "dateTime" : "07/05/17 09:17:00",
  "value" : "10"
},{
  "dateTime" : "07/05/17 09:18:00",
  "value" : "20"
},{
  "dateTime" : "07/05/17 09:19:00",
  "value" : "30"
},{
  "dateTime" : "07/05/17 09:20:00",
  "value" : "20"
},{
  "dateTime" : "07/05/17 09:22:00",
  "value" : "30"
},{
  "dateTime" : "07/05/17 09:23:00",
  "value" : "20"
},{
  "dateTime" : "07/05/17 09:24:00",
  "value" : "10"
},{
  "dateTime" : "07/05/17 09:25:00",
  "value" : "10"
},{
  "dateTime" : "07/05/17 09:29:00",
  "value" : "10"
},{
  "dateTime" : "07/05/17 09:30:00",
  "value" : "40"
},{
  "dateTime" : "07/05/17 09:31:00",
  "value" : "40"
},{
  "dateTime" : "07/05/17 09:32:00",
  "value" : "50"
},{
  "dateTime" : "07/05/17 09:33:00",
  "value" : "40"
},{
  "dateTime" : "07/05/17 09:34:00",
  "value" : "50"
},{
  "dateTime" : "07/05/17 09:35:00",
  "value" : "40"
},{
  "dateTime" : "07/05/17 09:36:00",
  "value" : "50"
},{
  "dateTime" : "07/05/17 09:37:00",
  "value" : "50"
},{
  "dateTime" : "07/05/17 09:38:00",
  "value" : "40"
},{
  "dateTime" : "07/05/17 09:39:00",
  "value" : "50"
},{
  "dateTime" : "07/05/17 09:40:00",
  "value" : "40"
},{
  "dateTime" : "07/05/17 09:41:00",
  "value" : "10"
},{
  "dateTime" : "07/05/17 09:57:00",
  "value" : "0"
},{
  "dateTime" : "07/05/17 10:01:00",
  "value" : "10"
},{
  "dateTime" : "07/05/17 10:02:00",
  "value" : "10"
},{
  "dateTime" : "07/05/17 10:07:00",
  "value" : "0"
},{
  "dateTime" : "07/05/17 10:13:00",
  "value" : "0"
},{
  "dateTime" : "07/05/17 10:27:00",
  "value" : "10"
},{
  "dateTime" : "07/05/17 10:28:00",
  "value" : "10"
},{
  "dateTime" : "07/05/17 13:39:00",
  "value" : "10"
},{
  "dateTime" : "07/05/17 14:27:00",
  "value" : "10"
},{
  "dateTime" : "07/05/17 14:30:00",
  "value" : "10"
},{
  "dateTime" : "07/05/17 14:38:00",
  "value" : "10"
},{
  "dateTime" : "07/05/17 14:51:00",
  "value" : "50"
},{
  "dateTime" : "07/05/17 14:52:00",
  "value" : "40"
},{
  "dateTime" : "07/05/17 14:53:00",
  "value" : "60"
},{
  "dateTime" : "07/05/17 14:54:00",
  "value" : "10"
},{
  "dateTime" : "07/05/17 14:55:00",
  "value" : "10"
},{
  "dateTime" : "07/05/17 15:56:00",
  "value" : "10"
},{
  "dateTime" : "07/05/17 16:12:00",
  "value" : "30"
},{
  "dateTime" : "07/05/17 16:13:00",
  "value" : "40"
},{
  "dateTime" : "07/05/17 16:14:00",
  "value" : "30"
},{
  "dateTime" : "07/05/17 16:18:00",
  "value" : "10"
},{
  "dateTime" : "07/05/17 16:39:00",
  "value" : "10"
},{
  "dateTime" : "07/06/17 07:40:00",
  "value" : "10"
},{
  "dateTime" : "07/06/17 08:16:00",
  "value" : "30"
},{
  "dateTime" : "07/06/17 09:38:00",
  "value" : "20"
},{
  "dateTime" : "07/07/17 07:52:00",
  "value" : "10"
},{
  "dateTime" : "07/07/17 09:17:00",
  "value" : "10"
},{
  "dateTime" : "07/07/17 11:31:00",
  "value" : "10"
},{
  "dateTime" : "07/07/17 15:26:00",
  "value" : "10"
},{
  "dateTime" : "07/07/17 15:27:00",
  "value" : "20"
},{
  "dateTime" : "07/07/17 17:32:00",
  "value" : "10"
},{
  "dateTime" : "07/07/17 17:33:00",
  "value" : "10"
},{
  "dateTime" : "07/07/17 17:34:00",
  "value" : "10"
},{
  "dateTime" : "07/07/17 17:39:00",
  "value" : "10"
},{
  "dateTime" : "07/07/17 19:00:00",
  "value" : "10"
},{
  "dateTime" : "07/07/17 20:50:00",
  "value" : "10"
},{
  "dateTime" : "07/07/17 22:09:00",
  "value" : "20"
},{
  "dateTime" : "07/07/17 22:11:00",
  "value" : "10"
},{
  "dateTime" : "07/08/17 05:44:00",
  "value" : "10"
},{
  "dateTime" : "07/08/17 07:41:00",
  "value" : "10"
},{
  "dateTime" : "07/08/17 07:44:00",
  "value" : "10"
},{
  "dateTime" : "07/08/17 10:47:00",
  "value" : "10"
},{
  "dateTime" : "07/08/17 11:47:00",
  "value" : "10"
},{
  "dateTime" : "07/08/17 12:42:00",
  "value" : "10"
},{
  "dateTime" : "07/08/17 13:32:00",
  "value" : "10"
},{
  "dateTime" : "07/08/17 17:20:00",
  "value" : "10"
},{
  "dateTime" : "07/08/17 18:52:00",
  "value" : "10"
},{
  "dateTime" : "07/08/17 22:21:00",
  "value" : "10"
},{
  "dateTime" : "07/08/17 22:22:00",
  "value" : "20"
},{
  "dateTime" : "07/08/17 22:30:00",
  "value" : "20"
},{
  "dateTime" : "07/09/17 12:09:00",
  "value" : "10"
},{
  "dateTime" : "07/09/17 12:18:00",
  "value" : "10"
},{
  "dateTime" : "07/09/17 12:24:00",
  "value" : "20"
},{
  "dateTime" : "07/09/17 12:29:00",
  "value" : "20"
},{
  "dateTime" : "07/09/17 12:37:00",
  "value" : "10"
},{
  "dateTime" : "07/09/17 12:38:00",
  "value" : "10"
},{
  "dateTime" : "07/09/17 13:31:00",
  "value" : "10"
},{
  "dateTime" : "07/09/17 13:32:00",
  "value" : "10"
},{
  "dateTime" : "07/09/17 13:33:00",
  "value" : "10"
},{
  "dateTime" : "07/09/17 17:30:00",
  "value" : "10"
},{
  "dateTime" : "07/09/17 18:54:00",
  "value" : "10"
},{
  "dateTime" : "07/09/17 19:34:00",
  "value" : "10"
},{
  "dateTime" : "07/09/17 19:53:00",
  "value" : "10"
},{
  "dateTime" : "07/09/17 20:16:00",
  "value" : "10"
},{
  "dateTime" : "07/09/17 21:34:00",
  "value" : "10"
},{
  "dateTime" : "07/10/17 07:05:00",
  "value" : "10"
},{
  "dateTime" : "07/10/17 07:42:00",
  "value" : "10"
},{
  "dateTime" : "07/10/17 07:49:00",
  "value" : "10"
},{
  "dateTime" : "07/10/17 08:28:00",
  "value" : "20"
},{
  "dateTime" : "07/10/17 08:42:00",
  "value" : "10"
},{
  "dateTime" : "07/10/17 08:50:00",
  "value" : "20"
},{
  "dateTime" : "07/10/17 08:56:00",
  "value" : "20"
},{
  "dateTime" : "07/10/17 13:32:00",
  "value" : "10"
},{
  "dateTime" : "07/10/17 13:33:00",
  "value" : "20"
},{
  "dateTime" : "07/10/17 17:57:00",
  "value" : "10"
},{
  "dateTime" : "07/10/17 17:58:00",
  "value" : "10"
},{
  "dateTime" : "07/10/17 17:59:00",
  "value" : "10"
},{
  "dateTime" : "07/10/17 18:20:00",
  "value" : "10"
},{
  "dateTime" : "07/10/17 18:44:00",
  "value" : "10"
},{
  "dateTime" : "07/10/17 18:45:00",
  "value" : "10"
},{
  "dateTime" : "07/10/17 18:46:00",
  "value" : "10"
},{
  "dateTime" : "07/10/17 19:32:00",
  "value" : "10"
},{
  "dateTime" : "07/11/17 07:46:00",
  "value" : "10"
},{
  "dateTime" : "07/11/17 08:30:00",
  "value" : "10"
},{
  "dateTime" : "07/11/17 08:32:00",
  "value" : "10"
},{
  "dateTime" : "07/11/17 13:12:00",
  "value" : "10"
},{
  "dateTime" : "07/11/17 13:20:00",
  "value" : "20"
},{
  "dateTime" : "07/11/17 13:21:00",
  "value" : "20"
},{
  "dateTime" : "07/11/17 14:02:00",
  "value" : "20"
},{
  "dateTime" : "07/11/17 14:03:00",
  "value" : "10"
},{
  "dateTime" : "07/11/17 14:04:00",
  "value" : "10"
},{
  "dateTime" : "07/11/17 14:05:00",
  "value" : "20"
},{
  "dateTime" : "07/11/17 14:06:00",
  "value" : "10"
},{
  "dateTime" : "07/11/17 18:45:00",
  "value" : "10"
},{
  "dateTime" : "07/11/17 18:46:00",
  "value" : "10"
},{
  "dateTime" : "07/12/17 07:31:00",
  "value" : "10"
},{
  "dateTime" : "07/12/17 07:47:00",
  "value" : "10"
},{
  "dateTime" : "07/12/17 08:10:00",
  "value" : "10"
},{
  "dateTime" : "07/12/17 09:24:00",
  "value" : "10"
},{
  "dateTime" : "07/12/17 13:35:00",
  "value" : "20"
},{
  "dateTime" : "07/12/17 13:36:00",
  "value" : "10"
},{
  "dateTime" : "07/12/17 13:38:00",
  "value" : "40"
},{
  "dateTime" : "07/12/17 17:59:00",
  "value" : "10"
},{
  "dateTime" : "07/12/17 18:26:00",
  "value" : "10"
},{
  "dateTime" : "07/12/17 18:57:00",
  "value" : "10"
},{
  "dateTime" : "07/12/17 18:58:00",
  "value" : "10"
},{
  "dateTime" : "07/12/17 18:59:00",
  "value" : "20"
},{
  "dateTime" : "07/12/17 22:33:00",
  "value" : "10"
},{
  "dateTime" : "07/13/17 07:49:00",
  "value" : "10"
},{
  "dateTime" : "07/13/17 07:50:00",
  "value" : "10"
},{
  "dateTime" : "07/13/17 08:29:00",
  "value" : "10"
},{
  "dateTime" : "07/13/17 08:42:00",
  "value" : "20"
},{
  "dateTime" : "07/13/17 08:50:00",
  "value" : "20"
},{
  "dateTime" : "07/13/17 08:51:00",
  "value" : "10"
},{
  "dateTime" : "07/13/17 11:55:00",
  "value" : "10"
},{
  "dateTime" : "07/13/17 12:50:00",
  "value" : "10"
},{
  "dateTime" : "07/13/17 12:54:00",
  "value" : "0"
},{
  "dateTime" : "07/13/17 12:56:00",
  "value" : "10"
},{
  "dateTime" : "07/13/17 12:57:00",
  "value" : "20"
},{
  "dateTime" : "07/13/17 12:59:00",
  "value" : "10"
},{
  "dateTime" : "07/13/17 13:00:00",
  "value" : "20"
},{
  "dateTime" : "07/13/17 13:04:00",
  "value" : "0"
},{
  "dateTime" : "07/13/17 13:08:00",
  "value" : "10"
},{
  "dateTime" : "07/13/17 13:09:00",
  "value" : "10"
},{
  "dateTime" : "07/13/17 13:10:00",
  "value" : "10"
},{
  "dateTime" : "07/13/17 13:11:00",
  "value" : "10"
},{
  "dateTime" : "07/13/17 13:12:00",
  "value" : "10"
},{
  "dateTime" : "07/13/17 13:14:00",
  "value" : "10"
},{
  "dateTime" : "07/13/17 13:15:00",
  "value" : "20"
},{
  "dateTime" : "07/13/17 13:16:00",
  "value" : "10"
},{
  "dateTime" : "07/13/17 13:17:00",
  "value" : "10"
},{
  "dateTime" : "07/13/17 13:18:00",
  "value" : "10"
},{
  "dateTime" : "07/13/17 13:19:00",
  "value" : "10"
},{
  "dateTime" : "07/13/17 13:20:00",
  "value" : "30"
},{
  "dateTime" : "07/13/17 13:21:00",
  "value" : "10"
},{
  "dateTime" : "07/13/17 13:22:00",
  "value" : "0"
},{
  "dateTime" : "07/13/17 13:23:00",
  "value" : "10"
},{
  "dateTime" : "07/13/17 13:25:00",
  "value" : "20"
},{
  "dateTime" : "07/13/17 13:26:00",
  "value" : "10"
},{
  "dateTime" : "07/13/17 13:27:00",
  "value" : "20"
},{
  "dateTime" : "07/13/17 13:29:00",
  "value" : "10"
},{
  "dateTime" : "07/13/17 13:30:00",
  "value" : "10"
},{
  "dateTime" : "07/13/17 13:31:00",
  "value" : "20"
},{
  "dateTime" : "07/13/17 13:32:00",
  "value" : "40"
},{
  "dateTime" : "07/13/17 13:33:00",
  "value" : "30"
},{
  "dateTime" : "07/13/17 13:36:00",
  "value" : "10"
},{
  "dateTime" : "07/13/17 13:37:00",
  "value" : "20"
},{
  "dateTime" : "07/13/17 13:38:00",
  "value" : "10"
},{
  "dateTime" : "07/13/17 13:46:00",
  "value" : "10"
},{
  "dateTime" : "07/13/17 13:53:00",
  "value" : "20"
},{
  "dateTime" : "07/13/17 13:54:00",
  "value" : "10"
},{
  "dateTime" : "07/13/17 17:46:00",
  "value" : "10"
},{
  "dateTime" : "07/13/17 17:47:00",
  "value" : "20"
},{
  "dateTime" : "07/13/17 18:01:00",
  "value" : "10"
},{
  "dateTime" : "07/13/17 18:02:00",
  "value" : "10"
},{
  "dateTime" : "07/13/17 18:04:00",
  "value" : "10"
},{
  "dateTime" : "07/13/17 18:18:00",
  "value" : "10"
},{
  "dateTime" : "07/13/17 18:19:00",
  "value" : "20"
},{
  "dateTime" : "07/13/17 18:37:00",
  "value" : "10"
},{
  "dateTime" : "07/13/17 19:04:00",
  "value" : "10"
},{
  "dateTime" : "07/13/17 19:05:00",
  "value" : "10"
},{
  "dateTime" : "07/13/17 19:07:00",
  "value" : "10"
},{
  "dateTime" : "07/13/17 19:45:00",
  "value" : "10"
},{
  "dateTime" : "07/13/17 20:05:00",
  "value" : "10"
},{
  "dateTime" : "07/13/17 20:27:00",
  "value" : "10"
},{
  "dateTime" : "07/13/17 20:55:00",
  "value" : "10"
},{
  "dateTime" : "07/14/17 07:44:00",
  "value" : "10"
},{
  "dateTime" : "07/14/17 07:51:00",
  "value" : "10"
},{
  "dateTime" : "07/14/17 07:53:00",
  "value" : "10"
},{
  "dateTime" : "07/14/17 08:45:00",
  "value" : "10"
},{
  "dateTime" : "07/14/17 12:58:00",
  "value" : "10"
},{
  "dateTime" : "07/14/17 13:02:00",
  "value" : "10"
},{
  "dateTime" : "07/14/17 13:07:00",
  "value" : "10"
},{
  "dateTime" : "07/14/17 13:08:00",
  "value" : "20"
},{
  "dateTime" : "07/14/17 13:09:00",
  "value" : "10"
},{
  "dateTime" : "07/14/17 13:10:00",
  "value" : "10"
},{
  "dateTime" : "07/14/17 13:12:00",
  "value" : "20"
},{
  "dateTime" : "07/14/17 13:13:00",
  "value" : "10"
},{
  "dateTime" : "07/14/17 18:19:00",
  "value" : "10"
},{
  "dateTime" : "07/14/17 21:16:00",
  "value" : "10"
},{
  "dateTime" : "07/14/17 21:50:00",
  "value" : "10"
},{
  "dateTime" : "07/14/17 21:53:00",
  "value" : "10"
},{
  "dateTime" : "07/14/17 22:03:00",
  "value" : "10"
},{
  "dateTime" : "07/14/17 22:27:00",
  "value" : "10"
},{
  "dateTime" : "07/15/17 09:08:00",
  "value" : "10"
},{
  "dateTime" : "07/15/17 10:13:00",
  "value" : "10"
},{
  "dateTime" : "07/15/17 10:14:00",
  "value" : "20"
},{
  "dateTime" : "07/15/17 10:19:00",
  "value" : "20"
},{
  "dateTime" : "07/15/17 10:22:00",
  "value" : "20"
},{
  "dateTime" : "07/15/17 10:23:00",
  "value" : "30"
},{
  "dateTime" : "07/15/17 10:24:00",
  "value" : "30"
},{
  "dateTime" : "07/15/17 10:25:00",
  "value" : "30"
},{
  "dateTime" : "07/15/17 10:26:00",
  "value" : "30"
},{
  "dateTime" : "07/15/17 10:27:00",
  "value" : "10"
},{
  "dateTime" : "07/15/17 10:28:00",
  "value" : "20"
},{
  "dateTime" : "07/15/17 10:30:00",
  "value" : "10"
},{
  "dateTime" : "07/15/17 10:53:00",
  "value" : "10"
},{
  "dateTime" : "07/15/17 11:11:00",
  "value" : "10"
},{
  "dateTime" : "07/15/17 11:14:00",
  "value" : "10"
},{
  "dateTime" : "07/15/17 11:20:00",
  "value" : "10"
},{
  "dateTime" : "07/15/17 11:23:00",
  "value" : "10"
},{
  "dateTime" : "07/15/17 11:25:00",
  "value" : "10"
},{
  "dateTime" : "07/15/17 11:28:00",
  "value" : "10"
},{
  "dateTime" : "07/15/17 11:29:00",
  "value" : "20"
},{
  "dateTime" : "07/15/17 11:30:00",
  "value" : "30"
},{
  "dateTime" : "07/15/17 11:31:00",
  "value" : "20"
},{
  "dateTime" : "07/15/17 11:35:00",
  "value" : "10"
},{
  "dateTime" : "07/15/17 11:36:00",
  "value" : "10"
},{
  "dateTime" : "07/15/17 11:38:00",
  "value" : "10"
},{
  "dateTime" : "07/15/17 11:43:00",
  "value" : "10"
},{
  "dateTime" : "07/15/17 11:58:00",
  "value" : "10"
},{
  "dateTime" : "07/15/17 12:00:00",
  "value" : "10"
},{
  "dateTime" : "07/15/17 12:01:00",
  "value" : "10"
},{
  "dateTime" : "07/15/17 12:02:00",
  "value" : "20"
},{
  "dateTime" : "07/15/17 12:04:00",
  "value" : "10"
},{
  "dateTime" : "07/15/17 12:05:00",
  "value" : "30"
},{
  "dateTime" : "07/15/17 12:06:00",
  "value" : "30"
},{
  "dateTime" : "07/15/17 12:07:00",
  "value" : "40"
},{
  "dateTime" : "07/15/17 12:08:00",
  "value" : "20"
},{
  "dateTime" : "07/15/17 12:16:00",
  "value" : "10"
},{
  "dateTime" : "07/15/17 12:19:00",
  "value" : "20"
},{
  "dateTime" : "07/15/17 12:24:00",
  "value" : "10"
},{
  "dateTime" : "07/15/17 12:25:00",
  "value" : "10"
},{
  "dateTime" : "07/15/17 12:26:00",
  "value" : "10"
},{
  "dateTime" : "07/15/17 12:27:00",
  "value" : "40"
},{
  "dateTime" : "07/15/17 12:28:00",
  "value" : "30"
},{
  "dateTime" : "07/15/17 12:29:00",
  "value" : "40"
},{
  "dateTime" : "07/15/17 12:39:00",
  "value" : "20"
},{
  "dateTime" : "07/15/17 12:40:00",
  "value" : "40"
},{
  "dateTime" : "07/15/17 12:41:00",
  "value" : "20"
},{
  "dateTime" : "07/15/17 12:42:00",
  "value" : "20"
},{
  "dateTime" : "07/15/17 12:43:00",
  "value" : "20"
},{
  "dateTime" : "07/15/17 12:47:00",
  "value" : "20"
},{
  "dateTime" : "07/15/17 12:48:00",
  "value" : "10"
},{
  "dateTime" : "07/15/17 13:08:00",
  "value" : "10"
},{
  "dateTime" : "07/15/17 13:11:00",
  "value" : "10"
},{
  "dateTime" : "07/15/17 13:13:00",
  "value" : "10"
},{
  "dateTime" : "07/15/17 13:14:00",
  "value" : "20"
},{
  "dateTime" : "07/15/17 13:15:00",
  "value" : "10"
},{
  "dateTime" : "07/15/17 13:16:00",
  "value" : "20"
},{
  "dateTime" : "07/15/17 13:17:00",
  "value" : "10"
},{
  "dateTime" : "07/15/17 13:18:00",
  "value" : "20"
},{
  "dateTime" : "07/15/17 13:19:00",
  "value" : "30"
},{
  "dateTime" : "07/15/17 13:20:00",
  "value" : "20"
},{
  "dateTime" : "07/15/17 13:21:00",
  "value" : "20"
},{
  "dateTime" : "07/15/17 13:22:00",
  "value" : "20"
},{
  "dateTime" : "07/15/17 13:23:00",
  "value" : "10"
},{
  "dateTime" : "07/15/17 13:24:00",
  "value" : "20"
},{
  "dateTime" : "07/15/17 13:25:00",
  "value" : "10"
},{
  "dateTime" : "07/15/17 13:34:00",
  "value" : "10"
},{
  "dateTime" : "07/15/17 13:35:00",
  "value" : "10"
},{
  "dateTime" : "07/15/17 14:54:00",
  "value" : "10"
},{
  "dateTime" : "07/15/17 15:10:00",
  "value" : "20"
},{
  "dateTime" : "07/15/17 15:11:00",
  "value" : "20"
},{
  "dateTime" : "07/15/17 15:12:00",
  "value" : "30"
},{
  "dateTime" : "07/15/17 15:13:00",
  "value" : "20"
},{
  "dateTime" : "07/15/17 15:14:00",
  "value" : "20"
},{
  "dateTime" : "07/15/17 15:15:00",
  "value" : "20"
},{
  "dateTime" : "07/15/17 15:16:00",
  "value" : "20"
},{
  "dateTime" : "07/15/17 15:17:00",
  "value" : "30"
},{
  "dateTime" : "07/15/17 15:18:00",
  "value" : "30"
},{
  "dateTime" : "07/15/17 15:19:00",
  "value" : "10"
},{
  "dateTime" : "07/15/17 15:20:00",
  "value" : "30"
},{
  "dateTime" : "07/15/17 15:21:00",
  "value" : "10"
},{
  "dateTime" : "07/15/17 15:22:00",
  "value" : "20"
},{
  "dateTime" : "07/15/17 15:23:00",
  "value" : "10"
},{
  "dateTime" : "07/15/17 15:24:00",
  "value" : "20"
},{
  "dateTime" : "07/15/17 15:26:00",
  "value" : "20"
},{
  "dateTime" : "07/15/17 15:27:00",
  "value" : "20"
},{
  "dateTime" : "07/15/17 15:28:00",
  "value" : "20"
},{
  "dateTime" : "07/15/17 15:29:00",
  "value" : "20"
},{
  "dateTime" : "07/15/17 15:30:00",
  "value" : "20"
},{
  "dateTime" : "07/15/17 15:31:00",
  "value" : "10"
},{
  "dateTime" : "07/15/17 15:32:00",
  "value" : "20"
},{
  "dateTime" : "07/15/17 15:33:00",
  "value" : "20"
},{
  "dateTime" : "07/15/17 15:34:00",
  "value" : "20"
},{
  "dateTime" : "07/15/17 15:35:00",
  "value" : "20"
},{
  "dateTime" : "07/15/17 15:36:00",
  "value" : "10"
},{
  "dateTime" : "07/15/17 15:37:00",
  "value" : "20"
},{
  "dateTime" : "07/15/17 15:38:00",
  "value" : "10"
},{
  "dateTime" : "07/15/17 15:39:00",
  "value" : "20"
},{
  "dateTime" : "07/15/17 15:40:00",
  "value" : "20"
},{
  "dateTime" : "07/15/17 15:41:00",
  "value" : "10"
},{
  "dateTime" : "07/15/17 15:42:00",
  "value" : "20"
},{
  "dateTime" : "07/15/17 15:43:00",
  "value" : "30"
},{
  "dateTime" : "07/15/17 15:44:00",
  "value" : "20"
},{
  "dateTime" : "07/15/17 15:45:00",
  "value" : "20"
},{
  "dateTime" : "07/15/17 15:46:00",
  "value" : "20"
},{
  "dateTime" : "07/15/17 15:47:00",
  "value" : "10"
},{
  "dateTime" : "07/15/17 15:48:00",
  "value" : "30"
},{
  "dateTime" : "07/15/17 15:49:00",
  "value" : "20"
},{
  "dateTime" : "07/15/17 15:50:00",
  "value" : "20"
},{
  "dateTime" : "07/15/17 15:51:00",
  "value" : "20"
},{
  "dateTime" : "07/15/17 15:52:00",
  "value" : "20"
},{
  "dateTime" : "07/15/17 15:53:00",
  "value" : "20"
},{
  "dateTime" : "07/15/17 15:54:00",
  "value" : "40"
},{
  "dateTime" : "07/15/17 15:55:00",
  "value" : "30"
},{
  "dateTime" : "07/15/17 16:01:00",
  "value" : "30"
},{
  "dateTime" : "07/15/17 16:03:00",
  "value" : "20"
},{
  "dateTime" : "07/15/17 16:04:00",
  "value" : "20"
},{
  "dateTime" : "07/15/17 16:14:00",
  "value" : "10"
},{
  "dateTime" : "07/15/17 16:21:00",
  "value" : "20"
},{
  "dateTime" : "07/15/17 16:50:00",
  "value" : "10"
},{
  "dateTime" : "07/15/17 17:01:00",
  "value" : "10"
},{
  "dateTime" : "07/15/17 17:02:00",
  "value" : "10"
},{
  "dateTime" : "07/15/17 17:03:00",
  "value" : "40"
},{
  "dateTime" : "07/15/17 17:04:00",
  "value" : "40"
},{
  "dateTime" : "07/15/17 17:05:00",
  "value" : "30"
},{
  "dateTime" : "07/15/17 17:06:00",
  "value" : "40"
},{
  "dateTime" : "07/15/17 17:07:00",
  "value" : "30"
},{
  "dateTime" : "07/15/17 17:08:00",
  "value" : "40"
},{
  "dateTime" : "07/15/17 17:09:00",
  "value" : "40"
},{
  "dateTime" : "07/15/17 17:10:00",
  "value" : "40"
},{
  "dateTime" : "07/15/17 17:11:00",
  "value" : "30"
},{
  "dateTime" : "07/15/17 17:12:00",
  "value" : "30"
},{
  "dateTime" : "07/15/17 17:13:00",
  "value" : "40"
},{
  "dateTime" : "07/15/17 17:14:00",
  "value" : "40"
},{
  "dateTime" : "07/15/17 17:15:00",
  "value" : "50"
},{
  "dateTime" : "07/15/17 17:16:00",
  "value" : "30"
},{
  "dateTime" : "07/15/17 17:17:00",
  "value" : "30"
},{
  "dateTime" : "07/15/17 17:18:00",
  "value" : "40"
},{
  "dateTime" : "07/15/17 17:19:00",
  "value" : "30"
},{
  "dateTime" : "07/15/17 17:20:00",
  "value" : "30"
},{
  "dateTime" : "07/15/17 17:21:00",
  "value" : "40"
},{
  "dateTime" : "07/15/17 17:22:00",
  "value" : "30"
},{
  "dateTime" : "07/15/17 17:23:00",
  "value" : "30"
},{
  "dateTime" : "07/15/17 17:24:00",
  "value" : "40"
},{
  "dateTime" : "07/15/17 17:25:00",
  "value" : "40"
},{
  "dateTime" : "07/15/17 17:26:00",
  "value" : "50"
},{
  "dateTime" : "07/15/17 17:27:00",
  "value" : "30"
},{
  "dateTime" : "07/15/17 17:28:00",
  "value" : "50"
},{
  "dateTime" : "07/15/17 17:29:00",
  "value" : "50"
},{
  "dateTime" : "07/15/17 17:30:00",
  "value" : "40"
},{
  "dateTime" : "07/15/17 17:31:00",
  "value" : "60"
},{
  "dateTime" : "07/15/17 17:32:00",
  "value" : "70"
},{
  "dateTime" : "07/15/17 17:33:00",
  "value" : "30"
},{
  "dateTime" : "07/15/17 17:35:00",
  "value" : "30"
},{
  "dateTime" : "07/15/17 17:37:00",
  "value" : "10"
},{
  "dateTime" : "07/16/17 10:08:00",
  "value" : "30"
},{
  "dateTime" : "07/16/17 10:09:00",
  "value" : "40"
},{
  "dateTime" : "07/16/17 10:10:00",
  "value" : "20"
},{
  "dateTime" : "07/16/17 10:12:00",
  "value" : "20"
},{
  "dateTime" : "07/16/17 10:14:00",
  "value" : "10"
},{
  "dateTime" : "07/16/17 10:18:00",
  "value" : "10"
},{
  "dateTime" : "07/16/17 10:24:00",
  "value" : "10"
},{
  "dateTime" : "07/16/17 10:25:00",
  "value" : "20"
},{
  "dateTime" : "07/16/17 10:26:00",
  "value" : "20"
},{
  "dateTime" : "07/16/17 10:27:00",
  "value" : "30"
},{
  "dateTime" : "07/16/17 10:29:00",
  "value" : "10"
},{
  "dateTime" : "07/16/17 10:31:00",
  "value" : "30"
},{
  "dateTime" : "07/16/17 10:32:00",
  "value" : "10"
},{
  "dateTime" : "07/16/17 10:33:00",
  "value" : "10"
},{
  "dateTime" : "07/16/17 10:34:00",
  "value" : "30"
},{
  "dateTime" : "07/16/17 10:35:00",
  "value" : "40"
},{
  "dateTime" : "07/16/17 10:36:00",
  "value" : "30"
},{
  "dateTime" : "07/16/17 10:37:00",
  "value" : "10"
},{
  "dateTime" : "07/16/17 10:39:00",
  "value" : "10"
},{
  "dateTime" : "07/16/17 10:40:00",
  "value" : "20"
},{
  "dateTime" : "07/16/17 10:41:00",
  "value" : "40"
},{
  "dateTime" : "07/16/17 10:42:00",
  "value" : "10"
},{
  "dateTime" : "07/16/17 10:50:00",
  "value" : "20"
},{
  "dateTime" : "07/16/17 10:51:00",
  "value" : "40"
},{
  "dateTime" : "07/16/17 10:52:00",
  "value" : "30"
},{
  "dateTime" : "07/16/17 10:53:00",
  "value" : "20"
},{
  "dateTime" : "07/16/17 10:54:00",
  "value" : "30"
},{
  "dateTime" : "07/16/17 11:05:00",
  "value" : "20"
},{
  "dateTime" : "07/16/17 11:07:00",
  "value" : "10"
},{
  "dateTime" : "07/16/17 11:14:00",
  "value" : "10"
},{
  "dateTime" : "07/16/17 11:16:00",
  "value" : "10"
},{
  "dateTime" : "07/16/17 11:18:00",
  "value" : "10"
},{
  "dateTime" : "07/17/17 07:43:00",
  "value" : "10"
},{
  "dateTime" : "07/17/17 07:48:00",
  "value" : "10"
},{
  "dateTime" : "07/17/17 07:50:00",
  "value" : "10"
},{
  "dateTime" : "07/17/17 08:28:00",
  "value" : "10"
},{
  "dateTime" : "07/17/17 08:44:00",
  "value" : "10"
},{
  "dateTime" : "07/17/17 08:53:00",
  "value" : "20"
},{
  "dateTime" : "07/17/17 08:54:00",
  "value" : "20"
},{
  "dateTime" : "07/17/17 13:33:00",
  "value" : "10"
},{
  "dateTime" : "07/17/17 13:34:00",
  "value" : "20"
},{
  "dateTime" : "07/17/17 13:35:00",
  "value" : "10"
},{
  "dateTime" : "07/17/17 17:50:00",
  "value" : "10"
},{
  "dateTime" : "07/17/17 17:51:00",
  "value" : "10"
},{
  "dateTime" : "07/17/17 17:53:00",
  "value" : "20"
},{
  "dateTime" : "07/17/17 17:54:00",
  "value" : "10"
},{
  "dateTime" : "07/17/17 17:55:00",
  "value" : "10"
},{
  "dateTime" : "07/17/17 18:10:00",
  "value" : "10"
},{
  "dateTime" : "07/17/17 18:47:00",
  "value" : "10"
},{
  "dateTime" : "07/17/17 18:50:00",
  "value" : "20"
},{
  "dateTime" : "07/17/17 21:49:00",
  "value" : "10"
},{
  "dateTime" : "07/17/17 22:03:00",
  "value" : "10"
},{
  "dateTime" : "07/18/17 07:12:00",
  "value" : "10"
},{
  "dateTime" : "07/18/17 07:45:00",
  "value" : "10"
},{
  "dateTime" : "07/18/17 08:39:00",
  "value" : "10"
},{
  "dateTime" : "07/18/17 08:40:00",
  "value" : "20"
},{
  "dateTime" : "07/18/17 08:41:00",
  "value" : "20"
},{
  "dateTime" : "07/18/17 14:14:00",
  "value" : "10"
},{
  "dateTime" : "07/18/17 14:26:00",
  "value" : "20"
},{
  "dateTime" : "07/18/17 18:46:00",
  "value" : "10"
},{
  "dateTime" : "07/18/17 18:48:00",
  "value" : "20"
},{
  "dateTime" : "07/18/17 18:49:00",
  "value" : "10"
},{
  "dateTime" : "07/19/17 07:12:00",
  "value" : "10"
},{
  "dateTime" : "07/19/17 07:36:00",
  "value" : "10"
},{
  "dateTime" : "07/19/17 07:45:00",
  "value" : "30"
},{
  "dateTime" : "07/19/17 07:47:00",
  "value" : "10"
},{
  "dateTime" : "07/19/17 07:48:00",
  "value" : "10"
},{
  "dateTime" : "07/19/17 07:50:00",
  "value" : "10"
},{
  "dateTime" : "07/19/17 08:29:00",
  "value" : "20"
},{
  "dateTime" : "07/19/17 08:45:00",
  "value" : "10"
},{
  "dateTime" : "07/19/17 08:53:00",
  "value" : "10"
},{
  "dateTime" : "07/19/17 08:54:00",
  "value" : "20"
},{
  "dateTime" : "07/19/17 08:55:00",
  "value" : "10"
},{
  "dateTime" : "07/19/17 13:25:00",
  "value" : "10"
},{
  "dateTime" : "07/19/17 13:27:00",
  "value" : "10"
},{
  "dateTime" : "07/19/17 13:28:00",
  "value" : "20"
},{
  "dateTime" : "07/19/17 13:29:00",
  "value" : "10"
},{
  "dateTime" : "07/19/17 14:31:00",
  "value" : "10"
},{
  "dateTime" : "07/19/17 15:01:00",
  "value" : "10"
},{
  "dateTime" : "07/19/17 15:02:00",
  "value" : "10"
},{
  "dateTime" : "07/19/17 18:39:00",
  "value" : "10"
},{
  "dateTime" : "07/19/17 18:57:00",
  "value" : "10"
},{
  "dateTime" : "07/19/17 19:42:00",
  "value" : "10"
},{
  "dateTime" : "07/19/17 19:43:00",
  "value" : "10"
},{
  "dateTime" : "07/19/17 19:44:00",
  "value" : "10"
},{
  "dateTime" : "07/19/17 22:53:00",
  "value" : "10"
},{
  "dateTime" : "07/20/17 07:27:00",
  "value" : "10"
},{
  "dateTime" : "07/20/17 07:36:00",
  "value" : "10"
},{
  "dateTime" : "07/20/17 07:51:00",
  "value" : "10"
},{
  "dateTime" : "07/20/17 07:53:00",
  "value" : "10"
},{
  "dateTime" : "07/20/17 08:35:00",
  "value" : "10"
},{
  "dateTime" : "07/20/17 08:55:00",
  "value" : "10"
},{
  "dateTime" : "07/20/17 08:56:00",
  "value" : "10"
},{
  "dateTime" : "07/20/17 08:57:00",
  "value" : "10"
},{
  "dateTime" : "07/20/17 08:58:00",
  "value" : "10"
},{
  "dateTime" : "07/20/17 08:59:00",
  "value" : "10"
},{
  "dateTime" : "07/20/17 13:16:00",
  "value" : "10"
},{
  "dateTime" : "07/20/17 13:17:00",
  "value" : "20"
},{
  "dateTime" : "07/20/17 18:19:00",
  "value" : "10"
},{
  "dateTime" : "07/20/17 18:20:00",
  "value" : "20"
},{
  "dateTime" : "07/20/17 18:21:00",
  "value" : "10"
},{
  "dateTime" : "07/20/17 18:23:00",
  "value" : "10"
},{
  "dateTime" : "07/20/17 18:38:00",
  "value" : "10"
},{
  "dateTime" : "07/20/17 19:17:00",
  "value" : "10"
},{
  "dateTime" : "07/20/17 19:18:00",
  "value" : "10"
},{
  "dateTime" : "07/20/17 19:19:00",
  "value" : "10"
},{
  "dateTime" : "07/21/17 07:46:00",
  "value" : "10"
},{
  "dateTime" : "07/21/17 07:53:00",
  "value" : "20"
},{
  "dateTime" : "07/21/17 07:54:00",
  "value" : "10"
},{
  "dateTime" : "07/21/17 08:36:00",
  "value" : "20"
},{
  "dateTime" : "07/21/17 08:49:00",
  "value" : "10"
},{
  "dateTime" : "07/21/17 08:55:00",
  "value" : "10"
},{
  "dateTime" : "07/21/17 08:56:00",
  "value" : "20"
},{
  "dateTime" : "07/21/17 08:57:00",
  "value" : "10"
},{
  "dateTime" : "07/21/17 13:07:00",
  "value" : "10"
},{
  "dateTime" : "07/21/17 13:11:00",
  "value" : "20"
},{
  "dateTime" : "07/21/17 13:12:00",
  "value" : "10"
},{
  "dateTime" : "07/21/17 18:05:00",
  "value" : "10"
},{
  "dateTime" : "07/21/17 18:06:00",
  "value" : "30"
},{
  "dateTime" : "07/21/17 18:07:00",
  "value" : "10"
},{
  "dateTime" : "07/21/17 18:08:00",
  "value" : "10"
},{
  "dateTime" : "07/21/17 18:23:00",
  "value" : "20"
},{
  "dateTime" : "07/21/17 18:55:00",
  "value" : "10"
},{
  "dateTime" : "07/21/17 18:57:00",
  "value" : "20"
},{
  "dateTime" : "07/21/17 18:58:00",
  "value" : "10"
},{
  "dateTime" : "07/21/17 19:14:00",
  "value" : "10"
},{
  "dateTime" : "07/21/17 19:27:00",
  "value" : "10"
},{
  "dateTime" : "07/21/17 19:32:00",
  "value" : "10"
},{
  "dateTime" : "07/21/17 19:41:00",
  "value" : "10"
},{
  "dateTime" : "07/21/17 23:46:00",
  "value" : "10"
},{
  "dateTime" : "07/22/17 07:29:00",
  "value" : "10"
},{
  "dateTime" : "07/22/17 07:34:00",
  "value" : "10"
},{
  "dateTime" : "07/22/17 07:37:00",
  "value" : "10"
},{
  "dateTime" : "07/22/17 09:01:00",
  "value" : "10"
},{
  "dateTime" : "07/22/17 09:20:00",
  "value" : "10"
},{
  "dateTime" : "07/22/17 09:21:00",
  "value" : "10"
},{
  "dateTime" : "07/22/17 09:25:00",
  "value" : "10"
},{
  "dateTime" : "07/22/17 09:29:00",
  "value" : "10"
},{
  "dateTime" : "07/22/17 09:36:00",
  "value" : "10"
},{
  "dateTime" : "07/22/17 09:39:00",
  "value" : "10"
},{
  "dateTime" : "07/22/17 09:40:00",
  "value" : "10"
},{
  "dateTime" : "07/22/17 09:41:00",
  "value" : "10"
},{
  "dateTime" : "07/22/17 10:45:00",
  "value" : "10"
},{
  "dateTime" : "07/22/17 10:48:00",
  "value" : "10"
},{
  "dateTime" : "07/22/17 12:06:00",
  "value" : "10"
},{
  "dateTime" : "07/22/17 12:07:00",
  "value" : "10"
},{
  "dateTime" : "07/22/17 12:40:00",
  "value" : "10"
},{
  "dateTime" : "07/22/17 12:47:00",
  "value" : "10"
},{
  "dateTime" : "07/22/17 12:48:00",
  "value" : "10"
},{
  "dateTime" : "07/22/17 12:49:00",
  "value" : "10"
},{
  "dateTime" : "07/22/17 12:54:00",
  "value" : "10"
},{
  "dateTime" : "07/22/17 13:52:00",
  "value" : "20"
},{
  "dateTime" : "07/22/17 13:54:00",
  "value" : "30"
},{
  "dateTime" : "07/22/17 16:43:00",
  "value" : "10"
},{
  "dateTime" : "07/22/17 16:44:00",
  "value" : "10"
},{
  "dateTime" : "07/22/17 16:53:00",
  "value" : "20"
},{
  "dateTime" : "07/22/17 16:54:00",
  "value" : "20"
},{
  "dateTime" : "07/22/17 17:00:00",
  "value" : "10"
},{
  "dateTime" : "07/22/17 17:55:00",
  "value" : "20"
},{
  "dateTime" : "07/22/17 20:16:00",
  "value" : "20"
},{
  "dateTime" : "07/22/17 20:18:00",
  "value" : "10"
},{
  "dateTime" : "07/22/17 23:11:00",
  "value" : "10"
},{
  "dateTime" : "07/23/17 00:07:00",
  "value" : "10"
},{
  "dateTime" : "07/23/17 00:14:00",
  "value" : "10"
},{
  "dateTime" : "07/23/17 00:15:00",
  "value" : "10"
},{
  "dateTime" : "07/23/17 00:21:00",
  "value" : "10"
},{
  "dateTime" : "07/23/17 00:22:00",
  "value" : "10"
},{
  "dateTime" : "07/23/17 00:24:00",
  "value" : "10"
},{
  "dateTime" : "07/23/17 01:11:00",
  "value" : "10"
},{
  "dateTime" : "07/23/17 01:12:00",
  "value" : "10"
},{
  "dateTime" : "07/23/17 11:38:00",
  "value" : "10"
},{
  "dateTime" : "07/23/17 16:57:00",
  "value" : "20"
},{
  "dateTime" : "07/23/17 17:32:00",
  "value" : "10"
},{
  "dateTime" : "07/23/17 18:06:00",
  "value" : "20"
},{
  "dateTime" : "07/23/17 19:12:00",
  "value" : "10"
},{
  "dateTime" : "07/23/17 20:14:00",
  "value" : "10"
},{
  "dateTime" : "07/24/17 09:29:00",
  "value" : "10"
},{
  "dateTime" : "07/24/17 10:02:00",
  "value" : "10"
},{
  "dateTime" : "07/24/17 10:04:00",
  "value" : "10"
},{
  "dateTime" : "07/24/17 10:52:00",
  "value" : "30"
},{
  "dateTime" : "07/24/17 10:53:00",
  "value" : "20"
},{
  "dateTime" : "07/24/17 11:04:00",
  "value" : "10"
},{
  "dateTime" : "07/24/17 11:56:00",
  "value" : "10"
},{
  "dateTime" : "07/24/17 11:57:00",
  "value" : "10"
},{
  "dateTime" : "07/24/17 12:51:00",
  "value" : "10"
},{
  "dateTime" : "07/24/17 12:52:00",
  "value" : "20"
},{
  "dateTime" : "07/24/17 15:35:00",
  "value" : "10"
},{
  "dateTime" : "07/24/17 16:17:00",
  "value" : "10"
},{
  "dateTime" : "07/24/17 16:18:00",
  "value" : "10"
},{
  "dateTime" : "07/24/17 16:20:00",
  "value" : "10"
},{
  "dateTime" : "07/24/17 17:19:00",
  "value" : "10"
},{
  "dateTime" : "07/24/17 19:14:00",
  "value" : "10"
},{
  "dateTime" : "07/24/17 19:31:00",
  "value" : "10"
},{
  "dateTime" : "07/24/17 21:41:00",
  "value" : "10"
},{
  "dateTime" : "07/25/17 07:05:00",
  "value" : "10"
},{
  "dateTime" : "07/25/17 07:31:00",
  "value" : "10"
},{
  "dateTime" : "07/25/17 07:58:00",
  "value" : "10"
},{
  "dateTime" : "07/25/17 08:00:00",
  "value" : "10"
},{
  "dateTime" : "07/25/17 08:25:00",
  "value" : "10"
},{
  "dateTime" : "07/25/17 08:46:00",
  "value" : "20"
},{
  "dateTime" : "07/25/17 08:47:00",
  "value" : "10"
},{
  "dateTime" : "07/25/17 10:51:00",
  "value" : "10"
},{
  "dateTime" : "07/25/17 11:38:00",
  "value" : "10"
},{
  "dateTime" : "07/25/17 11:44:00",
  "value" : "10"
},{
  "dateTime" : "07/25/17 14:09:00",
  "value" : "10"
},{
  "dateTime" : "07/25/17 14:11:00",
  "value" : "20"
},{
  "dateTime" : "07/25/17 14:58:00",
  "value" : "10"
},{
  "dateTime" : "07/25/17 15:03:00",
  "value" : "10"
},{
  "dateTime" : "07/25/17 15:16:00",
  "value" : "10"
},{
  "dateTime" : "07/25/17 15:21:00",
  "value" : "20"
},{
  "dateTime" : "07/25/17 15:22:00",
  "value" : "20"
},{
  "dateTime" : "07/25/17 15:24:00",
  "value" : "10"
},{
  "dateTime" : "07/25/17 15:25:00",
  "value" : "10"
},{
  "dateTime" : "07/25/17 15:44:00",
  "value" : "10"
},{
  "dateTime" : "07/25/17 15:45:00",
  "value" : "20"
},{
  "dateTime" : "07/25/17 15:49:00",
  "value" : "10"
},{
  "dateTime" : "07/25/17 15:50:00",
  "value" : "10"
},{
  "dateTime" : "07/25/17 16:03:00",
  "value" : "10"
},{
  "dateTime" : "07/25/17 16:09:00",
  "value" : "10"
},{
  "dateTime" : "07/25/17 16:33:00",
  "value" : "10"
},{
  "dateTime" : "07/25/17 16:34:00",
  "value" : "10"
},{
  "dateTime" : "07/25/17 16:35:00",
  "value" : "10"
},{
  "dateTime" : "07/25/17 16:36:00",
  "value" : "10"
},{
  "dateTime" : "07/25/17 16:37:00",
  "value" : "10"
},{
  "dateTime" : "07/25/17 16:39:00",
  "value" : "10"
},{
  "dateTime" : "07/25/17 17:47:00",
  "value" : "10"
},{
  "dateTime" : "07/25/17 18:30:00",
  "value" : "10"
},{
  "dateTime" : "07/25/17 20:36:00",
  "value" : "10"
},{
  "dateTime" : "07/26/17 13:09:00",
  "value" : "20"
},{
  "dateTime" : "07/26/17 13:58:00",
  "value" : "20"
},{
  "dateTime" : "07/26/17 15:14:00",
  "value" : "10"
},{
  "dateTime" : "07/26/17 15:15:00",
  "value" : "10"
},{
  "dateTime" : "07/26/17 16:30:00",
  "value" : "10"
},{
  "dateTime" : "07/26/17 17:07:00",
  "value" : "10"
},{
  "dateTime" : "07/26/17 17:43:00",
  "value" : "20"
},{
  "dateTime" : "07/26/17 17:49:00",
  "value" : "30"
},{
  "dateTime" : "07/26/17 22:05:00",
  "value" : "10"
},{
  "dateTime" : "07/27/17 07:07:00",
  "value" : "10"
},{
  "dateTime" : "07/27/17 07:40:00",
  "value" : "10"
},{
  "dateTime" : "07/27/17 07:48:00",
  "value" : "10"
},{
  "dateTime" : "07/27/17 07:50:00",
  "value" : "10"
},{
  "dateTime" : "07/27/17 07:52:00",
  "value" : "10"
},{
  "dateTime" : "07/27/17 08:15:00",
  "value" : "10"
},{
  "dateTime" : "07/27/17 08:27:00",
  "value" : "10"
},{
  "dateTime" : "07/27/17 08:37:00",
  "value" : "20"
},{
  "dateTime" : "07/27/17 08:41:00",
  "value" : "20"
},{
  "dateTime" : "07/27/17 08:51:00",
  "value" : "10"
},{
  "dateTime" : "07/27/17 08:52:00",
  "value" : "20"
},{
  "dateTime" : "07/27/17 08:53:00",
  "value" : "10"
},{
  "dateTime" : "07/27/17 13:26:00",
  "value" : "10"
},{
  "dateTime" : "07/27/17 13:33:00",
  "value" : "10"
},{
  "dateTime" : "07/27/17 13:42:00",
  "value" : "10"
},{
  "dateTime" : "07/27/17 13:43:00",
  "value" : "10"
},{
  "dateTime" : "07/27/17 13:44:00",
  "value" : "10"
},{
  "dateTime" : "07/27/17 17:41:00",
  "value" : "10"
},{
  "dateTime" : "07/27/17 17:42:00",
  "value" : "10"
},{
  "dateTime" : "07/27/17 17:43:00",
  "value" : "10"
},{
  "dateTime" : "07/27/17 17:44:00",
  "value" : "10"
},{
  "dateTime" : "07/27/17 17:45:00",
  "value" : "10"
},{
  "dateTime" : "07/27/17 17:57:00",
  "value" : "10"
},{
  "dateTime" : "07/27/17 17:58:00",
  "value" : "10"
},{
  "dateTime" : "07/27/17 18:50:00",
  "value" : "10"
},{
  "dateTime" : "07/27/17 18:51:00",
  "value" : "10"
},{
  "dateTime" : "07/27/17 18:52:00",
  "value" : "10"
},{
  "dateTime" : "07/27/17 18:57:00",
  "value" : "10"
},{
  "dateTime" : "07/27/17 18:58:00",
  "value" : "10"
},{
  "dateTime" : "07/27/17 21:22:00",
  "value" : "10"
},{
  "dateTime" : "07/27/17 21:55:00",
  "value" : "10"
},{
  "dateTime" : "07/27/17 21:56:00",
  "value" : "10"
},{
  "dateTime" : "07/27/17 21:59:00",
  "value" : "10"
},{
  "dateTime" : "07/27/17 22:03:00",
  "value" : "10"
},{
  "dateTime" : "07/27/17 22:05:00",
  "value" : "10"
},{
  "dateTime" : "07/27/17 22:06:00",
  "value" : "10"
},{
  "dateTime" : "07/27/17 22:16:00",
  "value" : "10"
},{
  "dateTime" : "07/27/17 22:42:00",
  "value" : "10"
},{
  "dateTime" : "07/27/17 23:50:00",
  "value" : "10"
}]