[{
  "dateTime" : "02/07/17 13:21:00",
  "value" : "10"
},{
  "dateTime" : "02/07/17 13:22:00",
  "value" : "10"
},{
  "dateTime" : "02/07/17 13:23:00",
  "value" : "10"
},{
  "dateTime" : "02/07/17 15:43:00",
  "value" : "10"
},{
  "dateTime" : "02/07/17 15:44:00",
  "value" : "10"
},{
  "dateTime" : "02/07/17 17:40:00",
  "value" : "10"
},{
  "dateTime" : "02/07/17 17:41:00",
  "value" : "10"
},{
  "dateTime" : "02/07/17 17:44:00",
  "value" : "10"
},{
  "dateTime" : "02/07/17 18:14:00",
  "value" : "20"
},{
  "dateTime" : "02/08/17 01:12:00",
  "value" : "10"
},{
  "dateTime" : "02/08/17 01:38:00",
  "value" : "10"
},{
  "dateTime" : "02/08/17 01:39:00",
  "value" : "10"
},{
  "dateTime" : "02/08/17 07:42:00",
  "value" : "10"
},{
  "dateTime" : "02/08/17 08:40:00",
  "value" : "10"
},{
  "dateTime" : "02/08/17 08:41:00",
  "value" : "10"
},{
  "dateTime" : "02/08/17 13:28:00",
  "value" : "10"
},{
  "dateTime" : "02/08/17 13:29:00",
  "value" : "20"
},{
  "dateTime" : "02/08/17 13:30:00",
  "value" : "10"
},{
  "dateTime" : "02/08/17 18:18:00",
  "value" : "10"
},{
  "dateTime" : "02/08/17 18:19:00",
  "value" : "10"
},{
  "dateTime" : "02/08/17 18:20:00",
  "value" : "20"
},{
  "dateTime" : "02/08/17 19:05:00",
  "value" : "10"
},{
  "dateTime" : "02/08/17 22:13:00",
  "value" : "10"
},{
  "dateTime" : "02/09/17 07:04:00",
  "value" : "10"
},{
  "dateTime" : "02/09/17 07:24:00",
  "value" : "10"
},{
  "dateTime" : "02/09/17 07:42:00",
  "value" : "10"
},{
  "dateTime" : "02/09/17 07:43:00",
  "value" : "10"
},{
  "dateTime" : "02/09/17 08:15:00",
  "value" : "10"
},{
  "dateTime" : "02/09/17 08:47:00",
  "value" : "10"
},{
  "dateTime" : "02/09/17 08:56:00",
  "value" : "20"
},{
  "dateTime" : "02/09/17 08:57:00",
  "value" : "10"
},{
  "dateTime" : "02/09/17 13:18:00",
  "value" : "10"
},{
  "dateTime" : "02/09/17 13:19:00",
  "value" : "20"
},{
  "dateTime" : "02/09/17 13:20:00",
  "value" : "10"
},{
  "dateTime" : "02/09/17 17:52:00",
  "value" : "10"
},{
  "dateTime" : "02/09/17 17:53:00",
  "value" : "10"
},{
  "dateTime" : "02/09/17 17:56:00",
  "value" : "10"
},{
  "dateTime" : "02/09/17 17:57:00",
  "value" : "20"
},{
  "dateTime" : "02/09/17 18:10:00",
  "value" : "10"
},{
  "dateTime" : "02/09/17 18:11:00",
  "value" : "10"
},{
  "dateTime" : "02/09/17 18:46:00",
  "value" : "10"
},{
  "dateTime" : "02/09/17 18:48:00",
  "value" : "10"
},{
  "dateTime" : "02/09/17 20:56:00",
  "value" : "10"
},{
  "dateTime" : "02/09/17 20:57:00",
  "value" : "10"
},{
  "dateTime" : "02/09/17 20:58:00",
  "value" : "20"
},{
  "dateTime" : "02/09/17 21:01:00",
  "value" : "10"
},{
  "dateTime" : "02/09/17 21:13:00",
  "value" : "10"
},{
  "dateTime" : "02/10/17 07:46:00",
  "value" : "10"
},{
  "dateTime" : "02/10/17 08:21:00",
  "value" : "10"
},{
  "dateTime" : "02/10/17 08:39:00",
  "value" : "10"
},{
  "dateTime" : "02/10/17 08:47:00",
  "value" : "20"
},{
  "dateTime" : "02/10/17 08:48:00",
  "value" : "10"
},{
  "dateTime" : "02/10/17 12:56:00",
  "value" : "10"
},{
  "dateTime" : "02/10/17 17:50:00",
  "value" : "20"
},{
  "dateTime" : "02/10/17 18:35:00",
  "value" : "10"
},{
  "dateTime" : "02/10/17 18:36:00",
  "value" : "10"
},{
  "dateTime" : "02/10/17 18:49:00",
  "value" : "10"
},{
  "dateTime" : "02/10/17 19:24:00",
  "value" : "10"
},{
  "dateTime" : "02/10/17 19:31:00",
  "value" : "10"
},{
  "dateTime" : "02/10/17 19:32:00",
  "value" : "10"
},{
  "dateTime" : "02/10/17 19:50:00",
  "value" : "10"
},{
  "dateTime" : "02/11/17 09:13:00",
  "value" : "20"
},{
  "dateTime" : "02/11/17 11:15:00",
  "value" : "10"
},{
  "dateTime" : "02/11/17 11:17:00",
  "value" : "10"
},{
  "dateTime" : "02/11/17 11:38:00",
  "value" : "10"
},{
  "dateTime" : "02/11/17 12:42:00",
  "value" : "10"
},{
  "dateTime" : "02/11/17 12:44:00",
  "value" : "10"
},{
  "dateTime" : "02/11/17 13:04:00",
  "value" : "10"
},{
  "dateTime" : "02/11/17 16:06:00",
  "value" : "10"
},{
  "dateTime" : "02/11/17 16:07:00",
  "value" : "20"
},{
  "dateTime" : "02/11/17 16:35:00",
  "value" : "10"
},{
  "dateTime" : "02/11/17 17:43:00",
  "value" : "10"
},{
  "dateTime" : "02/11/17 18:02:00",
  "value" : "10"
},{
  "dateTime" : "02/11/17 18:16:00",
  "value" : "10"
},{
  "dateTime" : "02/11/17 18:41:00",
  "value" : "30"
},{
  "dateTime" : "02/11/17 19:07:00",
  "value" : "10"
},{
  "dateTime" : "02/11/17 19:12:00",
  "value" : "10"
},{
  "dateTime" : "02/11/17 23:00:00",
  "value" : "10"
},{
  "dateTime" : "02/11/17 23:08:00",
  "value" : "10"
},{
  "dateTime" : "02/11/17 23:12:00",
  "value" : "10"
},{
  "dateTime" : "02/11/17 23:13:00",
  "value" : "10"
},{
  "dateTime" : "02/11/17 23:14:00",
  "value" : "10"
},{
  "dateTime" : "02/11/17 23:35:00",
  "value" : "10"
},{
  "dateTime" : "02/11/17 23:56:00",
  "value" : "10"
},{
  "dateTime" : "02/12/17 01:08:00",
  "value" : "20"
},{
  "dateTime" : "02/12/17 10:17:00",
  "value" : "10"
},{
  "dateTime" : "02/12/17 10:22:00",
  "value" : "10"
},{
  "dateTime" : "02/12/17 10:23:00",
  "value" : "10"
},{
  "dateTime" : "02/12/17 10:51:00",
  "value" : "20"
},{
  "dateTime" : "02/12/17 10:52:00",
  "value" : "10"
},{
  "dateTime" : "02/12/17 11:13:00",
  "value" : "10"
},{
  "dateTime" : "02/12/17 11:15:00",
  "value" : "10"
},{
  "dateTime" : "02/12/17 11:16:00",
  "value" : "10"
},{
  "dateTime" : "02/12/17 11:17:00",
  "value" : "10"
},{
  "dateTime" : "02/12/17 11:49:00",
  "value" : "10"
},{
  "dateTime" : "02/12/17 12:01:00",
  "value" : "10"
},{
  "dateTime" : "02/12/17 12:02:00",
  "value" : "10"
},{
  "dateTime" : "02/12/17 12:03:00",
  "value" : "10"
},{
  "dateTime" : "02/12/17 12:06:00",
  "value" : "10"
},{
  "dateTime" : "02/12/17 12:10:00",
  "value" : "10"
},{
  "dateTime" : "02/12/17 12:11:00",
  "value" : "20"
},{
  "dateTime" : "02/12/17 12:19:00",
  "value" : "10"
},{
  "dateTime" : "02/12/17 16:23:00",
  "value" : "10"
},{
  "dateTime" : "02/12/17 21:24:00",
  "value" : "10"
},{
  "dateTime" : "02/13/17 07:47:00",
  "value" : "20"
},{
  "dateTime" : "02/13/17 08:22:00",
  "value" : "10"
},{
  "dateTime" : "02/13/17 08:40:00",
  "value" : "10"
},{
  "dateTime" : "02/13/17 08:41:00",
  "value" : "10"
},{
  "dateTime" : "02/13/17 08:48:00",
  "value" : "10"
},{
  "dateTime" : "02/13/17 08:49:00",
  "value" : "10"
},{
  "dateTime" : "02/13/17 08:55:00",
  "value" : "10"
},{
  "dateTime" : "02/13/17 13:22:00",
  "value" : "10"
},{
  "dateTime" : "02/13/17 13:23:00",
  "value" : "10"
},{
  "dateTime" : "02/13/17 13:24:00",
  "value" : "10"
},{
  "dateTime" : "02/13/17 13:37:00",
  "value" : "20"
},{
  "dateTime" : "02/13/17 13:38:00",
  "value" : "20"
},{
  "dateTime" : "02/13/17 17:59:00",
  "value" : "20"
},{
  "dateTime" : "02/13/17 18:00:00",
  "value" : "10"
},{
  "dateTime" : "02/13/17 18:01:00",
  "value" : "10"
},{
  "dateTime" : "02/13/17 18:02:00",
  "value" : "10"
},{
  "dateTime" : "02/13/17 18:18:00",
  "value" : "20"
},{
  "dateTime" : "02/13/17 18:19:00",
  "value" : "10"
},{
  "dateTime" : "02/13/17 18:31:00",
  "value" : "10"
},{
  "dateTime" : "02/13/17 18:35:00",
  "value" : "10"
},{
  "dateTime" : "02/13/17 18:36:00",
  "value" : "20"
},{
  "dateTime" : "02/13/17 18:37:00",
  "value" : "10"
},{
  "dateTime" : "02/13/17 19:33:00",
  "value" : "10"
},{
  "dateTime" : "02/13/17 19:34:00",
  "value" : "10"
},{
  "dateTime" : "02/13/17 19:38:00",
  "value" : "10"
},{
  "dateTime" : "02/13/17 19:39:00",
  "value" : "20"
},{
  "dateTime" : "02/13/17 19:42:00",
  "value" : "10"
},{
  "dateTime" : "02/13/17 22:35:00",
  "value" : "10"
},{
  "dateTime" : "02/14/17 13:19:00",
  "value" : "10"
},{
  "dateTime" : "02/14/17 13:20:00",
  "value" : "20"
},{
  "dateTime" : "02/14/17 13:21:00",
  "value" : "10"
},{
  "dateTime" : "02/14/17 17:35:00",
  "value" : "10"
},{
  "dateTime" : "02/14/17 17:36:00",
  "value" : "10"
},{
  "dateTime" : "02/14/17 17:37:00",
  "value" : "20"
},{
  "dateTime" : "02/14/17 17:38:00",
  "value" : "10"
},{
  "dateTime" : "02/14/17 17:39:00",
  "value" : "10"
},{
  "dateTime" : "02/14/17 18:54:00",
  "value" : "10"
},{
  "dateTime" : "02/15/17 00:09:00",
  "value" : "10"
},{
  "dateTime" : "02/15/17 00:12:00",
  "value" : "10"
},{
  "dateTime" : "02/15/17 07:13:00",
  "value" : "10"
},{
  "dateTime" : "02/15/17 08:49:00",
  "value" : "10"
},{
  "dateTime" : "02/15/17 08:50:00",
  "value" : "10"
},{
  "dateTime" : "02/15/17 12:45:00",
  "value" : "10"
},{
  "dateTime" : "02/15/17 12:46:00",
  "value" : "20"
},{
  "dateTime" : "02/15/17 12:47:00",
  "value" : "10"
},{
  "dateTime" : "02/15/17 17:45:00",
  "value" : "20"
},{
  "dateTime" : "02/15/17 17:46:00",
  "value" : "10"
},{
  "dateTime" : "02/15/17 17:48:00",
  "value" : "10"
},{
  "dateTime" : "02/15/17 18:45:00",
  "value" : "10"
},{
  "dateTime" : "02/15/17 18:46:00",
  "value" : "10"
},{
  "dateTime" : "02/15/17 19:40:00",
  "value" : "10"
},{
  "dateTime" : "02/15/17 21:30:00",
  "value" : "10"
},{
  "dateTime" : "02/15/17 22:28:00",
  "value" : "10"
},{
  "dateTime" : "02/15/17 22:42:00",
  "value" : "10"
},{
  "dateTime" : "02/16/17 07:48:00",
  "value" : "10"
},{
  "dateTime" : "02/16/17 07:50:00",
  "value" : "10"
},{
  "dateTime" : "02/16/17 08:22:00",
  "value" : "20"
},{
  "dateTime" : "02/16/17 08:34:00",
  "value" : "10"
},{
  "dateTime" : "02/16/17 08:49:00",
  "value" : "20"
},{
  "dateTime" : "02/16/17 08:50:00",
  "value" : "10"
},{
  "dateTime" : "02/16/17 08:55:00",
  "value" : "20"
},{
  "dateTime" : "02/16/17 08:56:00",
  "value" : "20"
},{
  "dateTime" : "02/16/17 13:28:00",
  "value" : "10"
},{
  "dateTime" : "02/16/17 13:29:00",
  "value" : "10"
},{
  "dateTime" : "02/16/17 13:32:00",
  "value" : "10"
},{
  "dateTime" : "02/16/17 15:56:00",
  "value" : "10"
},{
  "dateTime" : "02/16/17 18:09:00",
  "value" : "20"
},{
  "dateTime" : "02/16/17 18:11:00",
  "value" : "20"
},{
  "dateTime" : "02/16/17 18:13:00",
  "value" : "10"
},{
  "dateTime" : "02/16/17 18:31:00",
  "value" : "10"
},{
  "dateTime" : "02/16/17 18:42:00",
  "value" : "10"
},{
  "dateTime" : "02/16/17 18:44:00",
  "value" : "10"
},{
  "dateTime" : "02/16/17 18:49:00",
  "value" : "10"
},{
  "dateTime" : "02/16/17 21:48:00",
  "value" : "10"
},{
  "dateTime" : "02/16/17 22:31:00",
  "value" : "10"
},{
  "dateTime" : "02/16/17 22:32:00",
  "value" : "10"
},{
  "dateTime" : "02/16/17 23:30:00",
  "value" : "10"
},{
  "dateTime" : "02/17/17 08:44:00",
  "value" : "10"
},{
  "dateTime" : "02/17/17 13:00:00",
  "value" : "10"
},{
  "dateTime" : "02/17/17 13:26:00",
  "value" : "10"
},{
  "dateTime" : "02/17/17 13:27:00",
  "value" : "10"
},{
  "dateTime" : "02/17/17 13:28:00",
  "value" : "10"
},{
  "dateTime" : "02/17/17 18:00:00",
  "value" : "10"
},{
  "dateTime" : "02/17/17 18:01:00",
  "value" : "10"
},{
  "dateTime" : "02/17/17 18:02:00",
  "value" : "10"
},{
  "dateTime" : "02/17/17 18:03:00",
  "value" : "10"
},{
  "dateTime" : "02/17/17 18:07:00",
  "value" : "10"
},{
  "dateTime" : "02/17/17 19:28:00",
  "value" : "10"
},{
  "dateTime" : "02/18/17 01:31:00",
  "value" : "10"
},{
  "dateTime" : "02/18/17 01:36:00",
  "value" : "10"
},{
  "dateTime" : "02/18/17 13:29:00",
  "value" : "10"
},{
  "dateTime" : "02/18/17 13:59:00",
  "value" : "10"
},{
  "dateTime" : "02/18/17 16:55:00",
  "value" : "10"
},{
  "dateTime" : "02/18/17 17:33:00",
  "value" : "10"
},{
  "dateTime" : "02/18/17 18:47:00",
  "value" : "10"
},{
  "dateTime" : "02/18/17 19:57:00",
  "value" : "10"
},{
  "dateTime" : "02/18/17 20:14:00",
  "value" : "10"
},{
  "dateTime" : "02/18/17 20:18:00",
  "value" : "10"
},{
  "dateTime" : "02/18/17 20:20:00",
  "value" : "10"
},{
  "dateTime" : "02/18/17 20:22:00",
  "value" : "10"
},{
  "dateTime" : "02/18/17 22:53:00",
  "value" : "10"
},{
  "dateTime" : "02/18/17 23:29:00",
  "value" : "20"
},{
  "dateTime" : "02/18/17 23:47:00",
  "value" : "10"
},{
  "dateTime" : "02/19/17 13:21:00",
  "value" : "10"
},{
  "dateTime" : "02/19/17 14:43:00",
  "value" : "10"
},{
  "dateTime" : "02/19/17 14:46:00",
  "value" : "10"
},{
  "dateTime" : "02/19/17 15:25:00",
  "value" : "10"
},{
  "dateTime" : "02/19/17 15:27:00",
  "value" : "10"
},{
  "dateTime" : "02/19/17 15:28:00",
  "value" : "20"
},{
  "dateTime" : "02/19/17 15:29:00",
  "value" : "20"
},{
  "dateTime" : "02/19/17 16:19:00",
  "value" : "10"
},{
  "dateTime" : "02/19/17 18:14:00",
  "value" : "10"
},{
  "dateTime" : "02/19/17 18:34:00",
  "value" : "10"
},{
  "dateTime" : "02/19/17 20:23:00",
  "value" : "10"
},{
  "dateTime" : "02/19/17 21:37:00",
  "value" : "10"
},{
  "dateTime" : "02/19/17 21:52:00",
  "value" : "10"
},{
  "dateTime" : "02/19/17 22:39:00",
  "value" : "10"
},{
  "dateTime" : "02/20/17 07:48:00",
  "value" : "10"
},{
  "dateTime" : "02/20/17 07:54:00",
  "value" : "20"
},{
  "dateTime" : "02/20/17 08:30:00",
  "value" : "20"
},{
  "dateTime" : "02/20/17 08:48:00",
  "value" : "10"
},{
  "dateTime" : "02/20/17 08:55:00",
  "value" : "20"
},{
  "dateTime" : "02/20/17 08:56:00",
  "value" : "20"
},{
  "dateTime" : "02/20/17 13:17:00",
  "value" : "10"
},{
  "dateTime" : "02/20/17 13:22:00",
  "value" : "10"
},{
  "dateTime" : "02/20/17 13:23:00",
  "value" : "10"
},{
  "dateTime" : "02/20/17 13:24:00",
  "value" : "10"
},{
  "dateTime" : "02/20/17 18:03:00",
  "value" : "10"
},{
  "dateTime" : "02/20/17 18:32:00",
  "value" : "10"
},{
  "dateTime" : "02/20/17 18:34:00",
  "value" : "10"
},{
  "dateTime" : "02/20/17 18:35:00",
  "value" : "20"
},{
  "dateTime" : "02/20/17 18:36:00",
  "value" : "10"
},{
  "dateTime" : "02/20/17 18:37:00",
  "value" : "10"
},{
  "dateTime" : "02/20/17 21:07:00",
  "value" : "10"
},{
  "dateTime" : "02/21/17 07:25:00",
  "value" : "10"
},{
  "dateTime" : "02/21/17 07:35:00",
  "value" : "10"
},{
  "dateTime" : "02/21/17 07:36:00",
  "value" : "0"
},{
  "dateTime" : "02/21/17 07:46:00",
  "value" : "10"
},{
  "dateTime" : "02/21/17 07:48:00",
  "value" : "10"
},{
  "dateTime" : "02/21/17 07:49:00",
  "value" : "20"
},{
  "dateTime" : "02/21/17 07:51:00",
  "value" : "10"
},{
  "dateTime" : "02/21/17 08:00:00",
  "value" : "20"
},{
  "dateTime" : "02/21/17 08:03:00",
  "value" : "10"
},{
  "dateTime" : "02/21/17 08:06:00",
  "value" : "10"
},{
  "dateTime" : "02/21/17 08:11:00",
  "value" : "10"
},{
  "dateTime" : "02/21/17 08:22:00",
  "value" : "10"
},{
  "dateTime" : "02/21/17 08:23:00",
  "value" : "10"
},{
  "dateTime" : "02/21/17 08:25:00",
  "value" : "10"
},{
  "dateTime" : "02/21/17 08:28:00",
  "value" : "10"
},{
  "dateTime" : "02/21/17 08:29:00",
  "value" : "20"
},{
  "dateTime" : "02/21/17 08:30:00",
  "value" : "30"
},{
  "dateTime" : "02/21/17 08:31:00",
  "value" : "40"
},{
  "dateTime" : "02/21/17 08:32:00",
  "value" : "10"
},{
  "dateTime" : "02/21/17 08:33:00",
  "value" : "0"
},{
  "dateTime" : "02/21/17 08:56:00",
  "value" : "20"
},{
  "dateTime" : "02/21/17 13:06:00",
  "value" : "10"
},{
  "dateTime" : "02/21/17 13:24:00",
  "value" : "10"
},{
  "dateTime" : "02/21/17 13:26:00",
  "value" : "10"
},{
  "dateTime" : "02/21/17 14:06:00",
  "value" : "10"
},{
  "dateTime" : "02/21/17 14:08:00",
  "value" : "10"
},{
  "dateTime" : "02/21/17 14:09:00",
  "value" : "10"
},{
  "dateTime" : "02/21/17 14:10:00",
  "value" : "20"
},{
  "dateTime" : "02/21/17 17:55:00",
  "value" : "0"
},{
  "dateTime" : "02/21/17 18:06:00",
  "value" : "10"
},{
  "dateTime" : "02/21/17 18:07:00",
  "value" : "20"
},{
  "dateTime" : "02/21/17 18:08:00",
  "value" : "10"
},{
  "dateTime" : "02/21/17 18:12:00",
  "value" : "10"
},{
  "dateTime" : "02/21/17 18:13:00",
  "value" : "30"
},{
  "dateTime" : "02/21/17 18:15:00",
  "value" : "20"
},{
  "dateTime" : "02/21/17 18:16:00",
  "value" : "10"
},{
  "dateTime" : "02/21/17 18:21:00",
  "value" : "10"
},{
  "dateTime" : "02/21/17 18:22:00",
  "value" : "10"
},{
  "dateTime" : "02/21/17 18:34:00",
  "value" : "10"
},{
  "dateTime" : "02/21/17 18:38:00",
  "value" : "20"
},{
  "dateTime" : "02/21/17 18:39:00",
  "value" : "10"
},{
  "dateTime" : "02/21/17 18:41:00",
  "value" : "10"
},{
  "dateTime" : "02/21/17 18:44:00",
  "value" : "10"
},{
  "dateTime" : "02/21/17 18:52:00",
  "value" : "10"
},{
  "dateTime" : "02/21/17 18:53:00",
  "value" : "20"
},{
  "dateTime" : "02/21/17 18:54:00",
  "value" : "10"
},{
  "dateTime" : "02/21/17 18:57:00",
  "value" : "10"
},{
  "dateTime" : "02/21/17 21:37:00",
  "value" : "10"
},{
  "dateTime" : "02/22/17 07:10:00",
  "value" : "10"
},{
  "dateTime" : "02/22/17 07:27:00",
  "value" : "10"
},{
  "dateTime" : "02/22/17 07:33:00",
  "value" : "0"
},{
  "dateTime" : "02/22/17 07:34:00",
  "value" : "10"
},{
  "dateTime" : "02/22/17 07:43:00",
  "value" : "10"
},{
  "dateTime" : "02/22/17 07:47:00",
  "value" : "10"
},{
  "dateTime" : "02/22/17 07:50:00",
  "value" : "10"
},{
  "dateTime" : "02/22/17 07:58:00",
  "value" : "10"
},{
  "dateTime" : "02/22/17 07:59:00",
  "value" : "10"
},{
  "dateTime" : "02/22/17 08:02:00",
  "value" : "10"
},{
  "dateTime" : "02/22/17 08:07:00",
  "value" : "10"
},{
  "dateTime" : "02/22/17 08:18:00",
  "value" : "30"
},{
  "dateTime" : "02/22/17 08:19:00",
  "value" : "20"
},{
  "dateTime" : "02/22/17 08:20:00",
  "value" : "10"
},{
  "dateTime" : "02/22/17 08:24:00",
  "value" : "20"
},{
  "dateTime" : "02/22/17 08:26:00",
  "value" : "50"
},{
  "dateTime" : "02/22/17 08:27:00",
  "value" : "50"
},{
  "dateTime" : "02/22/17 08:28:00",
  "value" : "20"
},{
  "dateTime" : "02/22/17 08:29:00",
  "value" : "0"
},{
  "dateTime" : "02/22/17 08:49:00",
  "value" : "10"
},{
  "dateTime" : "02/22/17 08:50:00",
  "value" : "10"
},{
  "dateTime" : "02/22/17 13:08:00",
  "value" : "10"
},{
  "dateTime" : "02/22/17 13:21:00",
  "value" : "10"
},{
  "dateTime" : "02/22/17 13:22:00",
  "value" : "10"
},{
  "dateTime" : "02/22/17 13:23:00",
  "value" : "20"
},{
  "dateTime" : "02/22/17 17:41:00",
  "value" : "0"
},{
  "dateTime" : "02/22/17 17:46:00",
  "value" : "10"
},{
  "dateTime" : "02/22/17 17:53:00",
  "value" : "10"
},{
  "dateTime" : "02/22/17 17:55:00",
  "value" : "10"
},{
  "dateTime" : "02/22/17 17:56:00",
  "value" : "20"
},{
  "dateTime" : "02/22/17 17:58:00",
  "value" : "20"
},{
  "dateTime" : "02/22/17 17:59:00",
  "value" : "10"
},{
  "dateTime" : "02/22/17 18:04:00",
  "value" : "10"
},{
  "dateTime" : "02/22/17 18:05:00",
  "value" : "10"
},{
  "dateTime" : "02/22/17 18:09:00",
  "value" : "10"
},{
  "dateTime" : "02/22/17 18:12:00",
  "value" : "10"
},{
  "dateTime" : "02/22/17 18:14:00",
  "value" : "10"
},{
  "dateTime" : "02/22/17 18:15:00",
  "value" : "10"
},{
  "dateTime" : "02/22/17 18:20:00",
  "value" : "20"
},{
  "dateTime" : "02/22/17 18:21:00",
  "value" : "10"
},{
  "dateTime" : "02/22/17 18:24:00",
  "value" : "10"
},{
  "dateTime" : "02/22/17 18:25:00",
  "value" : "10"
},{
  "dateTime" : "02/22/17 18:26:00",
  "value" : "10"
},{
  "dateTime" : "02/22/17 18:28:00",
  "value" : "10"
},{
  "dateTime" : "02/22/17 18:29:00",
  "value" : "30"
},{
  "dateTime" : "02/22/17 18:30:00",
  "value" : "10"
},{
  "dateTime" : "02/22/17 18:31:00",
  "value" : "20"
},{
  "dateTime" : "02/22/17 18:32:00",
  "value" : "10"
},{
  "dateTime" : "02/22/17 18:34:00",
  "value" : "10"
},{
  "dateTime" : "02/22/17 18:35:00",
  "value" : "10"
},{
  "dateTime" : "02/22/17 18:56:00",
  "value" : "10"
},{
  "dateTime" : "02/22/17 20:05:00",
  "value" : "20"
},{
  "dateTime" : "02/22/17 20:10:00",
  "value" : "10"
},{
  "dateTime" : "02/22/17 20:11:00",
  "value" : "10"
},{
  "dateTime" : "02/22/17 20:12:00",
  "value" : "10"
},{
  "dateTime" : "02/22/17 20:13:00",
  "value" : "10"
},{
  "dateTime" : "02/23/17 07:28:00",
  "value" : "10"
},{
  "dateTime" : "02/23/17 07:38:00",
  "value" : "10"
},{
  "dateTime" : "02/23/17 07:50:00",
  "value" : "10"
},{
  "dateTime" : "02/23/17 08:15:00",
  "value" : "10"
},{
  "dateTime" : "02/23/17 08:43:00",
  "value" : "10"
},{
  "dateTime" : "02/23/17 08:50:00",
  "value" : "10"
},{
  "dateTime" : "02/23/17 08:51:00",
  "value" : "30"
},{
  "dateTime" : "02/23/17 08:52:00",
  "value" : "30"
},{
  "dateTime" : "02/23/17 13:25:00",
  "value" : "20"
},{
  "dateTime" : "02/23/17 13:26:00",
  "value" : "20"
},{
  "dateTime" : "02/23/17 17:44:00",
  "value" : "10"
},{
  "dateTime" : "02/23/17 17:45:00",
  "value" : "20"
},{
  "dateTime" : "02/23/17 17:48:00",
  "value" : "10"
},{
  "dateTime" : "02/23/17 18:03:00",
  "value" : "10"
},{
  "dateTime" : "02/23/17 18:51:00",
  "value" : "10"
},{
  "dateTime" : "02/23/17 18:53:00",
  "value" : "10"
},{
  "dateTime" : "02/23/17 18:57:00",
  "value" : "10"
},{
  "dateTime" : "02/23/17 19:45:00",
  "value" : "20"
},{
  "dateTime" : "02/23/17 19:52:00",
  "value" : "0"
},{
  "dateTime" : "02/23/17 19:57:00",
  "value" : "10"
},{
  "dateTime" : "02/23/17 20:00:00",
  "value" : "30"
},{
  "dateTime" : "02/23/17 20:01:00",
  "value" : "10"
},{
  "dateTime" : "02/23/17 20:02:00",
  "value" : "10"
},{
  "dateTime" : "02/23/17 20:03:00",
  "value" : "20"
},{
  "dateTime" : "02/23/17 20:07:00",
  "value" : "10"
},{
  "dateTime" : "02/23/17 20:10:00",
  "value" : "10"
},{
  "dateTime" : "02/23/17 20:11:00",
  "value" : "10"
},{
  "dateTime" : "02/23/17 20:15:00",
  "value" : "30"
},{
  "dateTime" : "02/23/17 20:16:00",
  "value" : "10"
},{
  "dateTime" : "02/23/17 20:17:00",
  "value" : "10"
},{
  "dateTime" : "02/23/17 20:23:00",
  "value" : "10"
},{
  "dateTime" : "02/23/17 20:26:00",
  "value" : "20"
},{
  "dateTime" : "02/23/17 20:27:00",
  "value" : "10"
},{
  "dateTime" : "02/23/17 20:28:00",
  "value" : "10"
},{
  "dateTime" : "02/23/17 20:29:00",
  "value" : "10"
},{
  "dateTime" : "02/23/17 20:37:00",
  "value" : "10"
},{
  "dateTime" : "02/23/17 20:42:00",
  "value" : "10"
},{
  "dateTime" : "02/23/17 20:45:00",
  "value" : "10"
},{
  "dateTime" : "02/23/17 20:47:00",
  "value" : "20"
},{
  "dateTime" : "02/23/17 20:48:00",
  "value" : "10"
},{
  "dateTime" : "02/23/17 20:51:00",
  "value" : "20"
},{
  "dateTime" : "02/23/17 20:59:00",
  "value" : "10"
},{
  "dateTime" : "02/23/17 21:05:00",
  "value" : "20"
},{
  "dateTime" : "02/23/17 21:06:00",
  "value" : "10"
},{
  "dateTime" : "02/23/17 21:08:00",
  "value" : "0"
},{
  "dateTime" : "02/23/17 21:12:00",
  "value" : "10"
},{
  "dateTime" : "02/23/17 21:21:00",
  "value" : "10"
},{
  "dateTime" : "02/23/17 21:24:00",
  "value" : "10"
},{
  "dateTime" : "02/24/17 07:16:00",
  "value" : "10"
},{
  "dateTime" : "02/24/17 07:34:00",
  "value" : "10"
},{
  "dateTime" : "02/24/17 08:38:00",
  "value" : "10"
},{
  "dateTime" : "02/24/17 08:42:00",
  "value" : "20"
},{
  "dateTime" : "02/24/17 13:23:00",
  "value" : "10"
},{
  "dateTime" : "02/24/17 13:24:00",
  "value" : "20"
},{
  "dateTime" : "02/24/17 14:15:00",
  "value" : "10"
},{
  "dateTime" : "02/24/17 18:01:00",
  "value" : "10"
},{
  "dateTime" : "02/24/17 18:02:00",
  "value" : "20"
},{
  "dateTime" : "02/24/17 18:03:00",
  "value" : "10"
},{
  "dateTime" : "02/24/17 18:05:00",
  "value" : "10"
},{
  "dateTime" : "02/24/17 18:39:00",
  "value" : "10"
},{
  "dateTime" : "02/24/17 18:48:00",
  "value" : "10"
},{
  "dateTime" : "02/25/17 10:06:00",
  "value" : "10"
},{
  "dateTime" : "02/25/17 10:07:00",
  "value" : "10"
},{
  "dateTime" : "02/25/17 10:32:00",
  "value" : "10"
},{
  "dateTime" : "02/25/17 10:34:00",
  "value" : "10"
},{
  "dateTime" : "02/25/17 11:04:00",
  "value" : "10"
},{
  "dateTime" : "02/25/17 11:05:00",
  "value" : "10"
},{
  "dateTime" : "02/25/17 11:30:00",
  "value" : "20"
},{
  "dateTime" : "02/25/17 11:31:00",
  "value" : "20"
},{
  "dateTime" : "02/25/17 11:32:00",
  "value" : "20"
},{
  "dateTime" : "02/25/17 11:37:00",
  "value" : "20"
},{
  "dateTime" : "02/25/17 11:38:00",
  "value" : "10"
},{
  "dateTime" : "02/25/17 14:39:00",
  "value" : "10"
},{
  "dateTime" : "02/25/17 15:15:00",
  "value" : "10"
},{
  "dateTime" : "02/25/17 15:16:00",
  "value" : "10"
},{
  "dateTime" : "02/25/17 15:22:00",
  "value" : "10"
},{
  "dateTime" : "02/25/17 15:41:00",
  "value" : "10"
},{
  "dateTime" : "02/25/17 16:49:00",
  "value" : "10"
},{
  "dateTime" : "02/25/17 17:57:00",
  "value" : "10"
},{
  "dateTime" : "02/25/17 17:58:00",
  "value" : "10"
},{
  "dateTime" : "02/25/17 19:46:00",
  "value" : "10"
},{
  "dateTime" : "02/25/17 20:01:00",
  "value" : "10"
},{
  "dateTime" : "02/25/17 21:19:00",
  "value" : "10"
},{
  "dateTime" : "02/25/17 21:25:00",
  "value" : "10"
},{
  "dateTime" : "02/25/17 21:26:00",
  "value" : "10"
},{
  "dateTime" : "02/25/17 22:31:00",
  "value" : "10"
},{
  "dateTime" : "02/25/17 23:29:00",
  "value" : "10"
},{
  "dateTime" : "02/26/17 10:21:00",
  "value" : "10"
},{
  "dateTime" : "02/26/17 13:55:00",
  "value" : "10"
},{
  "dateTime" : "02/26/17 14:45:00",
  "value" : "10"
},{
  "dateTime" : "02/26/17 17:02:00",
  "value" : "10"
},{
  "dateTime" : "02/26/17 17:32:00",
  "value" : "10"
},{
  "dateTime" : "02/26/17 18:15:00",
  "value" : "10"
},{
  "dateTime" : "02/26/17 18:18:00",
  "value" : "10"
},{
  "dateTime" : "02/26/17 18:20:00",
  "value" : "10"
},{
  "dateTime" : "02/26/17 23:53:00",
  "value" : "10"
},{
  "dateTime" : "02/27/17 00:01:00",
  "value" : "10"
},{
  "dateTime" : "02/27/17 07:03:00",
  "value" : "10"
},{
  "dateTime" : "02/27/17 07:22:00",
  "value" : "10"
},{
  "dateTime" : "02/27/17 07:30:00",
  "value" : "10"
},{
  "dateTime" : "02/27/17 07:51:00",
  "value" : "10"
},{
  "dateTime" : "02/27/17 08:27:00",
  "value" : "10"
},{
  "dateTime" : "02/27/17 08:42:00",
  "value" : "10"
},{
  "dateTime" : "02/27/17 08:49:00",
  "value" : "10"
},{
  "dateTime" : "02/27/17 08:50:00",
  "value" : "10"
},{
  "dateTime" : "02/27/17 08:56:00",
  "value" : "10"
},{
  "dateTime" : "02/27/17 08:57:00",
  "value" : "10"
},{
  "dateTime" : "02/27/17 13:12:00",
  "value" : "10"
},{
  "dateTime" : "02/27/17 13:25:00",
  "value" : "10"
},{
  "dateTime" : "02/27/17 13:37:00",
  "value" : "10"
},{
  "dateTime" : "02/27/17 13:38:00",
  "value" : "10"
},{
  "dateTime" : "02/27/17 13:39:00",
  "value" : "10"
},{
  "dateTime" : "02/27/17 13:40:00",
  "value" : "10"
},{
  "dateTime" : "02/27/17 13:41:00",
  "value" : "10"
},{
  "dateTime" : "02/27/17 14:09:00",
  "value" : "10"
},{
  "dateTime" : "02/27/17 14:38:00",
  "value" : "10"
},{
  "dateTime" : "02/27/17 14:43:00",
  "value" : "10"
},{
  "dateTime" : "02/27/17 14:44:00",
  "value" : "10"
},{
  "dateTime" : "02/27/17 14:45:00",
  "value" : "10"
},{
  "dateTime" : "02/27/17 14:46:00",
  "value" : "10"
},{
  "dateTime" : "02/27/17 14:47:00",
  "value" : "10"
},{
  "dateTime" : "02/27/17 14:52:00",
  "value" : "10"
},{
  "dateTime" : "02/27/17 16:06:00",
  "value" : "10"
},{
  "dateTime" : "02/27/17 16:10:00",
  "value" : "10"
},{
  "dateTime" : "02/27/17 16:11:00",
  "value" : "20"
},{
  "dateTime" : "02/27/17 16:15:00",
  "value" : "10"
},{
  "dateTime" : "02/27/17 16:58:00",
  "value" : "10"
},{
  "dateTime" : "02/27/17 17:21:00",
  "value" : "10"
},{
  "dateTime" : "02/27/17 18:02:00",
  "value" : "10"
},{
  "dateTime" : "02/27/17 18:03:00",
  "value" : "10"
},{
  "dateTime" : "02/27/17 18:08:00",
  "value" : "10"
},{
  "dateTime" : "02/27/17 18:09:00",
  "value" : "10"
},{
  "dateTime" : "02/27/17 18:16:00",
  "value" : "10"
},{
  "dateTime" : "02/27/17 23:17:00",
  "value" : "10"
}]