[{
  "dateTime" : "01/05/16 08:15:00",
  "value" : "40"
},{
  "dateTime" : "01/05/16 08:41:00",
  "value" : "20"
},{
  "dateTime" : "01/05/16 09:15:00",
  "value" : "10"
},{
  "dateTime" : "01/05/16 09:16:00",
  "value" : "10"
},{
  "dateTime" : "01/05/16 09:17:00",
  "value" : "10"
},{
  "dateTime" : "01/05/16 09:22:00",
  "value" : "10"
},{
  "dateTime" : "01/05/16 09:58:00",
  "value" : "10"
},{
  "dateTime" : "01/05/16 10:16:00",
  "value" : "10"
},{
  "dateTime" : "01/05/16 10:17:00",
  "value" : "10"
},{
  "dateTime" : "01/05/16 10:19:00",
  "value" : "10"
},{
  "dateTime" : "01/05/16 10:52:00",
  "value" : "10"
},{
  "dateTime" : "01/05/16 11:02:00",
  "value" : "20"
},{
  "dateTime" : "01/05/16 11:15:00",
  "value" : "10"
},{
  "dateTime" : "01/05/16 11:21:00",
  "value" : "10"
},{
  "dateTime" : "01/05/16 11:24:00",
  "value" : "10"
},{
  "dateTime" : "01/05/16 11:51:00",
  "value" : "10"
},{
  "dateTime" : "01/05/16 11:55:00",
  "value" : "20"
},{
  "dateTime" : "01/05/16 13:40:00",
  "value" : "10"
},{
  "dateTime" : "01/05/16 13:46:00",
  "value" : "10"
},{
  "dateTime" : "01/05/16 14:31:00",
  "value" : "10"
},{
  "dateTime" : "01/05/16 15:13:00",
  "value" : "10"
},{
  "dateTime" : "01/05/16 15:15:00",
  "value" : "10"
},{
  "dateTime" : "01/05/16 15:25:00",
  "value" : "10"
},{
  "dateTime" : "01/05/16 15:28:00",
  "value" : "10"
},{
  "dateTime" : "01/05/16 16:27:00",
  "value" : "10"
},{
  "dateTime" : "01/05/16 16:28:00",
  "value" : "10"
},{
  "dateTime" : "01/05/16 16:38:00",
  "value" : "20"
},{
  "dateTime" : "01/05/16 16:39:00",
  "value" : "10"
},{
  "dateTime" : "01/05/16 17:41:00",
  "value" : "10"
},{
  "dateTime" : "01/06/16 11:53:00",
  "value" : "10"
},{
  "dateTime" : "01/06/16 12:13:00",
  "value" : "10"
},{
  "dateTime" : "01/06/16 15:36:00",
  "value" : "20"
},{
  "dateTime" : "01/06/16 16:06:00",
  "value" : "10"
},{
  "dateTime" : "01/06/16 16:07:00",
  "value" : "10"
},{
  "dateTime" : "01/06/16 17:12:00",
  "value" : "10"
},{
  "dateTime" : "01/06/16 17:18:00",
  "value" : "10"
},{
  "dateTime" : "01/06/16 17:28:00",
  "value" : "10"
},{
  "dateTime" : "01/06/16 17:29:00",
  "value" : "10"
},{
  "dateTime" : "01/06/16 17:31:00",
  "value" : "20"
},{
  "dateTime" : "01/06/16 17:32:00",
  "value" : "30"
},{
  "dateTime" : "01/06/16 17:34:00",
  "value" : "20"
},{
  "dateTime" : "01/06/16 17:35:00",
  "value" : "10"
},{
  "dateTime" : "01/06/16 17:37:00",
  "value" : "10"
},{
  "dateTime" : "01/06/16 17:39:00",
  "value" : "40"
},{
  "dateTime" : "01/06/16 17:40:00",
  "value" : "30"
},{
  "dateTime" : "01/06/16 17:41:00",
  "value" : "0"
},{
  "dateTime" : "01/06/16 17:42:00",
  "value" : "20"
},{
  "dateTime" : "01/06/16 17:43:00",
  "value" : "20"
},{
  "dateTime" : "01/06/16 17:51:00",
  "value" : "0"
},{
  "dateTime" : "01/06/16 17:52:00",
  "value" : "10"
},{
  "dateTime" : "01/06/16 17:56:00",
  "value" : "10"
},{
  "dateTime" : "01/06/16 17:57:00",
  "value" : "30"
},{
  "dateTime" : "01/06/16 17:58:00",
  "value" : "0"
},{
  "dateTime" : "01/06/16 18:02:00",
  "value" : "10"
},{
  "dateTime" : "01/06/16 18:06:00",
  "value" : "10"
},{
  "dateTime" : "01/06/16 18:07:00",
  "value" : "10"
},{
  "dateTime" : "01/06/16 18:15:00",
  "value" : "0"
},{
  "dateTime" : "01/06/16 18:40:00",
  "value" : "0"
},{
  "dateTime" : "01/06/16 18:41:00",
  "value" : "0"
},{
  "dateTime" : "01/06/16 18:43:00",
  "value" : "10"
},{
  "dateTime" : "01/06/16 18:44:00",
  "value" : "20"
},{
  "dateTime" : "01/06/16 18:46:00",
  "value" : "10"
},{
  "dateTime" : "01/06/16 18:47:00",
  "value" : "30"
},{
  "dateTime" : "01/06/16 18:48:00",
  "value" : "70"
},{
  "dateTime" : "01/06/16 18:49:00",
  "value" : "30"
},{
  "dateTime" : "01/06/16 18:50:00",
  "value" : "30"
},{
  "dateTime" : "01/06/16 18:51:00",
  "value" : "70"
},{
  "dateTime" : "01/06/16 18:52:00",
  "value" : "30"
},{
  "dateTime" : "01/06/16 18:53:00",
  "value" : "20"
},{
  "dateTime" : "01/06/16 18:56:00",
  "value" : "0"
},{
  "dateTime" : "01/06/16 18:57:00",
  "value" : "10"
},{
  "dateTime" : "01/06/16 19:02:00",
  "value" : "10"
},{
  "dateTime" : "01/06/16 19:04:00",
  "value" : "10"
},{
  "dateTime" : "01/06/16 19:05:00",
  "value" : "30"
},{
  "dateTime" : "01/06/16 19:06:00",
  "value" : "0"
},{
  "dateTime" : "01/06/16 19:07:00",
  "value" : "10"
},{
  "dateTime" : "01/07/16 09:12:00",
  "value" : "20"
},{
  "dateTime" : "01/07/16 09:18:00",
  "value" : "10"
},{
  "dateTime" : "01/07/16 09:19:00",
  "value" : "10"
},{
  "dateTime" : "01/07/16 09:22:00",
  "value" : "20"
},{
  "dateTime" : "01/07/16 09:24:00",
  "value" : "10"
},{
  "dateTime" : "01/07/16 09:29:00",
  "value" : "10"
},{
  "dateTime" : "01/07/16 09:51:00",
  "value" : "10"
},{
  "dateTime" : "01/07/16 09:52:00",
  "value" : "10"
},{
  "dateTime" : "01/07/16 09:53:00",
  "value" : "20"
},{
  "dateTime" : "01/07/16 09:54:00",
  "value" : "30"
},{
  "dateTime" : "01/07/16 09:55:00",
  "value" : "50"
},{
  "dateTime" : "01/07/16 09:56:00",
  "value" : "30"
},{
  "dateTime" : "01/07/16 09:57:00",
  "value" : "20"
},{
  "dateTime" : "01/07/16 10:00:00",
  "value" : "20"
},{
  "dateTime" : "01/07/16 10:01:00",
  "value" : "10"
},{
  "dateTime" : "01/07/16 10:02:00",
  "value" : "10"
},{
  "dateTime" : "01/07/16 10:03:00",
  "value" : "10"
},{
  "dateTime" : "01/07/16 10:12:00",
  "value" : "20"
},{
  "dateTime" : "01/07/16 10:13:00",
  "value" : "10"
},{
  "dateTime" : "01/07/16 10:15:00",
  "value" : "10"
},{
  "dateTime" : "01/07/16 10:28:00",
  "value" : "10"
},{
  "dateTime" : "01/07/16 10:35:00",
  "value" : "10"
},{
  "dateTime" : "01/07/16 10:36:00",
  "value" : "10"
},{
  "dateTime" : "01/07/16 10:44:00",
  "value" : "10"
},{
  "dateTime" : "01/07/16 10:45:00",
  "value" : "30"
},{
  "dateTime" : "01/07/16 10:46:00",
  "value" : "30"
},{
  "dateTime" : "01/07/16 10:47:00",
  "value" : "10"
},{
  "dateTime" : "01/07/16 10:50:00",
  "value" : "10"
},{
  "dateTime" : "01/07/16 10:54:00",
  "value" : "20"
},{
  "dateTime" : "01/07/16 11:33:00",
  "value" : "30"
},{
  "dateTime" : "01/07/16 12:03:00",
  "value" : "10"
},{
  "dateTime" : "01/07/16 12:10:00",
  "value" : "10"
},{
  "dateTime" : "01/07/16 13:17:00",
  "value" : "10"
},{
  "dateTime" : "01/07/16 13:34:00",
  "value" : "10"
},{
  "dateTime" : "01/07/16 13:35:00",
  "value" : "10"
},{
  "dateTime" : "01/07/16 13:38:00",
  "value" : "10"
},{
  "dateTime" : "01/07/16 13:39:00",
  "value" : "40"
},{
  "dateTime" : "01/07/16 14:04:00",
  "value" : "10"
},{
  "dateTime" : "01/07/16 14:05:00",
  "value" : "20"
},{
  "dateTime" : "01/07/16 14:11:00",
  "value" : "10"
},{
  "dateTime" : "01/07/16 14:16:00",
  "value" : "10"
},{
  "dateTime" : "01/07/16 14:17:00",
  "value" : "30"
},{
  "dateTime" : "01/08/16 09:50:00",
  "value" : "10"
},{
  "dateTime" : "01/08/16 09:51:00",
  "value" : "40"
},{
  "dateTime" : "01/08/16 09:52:00",
  "value" : "10"
},{
  "dateTime" : "01/08/16 10:00:00",
  "value" : "10"
},{
  "dateTime" : "01/08/16 10:11:00",
  "value" : "30"
},{
  "dateTime" : "01/08/16 10:12:00",
  "value" : "30"
},{
  "dateTime" : "01/08/16 10:15:00",
  "value" : "10"
},{
  "dateTime" : "01/08/16 12:33:00",
  "value" : "10"
},{
  "dateTime" : "01/08/16 12:35:00",
  "value" : "10"
},{
  "dateTime" : "01/08/16 12:43:00",
  "value" : "10"
},{
  "dateTime" : "01/08/16 12:48:00",
  "value" : "20"
},{
  "dateTime" : "01/08/16 12:51:00",
  "value" : "10"
},{
  "dateTime" : "01/08/16 13:24:00",
  "value" : "50"
},{
  "dateTime" : "01/08/16 14:05:00",
  "value" : "10"
},{
  "dateTime" : "01/08/16 14:15:00",
  "value" : "10"
},{
  "dateTime" : "01/08/16 14:16:00",
  "value" : "10"
},{
  "dateTime" : "01/08/16 14:27:00",
  "value" : "10"
},{
  "dateTime" : "01/08/16 14:34:00",
  "value" : "10"
},{
  "dateTime" : "01/08/16 14:41:00",
  "value" : "10"
},{
  "dateTime" : "01/08/16 14:47:00",
  "value" : "20"
},{
  "dateTime" : "01/08/16 14:48:00",
  "value" : "30"
},{
  "dateTime" : "01/08/16 14:55:00",
  "value" : "10"
},{
  "dateTime" : "01/08/16 14:59:00",
  "value" : "10"
},{
  "dateTime" : "01/08/16 15:00:00",
  "value" : "10"
},{
  "dateTime" : "01/08/16 15:12:00",
  "value" : "10"
},{
  "dateTime" : "01/08/16 15:42:00",
  "value" : "10"
},{
  "dateTime" : "01/08/16 16:09:00",
  "value" : "10"
},{
  "dateTime" : "01/08/16 16:34:00",
  "value" : "10"
},{
  "dateTime" : "01/08/16 16:41:00",
  "value" : "10"
},{
  "dateTime" : "01/08/16 16:42:00",
  "value" : "20"
},{
  "dateTime" : "01/08/16 16:43:00",
  "value" : "20"
},{
  "dateTime" : "01/08/16 16:44:00",
  "value" : "10"
},{
  "dateTime" : "01/08/16 23:14:00",
  "value" : "10"
},{
  "dateTime" : "01/09/16 08:39:00",
  "value" : "0"
},{
  "dateTime" : "01/09/16 08:40:00",
  "value" : "0"
},{
  "dateTime" : "01/09/16 08:44:00",
  "value" : "0"
},{
  "dateTime" : "01/09/16 08:45:00",
  "value" : "10"
},{
  "dateTime" : "01/09/16 08:46:00",
  "value" : "10"
},{
  "dateTime" : "01/09/16 08:47:00",
  "value" : "10"
},{
  "dateTime" : "01/09/16 08:48:00",
  "value" : "0"
},{
  "dateTime" : "01/09/16 08:52:00",
  "value" : "0"
},{
  "dateTime" : "01/09/16 08:53:00",
  "value" : "10"
},{
  "dateTime" : "01/09/16 08:56:00",
  "value" : "0"
},{
  "dateTime" : "01/09/16 09:00:00",
  "value" : "10"
},{
  "dateTime" : "01/09/16 09:01:00",
  "value" : "50"
},{
  "dateTime" : "01/09/16 09:02:00",
  "value" : "0"
},{
  "dateTime" : "01/09/16 09:05:00",
  "value" : "0"
},{
  "dateTime" : "01/09/16 09:06:00",
  "value" : "0"
},{
  "dateTime" : "01/09/16 12:15:00",
  "value" : "10"
},{
  "dateTime" : "01/09/16 17:52:00",
  "value" : "10"
},{
  "dateTime" : "01/09/16 22:19:00",
  "value" : "20"
},{
  "dateTime" : "01/09/16 22:36:00",
  "value" : "10"
},{
  "dateTime" : "01/09/16 22:37:00",
  "value" : "20"
},{
  "dateTime" : "01/10/16 11:52:00",
  "value" : "0"
},{
  "dateTime" : "01/10/16 11:53:00",
  "value" : "0"
},{
  "dateTime" : "01/10/16 11:57:00",
  "value" : "0"
},{
  "dateTime" : "01/10/16 12:00:00",
  "value" : "20"
},{
  "dateTime" : "01/10/16 12:01:00",
  "value" : "10"
},{
  "dateTime" : "01/10/16 12:02:00",
  "value" : "20"
},{
  "dateTime" : "01/10/16 12:04:00",
  "value" : "10"
},{
  "dateTime" : "01/10/16 12:05:00",
  "value" : "60"
},{
  "dateTime" : "01/10/16 12:06:00",
  "value" : "50"
},{
  "dateTime" : "01/10/16 12:07:00",
  "value" : "60"
},{
  "dateTime" : "01/10/16 12:08:00",
  "value" : "40"
},{
  "dateTime" : "01/10/16 12:09:00",
  "value" : "20"
},{
  "dateTime" : "01/10/16 12:10:00",
  "value" : "0"
},{
  "dateTime" : "01/10/16 12:14:00",
  "value" : "0"
},{
  "dateTime" : "01/10/16 12:17:00",
  "value" : "10"
},{
  "dateTime" : "01/10/16 12:18:00",
  "value" : "0"
},{
  "dateTime" : "01/10/16 12:19:00",
  "value" : "0"
},{
  "dateTime" : "01/10/16 12:22:00",
  "value" : "20"
},{
  "dateTime" : "01/10/16 12:23:00",
  "value" : "20"
},{
  "dateTime" : "01/10/16 13:34:00",
  "value" : "10"
},{
  "dateTime" : "01/10/16 13:48:00",
  "value" : "10"
},{
  "dateTime" : "01/10/16 14:40:00",
  "value" : "10"
},{
  "dateTime" : "01/10/16 16:27:00",
  "value" : "10"
},{
  "dateTime" : "01/10/16 16:42:00",
  "value" : "10"
},{
  "dateTime" : "01/10/16 16:46:00",
  "value" : "20"
},{
  "dateTime" : "01/10/16 16:47:00",
  "value" : "30"
},{
  "dateTime" : "01/10/16 17:16:00",
  "value" : "0"
},{
  "dateTime" : "01/10/16 17:17:00",
  "value" : "0"
},{
  "dateTime" : "01/10/16 17:18:00",
  "value" : "0"
},{
  "dateTime" : "01/10/16 17:23:00",
  "value" : "0"
},{
  "dateTime" : "01/10/16 17:27:00",
  "value" : "20"
},{
  "dateTime" : "01/10/16 17:28:00",
  "value" : "10"
},{
  "dateTime" : "01/10/16 17:29:00",
  "value" : "10"
},{
  "dateTime" : "01/10/16 17:33:00",
  "value" : "20"
},{
  "dateTime" : "01/10/16 17:34:00",
  "value" : "40"
},{
  "dateTime" : "01/10/16 17:35:00",
  "value" : "30"
},{
  "dateTime" : "01/10/16 17:36:00",
  "value" : "30"
},{
  "dateTime" : "01/10/16 17:37:00",
  "value" : "30"
},{
  "dateTime" : "01/10/16 17:38:00",
  "value" : "20"
},{
  "dateTime" : "01/10/16 17:39:00",
  "value" : "30"
},{
  "dateTime" : "01/10/16 17:40:00",
  "value" : "30"
},{
  "dateTime" : "01/10/16 17:41:00",
  "value" : "0"
},{
  "dateTime" : "01/10/16 17:46:00",
  "value" : "0"
},{
  "dateTime" : "01/10/16 17:51:00",
  "value" : "0"
},{
  "dateTime" : "01/10/16 17:52:00",
  "value" : "0"
},{
  "dateTime" : "01/10/16 17:53:00",
  "value" : "10"
},{
  "dateTime" : "01/10/16 17:59:00",
  "value" : "30"
},{
  "dateTime" : "01/10/16 18:00:00",
  "value" : "10"
},{
  "dateTime" : "01/11/16 12:44:00",
  "value" : "10"
},{
  "dateTime" : "01/11/16 14:11:00",
  "value" : "0"
},{
  "dateTime" : "01/11/16 14:12:00",
  "value" : "0"
},{
  "dateTime" : "01/11/16 14:17:00",
  "value" : "0"
},{
  "dateTime" : "01/11/16 14:22:00",
  "value" : "10"
},{
  "dateTime" : "01/11/16 16:39:00",
  "value" : "10"
},{
  "dateTime" : "01/11/16 17:57:00",
  "value" : "10"
},{
  "dateTime" : "01/11/16 18:18:00",
  "value" : "30"
},{
  "dateTime" : "01/11/16 18:19:00",
  "value" : "10"
},{
  "dateTime" : "01/11/16 18:37:00",
  "value" : "0"
},{
  "dateTime" : "01/11/16 18:42:00",
  "value" : "40"
},{
  "dateTime" : "01/11/16 18:43:00",
  "value" : "40"
},{
  "dateTime" : "01/11/16 18:45:00",
  "value" : "10"
},{
  "dateTime" : "01/11/16 18:46:00",
  "value" : "60"
},{
  "dateTime" : "01/11/16 18:47:00",
  "value" : "0"
},{
  "dateTime" : "01/11/16 18:51:00",
  "value" : "0"
},{
  "dateTime" : "01/11/16 18:56:00",
  "value" : "0"
},{
  "dateTime" : "01/11/16 18:57:00",
  "value" : "10"
},{
  "dateTime" : "01/11/16 18:58:00",
  "value" : "20"
},{
  "dateTime" : "01/11/16 18:59:00",
  "value" : "20"
},{
  "dateTime" : "01/11/16 19:00:00",
  "value" : "0"
},{
  "dateTime" : "01/11/16 19:02:00",
  "value" : "20"
},{
  "dateTime" : "01/11/16 19:03:00",
  "value" : "50"
},{
  "dateTime" : "01/11/16 19:04:00",
  "value" : "50"
},{
  "dateTime" : "01/11/16 19:05:00",
  "value" : "50"
},{
  "dateTime" : "01/11/16 19:06:00",
  "value" : "60"
},{
  "dateTime" : "01/11/16 19:08:00",
  "value" : "0"
},{
  "dateTime" : "01/11/16 19:12:00",
  "value" : "10"
},{
  "dateTime" : "01/11/16 19:13:00",
  "value" : "0"
},{
  "dateTime" : "01/11/16 19:15:00",
  "value" : "10"
},{
  "dateTime" : "01/11/16 19:17:00",
  "value" : "0"
},{
  "dateTime" : "01/11/16 19:21:00",
  "value" : "20"
},{
  "dateTime" : "01/11/16 19:22:00",
  "value" : "20"
},{
  "dateTime" : "01/12/16 09:43:00",
  "value" : "10"
},{
  "dateTime" : "01/12/16 11:04:00",
  "value" : "10"
},{
  "dateTime" : "01/12/16 11:13:00",
  "value" : "10"
},{
  "dateTime" : "01/12/16 13:02:00",
  "value" : "10"
},{
  "dateTime" : "01/12/16 13:03:00",
  "value" : "10"
},{
  "dateTime" : "01/12/16 13:04:00",
  "value" : "20"
},{
  "dateTime" : "01/12/16 13:05:00",
  "value" : "20"
},{
  "dateTime" : "01/12/16 13:08:00",
  "value" : "10"
},{
  "dateTime" : "01/12/16 13:14:00",
  "value" : "10"
},{
  "dateTime" : "01/12/16 13:15:00",
  "value" : "10"
},{
  "dateTime" : "01/12/16 13:24:00",
  "value" : "20"
},{
  "dateTime" : "01/12/16 13:25:00",
  "value" : "10"
},{
  "dateTime" : "01/12/16 13:36:00",
  "value" : "10"
},{
  "dateTime" : "01/12/16 13:37:00",
  "value" : "10"
},{
  "dateTime" : "01/12/16 14:47:00",
  "value" : "10"
},{
  "dateTime" : "01/12/16 16:33:00",
  "value" : "30"
},{
  "dateTime" : "01/12/16 16:42:00",
  "value" : "20"
},{
  "dateTime" : "01/12/16 16:59:00",
  "value" : "50"
},{
  "dateTime" : "01/12/16 22:46:00",
  "value" : "10"
},{
  "dateTime" : "01/12/16 22:50:00",
  "value" : "10"
},{
  "dateTime" : "01/12/16 22:59:00",
  "value" : "20"
},{
  "dateTime" : "01/12/16 23:00:00",
  "value" : "20"
},{
  "dateTime" : "01/13/16 10:01:00",
  "value" : "10"
},{
  "dateTime" : "01/13/16 18:08:00",
  "value" : "10"
},{
  "dateTime" : "01/13/16 21:08:00",
  "value" : "30"
},{
  "dateTime" : "01/13/16 21:09:00",
  "value" : "20"
},{
  "dateTime" : "01/13/16 21:10:00",
  "value" : "20"
},{
  "dateTime" : "01/13/16 21:11:00",
  "value" : "10"
},{
  "dateTime" : "01/14/16 09:15:00",
  "value" : "30"
},{
  "dateTime" : "01/14/16 09:16:00",
  "value" : "10"
},{
  "dateTime" : "01/14/16 09:49:00",
  "value" : "0"
},{
  "dateTime" : "01/14/16 09:55:00",
  "value" : "0"
},{
  "dateTime" : "01/14/16 10:08:00",
  "value" : "20"
},{
  "dateTime" : "01/14/16 10:15:00",
  "value" : "40"
},{
  "dateTime" : "01/14/16 10:16:00",
  "value" : "30"
},{
  "dateTime" : "01/14/16 10:17:00",
  "value" : "20"
},{
  "dateTime" : "01/14/16 10:18:00",
  "value" : "20"
},{
  "dateTime" : "01/14/16 10:21:00",
  "value" : "30"
},{
  "dateTime" : "01/14/16 10:22:00",
  "value" : "20"
},{
  "dateTime" : "01/14/16 10:23:00",
  "value" : "20"
},{
  "dateTime" : "01/14/16 10:24:00",
  "value" : "20"
},{
  "dateTime" : "01/14/16 10:25:00",
  "value" : "10"
},{
  "dateTime" : "01/14/16 10:27:00",
  "value" : "20"
},{
  "dateTime" : "01/14/16 10:43:00",
  "value" : "10"
},{
  "dateTime" : "01/14/16 10:50:00",
  "value" : "10"
},{
  "dateTime" : "01/14/16 10:51:00",
  "value" : "10"
},{
  "dateTime" : "01/14/16 11:00:00",
  "value" : "10"
},{
  "dateTime" : "01/14/16 11:01:00",
  "value" : "30"
},{
  "dateTime" : "01/14/16 11:07:00",
  "value" : "10"
},{
  "dateTime" : "01/14/16 11:10:00",
  "value" : "10"
},{
  "dateTime" : "01/14/16 11:13:00",
  "value" : "10"
},{
  "dateTime" : "01/14/16 11:57:00",
  "value" : "10"
},{
  "dateTime" : "01/14/16 11:59:00",
  "value" : "10"
},{
  "dateTime" : "01/14/16 12:06:00",
  "value" : "10"
},{
  "dateTime" : "01/14/16 12:08:00",
  "value" : "10"
},{
  "dateTime" : "01/14/16 12:09:00",
  "value" : "10"
},{
  "dateTime" : "01/14/16 12:24:00",
  "value" : "10"
},{
  "dateTime" : "01/14/16 12:26:00",
  "value" : "20"
},{
  "dateTime" : "01/14/16 12:27:00",
  "value" : "20"
},{
  "dateTime" : "01/14/16 12:34:00",
  "value" : "10"
},{
  "dateTime" : "01/14/16 12:35:00",
  "value" : "30"
},{
  "dateTime" : "01/14/16 13:09:00",
  "value" : "10"
},{
  "dateTime" : "01/14/16 13:10:00",
  "value" : "30"
},{
  "dateTime" : "01/14/16 16:32:00",
  "value" : "20"
},{
  "dateTime" : "01/14/16 16:41:00",
  "value" : "10"
},{
  "dateTime" : "01/14/16 16:45:00",
  "value" : "10"
},{
  "dateTime" : "01/14/16 17:12:00",
  "value" : "10"
},{
  "dateTime" : "01/14/16 17:14:00",
  "value" : "10"
},{
  "dateTime" : "01/14/16 17:25:00",
  "value" : "10"
},{
  "dateTime" : "01/14/16 18:40:00",
  "value" : "40"
},{
  "dateTime" : "01/15/16 08:00:00",
  "value" : "10"
},{
  "dateTime" : "01/15/16 08:02:00",
  "value" : "40"
},{
  "dateTime" : "01/15/16 10:28:00",
  "value" : "10"
},{
  "dateTime" : "01/15/16 10:35:00",
  "value" : "0"
},{
  "dateTime" : "01/15/16 10:39:00",
  "value" : "0"
},{
  "dateTime" : "01/15/16 10:44:00",
  "value" : "20"
},{
  "dateTime" : "01/15/16 10:45:00",
  "value" : "20"
},{
  "dateTime" : "01/15/16 10:46:00",
  "value" : "40"
},{
  "dateTime" : "01/15/16 10:47:00",
  "value" : "20"
},{
  "dateTime" : "01/15/16 10:48:00",
  "value" : "60"
},{
  "dateTime" : "01/15/16 10:49:00",
  "value" : "80"
},{
  "dateTime" : "01/15/16 10:50:00",
  "value" : "50"
},{
  "dateTime" : "01/15/16 10:52:00",
  "value" : "60"
},{
  "dateTime" : "01/15/16 10:53:00",
  "value" : "10"
},{
  "dateTime" : "01/15/16 10:54:00",
  "value" : "50"
},{
  "dateTime" : "01/15/16 10:55:00",
  "value" : "30"
},{
  "dateTime" : "01/15/16 10:56:00",
  "value" : "30"
},{
  "dateTime" : "01/15/16 10:57:00",
  "value" : "10"
},{
  "dateTime" : "01/15/16 10:58:00",
  "value" : "20"
},{
  "dateTime" : "01/15/16 11:01:00",
  "value" : "10"
},{
  "dateTime" : "01/15/16 11:02:00",
  "value" : "20"
},{
  "dateTime" : "01/15/16 11:03:00",
  "value" : "70"
},{
  "dateTime" : "01/15/16 11:04:00",
  "value" : "10"
},{
  "dateTime" : "01/15/16 11:05:00",
  "value" : "50"
},{
  "dateTime" : "01/15/16 11:06:00",
  "value" : "30"
},{
  "dateTime" : "01/15/16 11:07:00",
  "value" : "10"
},{
  "dateTime" : "01/15/16 11:10:00",
  "value" : "0"
},{
  "dateTime" : "01/15/16 11:12:00",
  "value" : "10"
},{
  "dateTime" : "01/15/16 11:13:00",
  "value" : "20"
},{
  "dateTime" : "01/15/16 11:14:00",
  "value" : "10"
},{
  "dateTime" : "01/15/16 11:30:00",
  "value" : "10"
},{
  "dateTime" : "01/15/16 11:31:00",
  "value" : "10"
},{
  "dateTime" : "01/15/16 11:42:00",
  "value" : "10"
},{
  "dateTime" : "01/15/16 11:43:00",
  "value" : "10"
},{
  "dateTime" : "01/15/16 11:44:00",
  "value" : "10"
},{
  "dateTime" : "01/15/16 11:49:00",
  "value" : "10"
},{
  "dateTime" : "01/15/16 12:51:00",
  "value" : "20"
},{
  "dateTime" : "01/15/16 12:52:00",
  "value" : "10"
},{
  "dateTime" : "01/15/16 13:27:00",
  "value" : "10"
},{
  "dateTime" : "01/15/16 13:28:00",
  "value" : "10"
},{
  "dateTime" : "01/15/16 13:32:00",
  "value" : "10"
},{
  "dateTime" : "01/15/16 13:35:00",
  "value" : "10"
},{
  "dateTime" : "01/15/16 13:38:00",
  "value" : "10"
},{
  "dateTime" : "01/15/16 14:14:00",
  "value" : "30"
},{
  "dateTime" : "01/15/16 14:15:00",
  "value" : "20"
},{
  "dateTime" : "01/15/16 14:16:00",
  "value" : "10"
},{
  "dateTime" : "01/15/16 14:17:00",
  "value" : "10"
},{
  "dateTime" : "01/15/16 14:20:00",
  "value" : "10"
},{
  "dateTime" : "01/15/16 16:48:00",
  "value" : "20"
},{
  "dateTime" : "01/15/16 16:49:00",
  "value" : "10"
},{
  "dateTime" : "01/15/16 16:59:00",
  "value" : "10"
},{
  "dateTime" : "01/15/16 17:09:00",
  "value" : "10"
},{
  "dateTime" : "01/15/16 17:13:00",
  "value" : "0"
},{
  "dateTime" : "01/15/16 17:15:00",
  "value" : "10"
},{
  "dateTime" : "01/15/16 17:16:00",
  "value" : "40"
},{
  "dateTime" : "01/15/16 17:32:00",
  "value" : "10"
},{
  "dateTime" : "01/15/16 17:35:00",
  "value" : "10"
},{
  "dateTime" : "01/15/16 19:54:00",
  "value" : "10"
},{
  "dateTime" : "01/15/16 21:26:00",
  "value" : "20"
},{
  "dateTime" : "01/15/16 21:28:00",
  "value" : "40"
},{
  "dateTime" : "01/16/16 09:56:00",
  "value" : "0"
},{
  "dateTime" : "01/16/16 09:57:00",
  "value" : "0"
},{
  "dateTime" : "01/16/16 10:00:00",
  "value" : "10"
},{
  "dateTime" : "01/16/16 10:06:00",
  "value" : "30"
},{
  "dateTime" : "01/16/16 10:09:00",
  "value" : "50"
},{
  "dateTime" : "01/16/16 10:10:00",
  "value" : "60"
},{
  "dateTime" : "01/16/16 10:11:00",
  "value" : "70"
},{
  "dateTime" : "01/16/16 10:12:00",
  "value" : "60"
},{
  "dateTime" : "01/16/16 10:13:00",
  "value" : "0"
},{
  "dateTime" : "01/16/16 10:18:00",
  "value" : "0"
},{
  "dateTime" : "01/16/16 10:20:00",
  "value" : "10"
},{
  "dateTime" : "01/16/16 10:23:00",
  "value" : "0"
},{
  "dateTime" : "01/16/16 10:25:00",
  "value" : "20"
},{
  "dateTime" : "01/16/16 10:26:00",
  "value" : "20"
},{
  "dateTime" : "01/16/16 11:04:00",
  "value" : "20"
},{
  "dateTime" : "01/16/16 11:05:00",
  "value" : "20"
},{
  "dateTime" : "01/16/16 12:22:00",
  "value" : "10"
},{
  "dateTime" : "01/16/16 13:42:00",
  "value" : "10"
},{
  "dateTime" : "01/16/16 13:43:00",
  "value" : "10"
},{
  "dateTime" : "01/16/16 13:44:00",
  "value" : "10"
},{
  "dateTime" : "01/16/16 13:45:00",
  "value" : "20"
},{
  "dateTime" : "01/16/16 13:46:00",
  "value" : "20"
},{
  "dateTime" : "01/16/16 14:24:00",
  "value" : "10"
},{
  "dateTime" : "01/16/16 15:38:00",
  "value" : "10"
},{
  "dateTime" : "01/16/16 16:38:00",
  "value" : "10"
},{
  "dateTime" : "01/16/16 20:49:00",
  "value" : "10"
},{
  "dateTime" : "01/16/16 21:37:00",
  "value" : "10"
},{
  "dateTime" : "01/16/16 21:44:00",
  "value" : "10"
},{
  "dateTime" : "01/16/16 21:45:00",
  "value" : "10"
},{
  "dateTime" : "01/16/16 22:52:00",
  "value" : "10"
},{
  "dateTime" : "01/17/16 10:18:00",
  "value" : "10"
},{
  "dateTime" : "01/17/16 11:07:00",
  "value" : "10"
},{
  "dateTime" : "01/17/16 11:23:00",
  "value" : "10"
},{
  "dateTime" : "01/17/16 11:45:00",
  "value" : "10"
},{
  "dateTime" : "01/17/16 17:10:00",
  "value" : "10"
},{
  "dateTime" : "01/17/16 17:24:00",
  "value" : "10"
},{
  "dateTime" : "01/17/16 17:26:00",
  "value" : "20"
},{
  "dateTime" : "01/17/16 18:06:00",
  "value" : "10"
},{
  "dateTime" : "01/17/16 18:23:00",
  "value" : "10"
},{
  "dateTime" : "01/17/16 18:35:00",
  "value" : "10"
},{
  "dateTime" : "01/17/16 22:28:00",
  "value" : "10"
},{
  "dateTime" : "01/18/16 07:22:00",
  "value" : "10"
},{
  "dateTime" : "01/18/16 07:23:00",
  "value" : "10"
},{
  "dateTime" : "01/18/16 07:28:00",
  "value" : "10"
},{
  "dateTime" : "01/18/16 07:30:00",
  "value" : "10"
},{
  "dateTime" : "01/18/16 07:31:00",
  "value" : "10"
},{
  "dateTime" : "01/18/16 13:24:00",
  "value" : "10"
},{
  "dateTime" : "01/18/16 13:25:00",
  "value" : "20"
},{
  "dateTime" : "01/18/16 17:49:00",
  "value" : "10"
},{
  "dateTime" : "01/18/16 17:50:00",
  "value" : "10"
},{
  "dateTime" : "01/18/16 17:52:00",
  "value" : "10"
},{
  "dateTime" : "01/18/16 18:44:00",
  "value" : "10"
},{
  "dateTime" : "01/18/16 19:11:00",
  "value" : "10"
},{
  "dateTime" : "01/18/16 21:21:00",
  "value" : "10"
},{
  "dateTime" : "01/19/16 07:34:00",
  "value" : "10"
},{
  "dateTime" : "01/19/16 07:36:00",
  "value" : "10"
},{
  "dateTime" : "01/19/16 08:05:00",
  "value" : "10"
},{
  "dateTime" : "01/19/16 08:06:00",
  "value" : "10"
},{
  "dateTime" : "01/19/16 08:18:00",
  "value" : "10"
},{
  "dateTime" : "01/19/16 08:27:00",
  "value" : "10"
},{
  "dateTime" : "01/19/16 08:35:00",
  "value" : "10"
},{
  "dateTime" : "01/19/16 08:36:00",
  "value" : "10"
},{
  "dateTime" : "01/19/16 08:41:00",
  "value" : "10"
},{
  "dateTime" : "01/19/16 08:42:00",
  "value" : "10"
},{
  "dateTime" : "01/19/16 13:26:00",
  "value" : "10"
},{
  "dateTime" : "01/19/16 13:27:00",
  "value" : "20"
},{
  "dateTime" : "01/19/16 17:50:00",
  "value" : "10"
},{
  "dateTime" : "01/19/16 17:51:00",
  "value" : "10"
},{
  "dateTime" : "01/19/16 18:17:00",
  "value" : "10"
},{
  "dateTime" : "01/19/16 18:44:00",
  "value" : "10"
},{
  "dateTime" : "01/19/16 18:45:00",
  "value" : "10"
},{
  "dateTime" : "01/19/16 18:58:00",
  "value" : "10"
},{
  "dateTime" : "01/19/16 20:15:00",
  "value" : "10"
},{
  "dateTime" : "01/19/16 20:43:00",
  "value" : "10"
},{
  "dateTime" : "01/19/16 20:44:00",
  "value" : "10"
},{
  "dateTime" : "01/19/16 21:42:00",
  "value" : "10"
},{
  "dateTime" : "01/19/16 21:49:00",
  "value" : "10"
},{
  "dateTime" : "01/20/16 07:36:00",
  "value" : "10"
},{
  "dateTime" : "01/20/16 07:37:00",
  "value" : "10"
},{
  "dateTime" : "01/20/16 08:07:00",
  "value" : "10"
},{
  "dateTime" : "01/20/16 08:20:00",
  "value" : "10"
},{
  "dateTime" : "01/20/16 08:38:00",
  "value" : "10"
},{
  "dateTime" : "01/20/16 08:39:00",
  "value" : "10"
},{
  "dateTime" : "01/20/16 08:46:00",
  "value" : "20"
},{
  "dateTime" : "01/20/16 08:47:00",
  "value" : "20"
},{
  "dateTime" : "01/20/16 13:32:00",
  "value" : "20"
},{
  "dateTime" : "01/20/16 13:33:00",
  "value" : "20"
},{
  "dateTime" : "01/20/16 14:13:00",
  "value" : "10"
},{
  "dateTime" : "01/20/16 17:24:00",
  "value" : "30"
},{
  "dateTime" : "01/20/16 17:25:00",
  "value" : "30"
},{
  "dateTime" : "01/20/16 17:27:00",
  "value" : "10"
},{
  "dateTime" : "01/20/16 17:38:00",
  "value" : "20"
},{
  "dateTime" : "01/20/16 17:49:00",
  "value" : "10"
},{
  "dateTime" : "01/20/16 18:18:00",
  "value" : "10"
},{
  "dateTime" : "01/20/16 18:19:00",
  "value" : "10"
},{
  "dateTime" : "01/20/16 18:20:00",
  "value" : "10"
},{
  "dateTime" : "01/20/16 18:30:00",
  "value" : "0"
},{
  "dateTime" : "01/20/16 18:34:00",
  "value" : "10"
},{
  "dateTime" : "01/20/16 18:35:00",
  "value" : "10"
},{
  "dateTime" : "01/20/16 18:36:00",
  "value" : "10"
},{
  "dateTime" : "01/20/16 18:37:00",
  "value" : "10"
},{
  "dateTime" : "01/20/16 18:39:00",
  "value" : "10"
},{
  "dateTime" : "01/20/16 18:41:00",
  "value" : "20"
},{
  "dateTime" : "01/20/16 18:50:00",
  "value" : "0"
},{
  "dateTime" : "01/20/16 18:51:00",
  "value" : "10"
},{
  "dateTime" : "01/20/16 18:52:00",
  "value" : "20"
},{
  "dateTime" : "01/20/16 18:56:00",
  "value" : "0"
},{
  "dateTime" : "01/20/16 19:01:00",
  "value" : "0"
},{
  "dateTime" : "01/20/16 19:05:00",
  "value" : "10"
},{
  "dateTime" : "01/20/16 19:07:00",
  "value" : "0"
},{
  "dateTime" : "01/20/16 19:11:00",
  "value" : "0"
},{
  "dateTime" : "01/20/16 19:16:00",
  "value" : "0"
},{
  "dateTime" : "01/20/16 19:22:00",
  "value" : "0"
},{
  "dateTime" : "01/20/16 19:24:00",
  "value" : "20"
},{
  "dateTime" : "01/20/16 19:26:00",
  "value" : "10"
},{
  "dateTime" : "01/20/16 19:27:00",
  "value" : "10"
},{
  "dateTime" : "01/20/16 19:33:00",
  "value" : "10"
},{
  "dateTime" : "01/20/16 19:34:00",
  "value" : "10"
},{
  "dateTime" : "01/20/16 19:35:00",
  "value" : "20"
},{
  "dateTime" : "01/20/16 19:36:00",
  "value" : "10"
},{
  "dateTime" : "01/20/16 20:21:00",
  "value" : "10"
},{
  "dateTime" : "01/20/16 20:23:00",
  "value" : "10"
},{
  "dateTime" : "01/20/16 21:48:00",
  "value" : "10"
},{
  "dateTime" : "01/20/16 22:44:00",
  "value" : "10"
},{
  "dateTime" : "01/20/16 23:01:00",
  "value" : "10"
},{
  "dateTime" : "01/21/16 07:06:00",
  "value" : "10"
},{
  "dateTime" : "01/21/16 07:34:00",
  "value" : "10"
},{
  "dateTime" : "01/21/16 07:35:00",
  "value" : "10"
},{
  "dateTime" : "01/21/16 08:00:00",
  "value" : "10"
},{
  "dateTime" : "01/21/16 08:12:00",
  "value" : "10"
},{
  "dateTime" : "01/21/16 08:25:00",
  "value" : "20"
},{
  "dateTime" : "01/21/16 08:37:00",
  "value" : "10"
},{
  "dateTime" : "01/21/16 08:38:00",
  "value" : "10"
},{
  "dateTime" : "01/21/16 08:39:00",
  "value" : "10"
},{
  "dateTime" : "01/21/16 08:45:00",
  "value" : "10"
},{
  "dateTime" : "01/21/16 13:31:00",
  "value" : "10"
},{
  "dateTime" : "01/21/16 13:32:00",
  "value" : "20"
},{
  "dateTime" : "01/21/16 13:33:00",
  "value" : "10"
},{
  "dateTime" : "01/21/16 18:14:00",
  "value" : "10"
},{
  "dateTime" : "01/21/16 18:15:00",
  "value" : "10"
},{
  "dateTime" : "01/21/16 18:16:00",
  "value" : "20"
},{
  "dateTime" : "01/21/16 18:18:00",
  "value" : "10"
},{
  "dateTime" : "01/21/16 18:34:00",
  "value" : "10"
},{
  "dateTime" : "01/21/16 19:16:00",
  "value" : "10"
},{
  "dateTime" : "01/21/16 19:18:00",
  "value" : "10"
},{
  "dateTime" : "01/21/16 20:00:00",
  "value" : "10"
},{
  "dateTime" : "01/21/16 21:37:00",
  "value" : "10"
},{
  "dateTime" : "01/21/16 21:38:00",
  "value" : "10"
},{
  "dateTime" : "01/21/16 23:05:00",
  "value" : "10"
},{
  "dateTime" : "01/22/16 07:06:00",
  "value" : "10"
},{
  "dateTime" : "01/22/16 07:33:00",
  "value" : "10"
},{
  "dateTime" : "01/22/16 07:38:00",
  "value" : "10"
},{
  "dateTime" : "01/22/16 08:30:00",
  "value" : "10"
},{
  "dateTime" : "01/22/16 08:31:00",
  "value" : "10"
},{
  "dateTime" : "01/22/16 08:37:00",
  "value" : "10"
},{
  "dateTime" : "01/22/16 08:38:00",
  "value" : "10"
},{
  "dateTime" : "01/22/16 08:39:00",
  "value" : "10"
},{
  "dateTime" : "01/22/16 13:21:00",
  "value" : "40"
},{
  "dateTime" : "01/22/16 18:05:00",
  "value" : "20"
},{
  "dateTime" : "01/22/16 18:49:00",
  "value" : "10"
},{
  "dateTime" : "01/22/16 18:51:00",
  "value" : "20"
},{
  "dateTime" : "01/22/16 19:04:00",
  "value" : "10"
},{
  "dateTime" : "01/22/16 19:10:00",
  "value" : "10"
},{
  "dateTime" : "01/22/16 22:34:00",
  "value" : "10"
},{
  "dateTime" : "01/22/16 23:15:00",
  "value" : "10"
},{
  "dateTime" : "01/23/16 08:10:00",
  "value" : "10"
},{
  "dateTime" : "01/23/16 08:31:00",
  "value" : "10"
},{
  "dateTime" : "01/23/16 12:47:00",
  "value" : "10"
},{
  "dateTime" : "01/23/16 17:15:00",
  "value" : "10"
},{
  "dateTime" : "01/23/16 17:26:00",
  "value" : "10"
},{
  "dateTime" : "01/23/16 17:32:00",
  "value" : "10"
},{
  "dateTime" : "01/23/16 17:39:00",
  "value" : "10"
},{
  "dateTime" : "01/23/16 17:52:00",
  "value" : "10"
},{
  "dateTime" : "01/23/16 19:03:00",
  "value" : "10"
},{
  "dateTime" : "01/23/16 21:23:00",
  "value" : "10"
},{
  "dateTime" : "01/23/16 21:52:00",
  "value" : "10"
},{
  "dateTime" : "01/23/16 21:55:00",
  "value" : "10"
},{
  "dateTime" : "01/24/16 08:41:00",
  "value" : "10"
},{
  "dateTime" : "01/24/16 09:37:00",
  "value" : "10"
},{
  "dateTime" : "01/24/16 10:47:00",
  "value" : "10"
},{
  "dateTime" : "01/24/16 13:55:00",
  "value" : "10"
},{
  "dateTime" : "01/24/16 15:10:00",
  "value" : "10"
},{
  "dateTime" : "01/24/16 15:11:00",
  "value" : "10"
},{
  "dateTime" : "01/24/16 15:14:00",
  "value" : "10"
},{
  "dateTime" : "01/24/16 16:55:00",
  "value" : "10"
},{
  "dateTime" : "01/24/16 17:16:00",
  "value" : "10"
},{
  "dateTime" : "01/24/16 17:18:00",
  "value" : "10"
},{
  "dateTime" : "01/24/16 17:29:00",
  "value" : "20"
},{
  "dateTime" : "01/24/16 17:31:00",
  "value" : "10"
},{
  "dateTime" : "01/24/16 17:48:00",
  "value" : "20"
},{
  "dateTime" : "01/24/16 17:49:00",
  "value" : "10"
},{
  "dateTime" : "01/24/16 17:50:00",
  "value" : "10"
},{
  "dateTime" : "01/24/16 19:33:00",
  "value" : "10"
},{
  "dateTime" : "01/24/16 19:34:00",
  "value" : "10"
},{
  "dateTime" : "01/24/16 19:36:00",
  "value" : "10"
},{
  "dateTime" : "01/24/16 19:37:00",
  "value" : "10"
},{
  "dateTime" : "01/24/16 19:39:00",
  "value" : "10"
},{
  "dateTime" : "01/24/16 19:40:00",
  "value" : "10"
},{
  "dateTime" : "01/24/16 21:38:00",
  "value" : "10"
},{
  "dateTime" : "01/25/16 09:08:00",
  "value" : "10"
},{
  "dateTime" : "01/25/16 12:31:00",
  "value" : "10"
},{
  "dateTime" : "01/25/16 15:07:00",
  "value" : "10"
},{
  "dateTime" : "01/25/16 15:44:00",
  "value" : "10"
},{
  "dateTime" : "01/25/16 17:32:00",
  "value" : "10"
},{
  "dateTime" : "01/25/16 21:02:00",
  "value" : "10"
},{
  "dateTime" : "01/25/16 21:56:00",
  "value" : "10"
},{
  "dateTime" : "01/26/16 08:04:00",
  "value" : "10"
},{
  "dateTime" : "01/26/16 09:44:00",
  "value" : "10"
},{
  "dateTime" : "01/26/16 12:23:00",
  "value" : "10"
},{
  "dateTime" : "01/26/16 13:20:00",
  "value" : "10"
},{
  "dateTime" : "01/26/16 17:17:00",
  "value" : "10"
},{
  "dateTime" : "01/26/16 17:18:00",
  "value" : "10"
},{
  "dateTime" : "01/26/16 17:21:00",
  "value" : "10"
},{
  "dateTime" : "01/26/16 17:28:00",
  "value" : "10"
},{
  "dateTime" : "01/26/16 17:29:00",
  "value" : "10"
},{
  "dateTime" : "01/26/16 17:31:00",
  "value" : "10"
},{
  "dateTime" : "01/26/16 17:51:00",
  "value" : "10"
},{
  "dateTime" : "01/26/16 18:05:00",
  "value" : "10"
},{
  "dateTime" : "01/26/16 21:24:00",
  "value" : "10"
},{
  "dateTime" : "01/26/16 21:25:00",
  "value" : "10"
},{
  "dateTime" : "01/26/16 23:22:00",
  "value" : "10"
},{
  "dateTime" : "01/27/16 06:51:00",
  "value" : "10"
},{
  "dateTime" : "01/27/16 07:45:00",
  "value" : "10"
},{
  "dateTime" : "01/27/16 07:59:00",
  "value" : "10"
},{
  "dateTime" : "01/27/16 08:43:00",
  "value" : "10"
},{
  "dateTime" : "01/27/16 13:20:00",
  "value" : "10"
},{
  "dateTime" : "01/27/16 13:21:00",
  "value" : "10"
},{
  "dateTime" : "01/27/16 13:22:00",
  "value" : "10"
},{
  "dateTime" : "01/27/16 17:41:00",
  "value" : "30"
},{
  "dateTime" : "01/27/16 17:42:00",
  "value" : "10"
},{
  "dateTime" : "01/27/16 18:46:00",
  "value" : "10"
},{
  "dateTime" : "01/27/16 19:01:00",
  "value" : "10"
},{
  "dateTime" : "01/27/16 19:06:00",
  "value" : "10"
},{
  "dateTime" : "01/27/16 19:08:00",
  "value" : "10"
},{
  "dateTime" : "01/27/16 20:37:00",
  "value" : "10"
},{
  "dateTime" : "01/27/16 20:56:00",
  "value" : "10"
},{
  "dateTime" : "01/27/16 20:58:00",
  "value" : "10"
},{
  "dateTime" : "01/27/16 21:01:00",
  "value" : "10"
},{
  "dateTime" : "01/27/16 21:22:00",
  "value" : "10"
},{
  "dateTime" : "01/27/16 21:39:00",
  "value" : "10"
},{
  "dateTime" : "01/28/16 07:23:00",
  "value" : "10"
},{
  "dateTime" : "01/28/16 07:38:00",
  "value" : "10"
},{
  "dateTime" : "01/28/16 08:35:00",
  "value" : "10"
},{
  "dateTime" : "01/28/16 13:31:00",
  "value" : "10"
},{
  "dateTime" : "01/28/16 13:32:00",
  "value" : "20"
},{
  "dateTime" : "01/28/16 17:38:00",
  "value" : "30"
},{
  "dateTime" : "01/28/16 17:39:00",
  "value" : "10"
},{
  "dateTime" : "01/28/16 18:19:00",
  "value" : "10"
},{
  "dateTime" : "01/28/16 18:52:00",
  "value" : "0"
},{
  "dateTime" : "01/28/16 18:53:00",
  "value" : "10"
},{
  "dateTime" : "01/28/16 18:54:00",
  "value" : "20"
},{
  "dateTime" : "01/28/16 18:58:00",
  "value" : "0"
},{
  "dateTime" : "01/28/16 19:03:00",
  "value" : "0"
},{
  "dateTime" : "01/28/16 19:08:00",
  "value" : "0"
},{
  "dateTime" : "01/28/16 19:15:00",
  "value" : "0"
},{
  "dateTime" : "01/28/16 19:20:00",
  "value" : "0"
},{
  "dateTime" : "01/28/16 19:23:00",
  "value" : "10"
},{
  "dateTime" : "01/28/16 19:24:00",
  "value" : "10"
},{
  "dateTime" : "01/28/16 19:25:00",
  "value" : "10"
},{
  "dateTime" : "01/28/16 19:26:00",
  "value" : "10"
},{
  "dateTime" : "01/28/16 19:28:00",
  "value" : "0"
},{
  "dateTime" : "01/28/16 19:32:00",
  "value" : "0"
},{
  "dateTime" : "01/28/16 19:33:00",
  "value" : "0"
},{
  "dateTime" : "01/28/16 19:41:00",
  "value" : "20"
},{
  "dateTime" : "01/28/16 19:42:00",
  "value" : "10"
},{
  "dateTime" : "01/28/16 19:47:00",
  "value" : "10"
},{
  "dateTime" : "01/28/16 19:48:00",
  "value" : "10"
},{
  "dateTime" : "01/28/16 19:50:00",
  "value" : "10"
},{
  "dateTime" : "01/28/16 19:58:00",
  "value" : "10"
},{
  "dateTime" : "01/28/16 20:37:00",
  "value" : "10"
},{
  "dateTime" : "01/28/16 21:19:00",
  "value" : "10"
},{
  "dateTime" : "01/29/16 13:17:00",
  "value" : "20"
},{
  "dateTime" : "01/29/16 13:18:00",
  "value" : "20"
},{
  "dateTime" : "01/29/16 18:12:00",
  "value" : "10"
},{
  "dateTime" : "01/29/16 18:13:00",
  "value" : "10"
},{
  "dateTime" : "01/29/16 18:14:00",
  "value" : "10"
},{
  "dateTime" : "01/29/16 18:16:00",
  "value" : "10"
},{
  "dateTime" : "01/29/16 18:53:00",
  "value" : "10"
},{
  "dateTime" : "01/29/16 18:54:00",
  "value" : "10"
},{
  "dateTime" : "01/29/16 21:39:00",
  "value" : "10"
},{
  "dateTime" : "01/29/16 23:37:00",
  "value" : "10"
},{
  "dateTime" : "01/30/16 09:01:00",
  "value" : "10"
},{
  "dateTime" : "01/30/16 09:22:00",
  "value" : "10"
},{
  "dateTime" : "01/30/16 09:46:00",
  "value" : "10"
},{
  "dateTime" : "01/30/16 11:16:00",
  "value" : "10"
},{
  "dateTime" : "01/30/16 11:34:00",
  "value" : "10"
},{
  "dateTime" : "01/30/16 17:25:00",
  "value" : "10"
},{
  "dateTime" : "01/30/16 17:27:00",
  "value" : "10"
},{
  "dateTime" : "01/30/16 17:31:00",
  "value" : "10"
},{
  "dateTime" : "01/30/16 17:34:00",
  "value" : "10"
},{
  "dateTime" : "01/30/16 18:29:00",
  "value" : "10"
},{
  "dateTime" : "01/30/16 19:17:00",
  "value" : "10"
},{
  "dateTime" : "01/30/16 22:45:00",
  "value" : "10"
},{
  "dateTime" : "01/31/16 14:02:00",
  "value" : "10"
},{
  "dateTime" : "01/31/16 14:05:00",
  "value" : "20"
},{
  "dateTime" : "01/31/16 14:07:00",
  "value" : "10"
},{
  "dateTime" : "01/31/16 14:08:00",
  "value" : "20"
},{
  "dateTime" : "01/31/16 14:10:00",
  "value" : "20"
},{
  "dateTime" : "01/31/16 16:29:00",
  "value" : "10"
},{
  "dateTime" : "01/31/16 17:01:00",
  "value" : "10"
},{
  "dateTime" : "01/31/16 17:35:00",
  "value" : "20"
},{
  "dateTime" : "01/31/16 18:30:00",
  "value" : "10"
},{
  "dateTime" : "01/31/16 19:58:00",
  "value" : "10"
},{
  "dateTime" : "01/31/16 20:24:00",
  "value" : "10"
},{
  "dateTime" : "02/01/16 06:57:00",
  "value" : "10"
},{
  "dateTime" : "02/01/16 07:01:00",
  "value" : "10"
},{
  "dateTime" : "02/01/16 07:24:00",
  "value" : "20"
},{
  "dateTime" : "02/01/16 07:34:00",
  "value" : "10"
},{
  "dateTime" : "02/01/16 07:37:00",
  "value" : "10"
},{
  "dateTime" : "02/01/16 07:38:00",
  "value" : "10"
},{
  "dateTime" : "02/01/16 08:17:00",
  "value" : "10"
},{
  "dateTime" : "02/01/16 08:25:00",
  "value" : "10"
},{
  "dateTime" : "02/01/16 08:28:00",
  "value" : "10"
},{
  "dateTime" : "02/01/16 08:36:00",
  "value" : "10"
},{
  "dateTime" : "02/01/16 08:37:00",
  "value" : "20"
},{
  "dateTime" : "02/01/16 13:36:00",
  "value" : "20"
},{
  "dateTime" : "02/01/16 13:37:00",
  "value" : "10"
},{
  "dateTime" : "02/01/16 18:03:00",
  "value" : "10"
},{
  "dateTime" : "02/01/16 18:04:00",
  "value" : "10"
},{
  "dateTime" : "02/01/16 18:07:00",
  "value" : "10"
},{
  "dateTime" : "02/01/16 18:22:00",
  "value" : "10"
},{
  "dateTime" : "02/01/16 18:23:00",
  "value" : "10"
},{
  "dateTime" : "02/01/16 18:39:00",
  "value" : "10"
},{
  "dateTime" : "02/01/16 19:05:00",
  "value" : "10"
},{
  "dateTime" : "02/01/16 19:07:00",
  "value" : "10"
},{
  "dateTime" : "02/01/16 19:55:00",
  "value" : "20"
},{
  "dateTime" : "02/02/16 06:57:00",
  "value" : "10"
},{
  "dateTime" : "02/02/16 07:16:00",
  "value" : "10"
},{
  "dateTime" : "02/02/16 07:26:00",
  "value" : "10"
},{
  "dateTime" : "02/02/16 07:33:00",
  "value" : "10"
},{
  "dateTime" : "02/02/16 07:41:00",
  "value" : "10"
},{
  "dateTime" : "02/02/16 08:07:00",
  "value" : "10"
},{
  "dateTime" : "02/02/16 08:19:00",
  "value" : "20"
},{
  "dateTime" : "02/02/16 08:31:00",
  "value" : "10"
},{
  "dateTime" : "02/02/16 08:38:00",
  "value" : "20"
},{
  "dateTime" : "02/02/16 08:39:00",
  "value" : "10"
},{
  "dateTime" : "02/02/16 13:28:00",
  "value" : "20"
},{
  "dateTime" : "02/02/16 13:29:00",
  "value" : "10"
},{
  "dateTime" : "02/02/16 17:54:00",
  "value" : "10"
},{
  "dateTime" : "02/02/16 18:46:00",
  "value" : "10"
},{
  "dateTime" : "02/02/16 19:58:00",
  "value" : "10"
},{
  "dateTime" : "02/02/16 19:59:00",
  "value" : "10"
},{
  "dateTime" : "02/02/16 20:02:00",
  "value" : "10"
},{
  "dateTime" : "02/02/16 20:07:00",
  "value" : "10"
},{
  "dateTime" : "02/02/16 20:10:00",
  "value" : "10"
},{
  "dateTime" : "02/02/16 20:44:00",
  "value" : "10"
},{
  "dateTime" : "02/02/16 22:14:00",
  "value" : "10"
},{
  "dateTime" : "02/02/16 23:09:00",
  "value" : "10"
},{
  "dateTime" : "02/03/16 07:11:00",
  "value" : "10"
},{
  "dateTime" : "02/03/16 07:52:00",
  "value" : "10"
},{
  "dateTime" : "02/03/16 13:10:00",
  "value" : "10"
},{
  "dateTime" : "02/03/16 13:11:00",
  "value" : "20"
},{
  "dateTime" : "02/03/16 13:12:00",
  "value" : "10"
},{
  "dateTime" : "02/03/16 18:08:00",
  "value" : "10"
},{
  "dateTime" : "02/03/16 18:09:00",
  "value" : "10"
},{
  "dateTime" : "02/03/16 18:10:00",
  "value" : "10"
},{
  "dateTime" : "02/03/16 18:11:00",
  "value" : "10"
},{
  "dateTime" : "02/03/16 18:13:00",
  "value" : "10"
},{
  "dateTime" : "02/03/16 18:54:00",
  "value" : "10"
},{
  "dateTime" : "02/03/16 18:55:00",
  "value" : "20"
},{
  "dateTime" : "02/03/16 19:45:00",
  "value" : "10"
},{
  "dateTime" : "02/03/16 19:49:00",
  "value" : "10"
},{
  "dateTime" : "02/03/16 21:53:00",
  "value" : "10"
},{
  "dateTime" : "02/03/16 23:05:00",
  "value" : "10"
}]