[{
  "dateTime" : "03/19/15 08:01:00",
  "value" : "10"
},{
  "dateTime" : "03/19/15 08:50:00",
  "value" : "10"
},{
  "dateTime" : "03/19/15 10:17:00",
  "value" : "10"
},{
  "dateTime" : "03/19/15 11:27:00",
  "value" : "10"
},{
  "dateTime" : "03/19/15 11:32:00",
  "value" : "10"
},{
  "dateTime" : "03/19/15 11:36:00",
  "value" : "10"
},{
  "dateTime" : "03/19/15 11:37:00",
  "value" : "0"
},{
  "dateTime" : "03/19/15 11:40:00",
  "value" : "10"
},{
  "dateTime" : "03/19/15 11:42:00",
  "value" : "20"
},{
  "dateTime" : "03/19/15 11:43:00",
  "value" : "30"
},{
  "dateTime" : "03/19/15 11:44:00",
  "value" : "10"
},{
  "dateTime" : "03/19/15 11:46:00",
  "value" : "10"
},{
  "dateTime" : "03/19/15 11:47:00",
  "value" : "10"
},{
  "dateTime" : "03/19/15 11:48:00",
  "value" : "60"
},{
  "dateTime" : "03/19/15 11:49:00",
  "value" : "10"
},{
  "dateTime" : "03/19/15 11:50:00",
  "value" : "10"
},{
  "dateTime" : "03/19/15 11:51:00",
  "value" : "10"
},{
  "dateTime" : "03/19/15 11:52:00",
  "value" : "10"
},{
  "dateTime" : "03/19/15 11:53:00",
  "value" : "10"
},{
  "dateTime" : "03/19/15 11:54:00",
  "value" : "10"
},{
  "dateTime" : "03/19/15 11:55:00",
  "value" : "10"
},{
  "dateTime" : "03/19/15 11:56:00",
  "value" : "10"
},{
  "dateTime" : "03/19/15 11:58:00",
  "value" : "0"
},{
  "dateTime" : "03/19/15 12:00:00",
  "value" : "10"
},{
  "dateTime" : "03/19/15 12:01:00",
  "value" : "30"
},{
  "dateTime" : "03/19/15 12:03:00",
  "value" : "30"
},{
  "dateTime" : "03/19/15 12:04:00",
  "value" : "10"
},{
  "dateTime" : "03/19/15 12:05:00",
  "value" : "10"
},{
  "dateTime" : "03/19/15 12:06:00",
  "value" : "30"
},{
  "dateTime" : "03/19/15 12:08:00",
  "value" : "10"
},{
  "dateTime" : "03/19/15 12:09:00",
  "value" : "20"
},{
  "dateTime" : "03/19/15 12:10:00",
  "value" : "10"
},{
  "dateTime" : "03/19/15 12:11:00",
  "value" : "10"
},{
  "dateTime" : "03/19/15 12:13:00",
  "value" : "10"
},{
  "dateTime" : "03/19/15 12:15:00",
  "value" : "10"
},{
  "dateTime" : "03/19/15 12:16:00",
  "value" : "10"
},{
  "dateTime" : "03/19/15 12:24:00",
  "value" : "20"
},{
  "dateTime" : "03/19/15 12:25:00",
  "value" : "10"
},{
  "dateTime" : "03/19/15 12:26:00",
  "value" : "10"
},{
  "dateTime" : "03/19/15 12:30:00",
  "value" : "10"
},{
  "dateTime" : "03/19/15 12:31:00",
  "value" : "20"
},{
  "dateTime" : "03/19/15 12:33:00",
  "value" : "10"
},{
  "dateTime" : "03/19/15 14:11:00",
  "value" : "10"
},{
  "dateTime" : "03/19/15 14:18:00",
  "value" : "10"
},{
  "dateTime" : "03/19/15 14:24:00",
  "value" : "10"
},{
  "dateTime" : "03/19/15 15:07:00",
  "value" : "10"
},{
  "dateTime" : "03/19/15 15:14:00",
  "value" : "10"
},{
  "dateTime" : "03/19/15 15:15:00",
  "value" : "20"
},{
  "dateTime" : "03/19/15 15:17:00",
  "value" : "10"
},{
  "dateTime" : "03/19/15 15:19:00",
  "value" : "10"
},{
  "dateTime" : "03/19/15 16:34:00",
  "value" : "10"
},{
  "dateTime" : "03/19/15 17:42:00",
  "value" : "10"
},{
  "dateTime" : "03/19/15 17:43:00",
  "value" : "10"
},{
  "dateTime" : "03/19/15 17:45:00",
  "value" : "10"
},{
  "dateTime" : "03/19/15 17:50:00",
  "value" : "20"
},{
  "dateTime" : "03/19/15 17:51:00",
  "value" : "10"
},{
  "dateTime" : "03/19/15 17:52:00",
  "value" : "20"
},{
  "dateTime" : "03/19/15 20:19:00",
  "value" : "10"
},{
  "dateTime" : "03/19/15 20:21:00",
  "value" : "10"
},{
  "dateTime" : "03/19/15 20:33:00",
  "value" : "10"
},{
  "dateTime" : "03/19/15 20:35:00",
  "value" : "10"
},{
  "dateTime" : "03/19/15 20:36:00",
  "value" : "10"
},{
  "dateTime" : "03/19/15 20:55:00",
  "value" : "10"
},{
  "dateTime" : "03/19/15 21:11:00",
  "value" : "10"
},{
  "dateTime" : "03/19/15 21:13:00",
  "value" : "10"
},{
  "dateTime" : "03/19/15 22:15:00",
  "value" : "10"
},{
  "dateTime" : "03/19/15 23:27:00",
  "value" : "10"
},{
  "dateTime" : "03/20/15 09:16:00",
  "value" : "10"
},{
  "dateTime" : "03/20/15 09:32:00",
  "value" : "10"
},{
  "dateTime" : "03/20/15 09:36:00",
  "value" : "10"
},{
  "dateTime" : "03/20/15 10:17:00",
  "value" : "20"
},{
  "dateTime" : "03/20/15 10:49:00",
  "value" : "10"
},{
  "dateTime" : "03/20/15 12:06:00",
  "value" : "10"
},{
  "dateTime" : "03/20/15 12:14:00",
  "value" : "10"
},{
  "dateTime" : "03/20/15 12:58:00",
  "value" : "10"
},{
  "dateTime" : "03/20/15 16:25:00",
  "value" : "10"
},{
  "dateTime" : "03/20/15 16:27:00",
  "value" : "10"
},{
  "dateTime" : "03/20/15 16:28:00",
  "value" : "10"
},{
  "dateTime" : "03/20/15 16:29:00",
  "value" : "20"
},{
  "dateTime" : "03/20/15 16:31:00",
  "value" : "10"
},{
  "dateTime" : "03/21/15 09:22:00",
  "value" : "10"
},{
  "dateTime" : "03/21/15 09:23:00",
  "value" : "10"
},{
  "dateTime" : "03/21/15 10:09:00",
  "value" : "10"
},{
  "dateTime" : "03/21/15 10:10:00",
  "value" : "10"
},{
  "dateTime" : "03/21/15 11:53:00",
  "value" : "10"
},{
  "dateTime" : "03/21/15 12:13:00",
  "value" : "10"
},{
  "dateTime" : "03/21/15 13:33:00",
  "value" : "10"
},{
  "dateTime" : "03/21/15 16:28:00",
  "value" : "10"
},{
  "dateTime" : "03/21/15 16:38:00",
  "value" : "10"
},{
  "dateTime" : "03/21/15 16:40:00",
  "value" : "20"
},{
  "dateTime" : "03/21/15 16:52:00",
  "value" : "10"
},{
  "dateTime" : "03/21/15 17:08:00",
  "value" : "10"
},{
  "dateTime" : "03/21/15 18:44:00",
  "value" : "10"
},{
  "dateTime" : "03/21/15 19:52:00",
  "value" : "10"
},{
  "dateTime" : "03/21/15 20:06:00",
  "value" : "10"
},{
  "dateTime" : "03/21/15 20:07:00",
  "value" : "10"
},{
  "dateTime" : "03/21/15 20:08:00",
  "value" : "10"
},{
  "dateTime" : "03/21/15 20:12:00",
  "value" : "10"
},{
  "dateTime" : "03/21/15 20:37:00",
  "value" : "10"
},{
  "dateTime" : "03/21/15 21:29:00",
  "value" : "10"
},{
  "dateTime" : "03/22/15 09:43:00",
  "value" : "10"
},{
  "dateTime" : "03/22/15 11:01:00",
  "value" : "10"
},{
  "dateTime" : "03/22/15 13:16:00",
  "value" : "10"
},{
  "dateTime" : "03/22/15 14:23:00",
  "value" : "10"
},{
  "dateTime" : "03/22/15 14:24:00",
  "value" : "10"
},{
  "dateTime" : "03/22/15 14:25:00",
  "value" : "10"
},{
  "dateTime" : "03/22/15 14:28:00",
  "value" : "10"
},{
  "dateTime" : "03/22/15 14:29:00",
  "value" : "20"
},{
  "dateTime" : "03/22/15 14:30:00",
  "value" : "10"
},{
  "dateTime" : "03/22/15 14:46:00",
  "value" : "10"
},{
  "dateTime" : "03/22/15 14:51:00",
  "value" : "30"
},{
  "dateTime" : "03/22/15 15:18:00",
  "value" : "10"
},{
  "dateTime" : "03/22/15 16:54:00",
  "value" : "10"
},{
  "dateTime" : "03/22/15 16:56:00",
  "value" : "10"
},{
  "dateTime" : "03/22/15 18:10:00",
  "value" : "20"
},{
  "dateTime" : "03/22/15 21:32:00",
  "value" : "10"
},{
  "dateTime" : "03/22/15 22:19:00",
  "value" : "10"
},{
  "dateTime" : "03/23/15 07:15:00",
  "value" : "10"
},{
  "dateTime" : "03/23/15 07:38:00",
  "value" : "20"
},{
  "dateTime" : "03/23/15 08:19:00",
  "value" : "20"
},{
  "dateTime" : "03/23/15 08:42:00",
  "value" : "10"
},{
  "dateTime" : "03/23/15 09:00:00",
  "value" : "10"
},{
  "dateTime" : "03/23/15 12:16:00",
  "value" : "10"
},{
  "dateTime" : "03/23/15 13:06:00",
  "value" : "10"
},{
  "dateTime" : "03/23/15 13:07:00",
  "value" : "10"
},{
  "dateTime" : "03/23/15 13:08:00",
  "value" : "10"
},{
  "dateTime" : "03/23/15 13:09:00",
  "value" : "10"
},{
  "dateTime" : "03/23/15 13:20:00",
  "value" : "20"
},{
  "dateTime" : "03/23/15 13:24:00",
  "value" : "10"
},{
  "dateTime" : "03/23/15 13:58:00",
  "value" : "10"
},{
  "dateTime" : "03/23/15 13:59:00",
  "value" : "10"
},{
  "dateTime" : "03/23/15 15:02:00",
  "value" : "10"
},{
  "dateTime" : "03/23/15 15:03:00",
  "value" : "10"
},{
  "dateTime" : "03/23/15 19:28:00",
  "value" : "10"
},{
  "dateTime" : "03/23/15 21:00:00",
  "value" : "10"
},{
  "dateTime" : "03/23/15 21:06:00",
  "value" : "10"
},{
  "dateTime" : "03/23/15 21:37:00",
  "value" : "20"
},{
  "dateTime" : "03/23/15 21:39:00",
  "value" : "10"
},{
  "dateTime" : "03/23/15 21:45:00",
  "value" : "10"
},{
  "dateTime" : "03/24/15 09:51:00",
  "value" : "10"
},{
  "dateTime" : "03/24/15 10:19:00",
  "value" : "10"
},{
  "dateTime" : "03/24/15 13:10:00",
  "value" : "10"
},{
  "dateTime" : "03/24/15 13:51:00",
  "value" : "10"
},{
  "dateTime" : "03/24/15 13:57:00",
  "value" : "10"
},{
  "dateTime" : "03/24/15 16:20:00",
  "value" : "10"
},{
  "dateTime" : "03/24/15 16:56:00",
  "value" : "10"
},{
  "dateTime" : "03/24/15 17:45:00",
  "value" : "30"
},{
  "dateTime" : "03/24/15 18:09:00",
  "value" : "10"
},{
  "dateTime" : "03/24/15 18:21:00",
  "value" : "10"
},{
  "dateTime" : "03/24/15 18:25:00",
  "value" : "0"
},{
  "dateTime" : "03/24/15 18:28:00",
  "value" : "10"
},{
  "dateTime" : "03/24/15 18:29:00",
  "value" : "10"
},{
  "dateTime" : "03/24/15 18:30:00",
  "value" : "10"
},{
  "dateTime" : "03/24/15 18:31:00",
  "value" : "30"
},{
  "dateTime" : "03/24/15 18:32:00",
  "value" : "10"
},{
  "dateTime" : "03/24/15 18:33:00",
  "value" : "20"
},{
  "dateTime" : "03/24/15 18:34:00",
  "value" : "10"
},{
  "dateTime" : "03/24/15 18:37:00",
  "value" : "70"
},{
  "dateTime" : "03/24/15 18:38:00",
  "value" : "10"
},{
  "dateTime" : "03/24/15 18:39:00",
  "value" : "10"
},{
  "dateTime" : "03/24/15 18:40:00",
  "value" : "10"
},{
  "dateTime" : "03/24/15 18:42:00",
  "value" : "10"
},{
  "dateTime" : "03/24/15 18:44:00",
  "value" : "10"
},{
  "dateTime" : "03/24/15 18:45:00",
  "value" : "10"
},{
  "dateTime" : "03/24/15 18:46:00",
  "value" : "10"
},{
  "dateTime" : "03/24/15 18:50:00",
  "value" : "40"
},{
  "dateTime" : "03/24/15 18:52:00",
  "value" : "10"
},{
  "dateTime" : "03/24/15 18:53:00",
  "value" : "20"
},{
  "dateTime" : "03/24/15 18:54:00",
  "value" : "10"
},{
  "dateTime" : "03/24/15 18:56:00",
  "value" : "10"
},{
  "dateTime" : "03/24/15 18:57:00",
  "value" : "10"
},{
  "dateTime" : "03/24/15 18:58:00",
  "value" : "10"
},{
  "dateTime" : "03/24/15 18:59:00",
  "value" : "10"
},{
  "dateTime" : "03/24/15 19:00:00",
  "value" : "10"
},{
  "dateTime" : "03/24/15 19:01:00",
  "value" : "10"
},{
  "dateTime" : "03/24/15 19:02:00",
  "value" : "20"
},{
  "dateTime" : "03/24/15 19:03:00",
  "value" : "20"
},{
  "dateTime" : "03/24/15 19:04:00",
  "value" : "20"
},{
  "dateTime" : "03/24/15 19:07:00",
  "value" : "10"
},{
  "dateTime" : "03/24/15 19:12:00",
  "value" : "0"
},{
  "dateTime" : "03/24/15 19:13:00",
  "value" : "10"
},{
  "dateTime" : "03/24/15 19:14:00",
  "value" : "10"
},{
  "dateTime" : "03/24/15 19:16:00",
  "value" : "10"
},{
  "dateTime" : "03/24/15 19:18:00",
  "value" : "10"
},{
  "dateTime" : "03/24/15 19:19:00",
  "value" : "10"
},{
  "dateTime" : "03/24/15 19:20:00",
  "value" : "10"
},{
  "dateTime" : "03/24/15 19:22:00",
  "value" : "10"
},{
  "dateTime" : "03/24/15 19:54:00",
  "value" : "10"
},{
  "dateTime" : "03/24/15 20:09:00",
  "value" : "0"
},{
  "dateTime" : "03/24/15 20:14:00",
  "value" : "10"
},{
  "dateTime" : "03/24/15 20:15:00",
  "value" : "10"
},{
  "dateTime" : "03/24/15 20:19:00",
  "value" : "20"
},{
  "dateTime" : "03/24/15 20:20:00",
  "value" : "10"
},{
  "dateTime" : "03/24/15 20:33:00",
  "value" : "10"
},{
  "dateTime" : "03/24/15 20:35:00",
  "value" : "10"
},{
  "dateTime" : "03/24/15 20:36:00",
  "value" : "20"
},{
  "dateTime" : "03/24/15 20:49:00",
  "value" : "10"
},{
  "dateTime" : "03/24/15 20:50:00",
  "value" : "20"
},{
  "dateTime" : "03/24/15 20:53:00",
  "value" : "10"
},{
  "dateTime" : "03/24/15 20:56:00",
  "value" : "10"
},{
  "dateTime" : "03/24/15 20:59:00",
  "value" : "10"
},{
  "dateTime" : "03/24/15 21:00:00",
  "value" : "10"
},{
  "dateTime" : "03/24/15 21:18:00",
  "value" : "10"
},{
  "dateTime" : "03/25/15 06:56:00",
  "value" : "10"
},{
  "dateTime" : "03/25/15 07:12:00",
  "value" : "10"
},{
  "dateTime" : "03/25/15 07:35:00",
  "value" : "10"
},{
  "dateTime" : "03/25/15 08:25:00",
  "value" : "30"
},{
  "dateTime" : "03/25/15 08:26:00",
  "value" : "20"
},{
  "dateTime" : "03/25/15 08:27:00",
  "value" : "10"
},{
  "dateTime" : "03/25/15 08:45:00",
  "value" : "10"
},{
  "dateTime" : "03/25/15 09:59:00",
  "value" : "20"
},{
  "dateTime" : "03/25/15 10:00:00",
  "value" : "10"
},{
  "dateTime" : "03/25/15 11:06:00",
  "value" : "10"
},{
  "dateTime" : "03/25/15 12:04:00",
  "value" : "10"
},{
  "dateTime" : "03/25/15 12:05:00",
  "value" : "10"
},{
  "dateTime" : "03/25/15 12:21:00",
  "value" : "20"
},{
  "dateTime" : "03/25/15 14:00:00",
  "value" : "10"
},{
  "dateTime" : "03/25/15 14:04:00",
  "value" : "10"
},{
  "dateTime" : "03/25/15 15:23:00",
  "value" : "20"
},{
  "dateTime" : "03/25/15 15:24:00",
  "value" : "10"
},{
  "dateTime" : "03/25/15 15:49:00",
  "value" : "10"
},{
  "dateTime" : "03/25/15 16:22:00",
  "value" : "10"
},{
  "dateTime" : "03/25/15 16:23:00",
  "value" : "10"
},{
  "dateTime" : "03/25/15 16:26:00",
  "value" : "10"
},{
  "dateTime" : "03/25/15 16:54:00",
  "value" : "10"
},{
  "dateTime" : "03/25/15 17:07:00",
  "value" : "0"
},{
  "dateTime" : "03/25/15 17:12:00",
  "value" : "10"
},{
  "dateTime" : "03/25/15 17:13:00",
  "value" : "20"
},{
  "dateTime" : "03/25/15 17:14:00",
  "value" : "0"
},{
  "dateTime" : "03/25/15 17:21:00",
  "value" : "20"
},{
  "dateTime" : "03/25/15 17:32:00",
  "value" : "0"
},{
  "dateTime" : "03/25/15 17:36:00",
  "value" : "10"
},{
  "dateTime" : "03/25/15 17:37:00",
  "value" : "40"
},{
  "dateTime" : "03/25/15 17:38:00",
  "value" : "10"
},{
  "dateTime" : "03/25/15 17:40:00",
  "value" : "10"
},{
  "dateTime" : "03/25/15 17:43:00",
  "value" : "10"
},{
  "dateTime" : "03/25/15 17:47:00",
  "value" : "10"
},{
  "dateTime" : "03/25/15 17:49:00",
  "value" : "10"
},{
  "dateTime" : "03/25/15 17:51:00",
  "value" : "0"
},{
  "dateTime" : "03/25/15 17:54:00",
  "value" : "0"
},{
  "dateTime" : "03/25/15 17:56:00",
  "value" : "20"
},{
  "dateTime" : "03/25/15 17:57:00",
  "value" : "10"
},{
  "dateTime" : "03/25/15 18:01:00",
  "value" : "10"
},{
  "dateTime" : "03/25/15 18:02:00",
  "value" : "10"
},{
  "dateTime" : "03/25/15 18:03:00",
  "value" : "10"
},{
  "dateTime" : "03/25/15 18:05:00",
  "value" : "10"
},{
  "dateTime" : "03/25/15 18:06:00",
  "value" : "10"
},{
  "dateTime" : "03/25/15 18:08:00",
  "value" : "20"
},{
  "dateTime" : "03/25/15 18:09:00",
  "value" : "10"
},{
  "dateTime" : "03/25/15 18:12:00",
  "value" : "10"
},{
  "dateTime" : "03/25/15 18:15:00",
  "value" : "20"
},{
  "dateTime" : "03/25/15 18:17:00",
  "value" : "30"
},{
  "dateTime" : "03/25/15 18:23:00",
  "value" : "20"
},{
  "dateTime" : "03/25/15 18:24:00",
  "value" : "10"
},{
  "dateTime" : "03/25/15 18:25:00",
  "value" : "20"
},{
  "dateTime" : "03/25/15 18:39:00",
  "value" : "0"
},{
  "dateTime" : "03/25/15 19:19:00",
  "value" : "10"
},{
  "dateTime" : "03/25/15 19:22:00",
  "value" : "10"
},{
  "dateTime" : "03/25/15 19:35:00",
  "value" : "10"
},{
  "dateTime" : "03/25/15 19:43:00",
  "value" : "10"
},{
  "dateTime" : "03/25/15 19:44:00",
  "value" : "10"
},{
  "dateTime" : "03/25/15 20:04:00",
  "value" : "10"
},{
  "dateTime" : "03/25/15 20:08:00",
  "value" : "20"
},{
  "dateTime" : "03/25/15 20:11:00",
  "value" : "10"
},{
  "dateTime" : "03/25/15 20:17:00",
  "value" : "10"
},{
  "dateTime" : "03/25/15 20:21:00",
  "value" : "10"
},{
  "dateTime" : "03/25/15 20:23:00",
  "value" : "10"
},{
  "dateTime" : "03/25/15 20:35:00",
  "value" : "10"
},{
  "dateTime" : "03/25/15 21:10:00",
  "value" : "10"
},{
  "dateTime" : "03/26/15 09:53:00",
  "value" : "10"
},{
  "dateTime" : "03/26/15 10:02:00",
  "value" : "10"
},{
  "dateTime" : "03/26/15 10:51:00",
  "value" : "10"
},{
  "dateTime" : "03/26/15 11:27:00",
  "value" : "10"
},{
  "dateTime" : "03/26/15 11:29:00",
  "value" : "10"
},{
  "dateTime" : "03/26/15 11:44:00",
  "value" : "10"
},{
  "dateTime" : "03/26/15 14:23:00",
  "value" : "10"
},{
  "dateTime" : "03/26/15 15:15:00",
  "value" : "10"
},{
  "dateTime" : "03/26/15 15:26:00",
  "value" : "10"
},{
  "dateTime" : "03/26/15 16:09:00",
  "value" : "10"
},{
  "dateTime" : "03/26/15 16:36:00",
  "value" : "20"
},{
  "dateTime" : "03/26/15 17:43:00",
  "value" : "20"
},{
  "dateTime" : "03/26/15 17:49:00",
  "value" : "10"
},{
  "dateTime" : "03/26/15 18:34:00",
  "value" : "10"
},{
  "dateTime" : "03/26/15 18:38:00",
  "value" : "20"
},{
  "dateTime" : "03/26/15 18:39:00",
  "value" : "10"
},{
  "dateTime" : "03/26/15 18:41:00",
  "value" : "10"
},{
  "dateTime" : "03/26/15 20:39:00",
  "value" : "10"
},{
  "dateTime" : "03/26/15 22:57:00",
  "value" : "10"
},{
  "dateTime" : "03/27/15 09:10:00",
  "value" : "10"
},{
  "dateTime" : "03/27/15 09:13:00",
  "value" : "10"
},{
  "dateTime" : "03/27/15 09:15:00",
  "value" : "10"
},{
  "dateTime" : "03/27/15 09:43:00",
  "value" : "10"
},{
  "dateTime" : "03/27/15 09:44:00",
  "value" : "10"
},{
  "dateTime" : "03/27/15 09:51:00",
  "value" : "10"
},{
  "dateTime" : "03/27/15 09:53:00",
  "value" : "10"
},{
  "dateTime" : "03/27/15 09:58:00",
  "value" : "10"
},{
  "dateTime" : "03/27/15 10:02:00",
  "value" : "30"
},{
  "dateTime" : "03/27/15 10:40:00",
  "value" : "20"
},{
  "dateTime" : "03/27/15 10:56:00",
  "value" : "10"
},{
  "dateTime" : "03/27/15 10:58:00",
  "value" : "10"
},{
  "dateTime" : "03/27/15 11:58:00",
  "value" : "10"
},{
  "dateTime" : "03/27/15 12:18:00",
  "value" : "10"
},{
  "dateTime" : "03/27/15 12:41:00",
  "value" : "10"
},{
  "dateTime" : "03/27/15 12:47:00",
  "value" : "10"
},{
  "dateTime" : "03/27/15 13:57:00",
  "value" : "10"
},{
  "dateTime" : "03/27/15 13:58:00",
  "value" : "10"
},{
  "dateTime" : "03/27/15 13:59:00",
  "value" : "10"
},{
  "dateTime" : "03/27/15 14:03:00",
  "value" : "10"
},{
  "dateTime" : "03/27/15 14:06:00",
  "value" : "10"
},{
  "dateTime" : "03/27/15 14:11:00",
  "value" : "10"
},{
  "dateTime" : "03/27/15 15:09:00",
  "value" : "10"
},{
  "dateTime" : "03/27/15 15:20:00",
  "value" : "10"
},{
  "dateTime" : "03/27/15 16:31:00",
  "value" : "10"
},{
  "dateTime" : "03/27/15 16:55:00",
  "value" : "10"
},{
  "dateTime" : "03/27/15 16:56:00",
  "value" : "10"
},{
  "dateTime" : "03/27/15 16:57:00",
  "value" : "10"
},{
  "dateTime" : "03/27/15 16:58:00",
  "value" : "10"
},{
  "dateTime" : "03/27/15 17:14:00",
  "value" : "10"
},{
  "dateTime" : "03/27/15 17:19:00",
  "value" : "10"
},{
  "dateTime" : "03/27/15 17:21:00",
  "value" : "10"
},{
  "dateTime" : "03/27/15 17:23:00",
  "value" : "10"
},{
  "dateTime" : "03/27/15 17:33:00",
  "value" : "10"
},{
  "dateTime" : "03/27/15 17:34:00",
  "value" : "10"
},{
  "dateTime" : "03/27/15 17:35:00",
  "value" : "20"
},{
  "dateTime" : "03/27/15 17:36:00",
  "value" : "10"
},{
  "dateTime" : "03/27/15 17:37:00",
  "value" : "10"
},{
  "dateTime" : "03/27/15 17:39:00",
  "value" : "10"
},{
  "dateTime" : "03/27/15 17:43:00",
  "value" : "10"
},{
  "dateTime" : "03/27/15 18:22:00",
  "value" : "10"
},{
  "dateTime" : "03/27/15 18:49:00",
  "value" : "10"
},{
  "dateTime" : "03/27/15 18:50:00",
  "value" : "10"
},{
  "dateTime" : "03/27/15 18:55:00",
  "value" : "10"
},{
  "dateTime" : "03/27/15 19:02:00",
  "value" : "10"
},{
  "dateTime" : "03/27/15 20:26:00",
  "value" : "0"
},{
  "dateTime" : "03/27/15 20:37:00",
  "value" : "20"
},{
  "dateTime" : "03/27/15 20:43:00",
  "value" : "20"
},{
  "dateTime" : "03/27/15 20:52:00",
  "value" : "10"
},{
  "dateTime" : "03/27/15 20:53:00",
  "value" : "20"
},{
  "dateTime" : "03/27/15 20:55:00",
  "value" : "10"
},{
  "dateTime" : "03/27/15 20:57:00",
  "value" : "10"
},{
  "dateTime" : "03/27/15 20:58:00",
  "value" : "10"
},{
  "dateTime" : "03/27/15 20:59:00",
  "value" : "10"
},{
  "dateTime" : "03/27/15 21:00:00",
  "value" : "10"
},{
  "dateTime" : "03/27/15 22:00:00",
  "value" : "10"
},{
  "dateTime" : "03/28/15 09:34:00",
  "value" : "10"
},{
  "dateTime" : "03/28/15 10:00:00",
  "value" : "10"
},{
  "dateTime" : "03/28/15 10:02:00",
  "value" : "10"
},{
  "dateTime" : "03/28/15 10:03:00",
  "value" : "10"
},{
  "dateTime" : "03/28/15 13:05:00",
  "value" : "10"
},{
  "dateTime" : "03/28/15 13:55:00",
  "value" : "10"
},{
  "dateTime" : "03/28/15 15:09:00",
  "value" : "10"
},{
  "dateTime" : "03/28/15 20:22:00",
  "value" : "10"
},{
  "dateTime" : "03/28/15 21:50:00",
  "value" : "10"
},{
  "dateTime" : "03/28/15 23:59:00",
  "value" : "10"
},{
  "dateTime" : "03/29/15 00:00:00",
  "value" : "10"
},{
  "dateTime" : "03/29/15 00:04:00",
  "value" : "10"
},{
  "dateTime" : "03/29/15 00:07:00",
  "value" : "10"
},{
  "dateTime" : "03/29/15 07:48:00",
  "value" : "10"
},{
  "dateTime" : "03/29/15 07:52:00",
  "value" : "20"
},{
  "dateTime" : "03/29/15 08:36:00",
  "value" : "10"
},{
  "dateTime" : "03/29/15 08:41:00",
  "value" : "10"
},{
  "dateTime" : "03/29/15 08:42:00",
  "value" : "10"
},{
  "dateTime" : "03/29/15 08:44:00",
  "value" : "10"
},{
  "dateTime" : "03/29/15 11:17:00",
  "value" : "10"
},{
  "dateTime" : "03/29/15 11:27:00",
  "value" : "10"
},{
  "dateTime" : "03/29/15 12:02:00",
  "value" : "10"
},{
  "dateTime" : "03/29/15 12:35:00",
  "value" : "10"
},{
  "dateTime" : "03/29/15 12:59:00",
  "value" : "10"
},{
  "dateTime" : "03/29/15 13:43:00",
  "value" : "20"
},{
  "dateTime" : "03/29/15 13:44:00",
  "value" : "10"
},{
  "dateTime" : "03/29/15 13:45:00",
  "value" : "10"
},{
  "dateTime" : "03/29/15 14:30:00",
  "value" : "10"
},{
  "dateTime" : "03/29/15 14:32:00",
  "value" : "10"
},{
  "dateTime" : "03/29/15 14:54:00",
  "value" : "10"
},{
  "dateTime" : "03/29/15 14:57:00",
  "value" : "20"
},{
  "dateTime" : "03/29/15 15:18:00",
  "value" : "0"
},{
  "dateTime" : "03/29/15 15:23:00",
  "value" : "10"
},{
  "dateTime" : "03/29/15 15:24:00",
  "value" : "10"
},{
  "dateTime" : "03/29/15 15:25:00",
  "value" : "10"
},{
  "dateTime" : "03/29/15 15:29:00",
  "value" : "20"
},{
  "dateTime" : "03/29/15 15:30:00",
  "value" : "40"
},{
  "dateTime" : "03/29/15 15:32:00",
  "value" : "10"
},{
  "dateTime" : "03/29/15 15:34:00",
  "value" : "10"
},{
  "dateTime" : "03/29/15 15:37:00",
  "value" : "10"
},{
  "dateTime" : "03/29/15 15:38:00",
  "value" : "10"
},{
  "dateTime" : "03/29/15 15:39:00",
  "value" : "10"
},{
  "dateTime" : "03/29/15 15:42:00",
  "value" : "30"
},{
  "dateTime" : "03/29/15 15:43:00",
  "value" : "10"
},{
  "dateTime" : "03/29/15 15:44:00",
  "value" : "10"
},{
  "dateTime" : "03/29/15 15:47:00",
  "value" : "10"
},{
  "dateTime" : "03/29/15 15:51:00",
  "value" : "10"
},{
  "dateTime" : "03/29/15 15:52:00",
  "value" : "10"
},{
  "dateTime" : "03/29/15 15:56:00",
  "value" : "0"
},{
  "dateTime" : "03/29/15 16:03:00",
  "value" : "10"
},{
  "dateTime" : "03/29/15 16:05:00",
  "value" : "20"
},{
  "dateTime" : "03/29/15 16:06:00",
  "value" : "10"
},{
  "dateTime" : "03/29/15 16:10:00",
  "value" : "10"
},{
  "dateTime" : "03/29/15 16:11:00",
  "value" : "20"
},{
  "dateTime" : "03/29/15 16:14:00",
  "value" : "10"
},{
  "dateTime" : "03/29/15 16:16:00",
  "value" : "20"
},{
  "dateTime" : "03/29/15 16:17:00",
  "value" : "10"
},{
  "dateTime" : "03/29/15 16:20:00",
  "value" : "10"
},{
  "dateTime" : "03/29/15 16:21:00",
  "value" : "10"
},{
  "dateTime" : "03/29/15 16:22:00",
  "value" : "20"
},{
  "dateTime" : "03/29/15 16:32:00",
  "value" : "0"
},{
  "dateTime" : "03/29/15 16:46:00",
  "value" : "20"
},{
  "dateTime" : "03/29/15 16:49:00",
  "value" : "10"
},{
  "dateTime" : "03/29/15 16:51:00",
  "value" : "10"
},{
  "dateTime" : "03/29/15 16:52:00",
  "value" : "10"
},{
  "dateTime" : "03/29/15 16:53:00",
  "value" : "10"
},{
  "dateTime" : "03/29/15 16:55:00",
  "value" : "10"
},{
  "dateTime" : "03/29/15 18:02:00",
  "value" : "0"
},{
  "dateTime" : "03/29/15 18:17:00",
  "value" : "10"
},{
  "dateTime" : "03/29/15 18:30:00",
  "value" : "20"
},{
  "dateTime" : "03/29/15 18:31:00",
  "value" : "10"
},{
  "dateTime" : "03/29/15 18:33:00",
  "value" : "20"
},{
  "dateTime" : "03/29/15 18:41:00",
  "value" : "10"
},{
  "dateTime" : "03/29/15 18:54:00",
  "value" : "10"
},{
  "dateTime" : "03/29/15 18:57:00",
  "value" : "10"
},{
  "dateTime" : "03/29/15 21:03:00",
  "value" : "10"
},{
  "dateTime" : "03/29/15 21:28:00",
  "value" : "10"
},{
  "dateTime" : "03/29/15 22:30:00",
  "value" : "10"
},{
  "dateTime" : "03/29/15 22:40:00",
  "value" : "10"
},{
  "dateTime" : "03/29/15 23:03:00",
  "value" : "10"
},{
  "dateTime" : "03/29/15 23:08:00",
  "value" : "10"
},{
  "dateTime" : "03/30/15 07:32:00",
  "value" : "10"
},{
  "dateTime" : "03/30/15 07:33:00",
  "value" : "10"
},{
  "dateTime" : "03/30/15 07:39:00",
  "value" : "10"
},{
  "dateTime" : "03/30/15 08:26:00",
  "value" : "20"
},{
  "dateTime" : "03/30/15 08:41:00",
  "value" : "10"
},{
  "dateTime" : "03/30/15 08:42:00",
  "value" : "10"
},{
  "dateTime" : "03/30/15 08:45:00",
  "value" : "10"
},{
  "dateTime" : "03/30/15 08:46:00",
  "value" : "10"
},{
  "dateTime" : "03/30/15 08:52:00",
  "value" : "10"
},{
  "dateTime" : "03/30/15 11:03:00",
  "value" : "10"
},{
  "dateTime" : "03/30/15 12:13:00",
  "value" : "10"
},{
  "dateTime" : "03/30/15 12:14:00",
  "value" : "10"
},{
  "dateTime" : "03/30/15 14:11:00",
  "value" : "20"
},{
  "dateTime" : "03/30/15 14:12:00",
  "value" : "10"
},{
  "dateTime" : "03/30/15 15:14:00",
  "value" : "10"
},{
  "dateTime" : "03/30/15 21:01:00",
  "value" : "10"
},{
  "dateTime" : "03/31/15 06:49:00",
  "value" : "10"
},{
  "dateTime" : "03/31/15 07:34:00",
  "value" : "10"
},{
  "dateTime" : "03/31/15 07:40:00",
  "value" : "10"
},{
  "dateTime" : "03/31/15 08:44:00",
  "value" : "10"
},{
  "dateTime" : "03/31/15 08:45:00",
  "value" : "20"
},{
  "dateTime" : "03/31/15 08:48:00",
  "value" : "10"
},{
  "dateTime" : "03/31/15 11:57:00",
  "value" : "10"
},{
  "dateTime" : "03/31/15 12:46:00",
  "value" : "10"
},{
  "dateTime" : "03/31/15 13:19:00",
  "value" : "10"
},{
  "dateTime" : "03/31/15 13:21:00",
  "value" : "10"
},{
  "dateTime" : "03/31/15 13:22:00",
  "value" : "10"
},{
  "dateTime" : "03/31/15 15:58:00",
  "value" : "10"
},{
  "dateTime" : "03/31/15 18:51:00",
  "value" : "10"
},{
  "dateTime" : "03/31/15 19:02:00",
  "value" : "10"
},{
  "dateTime" : "03/31/15 19:03:00",
  "value" : "20"
},{
  "dateTime" : "03/31/15 22:12:00",
  "value" : "10"
},{
  "dateTime" : "04/01/15 00:26:00",
  "value" : "10"
},{
  "dateTime" : "04/01/15 06:55:00",
  "value" : "10"
},{
  "dateTime" : "04/01/15 07:03:00",
  "value" : "10"
},{
  "dateTime" : "04/01/15 07:22:00",
  "value" : "10"
},{
  "dateTime" : "04/01/15 07:46:00",
  "value" : "10"
},{
  "dateTime" : "04/01/15 07:50:00",
  "value" : "20"
},{
  "dateTime" : "04/01/15 07:55:00",
  "value" : "10"
},{
  "dateTime" : "04/01/15 07:59:00",
  "value" : "10"
},{
  "dateTime" : "04/01/15 12:18:00",
  "value" : "10"
},{
  "dateTime" : "04/01/15 14:00:00",
  "value" : "10"
},{
  "dateTime" : "04/01/15 19:06:00",
  "value" : "10"
},{
  "dateTime" : "04/01/15 19:53:00",
  "value" : "10"
},{
  "dateTime" : "04/01/15 22:38:00",
  "value" : "10"
},{
  "dateTime" : "04/01/15 22:40:00",
  "value" : "10"
},{
  "dateTime" : "04/01/15 22:44:00",
  "value" : "10"
},{
  "dateTime" : "04/01/15 22:48:00",
  "value" : "10"
},{
  "dateTime" : "04/01/15 22:50:00",
  "value" : "10"
},{
  "dateTime" : "04/01/15 22:56:00",
  "value" : "10"
},{
  "dateTime" : "04/01/15 23:25:00",
  "value" : "10"
},{
  "dateTime" : "04/02/15 08:52:00",
  "value" : "10"
},{
  "dateTime" : "04/02/15 08:58:00",
  "value" : "10"
},{
  "dateTime" : "04/02/15 09:01:00",
  "value" : "10"
},{
  "dateTime" : "04/02/15 09:08:00",
  "value" : "10"
},{
  "dateTime" : "04/02/15 09:18:00",
  "value" : "10"
},{
  "dateTime" : "04/02/15 09:19:00",
  "value" : "10"
},{
  "dateTime" : "04/02/15 09:21:00",
  "value" : "10"
},{
  "dateTime" : "04/02/15 11:06:00",
  "value" : "10"
},{
  "dateTime" : "04/02/15 11:14:00",
  "value" : "10"
},{
  "dateTime" : "04/02/15 11:34:00",
  "value" : "10"
},{
  "dateTime" : "04/02/15 11:49:00",
  "value" : "10"
},{
  "dateTime" : "04/02/15 11:58:00",
  "value" : "10"
},{
  "dateTime" : "04/02/15 12:36:00",
  "value" : "10"
},{
  "dateTime" : "04/02/15 12:40:00",
  "value" : "10"
},{
  "dateTime" : "04/02/15 13:05:00",
  "value" : "10"
},{
  "dateTime" : "04/02/15 13:09:00",
  "value" : "10"
},{
  "dateTime" : "04/02/15 13:31:00",
  "value" : "0"
},{
  "dateTime" : "04/02/15 13:33:00",
  "value" : "20"
},{
  "dateTime" : "04/02/15 13:39:00",
  "value" : "70"
},{
  "dateTime" : "04/02/15 13:40:00",
  "value" : "10"
},{
  "dateTime" : "04/02/15 13:42:00",
  "value" : "10"
},{
  "dateTime" : "04/02/15 13:48:00",
  "value" : "0"
},{
  "dateTime" : "04/02/15 15:31:00",
  "value" : "0"
},{
  "dateTime" : "04/02/15 15:34:00",
  "value" : "10"
},{
  "dateTime" : "04/02/15 15:35:00",
  "value" : "30"
},{
  "dateTime" : "04/02/15 15:36:00",
  "value" : "10"
},{
  "dateTime" : "04/02/15 15:42:00",
  "value" : "20"
},{
  "dateTime" : "04/02/15 15:49:00",
  "value" : "10"
},{
  "dateTime" : "04/02/15 15:50:00",
  "value" : "10"
},{
  "dateTime" : "04/02/15 15:52:00",
  "value" : "20"
},{
  "dateTime" : "04/02/15 16:05:00",
  "value" : "10"
},{
  "dateTime" : "04/02/15 16:41:00",
  "value" : "10"
},{
  "dateTime" : "04/02/15 16:42:00",
  "value" : "10"
},{
  "dateTime" : "04/02/15 16:44:00",
  "value" : "10"
},{
  "dateTime" : "04/02/15 16:54:00",
  "value" : "20"
},{
  "dateTime" : "04/02/15 17:33:00",
  "value" : "10"
},{
  "dateTime" : "04/02/15 17:45:00",
  "value" : "10"
},{
  "dateTime" : "04/02/15 17:46:00",
  "value" : "10"
},{
  "dateTime" : "04/02/15 18:01:00",
  "value" : "10"
},{
  "dateTime" : "04/02/15 18:03:00",
  "value" : "20"
},{
  "dateTime" : "04/02/15 18:09:00",
  "value" : "50"
},{
  "dateTime" : "04/02/15 18:10:00",
  "value" : "10"
},{
  "dateTime" : "04/02/15 18:14:00",
  "value" : "10"
},{
  "dateTime" : "04/02/15 18:57:00",
  "value" : "10"
},{
  "dateTime" : "04/02/15 22:29:00",
  "value" : "10"
},{
  "dateTime" : "04/02/15 23:17:00",
  "value" : "10"
},{
  "dateTime" : "04/02/15 23:20:00",
  "value" : "10"
},{
  "dateTime" : "04/02/15 23:33:00",
  "value" : "10"
},{
  "dateTime" : "04/02/15 23:41:00",
  "value" : "10"
},{
  "dateTime" : "04/02/15 23:45:00",
  "value" : "10"
},{
  "dateTime" : "04/03/15 08:57:00",
  "value" : "10"
},{
  "dateTime" : "04/03/15 09:01:00",
  "value" : "10"
},{
  "dateTime" : "04/03/15 09:11:00",
  "value" : "20"
},{
  "dateTime" : "04/03/15 09:19:00",
  "value" : "10"
},{
  "dateTime" : "04/03/15 09:22:00",
  "value" : "10"
},{
  "dateTime" : "04/03/15 10:00:00",
  "value" : "10"
},{
  "dateTime" : "04/03/15 11:44:00",
  "value" : "10"
},{
  "dateTime" : "04/03/15 11:46:00",
  "value" : "10"
},{
  "dateTime" : "04/03/15 11:50:00",
  "value" : "10"
},{
  "dateTime" : "04/03/15 12:10:00",
  "value" : "10"
},{
  "dateTime" : "04/03/15 13:08:00",
  "value" : "10"
},{
  "dateTime" : "04/03/15 14:40:00",
  "value" : "0"
},{
  "dateTime" : "04/03/15 14:45:00",
  "value" : "20"
},{
  "dateTime" : "04/03/15 14:46:00",
  "value" : "20"
},{
  "dateTime" : "04/03/15 14:47:00",
  "value" : "0"
},{
  "dateTime" : "04/03/15 14:50:00",
  "value" : "20"
},{
  "dateTime" : "04/03/15 14:54:00",
  "value" : "0"
},{
  "dateTime" : "04/03/15 14:55:00",
  "value" : "10"
},{
  "dateTime" : "04/03/15 14:56:00",
  "value" : "20"
},{
  "dateTime" : "04/03/15 15:04:00",
  "value" : "10"
},{
  "dateTime" : "04/03/15 15:06:00",
  "value" : "10"
},{
  "dateTime" : "04/03/15 15:09:00",
  "value" : "0"
},{
  "dateTime" : "04/03/15 15:13:00",
  "value" : "0"
},{
  "dateTime" : "04/03/15 15:15:00",
  "value" : "10"
},{
  "dateTime" : "04/03/15 15:17:00",
  "value" : "0"
},{
  "dateTime" : "04/03/15 15:19:00",
  "value" : "0"
},{
  "dateTime" : "04/03/15 15:23:00",
  "value" : "0"
},{
  "dateTime" : "04/03/15 15:25:00",
  "value" : "0"
},{
  "dateTime" : "04/03/15 15:28:00",
  "value" : "10"
},{
  "dateTime" : "04/03/15 15:29:00",
  "value" : "20"
},{
  "dateTime" : "04/03/15 15:32:00",
  "value" : "0"
},{
  "dateTime" : "04/03/15 15:36:00",
  "value" : "0"
},{
  "dateTime" : "04/03/15 15:38:00",
  "value" : "30"
},{
  "dateTime" : "04/03/15 15:43:00",
  "value" : "10"
},{
  "dateTime" : "04/03/15 15:44:00",
  "value" : "10"
},{
  "dateTime" : "04/03/15 15:45:00",
  "value" : "20"
},{
  "dateTime" : "04/03/15 19:11:00",
  "value" : "10"
},{
  "dateTime" : "04/03/15 19:15:00",
  "value" : "10"
},{
  "dateTime" : "04/03/15 19:19:00",
  "value" : "10"
},{
  "dateTime" : "04/03/15 19:31:00",
  "value" : "10"
},{
  "dateTime" : "04/03/15 19:40:00",
  "value" : "10"
},{
  "dateTime" : "04/03/15 19:42:00",
  "value" : "10"
},{
  "dateTime" : "04/04/15 00:32:00",
  "value" : "10"
},{
  "dateTime" : "04/04/15 00:35:00",
  "value" : "10"
},{
  "dateTime" : "04/04/15 10:31:00",
  "value" : "10"
},{
  "dateTime" : "04/04/15 10:32:00",
  "value" : "10"
},{
  "dateTime" : "04/04/15 11:59:00",
  "value" : "10"
},{
  "dateTime" : "04/04/15 12:02:00",
  "value" : "10"
},{
  "dateTime" : "04/04/15 12:07:00",
  "value" : "10"
},{
  "dateTime" : "04/04/15 17:06:00",
  "value" : "10"
},{
  "dateTime" : "04/04/15 17:42:00",
  "value" : "10"
},{
  "dateTime" : "04/04/15 17:50:00",
  "value" : "0"
},{
  "dateTime" : "04/04/15 17:57:00",
  "value" : "20"
},{
  "dateTime" : "04/04/15 17:58:00",
  "value" : "10"
},{
  "dateTime" : "04/04/15 18:03:00",
  "value" : "50"
},{
  "dateTime" : "04/04/15 18:04:00",
  "value" : "10"
},{
  "dateTime" : "04/04/15 18:06:00",
  "value" : "10"
},{
  "dateTime" : "04/04/15 18:12:00",
  "value" : "10"
},{
  "dateTime" : "04/04/15 18:17:00",
  "value" : "30"
},{
  "dateTime" : "04/04/15 18:19:00",
  "value" : "10"
},{
  "dateTime" : "04/04/15 18:20:00",
  "value" : "10"
},{
  "dateTime" : "04/04/15 18:22:00",
  "value" : "10"
},{
  "dateTime" : "04/04/15 18:25:00",
  "value" : "10"
},{
  "dateTime" : "04/04/15 18:27:00",
  "value" : "10"
},{
  "dateTime" : "04/04/15 18:30:00",
  "value" : "10"
},{
  "dateTime" : "04/04/15 18:39:00",
  "value" : "30"
},{
  "dateTime" : "04/04/15 18:45:00",
  "value" : "20"
},{
  "dateTime" : "04/04/15 18:46:00",
  "value" : "10"
},{
  "dateTime" : "04/04/15 18:49:00",
  "value" : "10"
},{
  "dateTime" : "04/04/15 18:50:00",
  "value" : "20"
},{
  "dateTime" : "04/04/15 18:53:00",
  "value" : "10"
},{
  "dateTime" : "04/04/15 18:54:00",
  "value" : "10"
},{
  "dateTime" : "04/04/15 18:55:00",
  "value" : "10"
},{
  "dateTime" : "04/04/15 18:56:00",
  "value" : "10"
},{
  "dateTime" : "04/04/15 18:57:00",
  "value" : "10"
},{
  "dateTime" : "04/04/15 18:59:00",
  "value" : "20"
},{
  "dateTime" : "04/04/15 19:00:00",
  "value" : "10"
},{
  "dateTime" : "04/04/15 19:01:00",
  "value" : "20"
},{
  "dateTime" : "04/04/15 19:18:00",
  "value" : "10"
},{
  "dateTime" : "04/04/15 19:22:00",
  "value" : "10"
},{
  "dateTime" : "04/04/15 19:26:00",
  "value" : "0"
},{
  "dateTime" : "04/04/15 19:27:00",
  "value" : "0"
},{
  "dateTime" : "04/04/15 19:35:00",
  "value" : "10"
},{
  "dateTime" : "04/04/15 19:36:00",
  "value" : "10"
},{
  "dateTime" : "04/04/15 19:41:00",
  "value" : "20"
},{
  "dateTime" : "04/04/15 19:42:00",
  "value" : "20"
},{
  "dateTime" : "04/04/15 19:55:00",
  "value" : "10"
},{
  "dateTime" : "04/04/15 21:27:00",
  "value" : "10"
},{
  "dateTime" : "04/04/15 23:33:00",
  "value" : "10"
},{
  "dateTime" : "04/04/15 23:34:00",
  "value" : "10"
},{
  "dateTime" : "04/05/15 09:24:00",
  "value" : "10"
},{
  "dateTime" : "04/05/15 12:26:00",
  "value" : "10"
},{
  "dateTime" : "04/05/15 13:13:00",
  "value" : "10"
},{
  "dateTime" : "04/05/15 17:44:00",
  "value" : "10"
},{
  "dateTime" : "04/05/15 18:34:00",
  "value" : "10"
},{
  "dateTime" : "04/05/15 20:18:00",
  "value" : "10"
},{
  "dateTime" : "04/05/15 21:51:00",
  "value" : "10"
},{
  "dateTime" : "04/05/15 22:37:00",
  "value" : "10"
},{
  "dateTime" : "04/05/15 22:41:00",
  "value" : "10"
},{
  "dateTime" : "04/05/15 22:53:00",
  "value" : "10"
},{
  "dateTime" : "04/05/15 23:48:00",
  "value" : "10"
},{
  "dateTime" : "04/06/15 09:50:00",
  "value" : "10"
},{
  "dateTime" : "04/06/15 10:01:00",
  "value" : "10"
},{
  "dateTime" : "04/06/15 11:14:00",
  "value" : "10"
},{
  "dateTime" : "04/06/15 12:44:00",
  "value" : "10"
},{
  "dateTime" : "04/06/15 14:11:00",
  "value" : "10"
},{
  "dateTime" : "04/06/15 14:22:00",
  "value" : "10"
},{
  "dateTime" : "04/06/15 15:36:00",
  "value" : "10"
},{
  "dateTime" : "04/06/15 15:41:00",
  "value" : "0"
},{
  "dateTime" : "04/06/15 15:46:00",
  "value" : "10"
},{
  "dateTime" : "04/06/15 15:47:00",
  "value" : "10"
},{
  "dateTime" : "04/06/15 15:48:00",
  "value" : "10"
},{
  "dateTime" : "04/06/15 15:49:00",
  "value" : "10"
},{
  "dateTime" : "04/06/15 15:50:00",
  "value" : "0"
},{
  "dateTime" : "04/06/15 16:11:00",
  "value" : "0"
},{
  "dateTime" : "04/06/15 16:15:00",
  "value" : "10"
},{
  "dateTime" : "04/06/15 16:16:00",
  "value" : "20"
},{
  "dateTime" : "04/06/15 16:17:00",
  "value" : "10"
},{
  "dateTime" : "04/06/15 16:19:00",
  "value" : "10"
},{
  "dateTime" : "04/06/15 16:22:00",
  "value" : "10"
},{
  "dateTime" : "04/06/15 16:26:00",
  "value" : "10"
},{
  "dateTime" : "04/06/15 16:27:00",
  "value" : "10"
},{
  "dateTime" : "04/06/15 16:30:00",
  "value" : "0"
},{
  "dateTime" : "04/06/15 16:34:00",
  "value" : "0"
},{
  "dateTime" : "04/06/15 16:37:00",
  "value" : "20"
},{
  "dateTime" : "04/06/15 16:38:00",
  "value" : "10"
},{
  "dateTime" : "04/06/15 16:42:00",
  "value" : "10"
},{
  "dateTime" : "04/06/15 16:44:00",
  "value" : "20"
},{
  "dateTime" : "04/06/15 16:46:00",
  "value" : "10"
},{
  "dateTime" : "04/06/15 16:47:00",
  "value" : "10"
},{
  "dateTime" : "04/06/15 16:49:00",
  "value" : "10"
},{
  "dateTime" : "04/06/15 16:50:00",
  "value" : "20"
},{
  "dateTime" : "04/06/15 16:54:00",
  "value" : "20"
},{
  "dateTime" : "04/06/15 16:55:00",
  "value" : "20"
},{
  "dateTime" : "04/06/15 16:58:00",
  "value" : "20"
},{
  "dateTime" : "04/06/15 16:59:00",
  "value" : "0"
},{
  "dateTime" : "04/06/15 17:00:00",
  "value" : "10"
},{
  "dateTime" : "04/06/15 17:01:00",
  "value" : "0"
},{
  "dateTime" : "04/06/15 17:03:00",
  "value" : "20"
},{
  "dateTime" : "04/06/15 17:10:00",
  "value" : "10"
},{
  "dateTime" : "04/06/15 17:11:00",
  "value" : "20"
},{
  "dateTime" : "04/06/15 17:12:00",
  "value" : "10"
},{
  "dateTime" : "04/06/15 17:30:00",
  "value" : "10"
},{
  "dateTime" : "04/06/15 19:37:00",
  "value" : "10"
},{
  "dateTime" : "04/06/15 20:04:00",
  "value" : "20"
},{
  "dateTime" : "04/06/15 20:05:00",
  "value" : "10"
},{
  "dateTime" : "04/06/15 20:24:00",
  "value" : "10"
},{
  "dateTime" : "04/07/15 01:42:00",
  "value" : "10"
},{
  "dateTime" : "04/07/15 10:38:00",
  "value" : "10"
},{
  "dateTime" : "04/07/15 11:27:00",
  "value" : "10"
},{
  "dateTime" : "04/07/15 11:30:00",
  "value" : "10"
},{
  "dateTime" : "04/07/15 11:35:00",
  "value" : "10"
},{
  "dateTime" : "04/07/15 11:43:00",
  "value" : "40"
},{
  "dateTime" : "04/07/15 11:44:00",
  "value" : "10"
},{
  "dateTime" : "04/07/15 11:45:00",
  "value" : "10"
},{
  "dateTime" : "04/07/15 12:07:00",
  "value" : "10"
},{
  "dateTime" : "04/07/15 13:59:00",
  "value" : "10"
},{
  "dateTime" : "04/07/15 14:13:00",
  "value" : "10"
},{
  "dateTime" : "04/07/15 14:14:00",
  "value" : "10"
},{
  "dateTime" : "04/07/15 15:31:00",
  "value" : "20"
},{
  "dateTime" : "04/07/15 15:32:00",
  "value" : "10"
},{
  "dateTime" : "04/07/15 15:33:00",
  "value" : "10"
},{
  "dateTime" : "04/07/15 15:35:00",
  "value" : "0"
},{
  "dateTime" : "04/07/15 15:53:00",
  "value" : "10"
},{
  "dateTime" : "04/07/15 16:01:00",
  "value" : "10"
},{
  "dateTime" : "04/07/15 16:07:00",
  "value" : "10"
},{
  "dateTime" : "04/07/15 16:08:00",
  "value" : "20"
},{
  "dateTime" : "04/07/15 16:09:00",
  "value" : "20"
},{
  "dateTime" : "04/07/15 16:10:00",
  "value" : "20"
},{
  "dateTime" : "04/07/15 16:11:00",
  "value" : "10"
},{
  "dateTime" : "04/07/15 16:12:00",
  "value" : "20"
},{
  "dateTime" : "04/07/15 16:25:00",
  "value" : "10"
},{
  "dateTime" : "04/07/15 16:28:00",
  "value" : "10"
},{
  "dateTime" : "04/07/15 16:32:00",
  "value" : "20"
},{
  "dateTime" : "04/07/15 16:33:00",
  "value" : "10"
},{
  "dateTime" : "04/07/15 16:38:00",
  "value" : "10"
},{
  "dateTime" : "04/07/15 16:44:00",
  "value" : "10"
},{
  "dateTime" : "04/07/15 16:47:00",
  "value" : "10"
},{
  "dateTime" : "04/07/15 17:24:00",
  "value" : "10"
},{
  "dateTime" : "04/07/15 17:48:00",
  "value" : "20"
},{
  "dateTime" : "04/07/15 18:26:00",
  "value" : "10"
},{
  "dateTime" : "04/07/15 19:47:00",
  "value" : "20"
},{
  "dateTime" : "04/07/15 20:26:00",
  "value" : "0"
},{
  "dateTime" : "04/08/15 11:15:00",
  "value" : "10"
},{
  "dateTime" : "04/08/15 12:14:00",
  "value" : "10"
},{
  "dateTime" : "04/08/15 12:58:00",
  "value" : "10"
},{
  "dateTime" : "04/08/15 15:08:00",
  "value" : "10"
},{
  "dateTime" : "04/08/15 15:10:00",
  "value" : "10"
},{
  "dateTime" : "04/08/15 17:07:00",
  "value" : "10"
},{
  "dateTime" : "04/08/15 17:13:00",
  "value" : "20"
},{
  "dateTime" : "04/08/15 18:15:00",
  "value" : "10"
},{
  "dateTime" : "04/08/15 18:28:00",
  "value" : "10"
},{
  "dateTime" : "04/08/15 18:32:00",
  "value" : "10"
},{
  "dateTime" : "04/08/15 18:35:00",
  "value" : "10"
},{
  "dateTime" : "04/08/15 18:55:00",
  "value" : "10"
},{
  "dateTime" : "04/08/15 19:19:00",
  "value" : "10"
},{
  "dateTime" : "04/09/15 01:07:00",
  "value" : "20"
},{
  "dateTime" : "04/09/15 09:01:00",
  "value" : "10"
},{
  "dateTime" : "04/09/15 09:09:00",
  "value" : "20"
},{
  "dateTime" : "04/09/15 13:22:00",
  "value" : "20"
},{
  "dateTime" : "04/09/15 13:39:00",
  "value" : "10"
},{
  "dateTime" : "04/09/15 16:08:00",
  "value" : "10"
},{
  "dateTime" : "04/09/15 21:42:00",
  "value" : "10"
},{
  "dateTime" : "04/09/15 21:45:00",
  "value" : "10"
},{
  "dateTime" : "04/09/15 22:20:00",
  "value" : "10"
}]