[{
  "dateTime" : "03/05/16 00:06:00",
  "value" : "10"
},{
  "dateTime" : "03/05/16 00:17:00",
  "value" : "10"
},{
  "dateTime" : "03/05/16 10:07:00",
  "value" : "10"
},{
  "dateTime" : "03/05/16 10:22:00",
  "value" : "10"
},{
  "dateTime" : "03/05/16 10:49:00",
  "value" : "10"
},{
  "dateTime" : "03/05/16 11:19:00",
  "value" : "10"
},{
  "dateTime" : "03/05/16 11:46:00",
  "value" : "10"
},{
  "dateTime" : "03/05/16 11:55:00",
  "value" : "10"
},{
  "dateTime" : "03/05/16 15:36:00",
  "value" : "10"
},{
  "dateTime" : "03/05/16 15:40:00",
  "value" : "10"
},{
  "dateTime" : "03/05/16 17:22:00",
  "value" : "10"
},{
  "dateTime" : "03/05/16 18:08:00",
  "value" : "10"
},{
  "dateTime" : "03/05/16 19:56:00",
  "value" : "10"
},{
  "dateTime" : "03/05/16 20:54:00",
  "value" : "10"
},{
  "dateTime" : "03/05/16 23:44:00",
  "value" : "10"
},{
  "dateTime" : "03/06/16 09:31:00",
  "value" : "10"
},{
  "dateTime" : "03/06/16 10:18:00",
  "value" : "10"
},{
  "dateTime" : "03/06/16 10:46:00",
  "value" : "10"
},{
  "dateTime" : "03/06/16 12:51:00",
  "value" : "10"
},{
  "dateTime" : "03/06/16 12:55:00",
  "value" : "10"
},{
  "dateTime" : "03/06/16 17:27:00",
  "value" : "10"
},{
  "dateTime" : "03/06/16 17:28:00",
  "value" : "20"
},{
  "dateTime" : "03/06/16 18:06:00",
  "value" : "10"
},{
  "dateTime" : "03/06/16 18:58:00",
  "value" : "10"
},{
  "dateTime" : "03/06/16 19:02:00",
  "value" : "10"
},{
  "dateTime" : "03/06/16 20:28:00",
  "value" : "10"
},{
  "dateTime" : "03/06/16 20:29:00",
  "value" : "10"
},{
  "dateTime" : "03/06/16 20:58:00",
  "value" : "10"
},{
  "dateTime" : "03/07/16 06:57:00",
  "value" : "10"
},{
  "dateTime" : "03/07/16 07:39:00",
  "value" : "10"
},{
  "dateTime" : "03/07/16 07:50:00",
  "value" : "10"
},{
  "dateTime" : "03/07/16 08:19:00",
  "value" : "20"
},{
  "dateTime" : "03/07/16 08:37:00",
  "value" : "20"
},{
  "dateTime" : "03/07/16 08:38:00",
  "value" : "20"
},{
  "dateTime" : "03/07/16 08:39:00",
  "value" : "20"
},{
  "dateTime" : "03/07/16 08:44:00",
  "value" : "10"
},{
  "dateTime" : "03/07/16 09:59:00",
  "value" : "10"
},{
  "dateTime" : "03/07/16 11:10:00",
  "value" : "10"
},{
  "dateTime" : "03/07/16 11:27:00",
  "value" : "10"
},{
  "dateTime" : "03/07/16 11:28:00",
  "value" : "10"
},{
  "dateTime" : "03/07/16 12:58:00",
  "value" : "10"
},{
  "dateTime" : "03/07/16 14:00:00",
  "value" : "20"
},{
  "dateTime" : "03/07/16 14:06:00",
  "value" : "10"
},{
  "dateTime" : "03/07/16 14:35:00",
  "value" : "10"
},{
  "dateTime" : "03/07/16 15:06:00",
  "value" : "10"
},{
  "dateTime" : "03/07/16 15:08:00",
  "value" : "10"
},{
  "dateTime" : "03/07/16 15:09:00",
  "value" : "10"
},{
  "dateTime" : "03/07/16 15:17:00",
  "value" : "10"
},{
  "dateTime" : "03/07/16 22:12:00",
  "value" : "10"
},{
  "dateTime" : "03/08/16 07:53:00",
  "value" : "10"
},{
  "dateTime" : "03/08/16 08:14:00",
  "value" : "10"
},{
  "dateTime" : "03/08/16 08:15:00",
  "value" : "10"
},{
  "dateTime" : "03/08/16 09:28:00",
  "value" : "40"
},{
  "dateTime" : "03/08/16 09:36:00",
  "value" : "10"
},{
  "dateTime" : "03/08/16 09:37:00",
  "value" : "10"
},{
  "dateTime" : "03/08/16 09:39:00",
  "value" : "10"
},{
  "dateTime" : "03/08/16 11:05:00",
  "value" : "10"
},{
  "dateTime" : "03/08/16 11:31:00",
  "value" : "10"
},{
  "dateTime" : "03/08/16 11:41:00",
  "value" : "10"
},{
  "dateTime" : "03/08/16 12:58:00",
  "value" : "10"
},{
  "dateTime" : "03/08/16 15:01:00",
  "value" : "10"
},{
  "dateTime" : "03/08/16 15:04:00",
  "value" : "10"
},{
  "dateTime" : "03/08/16 15:18:00",
  "value" : "10"
},{
  "dateTime" : "03/08/16 15:20:00",
  "value" : "10"
},{
  "dateTime" : "03/08/16 15:21:00",
  "value" : "10"
},{
  "dateTime" : "03/08/16 15:30:00",
  "value" : "10"
},{
  "dateTime" : "03/08/16 15:45:00",
  "value" : "20"
},{
  "dateTime" : "03/08/16 16:05:00",
  "value" : "20"
},{
  "dateTime" : "03/08/16 20:03:00",
  "value" : "10"
},{
  "dateTime" : "03/08/16 21:11:00",
  "value" : "10"
},{
  "dateTime" : "03/08/16 21:12:00",
  "value" : "10"
},{
  "dateTime" : "03/08/16 21:49:00",
  "value" : "10"
},{
  "dateTime" : "03/08/16 23:00:00",
  "value" : "10"
},{
  "dateTime" : "03/09/16 07:35:00",
  "value" : "10"
},{
  "dateTime" : "03/09/16 07:49:00",
  "value" : "10"
},{
  "dateTime" : "03/09/16 08:40:00",
  "value" : "10"
},{
  "dateTime" : "03/09/16 08:49:00",
  "value" : "20"
},{
  "dateTime" : "03/09/16 08:50:00",
  "value" : "10"
},{
  "dateTime" : "03/09/16 08:51:00",
  "value" : "10"
},{
  "dateTime" : "03/09/16 09:06:00",
  "value" : "10"
},{
  "dateTime" : "03/09/16 10:58:00",
  "value" : "10"
},{
  "dateTime" : "03/09/16 11:01:00",
  "value" : "20"
},{
  "dateTime" : "03/09/16 13:36:00",
  "value" : "10"
},{
  "dateTime" : "03/09/16 13:38:00",
  "value" : "10"
},{
  "dateTime" : "03/09/16 13:39:00",
  "value" : "10"
},{
  "dateTime" : "03/09/16 16:02:00",
  "value" : "10"
},{
  "dateTime" : "03/09/16 16:04:00",
  "value" : "10"
},{
  "dateTime" : "03/09/16 17:32:00",
  "value" : "10"
},{
  "dateTime" : "03/09/16 18:14:00",
  "value" : "10"
},{
  "dateTime" : "03/09/16 20:34:00",
  "value" : "10"
},{
  "dateTime" : "03/09/16 21:16:00",
  "value" : "10"
},{
  "dateTime" : "03/10/16 06:49:00",
  "value" : "10"
},{
  "dateTime" : "03/10/16 07:36:00",
  "value" : "20"
},{
  "dateTime" : "03/10/16 07:38:00",
  "value" : "20"
},{
  "dateTime" : "03/10/16 07:42:00",
  "value" : "10"
},{
  "dateTime" : "03/10/16 08:17:00",
  "value" : "10"
},{
  "dateTime" : "03/10/16 08:30:00",
  "value" : "10"
},{
  "dateTime" : "03/10/16 08:40:00",
  "value" : "10"
},{
  "dateTime" : "03/10/16 08:41:00",
  "value" : "20"
},{
  "dateTime" : "03/10/16 08:42:00",
  "value" : "10"
},{
  "dateTime" : "03/10/16 08:44:00",
  "value" : "10"
},{
  "dateTime" : "03/10/16 13:37:00",
  "value" : "10"
},{
  "dateTime" : "03/10/16 13:38:00",
  "value" : "10"
},{
  "dateTime" : "03/10/16 18:58:00",
  "value" : "20"
},{
  "dateTime" : "03/10/16 19:49:00",
  "value" : "10"
},{
  "dateTime" : "03/10/16 19:52:00",
  "value" : "10"
},{
  "dateTime" : "03/11/16 06:52:00",
  "value" : "10"
},{
  "dateTime" : "03/11/16 07:19:00",
  "value" : "10"
},{
  "dateTime" : "03/11/16 08:51:00",
  "value" : "10"
},{
  "dateTime" : "03/11/16 08:52:00",
  "value" : "20"
},{
  "dateTime" : "03/11/16 08:53:00",
  "value" : "20"
},{
  "dateTime" : "03/11/16 08:57:00",
  "value" : "10"
},{
  "dateTime" : "03/11/16 09:07:00",
  "value" : "20"
},{
  "dateTime" : "03/11/16 10:29:00",
  "value" : "10"
},{
  "dateTime" : "03/11/16 10:30:00",
  "value" : "10"
},{
  "dateTime" : "03/11/16 12:29:00",
  "value" : "10"
},{
  "dateTime" : "03/11/16 12:31:00",
  "value" : "10"
},{
  "dateTime" : "03/11/16 13:23:00",
  "value" : "10"
},{
  "dateTime" : "03/11/16 13:55:00",
  "value" : "10"
},{
  "dateTime" : "03/11/16 13:58:00",
  "value" : "20"
},{
  "dateTime" : "03/11/16 14:00:00",
  "value" : "10"
},{
  "dateTime" : "03/11/16 14:32:00",
  "value" : "10"
},{
  "dateTime" : "03/11/16 15:59:00",
  "value" : "10"
},{
  "dateTime" : "03/11/16 17:19:00",
  "value" : "10"
},{
  "dateTime" : "03/11/16 19:22:00",
  "value" : "10"
},{
  "dateTime" : "03/11/16 20:07:00",
  "value" : "10"
},{
  "dateTime" : "03/11/16 21:57:00",
  "value" : "10"
},{
  "dateTime" : "03/11/16 22:01:00",
  "value" : "10"
},{
  "dateTime" : "03/11/16 23:54:00",
  "value" : "10"
},{
  "dateTime" : "03/11/16 23:59:00",
  "value" : "10"
},{
  "dateTime" : "03/12/16 00:30:00",
  "value" : "10"
},{
  "dateTime" : "03/12/16 00:32:00",
  "value" : "10"
},{
  "dateTime" : "03/12/16 09:06:00",
  "value" : "10"
},{
  "dateTime" : "03/12/16 10:36:00",
  "value" : "10"
},{
  "dateTime" : "03/12/16 16:14:00",
  "value" : "10"
},{
  "dateTime" : "03/13/16 10:38:00",
  "value" : "10"
},{
  "dateTime" : "03/13/16 13:27:00",
  "value" : "10"
},{
  "dateTime" : "03/13/16 13:45:00",
  "value" : "10"
},{
  "dateTime" : "03/13/16 14:33:00",
  "value" : "10"
},{
  "dateTime" : "03/13/16 16:19:00",
  "value" : "10"
},{
  "dateTime" : "03/13/16 17:16:00",
  "value" : "10"
},{
  "dateTime" : "03/13/16 17:24:00",
  "value" : "10"
},{
  "dateTime" : "03/13/16 22:27:00",
  "value" : "10"
},{
  "dateTime" : "03/14/16 07:44:00",
  "value" : "10"
},{
  "dateTime" : "03/14/16 07:52:00",
  "value" : "10"
},{
  "dateTime" : "03/14/16 07:56:00",
  "value" : "10"
},{
  "dateTime" : "03/14/16 08:49:00",
  "value" : "20"
},{
  "dateTime" : "03/14/16 08:50:00",
  "value" : "30"
},{
  "dateTime" : "03/14/16 08:51:00",
  "value" : "10"
},{
  "dateTime" : "03/14/16 08:57:00",
  "value" : "20"
},{
  "dateTime" : "03/14/16 08:59:00",
  "value" : "10"
},{
  "dateTime" : "03/14/16 09:00:00",
  "value" : "10"
},{
  "dateTime" : "03/14/16 09:02:00",
  "value" : "10"
},{
  "dateTime" : "03/14/16 10:03:00",
  "value" : "10"
},{
  "dateTime" : "03/14/16 10:04:00",
  "value" : "10"
},{
  "dateTime" : "03/14/16 10:05:00",
  "value" : "10"
},{
  "dateTime" : "03/14/16 11:54:00",
  "value" : "20"
},{
  "dateTime" : "03/14/16 13:06:00",
  "value" : "10"
},{
  "dateTime" : "03/14/16 13:56:00",
  "value" : "10"
},{
  "dateTime" : "03/14/16 13:58:00",
  "value" : "10"
},{
  "dateTime" : "03/14/16 14:02:00",
  "value" : "20"
},{
  "dateTime" : "03/14/16 15:53:00",
  "value" : "10"
},{
  "dateTime" : "03/14/16 15:54:00",
  "value" : "10"
},{
  "dateTime" : "03/14/16 16:55:00",
  "value" : "10"
},{
  "dateTime" : "03/14/16 17:00:00",
  "value" : "10"
},{
  "dateTime" : "03/14/16 17:01:00",
  "value" : "20"
},{
  "dateTime" : "03/14/16 20:21:00",
  "value" : "10"
},{
  "dateTime" : "03/14/16 20:42:00",
  "value" : "20"
},{
  "dateTime" : "03/14/16 20:48:00",
  "value" : "10"
},{
  "dateTime" : "03/14/16 21:39:00",
  "value" : "10"
},{
  "dateTime" : "03/14/16 21:41:00",
  "value" : "10"
},{
  "dateTime" : "03/15/16 07:02:00",
  "value" : "10"
},{
  "dateTime" : "03/15/16 07:54:00",
  "value" : "10"
},{
  "dateTime" : "03/15/16 07:57:00",
  "value" : "10"
},{
  "dateTime" : "03/15/16 07:58:00",
  "value" : "20"
},{
  "dateTime" : "03/15/16 08:27:00",
  "value" : "10"
},{
  "dateTime" : "03/15/16 08:48:00",
  "value" : "40"
},{
  "dateTime" : "03/15/16 08:49:00",
  "value" : "10"
},{
  "dateTime" : "03/15/16 08:55:00",
  "value" : "10"
},{
  "dateTime" : "03/15/16 08:56:00",
  "value" : "10"
},{
  "dateTime" : "03/15/16 08:58:00",
  "value" : "10"
},{
  "dateTime" : "03/15/16 09:02:00",
  "value" : "10"
},{
  "dateTime" : "03/15/16 09:04:00",
  "value" : "10"
},{
  "dateTime" : "03/15/16 09:05:00",
  "value" : "10"
},{
  "dateTime" : "03/15/16 11:08:00",
  "value" : "10"
},{
  "dateTime" : "03/15/16 11:22:00",
  "value" : "10"
},{
  "dateTime" : "03/15/16 11:30:00",
  "value" : "10"
},{
  "dateTime" : "03/15/16 11:35:00",
  "value" : "20"
},{
  "dateTime" : "03/15/16 12:07:00",
  "value" : "10"
},{
  "dateTime" : "03/15/16 13:00:00",
  "value" : "10"
},{
  "dateTime" : "03/15/16 15:10:00",
  "value" : "10"
},{
  "dateTime" : "03/15/16 15:18:00",
  "value" : "10"
},{
  "dateTime" : "03/15/16 15:21:00",
  "value" : "10"
},{
  "dateTime" : "03/15/16 16:46:00",
  "value" : "10"
},{
  "dateTime" : "03/15/16 16:53:00",
  "value" : "10"
},{
  "dateTime" : "03/15/16 18:39:00",
  "value" : "10"
},{
  "dateTime" : "03/15/16 18:44:00",
  "value" : "10"
},{
  "dateTime" : "03/15/16 18:45:00",
  "value" : "10"
},{
  "dateTime" : "03/15/16 20:18:00",
  "value" : "10"
},{
  "dateTime" : "03/15/16 20:19:00",
  "value" : "10"
},{
  "dateTime" : "03/15/16 20:53:00",
  "value" : "10"
},{
  "dateTime" : "03/15/16 20:55:00",
  "value" : "10"
},{
  "dateTime" : "03/15/16 21:32:00",
  "value" : "10"
},{
  "dateTime" : "03/15/16 21:34:00",
  "value" : "10"
},{
  "dateTime" : "03/16/16 06:59:00",
  "value" : "10"
},{
  "dateTime" : "03/16/16 07:50:00",
  "value" : "10"
},{
  "dateTime" : "03/16/16 08:37:00",
  "value" : "20"
},{
  "dateTime" : "03/16/16 08:38:00",
  "value" : "20"
},{
  "dateTime" : "03/16/16 08:39:00",
  "value" : "10"
},{
  "dateTime" : "03/16/16 08:53:00",
  "value" : "10"
},{
  "dateTime" : "03/16/16 08:55:00",
  "value" : "20"
},{
  "dateTime" : "03/16/16 11:03:00",
  "value" : "20"
},{
  "dateTime" : "03/16/16 13:09:00",
  "value" : "10"
},{
  "dateTime" : "03/16/16 15:01:00",
  "value" : "10"
},{
  "dateTime" : "03/16/16 17:17:00",
  "value" : "10"
},{
  "dateTime" : "03/16/16 17:19:00",
  "value" : "10"
},{
  "dateTime" : "03/16/16 17:24:00",
  "value" : "10"
},{
  "dateTime" : "03/16/16 19:06:00",
  "value" : "10"
},{
  "dateTime" : "03/16/16 21:18:00",
  "value" : "10"
},{
  "dateTime" : "03/16/16 22:21:00",
  "value" : "10"
},{
  "dateTime" : "03/16/16 22:24:00",
  "value" : "10"
},{
  "dateTime" : "03/17/16 07:23:00",
  "value" : "10"
},{
  "dateTime" : "03/17/16 07:27:00",
  "value" : "10"
},{
  "dateTime" : "03/17/16 07:37:00",
  "value" : "10"
},{
  "dateTime" : "03/17/16 08:05:00",
  "value" : "10"
},{
  "dateTime" : "03/17/16 08:19:00",
  "value" : "10"
},{
  "dateTime" : "03/17/16 08:20:00",
  "value" : "10"
},{
  "dateTime" : "03/17/16 08:29:00",
  "value" : "10"
},{
  "dateTime" : "03/17/16 08:37:00",
  "value" : "10"
},{
  "dateTime" : "03/17/16 08:38:00",
  "value" : "20"
},{
  "dateTime" : "03/17/16 13:29:00",
  "value" : "20"
},{
  "dateTime" : "03/17/16 13:30:00",
  "value" : "20"
},{
  "dateTime" : "03/17/16 14:14:00",
  "value" : "30"
},{
  "dateTime" : "03/17/16 14:15:00",
  "value" : "20"
},{
  "dateTime" : "03/17/16 17:42:00",
  "value" : "10"
},{
  "dateTime" : "03/17/16 18:08:00",
  "value" : "10"
},{
  "dateTime" : "03/17/16 18:15:00",
  "value" : "10"
},{
  "dateTime" : "03/17/16 18:37:00",
  "value" : "10"
},{
  "dateTime" : "03/17/16 19:08:00",
  "value" : "10"
},{
  "dateTime" : "03/17/16 19:15:00",
  "value" : "10"
},{
  "dateTime" : "03/17/16 20:00:00",
  "value" : "20"
},{
  "dateTime" : "03/17/16 20:01:00",
  "value" : "10"
},{
  "dateTime" : "03/17/16 20:02:00",
  "value" : "10"
},{
  "dateTime" : "03/17/16 20:10:00",
  "value" : "10"
},{
  "dateTime" : "03/17/16 21:32:00",
  "value" : "10"
},{
  "dateTime" : "03/17/16 22:23:00",
  "value" : "10"
},{
  "dateTime" : "03/17/16 22:35:00",
  "value" : "10"
},{
  "dateTime" : "03/18/16 07:35:00",
  "value" : "20"
},{
  "dateTime" : "03/18/16 07:46:00",
  "value" : "20"
},{
  "dateTime" : "03/18/16 07:47:00",
  "value" : "10"
},{
  "dateTime" : "03/18/16 07:48:00",
  "value" : "10"
},{
  "dateTime" : "03/18/16 07:49:00",
  "value" : "10"
},{
  "dateTime" : "03/18/16 08:37:00",
  "value" : "10"
},{
  "dateTime" : "03/18/16 08:45:00",
  "value" : "10"
},{
  "dateTime" : "03/18/16 08:46:00",
  "value" : "20"
},{
  "dateTime" : "03/18/16 08:47:00",
  "value" : "20"
},{
  "dateTime" : "03/18/16 08:54:00",
  "value" : "10"
},{
  "dateTime" : "03/18/16 08:55:00",
  "value" : "10"
},{
  "dateTime" : "03/18/16 09:00:00",
  "value" : "10"
},{
  "dateTime" : "03/18/16 09:01:00",
  "value" : "10"
},{
  "dateTime" : "03/18/16 09:02:00",
  "value" : "10"
},{
  "dateTime" : "03/18/16 13:07:00",
  "value" : "10"
},{
  "dateTime" : "03/18/16 13:09:00",
  "value" : "10"
},{
  "dateTime" : "03/18/16 13:37:00",
  "value" : "10"
},{
  "dateTime" : "03/18/16 13:38:00",
  "value" : "10"
},{
  "dateTime" : "03/18/16 13:42:00",
  "value" : "10"
},{
  "dateTime" : "03/18/16 14:01:00",
  "value" : "10"
},{
  "dateTime" : "03/18/16 14:06:00",
  "value" : "10"
},{
  "dateTime" : "03/18/16 14:10:00",
  "value" : "10"
},{
  "dateTime" : "03/18/16 14:15:00",
  "value" : "10"
},{
  "dateTime" : "03/18/16 14:32:00",
  "value" : "10"
},{
  "dateTime" : "03/18/16 14:35:00",
  "value" : "10"
},{
  "dateTime" : "03/18/16 17:30:00",
  "value" : "20"
},{
  "dateTime" : "03/18/16 23:07:00",
  "value" : "10"
},{
  "dateTime" : "03/19/16 08:12:00",
  "value" : "10"
},{
  "dateTime" : "03/19/16 09:09:00",
  "value" : "10"
},{
  "dateTime" : "03/19/16 10:37:00",
  "value" : "10"
},{
  "dateTime" : "03/19/16 12:16:00",
  "value" : "10"
},{
  "dateTime" : "03/19/16 18:36:00",
  "value" : "10"
},{
  "dateTime" : "03/21/16 06:57:00",
  "value" : "10"
},{
  "dateTime" : "03/21/16 08:07:00",
  "value" : "20"
},{
  "dateTime" : "03/21/16 08:54:00",
  "value" : "10"
},{
  "dateTime" : "03/21/16 08:55:00",
  "value" : "10"
},{
  "dateTime" : "03/21/16 09:01:00",
  "value" : "10"
},{
  "dateTime" : "03/21/16 09:02:00",
  "value" : "10"
},{
  "dateTime" : "03/21/16 10:02:00",
  "value" : "10"
},{
  "dateTime" : "03/21/16 10:05:00",
  "value" : "20"
},{
  "dateTime" : "03/21/16 12:00:00",
  "value" : "10"
},{
  "dateTime" : "03/21/16 12:41:00",
  "value" : "20"
},{
  "dateTime" : "03/21/16 13:07:00",
  "value" : "10"
},{
  "dateTime" : "03/21/16 13:08:00",
  "value" : "20"
},{
  "dateTime" : "03/21/16 14:07:00",
  "value" : "10"
},{
  "dateTime" : "03/21/16 14:08:00",
  "value" : "10"
},{
  "dateTime" : "03/21/16 14:12:00",
  "value" : "10"
},{
  "dateTime" : "03/21/16 15:46:00",
  "value" : "10"
},{
  "dateTime" : "03/21/16 16:46:00",
  "value" : "10"
},{
  "dateTime" : "03/21/16 16:48:00",
  "value" : "10"
},{
  "dateTime" : "03/21/16 20:38:00",
  "value" : "10"
},{
  "dateTime" : "03/21/16 22:04:00",
  "value" : "10"
},{
  "dateTime" : "03/21/16 23:04:00",
  "value" : "10"
},{
  "dateTime" : "03/22/16 07:04:00",
  "value" : "10"
},{
  "dateTime" : "03/22/16 07:43:00",
  "value" : "10"
},{
  "dateTime" : "03/22/16 07:44:00",
  "value" : "10"
},{
  "dateTime" : "03/22/16 07:47:00",
  "value" : "10"
},{
  "dateTime" : "03/22/16 07:54:00",
  "value" : "10"
},{
  "dateTime" : "03/22/16 07:56:00",
  "value" : "10"
},{
  "dateTime" : "03/22/16 08:41:00",
  "value" : "20"
},{
  "dateTime" : "03/22/16 08:42:00",
  "value" : "20"
},{
  "dateTime" : "03/22/16 08:51:00",
  "value" : "10"
},{
  "dateTime" : "03/22/16 08:52:00",
  "value" : "10"
},{
  "dateTime" : "03/22/16 08:54:00",
  "value" : "20"
},{
  "dateTime" : "03/22/16 10:55:00",
  "value" : "10"
},{
  "dateTime" : "03/22/16 10:56:00",
  "value" : "10"
},{
  "dateTime" : "03/22/16 12:07:00",
  "value" : "10"
},{
  "dateTime" : "03/22/16 12:17:00",
  "value" : "10"
},{
  "dateTime" : "03/22/16 13:35:00",
  "value" : "10"
},{
  "dateTime" : "03/22/16 14:05:00",
  "value" : "10"
},{
  "dateTime" : "03/22/16 14:06:00",
  "value" : "10"
},{
  "dateTime" : "03/22/16 14:45:00",
  "value" : "10"
},{
  "dateTime" : "03/22/16 15:16:00",
  "value" : "10"
},{
  "dateTime" : "03/22/16 15:21:00",
  "value" : "10"
},{
  "dateTime" : "03/22/16 16:20:00",
  "value" : "10"
},{
  "dateTime" : "03/22/16 16:21:00",
  "value" : "10"
},{
  "dateTime" : "03/22/16 16:22:00",
  "value" : "10"
},{
  "dateTime" : "03/22/16 16:25:00",
  "value" : "10"
},{
  "dateTime" : "03/22/16 18:20:00",
  "value" : "10"
},{
  "dateTime" : "03/22/16 18:22:00",
  "value" : "10"
},{
  "dateTime" : "03/22/16 18:27:00",
  "value" : "10"
},{
  "dateTime" : "03/22/16 18:35:00",
  "value" : "10"
},{
  "dateTime" : "03/22/16 19:55:00",
  "value" : "10"
},{
  "dateTime" : "03/22/16 19:56:00",
  "value" : "10"
},{
  "dateTime" : "03/22/16 19:58:00",
  "value" : "10"
},{
  "dateTime" : "03/22/16 19:59:00",
  "value" : "10"
},{
  "dateTime" : "03/22/16 20:06:00",
  "value" : "10"
},{
  "dateTime" : "03/22/16 20:08:00",
  "value" : "10"
},{
  "dateTime" : "03/22/16 22:59:00",
  "value" : "10"
},{
  "dateTime" : "03/23/16 07:03:00",
  "value" : "10"
},{
  "dateTime" : "03/23/16 07:43:00",
  "value" : "10"
},{
  "dateTime" : "03/23/16 07:45:00",
  "value" : "10"
},{
  "dateTime" : "03/23/16 07:56:00",
  "value" : "10"
},{
  "dateTime" : "03/23/16 07:58:00",
  "value" : "10"
},{
  "dateTime" : "03/23/16 08:37:00",
  "value" : "10"
},{
  "dateTime" : "03/23/16 08:45:00",
  "value" : "20"
},{
  "dateTime" : "03/23/16 08:46:00",
  "value" : "20"
},{
  "dateTime" : "03/23/16 08:47:00",
  "value" : "20"
},{
  "dateTime" : "03/23/16 08:59:00",
  "value" : "20"
},{
  "dateTime" : "03/23/16 10:54:00",
  "value" : "10"
},{
  "dateTime" : "03/23/16 10:56:00",
  "value" : "10"
},{
  "dateTime" : "03/23/16 10:57:00",
  "value" : "10"
},{
  "dateTime" : "03/23/16 11:03:00",
  "value" : "10"
},{
  "dateTime" : "03/23/16 11:07:00",
  "value" : "20"
},{
  "dateTime" : "03/23/16 13:06:00",
  "value" : "10"
},{
  "dateTime" : "03/23/16 15:38:00",
  "value" : "10"
},{
  "dateTime" : "03/23/16 16:04:00",
  "value" : "10"
},{
  "dateTime" : "03/23/16 16:41:00",
  "value" : "10"
},{
  "dateTime" : "03/23/16 16:42:00",
  "value" : "10"
},{
  "dateTime" : "03/23/16 16:45:00",
  "value" : "10"
},{
  "dateTime" : "03/23/16 16:53:00",
  "value" : "10"
},{
  "dateTime" : "03/23/16 16:54:00",
  "value" : "10"
},{
  "dateTime" : "03/23/16 16:56:00",
  "value" : "20"
},{
  "dateTime" : "03/23/16 16:58:00",
  "value" : "10"
},{
  "dateTime" : "03/23/16 17:00:00",
  "value" : "10"
},{
  "dateTime" : "03/23/16 17:01:00",
  "value" : "10"
},{
  "dateTime" : "03/23/16 18:09:00",
  "value" : "10"
},{
  "dateTime" : "03/23/16 18:55:00",
  "value" : "10"
},{
  "dateTime" : "03/23/16 19:54:00",
  "value" : "10"
},{
  "dateTime" : "03/23/16 20:10:00",
  "value" : "10"
},{
  "dateTime" : "03/23/16 22:03:00",
  "value" : "10"
},{
  "dateTime" : "03/24/16 07:30:00",
  "value" : "10"
},{
  "dateTime" : "03/24/16 07:32:00",
  "value" : "10"
},{
  "dateTime" : "03/24/16 07:34:00",
  "value" : "10"
},{
  "dateTime" : "03/24/16 08:10:00",
  "value" : "10"
},{
  "dateTime" : "03/24/16 08:26:00",
  "value" : "10"
},{
  "dateTime" : "03/24/16 08:45:00",
  "value" : "20"
},{
  "dateTime" : "03/24/16 08:46:00",
  "value" : "10"
},{
  "dateTime" : "03/24/16 13:25:00",
  "value" : "10"
},{
  "dateTime" : "03/24/16 13:26:00",
  "value" : "30"
},{
  "dateTime" : "03/24/16 17:50:00",
  "value" : "10"
},{
  "dateTime" : "03/24/16 17:51:00",
  "value" : "20"
},{
  "dateTime" : "03/24/16 17:52:00",
  "value" : "20"
},{
  "dateTime" : "03/24/16 18:12:00",
  "value" : "20"
},{
  "dateTime" : "03/24/16 18:54:00",
  "value" : "10"
},{
  "dateTime" : "03/24/16 21:10:00",
  "value" : "10"
},{
  "dateTime" : "03/24/16 21:12:00",
  "value" : "10"
},{
  "dateTime" : "03/24/16 21:13:00",
  "value" : "10"
},{
  "dateTime" : "03/24/16 21:14:00",
  "value" : "10"
},{
  "dateTime" : "03/24/16 23:15:00",
  "value" : "20"
},{
  "dateTime" : "03/25/16 00:34:00",
  "value" : "10"
},{
  "dateTime" : "03/25/16 09:54:00",
  "value" : "10"
},{
  "dateTime" : "03/25/16 10:00:00",
  "value" : "10"
},{
  "dateTime" : "03/25/16 11:39:00",
  "value" : "10"
},{
  "dateTime" : "03/25/16 16:55:00",
  "value" : "0"
},{
  "dateTime" : "03/25/16 16:56:00",
  "value" : "0"
},{
  "dateTime" : "03/25/16 17:00:00",
  "value" : "0"
},{
  "dateTime" : "03/25/16 17:01:00",
  "value" : "20"
},{
  "dateTime" : "03/25/16 17:02:00",
  "value" : "10"
},{
  "dateTime" : "03/25/16 17:03:00",
  "value" : "10"
},{
  "dateTime" : "03/25/16 17:04:00",
  "value" : "10"
},{
  "dateTime" : "03/25/16 17:07:00",
  "value" : "50"
},{
  "dateTime" : "03/25/16 17:08:00",
  "value" : "20"
},{
  "dateTime" : "03/25/16 17:09:00",
  "value" : "10"
},{
  "dateTime" : "03/25/16 17:12:00",
  "value" : "10"
},{
  "dateTime" : "03/25/16 17:14:00",
  "value" : "10"
},{
  "dateTime" : "03/25/16 17:15:00",
  "value" : "0"
},{
  "dateTime" : "03/25/16 17:17:00",
  "value" : "10"
},{
  "dateTime" : "03/25/16 17:18:00",
  "value" : "10"
},{
  "dateTime" : "03/25/16 17:19:00",
  "value" : "10"
},{
  "dateTime" : "03/25/16 17:20:00",
  "value" : "10"
},{
  "dateTime" : "03/25/16 17:21:00",
  "value" : "10"
},{
  "dateTime" : "03/25/16 17:22:00",
  "value" : "10"
},{
  "dateTime" : "03/25/16 17:23:00",
  "value" : "30"
},{
  "dateTime" : "03/25/16 17:25:00",
  "value" : "0"
},{
  "dateTime" : "03/25/16 17:29:00",
  "value" : "0"
},{
  "dateTime" : "03/25/16 17:32:00",
  "value" : "0"
},{
  "dateTime" : "03/25/16 17:38:00",
  "value" : "10"
},{
  "dateTime" : "03/25/16 17:39:00",
  "value" : "10"
},{
  "dateTime" : "03/25/16 17:41:00",
  "value" : "10"
},{
  "dateTime" : "03/25/16 17:43:00",
  "value" : "10"
},{
  "dateTime" : "03/25/16 17:44:00",
  "value" : "10"
},{
  "dateTime" : "03/25/16 17:45:00",
  "value" : "10"
},{
  "dateTime" : "03/25/16 17:55:00",
  "value" : "10"
},{
  "dateTime" : "03/25/16 18:33:00",
  "value" : "10"
},{
  "dateTime" : "03/25/16 19:02:00",
  "value" : "10"
},{
  "dateTime" : "03/26/16 10:49:00",
  "value" : "10"
},{
  "dateTime" : "03/26/16 14:52:00",
  "value" : "10"
},{
  "dateTime" : "03/26/16 18:35:00",
  "value" : "10"
},{
  "dateTime" : "03/26/16 21:21:00",
  "value" : "10"
},{
  "dateTime" : "03/26/16 21:25:00",
  "value" : "10"
},{
  "dateTime" : "03/27/16 08:45:00",
  "value" : "10"
},{
  "dateTime" : "03/27/16 09:52:00",
  "value" : "10"
},{
  "dateTime" : "03/27/16 11:20:00",
  "value" : "10"
},{
  "dateTime" : "03/27/16 11:21:00",
  "value" : "20"
},{
  "dateTime" : "03/27/16 11:31:00",
  "value" : "10"
},{
  "dateTime" : "03/27/16 11:35:00",
  "value" : "10"
},{
  "dateTime" : "03/27/16 11:52:00",
  "value" : "10"
},{
  "dateTime" : "03/27/16 11:53:00",
  "value" : "10"
},{
  "dateTime" : "03/27/16 11:54:00",
  "value" : "10"
},{
  "dateTime" : "03/27/16 12:26:00",
  "value" : "10"
},{
  "dateTime" : "03/27/16 13:03:00",
  "value" : "10"
},{
  "dateTime" : "03/27/16 14:13:00",
  "value" : "10"
},{
  "dateTime" : "03/27/16 15:17:00",
  "value" : "10"
},{
  "dateTime" : "03/27/16 15:44:00",
  "value" : "10"
},{
  "dateTime" : "03/27/16 15:47:00",
  "value" : "10"
},{
  "dateTime" : "03/27/16 15:50:00",
  "value" : "20"
},{
  "dateTime" : "03/27/16 16:53:00",
  "value" : "0"
},{
  "dateTime" : "03/27/16 16:55:00",
  "value" : "0"
},{
  "dateTime" : "03/27/16 16:58:00",
  "value" : "0"
},{
  "dateTime" : "03/27/16 17:00:00",
  "value" : "10"
},{
  "dateTime" : "03/27/16 17:02:00",
  "value" : "0"
},{
  "dateTime" : "03/27/16 17:03:00",
  "value" : "10"
},{
  "dateTime" : "03/27/16 17:04:00",
  "value" : "20"
},{
  "dateTime" : "03/27/16 17:05:00",
  "value" : "60"
},{
  "dateTime" : "03/27/16 17:06:00",
  "value" : "10"
},{
  "dateTime" : "03/27/16 17:07:00",
  "value" : "40"
},{
  "dateTime" : "03/27/16 17:08:00",
  "value" : "40"
},{
  "dateTime" : "03/27/16 17:09:00",
  "value" : "30"
},{
  "dateTime" : "03/27/16 17:10:00",
  "value" : "30"
},{
  "dateTime" : "03/27/16 17:11:00",
  "value" : "30"
},{
  "dateTime" : "03/27/16 17:12:00",
  "value" : "10"
},{
  "dateTime" : "03/27/16 17:13:00",
  "value" : "10"
},{
  "dateTime" : "03/27/16 17:16:00",
  "value" : "0"
},{
  "dateTime" : "03/27/16 17:20:00",
  "value" : "0"
},{
  "dateTime" : "03/27/16 17:22:00",
  "value" : "10"
},{
  "dateTime" : "03/27/16 17:23:00",
  "value" : "40"
},{
  "dateTime" : "03/27/16 17:24:00",
  "value" : "40"
},{
  "dateTime" : "03/27/16 17:25:00",
  "value" : "50"
},{
  "dateTime" : "03/27/16 17:26:00",
  "value" : "50"
},{
  "dateTime" : "03/27/16 17:27:00",
  "value" : "40"
},{
  "dateTime" : "03/27/16 17:28:00",
  "value" : "50"
},{
  "dateTime" : "03/27/16 17:29:00",
  "value" : "50"
},{
  "dateTime" : "03/27/16 17:30:00",
  "value" : "20"
},{
  "dateTime" : "03/27/16 17:31:00",
  "value" : "30"
},{
  "dateTime" : "03/27/16 17:33:00",
  "value" : "10"
},{
  "dateTime" : "03/27/16 17:34:00",
  "value" : "0"
},{
  "dateTime" : "03/27/16 17:35:00",
  "value" : "30"
},{
  "dateTime" : "03/27/16 17:36:00",
  "value" : "10"
},{
  "dateTime" : "03/27/16 17:38:00",
  "value" : "10"
},{
  "dateTime" : "03/27/16 17:39:00",
  "value" : "30"
},{
  "dateTime" : "03/27/16 17:40:00",
  "value" : "40"
},{
  "dateTime" : "03/27/16 17:41:00",
  "value" : "20"
},{
  "dateTime" : "03/27/16 17:42:00",
  "value" : "20"
},{
  "dateTime" : "03/27/16 17:43:00",
  "value" : "10"
},{
  "dateTime" : "03/27/16 17:44:00",
  "value" : "10"
},{
  "dateTime" : "03/27/16 17:45:00",
  "value" : "20"
},{
  "dateTime" : "03/27/16 17:47:00",
  "value" : "30"
},{
  "dateTime" : "03/27/16 17:48:00",
  "value" : "10"
},{
  "dateTime" : "03/27/16 17:51:00",
  "value" : "0"
},{
  "dateTime" : "03/27/16 17:54:00",
  "value" : "0"
},{
  "dateTime" : "03/27/16 17:56:00",
  "value" : "10"
},{
  "dateTime" : "03/27/16 17:57:00",
  "value" : "20"
},{
  "dateTime" : "03/27/16 17:58:00",
  "value" : "20"
},{
  "dateTime" : "03/27/16 18:05:00",
  "value" : "10"
},{
  "dateTime" : "03/27/16 18:06:00",
  "value" : "10"
},{
  "dateTime" : "03/27/16 18:07:00",
  "value" : "20"
},{
  "dateTime" : "03/27/16 18:08:00",
  "value" : "20"
},{
  "dateTime" : "03/27/16 18:09:00",
  "value" : "10"
},{
  "dateTime" : "03/27/16 19:18:00",
  "value" : "10"
},{
  "dateTime" : "03/27/16 19:19:00",
  "value" : "10"
},{
  "dateTime" : "03/27/16 19:27:00",
  "value" : "10"
},{
  "dateTime" : "03/27/16 19:31:00",
  "value" : "10"
},{
  "dateTime" : "03/27/16 19:51:00",
  "value" : "10"
},{
  "dateTime" : "03/27/16 19:52:00",
  "value" : "10"
},{
  "dateTime" : "03/27/16 19:55:00",
  "value" : "10"
},{
  "dateTime" : "03/28/16 11:14:00",
  "value" : "10"
},{
  "dateTime" : "03/28/16 11:16:00",
  "value" : "10"
},{
  "dateTime" : "03/28/16 11:31:00",
  "value" : "10"
},{
  "dateTime" : "03/28/16 11:34:00",
  "value" : "10"
},{
  "dateTime" : "03/28/16 11:52:00",
  "value" : "10"
},{
  "dateTime" : "03/28/16 12:03:00",
  "value" : "10"
},{
  "dateTime" : "03/28/16 13:04:00",
  "value" : "30"
},{
  "dateTime" : "03/28/16 13:05:00",
  "value" : "20"
},{
  "dateTime" : "03/28/16 13:19:00",
  "value" : "10"
},{
  "dateTime" : "03/28/16 13:22:00",
  "value" : "10"
},{
  "dateTime" : "03/28/16 14:14:00",
  "value" : "10"
},{
  "dateTime" : "03/28/16 16:13:00",
  "value" : "10"
},{
  "dateTime" : "03/28/16 17:01:00",
  "value" : "10"
},{
  "dateTime" : "03/28/16 17:23:00",
  "value" : "10"
},{
  "dateTime" : "03/28/16 18:19:00",
  "value" : "10"
},{
  "dateTime" : "03/28/16 18:25:00",
  "value" : "10"
},{
  "dateTime" : "03/28/16 18:28:00",
  "value" : "20"
},{
  "dateTime" : "03/28/16 20:35:00",
  "value" : "10"
},{
  "dateTime" : "03/28/16 22:15:00",
  "value" : "10"
},{
  "dateTime" : "03/28/16 22:22:00",
  "value" : "10"
},{
  "dateTime" : "03/29/16 10:08:00",
  "value" : "10"
},{
  "dateTime" : "03/29/16 10:09:00",
  "value" : "10"
},{
  "dateTime" : "03/29/16 12:34:00",
  "value" : "10"
},{
  "dateTime" : "03/29/16 12:58:00",
  "value" : "10"
},{
  "dateTime" : "03/29/16 13:36:00",
  "value" : "10"
},{
  "dateTime" : "03/29/16 13:40:00",
  "value" : "10"
},{
  "dateTime" : "03/29/16 13:41:00",
  "value" : "0"
},{
  "dateTime" : "03/29/16 13:42:00",
  "value" : "10"
},{
  "dateTime" : "03/29/16 13:43:00",
  "value" : "20"
},{
  "dateTime" : "03/29/16 13:45:00",
  "value" : "10"
},{
  "dateTime" : "03/29/16 13:46:00",
  "value" : "10"
},{
  "dateTime" : "03/29/16 13:48:00",
  "value" : "40"
},{
  "dateTime" : "03/29/16 13:49:00",
  "value" : "30"
},{
  "dateTime" : "03/29/16 13:51:00",
  "value" : "10"
},{
  "dateTime" : "03/29/16 13:53:00",
  "value" : "10"
},{
  "dateTime" : "03/29/16 13:56:00",
  "value" : "20"
},{
  "dateTime" : "03/29/16 13:57:00",
  "value" : "10"
},{
  "dateTime" : "03/29/16 13:58:00",
  "value" : "0"
},{
  "dateTime" : "03/29/16 14:02:00",
  "value" : "30"
},{
  "dateTime" : "03/29/16 14:03:00",
  "value" : "10"
},{
  "dateTime" : "03/29/16 14:04:00",
  "value" : "10"
},{
  "dateTime" : "03/29/16 14:06:00",
  "value" : "0"
},{
  "dateTime" : "03/29/16 14:10:00",
  "value" : "10"
},{
  "dateTime" : "03/29/16 14:11:00",
  "value" : "10"
},{
  "dateTime" : "03/29/16 14:12:00",
  "value" : "10"
},{
  "dateTime" : "03/29/16 14:13:00",
  "value" : "10"
},{
  "dateTime" : "03/29/16 14:14:00",
  "value" : "10"
},{
  "dateTime" : "03/29/16 14:15:00",
  "value" : "10"
},{
  "dateTime" : "03/29/16 14:19:00",
  "value" : "0"
},{
  "dateTime" : "03/29/16 14:23:00",
  "value" : "0"
},{
  "dateTime" : "03/29/16 14:25:00",
  "value" : "10"
},{
  "dateTime" : "03/29/16 14:26:00",
  "value" : "10"
},{
  "dateTime" : "03/29/16 14:27:00",
  "value" : "20"
},{
  "dateTime" : "03/29/16 14:28:00",
  "value" : "20"
},{
  "dateTime" : "03/29/16 14:29:00",
  "value" : "10"
},{
  "dateTime" : "03/29/16 14:30:00",
  "value" : "10"
},{
  "dateTime" : "03/29/16 14:31:00",
  "value" : "10"
},{
  "dateTime" : "03/29/16 14:32:00",
  "value" : "0"
},{
  "dateTime" : "03/29/16 14:33:00",
  "value" : "10"
},{
  "dateTime" : "03/29/16 14:36:00",
  "value" : "0"
},{
  "dateTime" : "03/29/16 14:40:00",
  "value" : "0"
},{
  "dateTime" : "03/29/16 14:43:00",
  "value" : "10"
},{
  "dateTime" : "03/29/16 14:44:00",
  "value" : "10"
},{
  "dateTime" : "03/29/16 14:45:00",
  "value" : "20"
},{
  "dateTime" : "03/29/16 14:46:00",
  "value" : "20"
},{
  "dateTime" : "03/29/16 14:49:00",
  "value" : "0"
},{
  "dateTime" : "03/29/16 14:51:00",
  "value" : "10"
},{
  "dateTime" : "03/29/16 14:52:00",
  "value" : "20"
},{
  "dateTime" : "03/29/16 14:53:00",
  "value" : "20"
},{
  "dateTime" : "03/29/16 14:55:00",
  "value" : "10"
},{
  "dateTime" : "03/29/16 14:56:00",
  "value" : "10"
},{
  "dateTime" : "03/29/16 14:57:00",
  "value" : "10"
},{
  "dateTime" : "03/29/16 14:58:00",
  "value" : "10"
},{
  "dateTime" : "03/29/16 15:00:00",
  "value" : "20"
},{
  "dateTime" : "03/29/16 15:02:00",
  "value" : "0"
},{
  "dateTime" : "03/29/16 15:06:00",
  "value" : "0"
},{
  "dateTime" : "03/29/16 15:07:00",
  "value" : "0"
},{
  "dateTime" : "03/29/16 15:12:00",
  "value" : "10"
},{
  "dateTime" : "03/29/16 15:14:00",
  "value" : "10"
},{
  "dateTime" : "03/29/16 15:15:00",
  "value" : "10"
},{
  "dateTime" : "03/29/16 15:17:00",
  "value" : "10"
},{
  "dateTime" : "03/29/16 15:18:00",
  "value" : "10"
},{
  "dateTime" : "03/29/16 15:20:00",
  "value" : "10"
},{
  "dateTime" : "03/29/16 15:21:00",
  "value" : "10"
},{
  "dateTime" : "03/29/16 15:25:00",
  "value" : "10"
},{
  "dateTime" : "03/29/16 15:27:00",
  "value" : "20"
},{
  "dateTime" : "03/29/16 15:28:00",
  "value" : "10"
},{
  "dateTime" : "03/29/16 15:29:00",
  "value" : "10"
},{
  "dateTime" : "03/29/16 15:46:00",
  "value" : "10"
},{
  "dateTime" : "03/29/16 16:44:00",
  "value" : "10"
},{
  "dateTime" : "03/29/16 18:17:00",
  "value" : "10"
},{
  "dateTime" : "03/29/16 21:35:00",
  "value" : "10"
},{
  "dateTime" : "03/29/16 23:49:00",
  "value" : "10"
},{
  "dateTime" : "03/30/16 10:08:00",
  "value" : "10"
},{
  "dateTime" : "03/30/16 13:36:00",
  "value" : "10"
},{
  "dateTime" : "03/30/16 15:52:00",
  "value" : "10"
},{
  "dateTime" : "03/30/16 15:59:00",
  "value" : "20"
},{
  "dateTime" : "03/30/16 16:49:00",
  "value" : "10"
},{
  "dateTime" : "03/30/16 17:30:00",
  "value" : "10"
},{
  "dateTime" : "03/30/16 19:25:00",
  "value" : "10"
},{
  "dateTime" : "03/30/16 19:28:00",
  "value" : "10"
},{
  "dateTime" : "03/30/16 21:05:00",
  "value" : "10"
},{
  "dateTime" : "03/31/16 09:25:00",
  "value" : "10"
},{
  "dateTime" : "03/31/16 09:30:00",
  "value" : "10"
},{
  "dateTime" : "03/31/16 10:08:00",
  "value" : "10"
},{
  "dateTime" : "03/31/16 13:24:00",
  "value" : "10"
},{
  "dateTime" : "03/31/16 13:25:00",
  "value" : "10"
},{
  "dateTime" : "03/31/16 13:26:00",
  "value" : "20"
},{
  "dateTime" : "03/31/16 19:24:00",
  "value" : "10"
},{
  "dateTime" : "03/31/16 19:25:00",
  "value" : "10"
},{
  "dateTime" : "03/31/16 19:26:00",
  "value" : "20"
},{
  "dateTime" : "03/31/16 20:01:00",
  "value" : "20"
},{
  "dateTime" : "03/31/16 20:02:00",
  "value" : "10"
},{
  "dateTime" : "03/31/16 21:02:00",
  "value" : "10"
},{
  "dateTime" : "03/31/16 21:11:00",
  "value" : "10"
},{
  "dateTime" : "03/31/16 21:12:00",
  "value" : "10"
},{
  "dateTime" : "03/31/16 21:41:00",
  "value" : "10"
},{
  "dateTime" : "04/01/16 08:01:00",
  "value" : "10"
},{
  "dateTime" : "04/01/16 09:09:00",
  "value" : "10"
},{
  "dateTime" : "04/01/16 09:36:00",
  "value" : "10"
},{
  "dateTime" : "04/01/16 09:37:00",
  "value" : "10"
},{
  "dateTime" : "04/01/16 13:50:00",
  "value" : "10"
},{
  "dateTime" : "04/01/16 13:55:00",
  "value" : "20"
},{
  "dateTime" : "04/01/16 14:07:00",
  "value" : "10"
},{
  "dateTime" : "04/01/16 14:11:00",
  "value" : "10"
},{
  "dateTime" : "04/01/16 14:59:00",
  "value" : "20"
},{
  "dateTime" : "04/01/16 15:02:00",
  "value" : "10"
},{
  "dateTime" : "04/01/16 15:27:00",
  "value" : "10"
},{
  "dateTime" : "04/01/16 15:28:00",
  "value" : "20"
},{
  "dateTime" : "04/01/16 15:51:00",
  "value" : "10"
},{
  "dateTime" : "04/01/16 15:54:00",
  "value" : "30"
},{
  "dateTime" : "04/01/16 15:55:00",
  "value" : "20"
},{
  "dateTime" : "04/01/16 15:56:00",
  "value" : "10"
},{
  "dateTime" : "04/01/16 15:57:00",
  "value" : "30"
},{
  "dateTime" : "04/01/16 15:58:00",
  "value" : "10"
},{
  "dateTime" : "04/01/16 16:03:00",
  "value" : "10"
},{
  "dateTime" : "04/01/16 16:15:00",
  "value" : "10"
},{
  "dateTime" : "04/01/16 16:17:00",
  "value" : "10"
},{
  "dateTime" : "04/01/16 16:18:00",
  "value" : "20"
},{
  "dateTime" : "04/01/16 16:47:00",
  "value" : "10"
},{
  "dateTime" : "04/01/16 16:49:00",
  "value" : "10"
},{
  "dateTime" : "04/01/16 16:50:00",
  "value" : "10"
},{
  "dateTime" : "04/01/16 17:03:00",
  "value" : "10"
},{
  "dateTime" : "04/01/16 17:50:00",
  "value" : "10"
},{
  "dateTime" : "04/01/16 19:05:00",
  "value" : "10"
},{
  "dateTime" : "04/01/16 21:35:00",
  "value" : "10"
},{
  "dateTime" : "04/01/16 21:39:00",
  "value" : "10"
},{
  "dateTime" : "04/01/16 23:30:00",
  "value" : "20"
},{
  "dateTime" : "04/02/16 00:56:00",
  "value" : "10"
},{
  "dateTime" : "04/02/16 00:58:00",
  "value" : "20"
},{
  "dateTime" : "04/02/16 01:01:00",
  "value" : "10"
},{
  "dateTime" : "04/02/16 08:34:00",
  "value" : "10"
},{
  "dateTime" : "04/02/16 12:14:00",
  "value" : "10"
},{
  "dateTime" : "04/02/16 12:15:00",
  "value" : "10"
},{
  "dateTime" : "04/02/16 12:39:00",
  "value" : "10"
},{
  "dateTime" : "04/02/16 13:18:00",
  "value" : "10"
},{
  "dateTime" : "04/02/16 13:25:00",
  "value" : "10"
},{
  "dateTime" : "04/02/16 13:26:00",
  "value" : "20"
},{
  "dateTime" : "04/02/16 14:20:00",
  "value" : "10"
},{
  "dateTime" : "04/02/16 14:26:00",
  "value" : "10"
},{
  "dateTime" : "04/02/16 14:28:00",
  "value" : "10"
},{
  "dateTime" : "04/02/16 15:29:00",
  "value" : "10"
},{
  "dateTime" : "04/02/16 17:50:00",
  "value" : "10"
},{
  "dateTime" : "04/02/16 18:50:00",
  "value" : "10"
},{
  "dateTime" : "04/02/16 18:51:00",
  "value" : "10"
},{
  "dateTime" : "04/02/16 18:52:00",
  "value" : "10"
},{
  "dateTime" : "04/02/16 18:54:00",
  "value" : "10"
},{
  "dateTime" : "04/02/16 18:55:00",
  "value" : "10"
},{
  "dateTime" : "04/02/16 19:26:00",
  "value" : "10"
},{
  "dateTime" : "04/02/16 19:29:00",
  "value" : "10"
},{
  "dateTime" : "04/02/16 19:42:00",
  "value" : "10"
},{
  "dateTime" : "04/03/16 00:11:00",
  "value" : "20"
},{
  "dateTime" : "04/03/16 08:02:00",
  "value" : "10"
},{
  "dateTime" : "04/03/16 17:38:00",
  "value" : "10"
},{
  "dateTime" : "04/03/16 18:12:00",
  "value" : "10"
},{
  "dateTime" : "04/03/16 22:29:00",
  "value" : "10"
},{
  "dateTime" : "04/03/16 22:32:00",
  "value" : "10"
},{
  "dateTime" : "04/03/16 22:45:00",
  "value" : "10"
},{
  "dateTime" : "04/03/16 23:20:00",
  "value" : "10"
},{
  "dateTime" : "04/03/16 23:31:00",
  "value" : "10"
},{
  "dateTime" : "04/03/16 23:39:00",
  "value" : "10"
},{
  "dateTime" : "04/03/16 23:49:00",
  "value" : "10"
}]