[{
  "dateTime" : "04/04/16 06:48:00",
  "value" : "10"
},{
  "dateTime" : "04/04/16 07:11:00",
  "value" : "20"
},{
  "dateTime" : "04/04/16 07:13:00",
  "value" : "20"
},{
  "dateTime" : "04/04/16 07:38:00",
  "value" : "10"
},{
  "dateTime" : "04/04/16 08:24:00",
  "value" : "20"
},{
  "dateTime" : "04/04/16 12:06:00",
  "value" : "10"
},{
  "dateTime" : "04/04/16 12:10:00",
  "value" : "20"
},{
  "dateTime" : "04/04/16 12:11:00",
  "value" : "10"
},{
  "dateTime" : "04/04/16 12:21:00",
  "value" : "20"
},{
  "dateTime" : "04/04/16 12:23:00",
  "value" : "10"
},{
  "dateTime" : "04/04/16 12:24:00",
  "value" : "10"
},{
  "dateTime" : "04/04/16 12:27:00",
  "value" : "10"
},{
  "dateTime" : "04/04/16 12:35:00",
  "value" : "20"
},{
  "dateTime" : "04/04/16 13:04:00",
  "value" : "10"
},{
  "dateTime" : "04/04/16 14:26:00",
  "value" : "10"
},{
  "dateTime" : "04/04/16 14:47:00",
  "value" : "10"
},{
  "dateTime" : "04/04/16 15:17:00",
  "value" : "10"
},{
  "dateTime" : "04/04/16 15:18:00",
  "value" : "10"
},{
  "dateTime" : "04/04/16 15:23:00",
  "value" : "10"
},{
  "dateTime" : "04/04/16 15:32:00",
  "value" : "10"
},{
  "dateTime" : "04/04/16 16:03:00",
  "value" : "10"
},{
  "dateTime" : "04/04/16 16:26:00",
  "value" : "10"
},{
  "dateTime" : "04/04/16 16:27:00",
  "value" : "10"
},{
  "dateTime" : "04/04/16 16:28:00",
  "value" : "10"
},{
  "dateTime" : "04/04/16 16:31:00",
  "value" : "10"
},{
  "dateTime" : "04/04/16 16:43:00",
  "value" : "10"
},{
  "dateTime" : "04/04/16 17:45:00",
  "value" : "10"
},{
  "dateTime" : "04/04/16 17:48:00",
  "value" : "10"
},{
  "dateTime" : "04/04/16 18:03:00",
  "value" : "10"
},{
  "dateTime" : "04/04/16 21:09:00",
  "value" : "10"
},{
  "dateTime" : "04/04/16 21:14:00",
  "value" : "10"
},{
  "dateTime" : "04/04/16 22:17:00",
  "value" : "10"
},{
  "dateTime" : "04/05/16 06:53:00",
  "value" : "10"
},{
  "dateTime" : "04/05/16 07:32:00",
  "value" : "10"
},{
  "dateTime" : "04/05/16 07:33:00",
  "value" : "10"
},{
  "dateTime" : "04/05/16 07:41:00",
  "value" : "10"
},{
  "dateTime" : "04/05/16 07:46:00",
  "value" : "10"
},{
  "dateTime" : "04/05/16 07:48:00",
  "value" : "10"
},{
  "dateTime" : "04/05/16 08:14:00",
  "value" : "10"
},{
  "dateTime" : "04/05/16 08:33:00",
  "value" : "20"
},{
  "dateTime" : "04/05/16 08:55:00",
  "value" : "10"
},{
  "dateTime" : "04/05/16 08:56:00",
  "value" : "10"
},{
  "dateTime" : "04/05/16 08:58:00",
  "value" : "10"
},{
  "dateTime" : "04/05/16 08:59:00",
  "value" : "10"
},{
  "dateTime" : "04/05/16 11:05:00",
  "value" : "10"
},{
  "dateTime" : "04/05/16 11:07:00",
  "value" : "10"
},{
  "dateTime" : "04/05/16 11:13:00",
  "value" : "10"
},{
  "dateTime" : "04/05/16 11:14:00",
  "value" : "10"
},{
  "dateTime" : "04/05/16 11:27:00",
  "value" : "10"
},{
  "dateTime" : "04/05/16 11:39:00",
  "value" : "10"
},{
  "dateTime" : "04/05/16 11:45:00",
  "value" : "10"
},{
  "dateTime" : "04/05/16 12:11:00",
  "value" : "10"
},{
  "dateTime" : "04/05/16 12:12:00",
  "value" : "10"
},{
  "dateTime" : "04/05/16 12:13:00",
  "value" : "10"
},{
  "dateTime" : "04/05/16 12:57:00",
  "value" : "10"
},{
  "dateTime" : "04/05/16 13:33:00",
  "value" : "10"
},{
  "dateTime" : "04/05/16 13:57:00",
  "value" : "10"
},{
  "dateTime" : "04/05/16 14:00:00",
  "value" : "10"
},{
  "dateTime" : "04/05/16 14:28:00",
  "value" : "10"
},{
  "dateTime" : "04/05/16 14:30:00",
  "value" : "20"
},{
  "dateTime" : "04/05/16 14:31:00",
  "value" : "10"
},{
  "dateTime" : "04/05/16 14:49:00",
  "value" : "10"
},{
  "dateTime" : "04/05/16 14:58:00",
  "value" : "10"
},{
  "dateTime" : "04/05/16 15:00:00",
  "value" : "10"
},{
  "dateTime" : "04/05/16 15:01:00",
  "value" : "10"
},{
  "dateTime" : "04/05/16 15:02:00",
  "value" : "10"
},{
  "dateTime" : "04/05/16 15:14:00",
  "value" : "10"
},{
  "dateTime" : "04/05/16 16:31:00",
  "value" : "20"
},{
  "dateTime" : "04/05/16 16:37:00",
  "value" : "20"
},{
  "dateTime" : "04/05/16 17:46:00",
  "value" : "10"
},{
  "dateTime" : "04/05/16 18:37:00",
  "value" : "10"
},{
  "dateTime" : "04/05/16 18:38:00",
  "value" : "10"
},{
  "dateTime" : "04/05/16 18:39:00",
  "value" : "10"
},{
  "dateTime" : "04/05/16 18:40:00",
  "value" : "20"
},{
  "dateTime" : "04/05/16 18:41:00",
  "value" : "30"
},{
  "dateTime" : "04/05/16 21:38:00",
  "value" : "20"
},{
  "dateTime" : "04/05/16 21:41:00",
  "value" : "10"
},{
  "dateTime" : "04/05/16 22:04:00",
  "value" : "10"
},{
  "dateTime" : "04/05/16 22:05:00",
  "value" : "10"
},{
  "dateTime" : "04/05/16 22:06:00",
  "value" : "10"
},{
  "dateTime" : "04/05/16 22:07:00",
  "value" : "10"
},{
  "dateTime" : "04/05/16 22:10:00",
  "value" : "10"
},{
  "dateTime" : "04/05/16 22:56:00",
  "value" : "10"
},{
  "dateTime" : "04/05/16 23:42:00",
  "value" : "10"
},{
  "dateTime" : "04/06/16 07:17:00",
  "value" : "10"
},{
  "dateTime" : "04/06/16 07:50:00",
  "value" : "10"
},{
  "dateTime" : "04/06/16 08:59:00",
  "value" : "10"
},{
  "dateTime" : "04/06/16 09:00:00",
  "value" : "10"
},{
  "dateTime" : "04/06/16 09:01:00",
  "value" : "20"
},{
  "dateTime" : "04/06/16 10:56:00",
  "value" : "10"
},{
  "dateTime" : "04/06/16 10:59:00",
  "value" : "10"
},{
  "dateTime" : "04/06/16 11:05:00",
  "value" : "10"
},{
  "dateTime" : "04/06/16 11:08:00",
  "value" : "10"
},{
  "dateTime" : "04/06/16 11:10:00",
  "value" : "20"
},{
  "dateTime" : "04/06/16 13:03:00",
  "value" : "10"
},{
  "dateTime" : "04/06/16 13:05:00",
  "value" : "10"
},{
  "dateTime" : "04/06/16 13:22:00",
  "value" : "10"
},{
  "dateTime" : "04/06/16 16:24:00",
  "value" : "10"
},{
  "dateTime" : "04/06/16 16:54:00",
  "value" : "10"
},{
  "dateTime" : "04/06/16 17:03:00",
  "value" : "10"
},{
  "dateTime" : "04/06/16 17:05:00",
  "value" : "20"
},{
  "dateTime" : "04/06/16 17:25:00",
  "value" : "10"
},{
  "dateTime" : "04/06/16 17:36:00",
  "value" : "10"
},{
  "dateTime" : "04/06/16 17:41:00",
  "value" : "10"
},{
  "dateTime" : "04/06/16 17:42:00",
  "value" : "20"
},{
  "dateTime" : "04/06/16 17:43:00",
  "value" : "20"
},{
  "dateTime" : "04/06/16 17:44:00",
  "value" : "20"
},{
  "dateTime" : "04/06/16 17:45:00",
  "value" : "10"
},{
  "dateTime" : "04/06/16 18:05:00",
  "value" : "10"
},{
  "dateTime" : "04/06/16 18:07:00",
  "value" : "10"
},{
  "dateTime" : "04/06/16 18:28:00",
  "value" : "10"
},{
  "dateTime" : "04/06/16 20:20:00",
  "value" : "20"
},{
  "dateTime" : "04/06/16 20:22:00",
  "value" : "10"
},{
  "dateTime" : "04/06/16 21:44:00",
  "value" : "10"
},{
  "dateTime" : "04/07/16 06:48:00",
  "value" : "10"
},{
  "dateTime" : "04/07/16 07:11:00",
  "value" : "10"
},{
  "dateTime" : "04/07/16 07:35:00",
  "value" : "10"
},{
  "dateTime" : "04/07/16 07:37:00",
  "value" : "10"
},{
  "dateTime" : "04/07/16 08:18:00",
  "value" : "10"
},{
  "dateTime" : "04/07/16 08:29:00",
  "value" : "10"
},{
  "dateTime" : "04/07/16 08:38:00",
  "value" : "10"
},{
  "dateTime" : "04/07/16 08:39:00",
  "value" : "10"
},{
  "dateTime" : "04/07/16 08:40:00",
  "value" : "20"
},{
  "dateTime" : "04/07/16 13:29:00",
  "value" : "20"
},{
  "dateTime" : "04/07/16 18:05:00",
  "value" : "10"
},{
  "dateTime" : "04/07/16 18:06:00",
  "value" : "10"
},{
  "dateTime" : "04/07/16 18:07:00",
  "value" : "20"
},{
  "dateTime" : "04/07/16 18:08:00",
  "value" : "10"
},{
  "dateTime" : "04/07/16 18:31:00",
  "value" : "20"
},{
  "dateTime" : "04/07/16 18:43:00",
  "value" : "10"
},{
  "dateTime" : "04/07/16 18:44:00",
  "value" : "10"
},{
  "dateTime" : "04/07/16 18:54:00",
  "value" : "10"
},{
  "dateTime" : "04/07/16 20:08:00",
  "value" : "10"
},{
  "dateTime" : "04/07/16 20:09:00",
  "value" : "10"
},{
  "dateTime" : "04/07/16 20:15:00",
  "value" : "10"
},{
  "dateTime" : "04/07/16 22:08:00",
  "value" : "10"
},{
  "dateTime" : "04/07/16 22:36:00",
  "value" : "10"
},{
  "dateTime" : "04/07/16 22:37:00",
  "value" : "10"
},{
  "dateTime" : "04/07/16 22:39:00",
  "value" : "10"
},{
  "dateTime" : "04/07/16 23:57:00",
  "value" : "20"
},{
  "dateTime" : "04/07/16 23:58:00",
  "value" : "10"
},{
  "dateTime" : "04/08/16 06:51:00",
  "value" : "10"
},{
  "dateTime" : "04/08/16 07:44:00",
  "value" : "10"
},{
  "dateTime" : "04/08/16 07:49:00",
  "value" : "10"
},{
  "dateTime" : "04/08/16 07:51:00",
  "value" : "10"
},{
  "dateTime" : "04/08/16 07:54:00",
  "value" : "10"
},{
  "dateTime" : "04/08/16 08:39:00",
  "value" : "20"
},{
  "dateTime" : "04/08/16 08:59:00",
  "value" : "20"
},{
  "dateTime" : "04/08/16 10:07:00",
  "value" : "10"
},{
  "dateTime" : "04/08/16 10:09:00",
  "value" : "20"
},{
  "dateTime" : "04/08/16 12:49:00",
  "value" : "10"
},{
  "dateTime" : "04/08/16 12:51:00",
  "value" : "10"
},{
  "dateTime" : "04/08/16 16:41:00",
  "value" : "20"
},{
  "dateTime" : "04/08/16 16:53:00",
  "value" : "10"
},{
  "dateTime" : "04/08/16 17:23:00",
  "value" : "10"
},{
  "dateTime" : "04/08/16 19:08:00",
  "value" : "10"
},{
  "dateTime" : "04/08/16 19:53:00",
  "value" : "20"
},{
  "dateTime" : "04/08/16 19:55:00",
  "value" : "10"
},{
  "dateTime" : "04/08/16 19:56:00",
  "value" : "10"
},{
  "dateTime" : "04/08/16 21:20:00",
  "value" : "10"
},{
  "dateTime" : "04/08/16 23:21:00",
  "value" : "10"
},{
  "dateTime" : "04/08/16 23:22:00",
  "value" : "10"
},{
  "dateTime" : "04/08/16 23:42:00",
  "value" : "10"
},{
  "dateTime" : "04/09/16 08:41:00",
  "value" : "10"
},{
  "dateTime" : "04/09/16 09:22:00",
  "value" : "10"
},{
  "dateTime" : "04/09/16 09:42:00",
  "value" : "10"
},{
  "dateTime" : "04/09/16 09:49:00",
  "value" : "10"
},{
  "dateTime" : "04/09/16 09:52:00",
  "value" : "10"
},{
  "dateTime" : "04/09/16 09:58:00",
  "value" : "10"
},{
  "dateTime" : "04/09/16 09:59:00",
  "value" : "30"
},{
  "dateTime" : "04/09/16 10:00:00",
  "value" : "20"
},{
  "dateTime" : "04/09/16 10:13:00",
  "value" : "10"
},{
  "dateTime" : "04/09/16 10:15:00",
  "value" : "20"
},{
  "dateTime" : "04/09/16 10:48:00",
  "value" : "10"
},{
  "dateTime" : "04/09/16 10:50:00",
  "value" : "10"
},{
  "dateTime" : "04/09/16 10:55:00",
  "value" : "10"
},{
  "dateTime" : "04/09/16 10:57:00",
  "value" : "10"
},{
  "dateTime" : "04/09/16 10:58:00",
  "value" : "10"
},{
  "dateTime" : "04/09/16 11:01:00",
  "value" : "10"
},{
  "dateTime" : "04/09/16 11:41:00",
  "value" : "20"
},{
  "dateTime" : "04/09/16 11:42:00",
  "value" : "20"
},{
  "dateTime" : "04/09/16 11:43:00",
  "value" : "10"
},{
  "dateTime" : "04/09/16 14:18:00",
  "value" : "10"
},{
  "dateTime" : "04/09/16 16:51:00",
  "value" : "10"
},{
  "dateTime" : "04/09/16 17:56:00",
  "value" : "10"
},{
  "dateTime" : "04/09/16 19:24:00",
  "value" : "10"
},{
  "dateTime" : "04/09/16 21:06:00",
  "value" : "10"
},{
  "dateTime" : "04/09/16 22:12:00",
  "value" : "10"
},{
  "dateTime" : "04/10/16 08:47:00",
  "value" : "10"
},{
  "dateTime" : "04/10/16 09:52:00",
  "value" : "10"
},{
  "dateTime" : "04/10/16 09:57:00",
  "value" : "10"
},{
  "dateTime" : "04/10/16 10:08:00",
  "value" : "30"
},{
  "dateTime" : "04/10/16 10:10:00",
  "value" : "10"
},{
  "dateTime" : "04/10/16 10:24:00",
  "value" : "10"
},{
  "dateTime" : "04/10/16 10:26:00",
  "value" : "10"
},{
  "dateTime" : "04/10/16 10:28:00",
  "value" : "10"
},{
  "dateTime" : "04/10/16 10:29:00",
  "value" : "10"
},{
  "dateTime" : "04/10/16 10:30:00",
  "value" : "10"
},{
  "dateTime" : "04/10/16 10:31:00",
  "value" : "10"
},{
  "dateTime" : "04/10/16 12:16:00",
  "value" : "10"
},{
  "dateTime" : "04/10/16 13:05:00",
  "value" : "10"
},{
  "dateTime" : "04/10/16 14:35:00",
  "value" : "10"
},{
  "dateTime" : "04/10/16 14:52:00",
  "value" : "10"
},{
  "dateTime" : "04/10/16 15:07:00",
  "value" : "10"
},{
  "dateTime" : "04/10/16 15:08:00",
  "value" : "10"
},{
  "dateTime" : "04/10/16 15:24:00",
  "value" : "0"
},{
  "dateTime" : "04/10/16 15:25:00",
  "value" : "0"
},{
  "dateTime" : "04/10/16 15:29:00",
  "value" : "0"
},{
  "dateTime" : "04/10/16 15:30:00",
  "value" : "20"
},{
  "dateTime" : "04/10/16 15:31:00",
  "value" : "20"
},{
  "dateTime" : "04/10/16 15:32:00",
  "value" : "10"
},{
  "dateTime" : "04/10/16 15:33:00",
  "value" : "0"
},{
  "dateTime" : "04/10/16 15:36:00",
  "value" : "30"
},{
  "dateTime" : "04/10/16 15:37:00",
  "value" : "40"
},{
  "dateTime" : "04/10/16 15:39:00",
  "value" : "10"
},{
  "dateTime" : "04/10/16 15:41:00",
  "value" : "0"
},{
  "dateTime" : "04/10/16 15:43:00",
  "value" : "10"
},{
  "dateTime" : "04/10/16 15:44:00",
  "value" : "10"
},{
  "dateTime" : "04/10/16 15:47:00",
  "value" : "0"
},{
  "dateTime" : "04/10/16 15:49:00",
  "value" : "0"
},{
  "dateTime" : "04/10/16 15:53:00",
  "value" : "10"
},{
  "dateTime" : "04/10/16 15:54:00",
  "value" : "20"
},{
  "dateTime" : "04/10/16 15:55:00",
  "value" : "10"
},{
  "dateTime" : "04/10/16 15:57:00",
  "value" : "10"
},{
  "dateTime" : "04/10/16 15:58:00",
  "value" : "10"
},{
  "dateTime" : "04/10/16 15:59:00",
  "value" : "10"
},{
  "dateTime" : "04/10/16 16:00:00",
  "value" : "10"
},{
  "dateTime" : "04/10/16 16:01:00",
  "value" : "0"
},{
  "dateTime" : "04/10/16 16:03:00",
  "value" : "20"
},{
  "dateTime" : "04/10/16 16:04:00",
  "value" : "10"
},{
  "dateTime" : "04/10/16 16:05:00",
  "value" : "0"
},{
  "dateTime" : "04/10/16 16:09:00",
  "value" : "0"
},{
  "dateTime" : "04/10/16 16:11:00",
  "value" : "0"
},{
  "dateTime" : "04/10/16 16:18:00",
  "value" : "30"
},{
  "dateTime" : "04/10/16 16:22:00",
  "value" : "10"
},{
  "dateTime" : "04/10/16 16:23:00",
  "value" : "20"
},{
  "dateTime" : "04/10/16 16:28:00",
  "value" : "10"
},{
  "dateTime" : "04/10/16 16:42:00",
  "value" : "10"
},{
  "dateTime" : "04/10/16 16:44:00",
  "value" : "20"
},{
  "dateTime" : "04/10/16 16:48:00",
  "value" : "10"
},{
  "dateTime" : "04/10/16 16:49:00",
  "value" : "10"
},{
  "dateTime" : "04/10/16 17:00:00",
  "value" : "10"
},{
  "dateTime" : "04/10/16 17:29:00",
  "value" : "10"
},{
  "dateTime" : "04/10/16 17:58:00",
  "value" : "10"
},{
  "dateTime" : "04/10/16 19:02:00",
  "value" : "10"
},{
  "dateTime" : "04/10/16 20:29:00",
  "value" : "10"
},{
  "dateTime" : "04/10/16 21:44:00",
  "value" : "10"
},{
  "dateTime" : "04/11/16 06:57:00",
  "value" : "10"
},{
  "dateTime" : "04/11/16 07:12:00",
  "value" : "10"
},{
  "dateTime" : "04/11/16 07:13:00",
  "value" : "10"
},{
  "dateTime" : "04/11/16 07:15:00",
  "value" : "10"
},{
  "dateTime" : "04/11/16 07:52:00",
  "value" : "10"
},{
  "dateTime" : "04/11/16 07:54:00",
  "value" : "10"
},{
  "dateTime" : "04/11/16 08:42:00",
  "value" : "20"
},{
  "dateTime" : "04/11/16 08:43:00",
  "value" : "10"
},{
  "dateTime" : "04/11/16 08:50:00",
  "value" : "10"
},{
  "dateTime" : "04/11/16 08:54:00",
  "value" : "10"
},{
  "dateTime" : "04/11/16 08:56:00",
  "value" : "10"
},{
  "dateTime" : "04/11/16 09:01:00",
  "value" : "10"
},{
  "dateTime" : "04/11/16 10:03:00",
  "value" : "10"
},{
  "dateTime" : "04/11/16 10:04:00",
  "value" : "10"
},{
  "dateTime" : "04/11/16 12:59:00",
  "value" : "10"
},{
  "dateTime" : "04/11/16 13:05:00",
  "value" : "10"
},{
  "dateTime" : "04/11/16 14:05:00",
  "value" : "10"
},{
  "dateTime" : "04/11/16 14:06:00",
  "value" : "10"
},{
  "dateTime" : "04/11/16 14:29:00",
  "value" : "10"
},{
  "dateTime" : "04/11/16 14:45:00",
  "value" : "10"
},{
  "dateTime" : "04/11/16 15:21:00",
  "value" : "20"
},{
  "dateTime" : "04/11/16 15:22:00",
  "value" : "10"
},{
  "dateTime" : "04/11/16 16:38:00",
  "value" : "10"
},{
  "dateTime" : "04/11/16 16:43:00",
  "value" : "20"
},{
  "dateTime" : "04/11/16 17:19:00",
  "value" : "10"
},{
  "dateTime" : "04/11/16 18:45:00",
  "value" : "10"
},{
  "dateTime" : "04/11/16 20:37:00",
  "value" : "10"
},{
  "dateTime" : "04/12/16 07:23:00",
  "value" : "10"
},{
  "dateTime" : "04/12/16 07:51:00",
  "value" : "10"
},{
  "dateTime" : "04/12/16 08:38:00",
  "value" : "20"
},{
  "dateTime" : "04/12/16 08:39:00",
  "value" : "20"
},{
  "dateTime" : "04/12/16 08:57:00",
  "value" : "10"
},{
  "dateTime" : "04/12/16 08:59:00",
  "value" : "20"
},{
  "dateTime" : "04/12/16 10:40:00",
  "value" : "10"
},{
  "dateTime" : "04/12/16 11:43:00",
  "value" : "10"
},{
  "dateTime" : "04/12/16 15:07:00",
  "value" : "10"
},{
  "dateTime" : "04/12/16 15:09:00",
  "value" : "10"
},{
  "dateTime" : "04/12/16 15:54:00",
  "value" : "10"
},{
  "dateTime" : "04/12/16 15:59:00",
  "value" : "10"
},{
  "dateTime" : "04/12/16 16:08:00",
  "value" : "10"
},{
  "dateTime" : "04/12/16 16:13:00",
  "value" : "20"
},{
  "dateTime" : "04/12/16 17:55:00",
  "value" : "10"
},{
  "dateTime" : "04/12/16 19:28:00",
  "value" : "10"
},{
  "dateTime" : "04/12/16 20:08:00",
  "value" : "10"
},{
  "dateTime" : "04/12/16 20:55:00",
  "value" : "10"
},{
  "dateTime" : "04/12/16 20:56:00",
  "value" : "10"
},{
  "dateTime" : "04/12/16 21:01:00",
  "value" : "10"
},{
  "dateTime" : "04/12/16 21:05:00",
  "value" : "10"
},{
  "dateTime" : "04/13/16 06:42:00",
  "value" : "10"
},{
  "dateTime" : "04/13/16 07:47:00",
  "value" : "10"
},{
  "dateTime" : "04/13/16 08:38:00",
  "value" : "20"
},{
  "dateTime" : "04/13/16 08:41:00",
  "value" : "30"
},{
  "dateTime" : "04/13/16 08:42:00",
  "value" : "10"
},{
  "dateTime" : "04/13/16 08:50:00",
  "value" : "20"
},{
  "dateTime" : "04/13/16 09:00:00",
  "value" : "10"
},{
  "dateTime" : "04/13/16 09:01:00",
  "value" : "10"
},{
  "dateTime" : "04/13/16 09:02:00",
  "value" : "10"
},{
  "dateTime" : "04/13/16 10:58:00",
  "value" : "10"
},{
  "dateTime" : "04/13/16 10:59:00",
  "value" : "10"
},{
  "dateTime" : "04/13/16 12:28:00",
  "value" : "10"
},{
  "dateTime" : "04/13/16 13:09:00",
  "value" : "10"
},{
  "dateTime" : "04/13/16 13:39:00",
  "value" : "0"
},{
  "dateTime" : "04/13/16 13:48:00",
  "value" : "10"
},{
  "dateTime" : "04/13/16 13:49:00",
  "value" : "10"
},{
  "dateTime" : "04/13/16 13:52:00",
  "value" : "10"
},{
  "dateTime" : "04/13/16 13:55:00",
  "value" : "0"
},{
  "dateTime" : "04/13/16 13:58:00",
  "value" : "0"
},{
  "dateTime" : "04/13/16 13:59:00",
  "value" : "0"
},{
  "dateTime" : "04/13/16 14:04:00",
  "value" : "50"
},{
  "dateTime" : "04/13/16 14:05:00",
  "value" : "10"
},{
  "dateTime" : "04/13/16 14:06:00",
  "value" : "0"
},{
  "dateTime" : "04/13/16 14:08:00",
  "value" : "10"
},{
  "dateTime" : "04/13/16 14:13:00",
  "value" : "10"
},{
  "dateTime" : "04/13/16 14:17:00",
  "value" : "10"
},{
  "dateTime" : "04/13/16 14:18:00",
  "value" : "10"
},{
  "dateTime" : "04/13/16 14:19:00",
  "value" : "0"
},{
  "dateTime" : "04/13/16 14:20:00",
  "value" : "10"
},{
  "dateTime" : "04/13/16 14:24:00",
  "value" : "10"
},{
  "dateTime" : "04/13/16 14:25:00",
  "value" : "10"
},{
  "dateTime" : "04/13/16 14:26:00",
  "value" : "10"
},{
  "dateTime" : "04/13/16 14:27:00",
  "value" : "20"
},{
  "dateTime" : "04/13/16 14:31:00",
  "value" : "10"
},{
  "dateTime" : "04/13/16 14:32:00",
  "value" : "40"
},{
  "dateTime" : "04/13/16 14:35:00",
  "value" : "20"
},{
  "dateTime" : "04/13/16 14:36:00",
  "value" : "20"
},{
  "dateTime" : "04/13/16 14:37:00",
  "value" : "10"
},{
  "dateTime" : "04/13/16 14:38:00",
  "value" : "40"
},{
  "dateTime" : "04/13/16 14:39:00",
  "value" : "20"
},{
  "dateTime" : "04/13/16 14:40:00",
  "value" : "70"
},{
  "dateTime" : "04/13/16 14:41:00",
  "value" : "10"
},{
  "dateTime" : "04/13/16 14:42:00",
  "value" : "20"
},{
  "dateTime" : "04/13/16 14:47:00",
  "value" : "0"
},{
  "dateTime" : "04/13/16 14:55:00",
  "value" : "0"
},{
  "dateTime" : "04/13/16 14:58:00",
  "value" : "20"
},{
  "dateTime" : "04/13/16 14:59:00",
  "value" : "20"
},{
  "dateTime" : "04/13/16 15:00:00",
  "value" : "10"
},{
  "dateTime" : "04/13/16 15:08:00",
  "value" : "10"
},{
  "dateTime" : "04/13/16 15:41:00",
  "value" : "10"
},{
  "dateTime" : "04/13/16 15:48:00",
  "value" : "10"
},{
  "dateTime" : "04/13/16 15:50:00",
  "value" : "10"
},{
  "dateTime" : "04/13/16 17:15:00",
  "value" : "10"
},{
  "dateTime" : "04/13/16 17:19:00",
  "value" : "10"
},{
  "dateTime" : "04/13/16 17:29:00",
  "value" : "10"
},{
  "dateTime" : "04/13/16 17:49:00",
  "value" : "10"
},{
  "dateTime" : "04/13/16 20:33:00",
  "value" : "10"
},{
  "dateTime" : "04/14/16 06:49:00",
  "value" : "10"
},{
  "dateTime" : "04/14/16 07:12:00",
  "value" : "10"
},{
  "dateTime" : "04/14/16 07:15:00",
  "value" : "10"
},{
  "dateTime" : "04/14/16 08:34:00",
  "value" : "10"
},{
  "dateTime" : "04/14/16 13:28:00",
  "value" : "20"
},{
  "dateTime" : "04/14/16 13:29:00",
  "value" : "40"
},{
  "dateTime" : "04/14/16 17:39:00",
  "value" : "10"
},{
  "dateTime" : "04/14/16 17:47:00",
  "value" : "10"
},{
  "dateTime" : "04/14/16 17:48:00",
  "value" : "10"
},{
  "dateTime" : "04/14/16 17:49:00",
  "value" : "10"
},{
  "dateTime" : "04/14/16 18:13:00",
  "value" : "20"
},{
  "dateTime" : "04/14/16 18:32:00",
  "value" : "10"
},{
  "dateTime" : "04/14/16 18:33:00",
  "value" : "10"
},{
  "dateTime" : "04/14/16 21:12:00",
  "value" : "10"
},{
  "dateTime" : "04/14/16 21:13:00",
  "value" : "10"
},{
  "dateTime" : "04/14/16 21:54:00",
  "value" : "10"
},{
  "dateTime" : "04/14/16 21:55:00",
  "value" : "10"
},{
  "dateTime" : "04/15/16 06:52:00",
  "value" : "10"
},{
  "dateTime" : "04/15/16 07:51:00",
  "value" : "10"
},{
  "dateTime" : "04/15/16 07:53:00",
  "value" : "10"
},{
  "dateTime" : "04/15/16 08:40:00",
  "value" : "40"
},{
  "dateTime" : "04/15/16 08:41:00",
  "value" : "10"
},{
  "dateTime" : "04/15/16 08:56:00",
  "value" : "20"
},{
  "dateTime" : "04/15/16 10:51:00",
  "value" : "10"
},{
  "dateTime" : "04/15/16 13:03:00",
  "value" : "10"
},{
  "dateTime" : "04/15/16 13:11:00",
  "value" : "10"
},{
  "dateTime" : "04/15/16 13:21:00",
  "value" : "10"
},{
  "dateTime" : "04/15/16 13:22:00",
  "value" : "10"
},{
  "dateTime" : "04/15/16 13:25:00",
  "value" : "10"
},{
  "dateTime" : "04/15/16 13:31:00",
  "value" : "10"
},{
  "dateTime" : "04/15/16 13:36:00",
  "value" : "10"
},{
  "dateTime" : "04/15/16 14:41:00",
  "value" : "10"
},{
  "dateTime" : "04/15/16 16:56:00",
  "value" : "10"
},{
  "dateTime" : "04/15/16 17:01:00",
  "value" : "10"
},{
  "dateTime" : "04/15/16 19:39:00",
  "value" : "10"
},{
  "dateTime" : "04/15/16 19:40:00",
  "value" : "10"
},{
  "dateTime" : "04/15/16 19:43:00",
  "value" : "10"
},{
  "dateTime" : "04/15/16 20:12:00",
  "value" : "10"
},{
  "dateTime" : "04/15/16 20:21:00",
  "value" : "10"
},{
  "dateTime" : "04/15/16 20:41:00",
  "value" : "10"
},{
  "dateTime" : "04/15/16 21:16:00",
  "value" : "10"
},{
  "dateTime" : "04/16/16 10:39:00",
  "value" : "10"
},{
  "dateTime" : "04/16/16 11:31:00",
  "value" : "10"
},{
  "dateTime" : "04/16/16 12:48:00",
  "value" : "10"
},{
  "dateTime" : "04/16/16 12:50:00",
  "value" : "10"
},{
  "dateTime" : "04/16/16 13:30:00",
  "value" : "10"
},{
  "dateTime" : "04/16/16 16:53:00",
  "value" : "10"
},{
  "dateTime" : "04/16/16 16:55:00",
  "value" : "0"
},{
  "dateTime" : "04/16/16 16:59:00",
  "value" : "0"
},{
  "dateTime" : "04/16/16 17:00:00",
  "value" : "10"
},{
  "dateTime" : "04/16/16 17:01:00",
  "value" : "20"
},{
  "dateTime" : "04/16/16 17:02:00",
  "value" : "10"
},{
  "dateTime" : "04/16/16 17:03:00",
  "value" : "10"
},{
  "dateTime" : "04/16/16 17:04:00",
  "value" : "20"
},{
  "dateTime" : "04/16/16 17:05:00",
  "value" : "10"
},{
  "dateTime" : "04/16/16 17:06:00",
  "value" : "20"
},{
  "dateTime" : "04/16/16 17:07:00",
  "value" : "10"
},{
  "dateTime" : "04/16/16 17:08:00",
  "value" : "10"
},{
  "dateTime" : "04/16/16 17:09:00",
  "value" : "10"
},{
  "dateTime" : "04/16/16 17:10:00",
  "value" : "10"
},{
  "dateTime" : "04/16/16 17:11:00",
  "value" : "10"
},{
  "dateTime" : "04/16/16 17:12:00",
  "value" : "0"
},{
  "dateTime" : "04/16/16 17:14:00",
  "value" : "10"
},{
  "dateTime" : "04/16/16 17:15:00",
  "value" : "10"
},{
  "dateTime" : "04/16/16 17:16:00",
  "value" : "10"
},{
  "dateTime" : "04/16/16 17:19:00",
  "value" : "10"
},{
  "dateTime" : "04/16/16 17:20:00",
  "value" : "20"
},{
  "dateTime" : "04/16/16 17:21:00",
  "value" : "10"
},{
  "dateTime" : "04/16/16 17:22:00",
  "value" : "10"
},{
  "dateTime" : "04/16/16 17:24:00",
  "value" : "0"
},{
  "dateTime" : "04/16/16 17:28:00",
  "value" : "10"
},{
  "dateTime" : "04/16/16 17:29:00",
  "value" : "10"
},{
  "dateTime" : "04/16/16 17:30:00",
  "value" : "10"
},{
  "dateTime" : "04/16/16 17:31:00",
  "value" : "10"
},{
  "dateTime" : "04/16/16 17:32:00",
  "value" : "10"
},{
  "dateTime" : "04/16/16 17:33:00",
  "value" : "10"
},{
  "dateTime" : "04/16/16 17:34:00",
  "value" : "10"
},{
  "dateTime" : "04/16/16 17:37:00",
  "value" : "0"
},{
  "dateTime" : "04/16/16 17:41:00",
  "value" : "0"
},{
  "dateTime" : "04/16/16 17:42:00",
  "value" : "10"
},{
  "dateTime" : "04/16/16 17:45:00",
  "value" : "10"
},{
  "dateTime" : "04/16/16 17:49:00",
  "value" : "0"
},{
  "dateTime" : "04/16/16 17:51:00",
  "value" : "10"
},{
  "dateTime" : "04/16/16 17:52:00",
  "value" : "10"
},{
  "dateTime" : "04/16/16 17:53:00",
  "value" : "0"
},{
  "dateTime" : "04/16/16 17:55:00",
  "value" : "20"
},{
  "dateTime" : "04/16/16 17:57:00",
  "value" : "0"
},{
  "dateTime" : "04/16/16 18:01:00",
  "value" : "0"
},{
  "dateTime" : "04/16/16 18:05:00",
  "value" : "10"
},{
  "dateTime" : "04/16/16 18:06:00",
  "value" : "20"
},{
  "dateTime" : "04/16/16 18:09:00",
  "value" : "0"
},{
  "dateTime" : "04/16/16 18:11:00",
  "value" : "10"
},{
  "dateTime" : "04/16/16 18:12:00",
  "value" : "10"
},{
  "dateTime" : "04/16/16 18:13:00",
  "value" : "10"
},{
  "dateTime" : "04/16/16 18:15:00",
  "value" : "10"
},{
  "dateTime" : "04/16/16 18:17:00",
  "value" : "10"
},{
  "dateTime" : "04/16/16 18:18:00",
  "value" : "0"
},{
  "dateTime" : "04/16/16 18:20:00",
  "value" : "20"
},{
  "dateTime" : "04/16/16 18:21:00",
  "value" : "10"
},{
  "dateTime" : "04/16/16 18:22:00",
  "value" : "0"
},{
  "dateTime" : "04/16/16 18:26:00",
  "value" : "0"
},{
  "dateTime" : "04/16/16 18:32:00",
  "value" : "20"
},{
  "dateTime" : "04/16/16 18:35:00",
  "value" : "10"
},{
  "dateTime" : "04/16/16 18:37:00",
  "value" : "10"
},{
  "dateTime" : "04/16/16 18:38:00",
  "value" : "10"
},{
  "dateTime" : "04/16/16 18:40:00",
  "value" : "10"
},{
  "dateTime" : "04/16/16 18:41:00",
  "value" : "10"
},{
  "dateTime" : "04/16/16 18:51:00",
  "value" : "10"
},{
  "dateTime" : "04/16/16 20:26:00",
  "value" : "10"
},{
  "dateTime" : "04/16/16 21:48:00",
  "value" : "10"
},{
  "dateTime" : "04/16/16 23:13:00",
  "value" : "10"
},{
  "dateTime" : "04/17/16 09:33:00",
  "value" : "10"
},{
  "dateTime" : "04/17/16 13:45:00",
  "value" : "20"
},{
  "dateTime" : "04/17/16 13:46:00",
  "value" : "10"
},{
  "dateTime" : "04/17/16 15:18:00",
  "value" : "10"
},{
  "dateTime" : "04/17/16 15:20:00",
  "value" : "10"
},{
  "dateTime" : "04/17/16 16:32:00",
  "value" : "10"
},{
  "dateTime" : "04/17/16 16:43:00",
  "value" : "0"
},{
  "dateTime" : "04/17/16 17:09:00",
  "value" : "10"
},{
  "dateTime" : "04/17/16 17:32:00",
  "value" : "10"
},{
  "dateTime" : "04/17/16 17:43:00",
  "value" : "20"
},{
  "dateTime" : "04/17/16 17:44:00",
  "value" : "10"
},{
  "dateTime" : "04/17/16 17:52:00",
  "value" : "0"
},{
  "dateTime" : "04/17/16 17:57:00",
  "value" : "20"
},{
  "dateTime" : "04/17/16 20:51:00",
  "value" : "10"
},{
  "dateTime" : "04/17/16 21:12:00",
  "value" : "10"
},{
  "dateTime" : "04/17/16 21:50:00",
  "value" : "10"
},{
  "dateTime" : "04/18/16 07:04:00",
  "value" : "10"
},{
  "dateTime" : "04/18/16 07:51:00",
  "value" : "10"
},{
  "dateTime" : "04/18/16 08:39:00",
  "value" : "30"
},{
  "dateTime" : "04/18/16 08:40:00",
  "value" : "10"
},{
  "dateTime" : "04/18/16 10:02:00",
  "value" : "10"
},{
  "dateTime" : "04/18/16 11:07:00",
  "value" : "10"
},{
  "dateTime" : "04/18/16 11:08:00",
  "value" : "10"
},{
  "dateTime" : "04/18/16 12:51:00",
  "value" : "10"
},{
  "dateTime" : "04/18/16 12:55:00",
  "value" : "10"
},{
  "dateTime" : "04/18/16 13:08:00",
  "value" : "10"
},{
  "dateTime" : "04/18/16 13:59:00",
  "value" : "20"
},{
  "dateTime" : "04/18/16 15:16:00",
  "value" : "20"
},{
  "dateTime" : "04/18/16 15:17:00",
  "value" : "10"
},{
  "dateTime" : "04/18/16 20:28:00",
  "value" : "10"
},{
  "dateTime" : "04/18/16 21:05:00",
  "value" : "10"
},{
  "dateTime" : "04/18/16 21:38:00",
  "value" : "10"
},{
  "dateTime" : "04/18/16 21:41:00",
  "value" : "10"
},{
  "dateTime" : "04/19/16 07:12:00",
  "value" : "10"
},{
  "dateTime" : "04/19/16 08:03:00",
  "value" : "10"
},{
  "dateTime" : "04/19/16 08:05:00",
  "value" : "10"
},{
  "dateTime" : "04/19/16 08:07:00",
  "value" : "10"
},{
  "dateTime" : "04/19/16 08:09:00",
  "value" : "20"
},{
  "dateTime" : "04/19/16 08:33:00",
  "value" : "10"
},{
  "dateTime" : "04/19/16 08:46:00",
  "value" : "10"
},{
  "dateTime" : "04/19/16 08:47:00",
  "value" : "10"
},{
  "dateTime" : "04/19/16 08:54:00",
  "value" : "10"
},{
  "dateTime" : "04/19/16 08:55:00",
  "value" : "40"
},{
  "dateTime" : "04/19/16 08:56:00",
  "value" : "20"
},{
  "dateTime" : "04/19/16 08:57:00",
  "value" : "10"
},{
  "dateTime" : "04/19/16 08:58:00",
  "value" : "10"
},{
  "dateTime" : "04/19/16 09:05:00",
  "value" : "10"
},{
  "dateTime" : "04/19/16 09:07:00",
  "value" : "20"
},{
  "dateTime" : "04/19/16 11:28:00",
  "value" : "10"
},{
  "dateTime" : "04/19/16 11:57:00",
  "value" : "10"
},{
  "dateTime" : "04/19/16 12:02:00",
  "value" : "10"
},{
  "dateTime" : "04/19/16 14:02:00",
  "value" : "10"
},{
  "dateTime" : "04/19/16 15:02:00",
  "value" : "10"
},{
  "dateTime" : "04/19/16 15:04:00",
  "value" : "10"
},{
  "dateTime" : "04/19/16 16:41:00",
  "value" : "10"
},{
  "dateTime" : "04/19/16 16:54:00",
  "value" : "10"
},{
  "dateTime" : "04/19/16 20:45:00",
  "value" : "10"
},{
  "dateTime" : "04/19/16 20:46:00",
  "value" : "10"
},{
  "dateTime" : "04/19/16 20:54:00",
  "value" : "10"
},{
  "dateTime" : "04/19/16 21:51:00",
  "value" : "20"
},{
  "dateTime" : "04/19/16 21:58:00",
  "value" : "10"
},{
  "dateTime" : "04/19/16 21:59:00",
  "value" : "10"
},{
  "dateTime" : "04/19/16 23:44:00",
  "value" : "10"
},{
  "dateTime" : "04/20/16 07:01:00",
  "value" : "10"
},{
  "dateTime" : "04/20/16 07:50:00",
  "value" : "10"
},{
  "dateTime" : "04/20/16 07:55:00",
  "value" : "10"
},{
  "dateTime" : "04/20/16 07:58:00",
  "value" : "10"
},{
  "dateTime" : "04/20/16 08:44:00",
  "value" : "10"
},{
  "dateTime" : "04/20/16 09:18:00",
  "value" : "10"
},{
  "dateTime" : "04/20/16 09:20:00",
  "value" : "10"
},{
  "dateTime" : "04/20/16 09:28:00",
  "value" : "10"
},{
  "dateTime" : "04/20/16 09:36:00",
  "value" : "20"
},{
  "dateTime" : "04/20/16 09:44:00",
  "value" : "10"
},{
  "dateTime" : "04/20/16 09:45:00",
  "value" : "10"
},{
  "dateTime" : "04/20/16 10:00:00",
  "value" : "10"
},{
  "dateTime" : "04/20/16 10:35:00",
  "value" : "10"
},{
  "dateTime" : "04/20/16 10:36:00",
  "value" : "10"
},{
  "dateTime" : "04/20/16 10:38:00",
  "value" : "10"
},{
  "dateTime" : "04/20/16 10:41:00",
  "value" : "10"
},{
  "dateTime" : "04/20/16 10:48:00",
  "value" : "30"
},{
  "dateTime" : "04/20/16 10:49:00",
  "value" : "10"
},{
  "dateTime" : "04/20/16 10:57:00",
  "value" : "20"
},{
  "dateTime" : "04/20/16 10:59:00",
  "value" : "10"
},{
  "dateTime" : "04/20/16 12:04:00",
  "value" : "10"
},{
  "dateTime" : "04/20/16 12:06:00",
  "value" : "10"
},{
  "dateTime" : "04/20/16 12:51:00",
  "value" : "10"
},{
  "dateTime" : "04/20/16 12:53:00",
  "value" : "10"
},{
  "dateTime" : "04/20/16 13:08:00",
  "value" : "10"
},{
  "dateTime" : "04/20/16 15:15:00",
  "value" : "10"
},{
  "dateTime" : "04/20/16 15:19:00",
  "value" : "10"
},{
  "dateTime" : "04/20/16 15:26:00",
  "value" : "20"
},{
  "dateTime" : "04/20/16 15:32:00",
  "value" : "20"
},{
  "dateTime" : "04/20/16 16:33:00",
  "value" : "20"
},{
  "dateTime" : "04/20/16 16:34:00",
  "value" : "20"
},{
  "dateTime" : "04/20/16 16:35:00",
  "value" : "20"
},{
  "dateTime" : "04/20/16 17:17:00",
  "value" : "10"
},{
  "dateTime" : "04/20/16 17:19:00",
  "value" : "10"
},{
  "dateTime" : "04/20/16 19:30:00",
  "value" : "10"
},{
  "dateTime" : "04/20/16 19:53:00",
  "value" : "10"
},{
  "dateTime" : "04/20/16 21:41:00",
  "value" : "10"
},{
  "dateTime" : "04/20/16 21:46:00",
  "value" : "10"
},{
  "dateTime" : "04/20/16 21:48:00",
  "value" : "10"
},{
  "dateTime" : "04/20/16 21:54:00",
  "value" : "10"
},{
  "dateTime" : "04/21/16 07:01:00",
  "value" : "10"
},{
  "dateTime" : "04/21/16 07:35:00",
  "value" : "10"
},{
  "dateTime" : "04/21/16 07:47:00",
  "value" : "20"
},{
  "dateTime" : "04/21/16 07:49:00",
  "value" : "10"
},{
  "dateTime" : "04/21/16 13:49:00",
  "value" : "20"
},{
  "dateTime" : "04/21/16 13:50:00",
  "value" : "10"
},{
  "dateTime" : "04/21/16 17:56:00",
  "value" : "10"
},{
  "dateTime" : "04/21/16 17:57:00",
  "value" : "10"
},{
  "dateTime" : "04/21/16 17:58:00",
  "value" : "10"
},{
  "dateTime" : "04/21/16 18:00:00",
  "value" : "10"
},{
  "dateTime" : "04/21/16 19:03:00",
  "value" : "10"
},{
  "dateTime" : "04/21/16 20:37:00",
  "value" : "10"
},{
  "dateTime" : "04/22/16 07:15:00",
  "value" : "10"
},{
  "dateTime" : "04/22/16 08:04:00",
  "value" : "10"
},{
  "dateTime" : "04/22/16 08:33:00",
  "value" : "10"
},{
  "dateTime" : "04/22/16 08:51:00",
  "value" : "10"
},{
  "dateTime" : "04/22/16 08:52:00",
  "value" : "40"
},{
  "dateTime" : "04/22/16 08:53:00",
  "value" : "10"
},{
  "dateTime" : "04/22/16 09:04:00",
  "value" : "10"
},{
  "dateTime" : "04/22/16 09:05:00",
  "value" : "10"
},{
  "dateTime" : "04/22/16 10:06:00",
  "value" : "10"
},{
  "dateTime" : "04/22/16 10:49:00",
  "value" : "10"
},{
  "dateTime" : "04/22/16 13:20:00",
  "value" : "10"
},{
  "dateTime" : "04/22/16 13:23:00",
  "value" : "10"
},{
  "dateTime" : "04/22/16 13:27:00",
  "value" : "10"
},{
  "dateTime" : "04/22/16 13:28:00",
  "value" : "10"
},{
  "dateTime" : "04/22/16 13:29:00",
  "value" : "10"
},{
  "dateTime" : "04/22/16 13:36:00",
  "value" : "10"
},{
  "dateTime" : "04/22/16 13:55:00",
  "value" : "10"
},{
  "dateTime" : "04/22/16 13:59:00",
  "value" : "10"
},{
  "dateTime" : "04/22/16 14:00:00",
  "value" : "10"
},{
  "dateTime" : "04/22/16 14:01:00",
  "value" : "10"
},{
  "dateTime" : "04/22/16 14:12:00",
  "value" : "20"
},{
  "dateTime" : "04/22/16 14:13:00",
  "value" : "10"
},{
  "dateTime" : "04/22/16 14:14:00",
  "value" : "10"
},{
  "dateTime" : "04/22/16 14:16:00",
  "value" : "10"
},{
  "dateTime" : "04/22/16 14:17:00",
  "value" : "10"
},{
  "dateTime" : "04/22/16 16:53:00",
  "value" : "10"
},{
  "dateTime" : "04/22/16 16:57:00",
  "value" : "10"
},{
  "dateTime" : "04/22/16 16:58:00",
  "value" : "10"
},{
  "dateTime" : "04/22/16 16:59:00",
  "value" : "20"
},{
  "dateTime" : "04/22/16 17:40:00",
  "value" : "10"
},{
  "dateTime" : "04/22/16 17:53:00",
  "value" : "10"
},{
  "dateTime" : "04/22/16 18:00:00",
  "value" : "10"
},{
  "dateTime" : "04/22/16 19:27:00",
  "value" : "10"
},{
  "dateTime" : "04/22/16 19:28:00",
  "value" : "20"
},{
  "dateTime" : "04/22/16 19:43:00",
  "value" : "10"
},{
  "dateTime" : "04/22/16 19:55:00",
  "value" : "10"
},{
  "dateTime" : "04/22/16 21:55:00",
  "value" : "10"
},{
  "dateTime" : "04/22/16 23:11:00",
  "value" : "10"
},{
  "dateTime" : "04/22/16 23:13:00",
  "value" : "10"
},{
  "dateTime" : "04/23/16 00:01:00",
  "value" : "10"
},{
  "dateTime" : "04/23/16 08:39:00",
  "value" : "10"
},{
  "dateTime" : "04/23/16 09:09:00",
  "value" : "10"
},{
  "dateTime" : "04/23/16 09:14:00",
  "value" : "10"
},{
  "dateTime" : "04/23/16 10:52:00",
  "value" : "10"
},{
  "dateTime" : "04/23/16 11:45:00",
  "value" : "10"
},{
  "dateTime" : "04/23/16 12:00:00",
  "value" : "10"
},{
  "dateTime" : "04/23/16 13:11:00",
  "value" : "10"
},{
  "dateTime" : "04/23/16 16:55:00",
  "value" : "0"
},{
  "dateTime" : "04/23/16 16:59:00",
  "value" : "10"
},{
  "dateTime" : "04/23/16 17:00:00",
  "value" : "20"
},{
  "dateTime" : "04/23/16 17:01:00",
  "value" : "20"
},{
  "dateTime" : "04/23/16 17:03:00",
  "value" : "0"
},{
  "dateTime" : "04/23/16 17:06:00",
  "value" : "60"
},{
  "dateTime" : "04/23/16 17:07:00",
  "value" : "10"
},{
  "dateTime" : "04/23/16 17:08:00",
  "value" : "10"
},{
  "dateTime" : "04/23/16 17:11:00",
  "value" : "10"
},{
  "dateTime" : "04/23/16 17:13:00",
  "value" : "10"
},{
  "dateTime" : "04/23/16 17:15:00",
  "value" : "0"
},{
  "dateTime" : "04/23/16 17:17:00",
  "value" : "20"
},{
  "dateTime" : "04/23/16 17:18:00",
  "value" : "10"
},{
  "dateTime" : "04/23/16 17:19:00",
  "value" : "10"
},{
  "dateTime" : "04/23/16 17:20:00",
  "value" : "20"
},{
  "dateTime" : "04/23/16 17:21:00",
  "value" : "10"
},{
  "dateTime" : "04/23/16 17:22:00",
  "value" : "30"
},{
  "dateTime" : "04/23/16 17:25:00",
  "value" : "0"
},{
  "dateTime" : "04/23/16 17:26:00",
  "value" : "10"
},{
  "dateTime" : "04/23/16 17:28:00",
  "value" : "0"
},{
  "dateTime" : "04/23/16 17:31:00",
  "value" : "0"
},{
  "dateTime" : "04/23/16 17:34:00",
  "value" : "10"
},{
  "dateTime" : "04/23/16 17:39:00",
  "value" : "10"
},{
  "dateTime" : "04/23/16 18:58:00",
  "value" : "10"
},{
  "dateTime" : "04/23/16 19:02:00",
  "value" : "10"
},{
  "dateTime" : "04/23/16 19:57:00",
  "value" : "10"
},{
  "dateTime" : "04/23/16 22:46:00",
  "value" : "10"
},{
  "dateTime" : "04/23/16 23:10:00",
  "value" : "10"
},{
  "dateTime" : "04/23/16 23:14:00",
  "value" : "10"
},{
  "dateTime" : "04/24/16 10:24:00",
  "value" : "10"
},{
  "dateTime" : "04/24/16 10:33:00",
  "value" : "10"
},{
  "dateTime" : "04/24/16 13:47:00",
  "value" : "10"
},{
  "dateTime" : "04/24/16 18:14:00",
  "value" : "10"
},{
  "dateTime" : "04/24/16 18:26:00",
  "value" : "10"
},{
  "dateTime" : "04/24/16 18:27:00",
  "value" : "10"
},{
  "dateTime" : "04/24/16 18:34:00",
  "value" : "10"
},{
  "dateTime" : "04/24/16 23:51:00",
  "value" : "20"
},{
  "dateTime" : "04/24/16 23:54:00",
  "value" : "10"
},{
  "dateTime" : "04/24/16 23:56:00",
  "value" : "10"
},{
  "dateTime" : "04/24/16 23:59:00",
  "value" : "10"
},{
  "dateTime" : "04/25/16 00:01:00",
  "value" : "10"
},{
  "dateTime" : "04/25/16 00:04:00",
  "value" : "10"
},{
  "dateTime" : "04/25/16 08:30:00",
  "value" : "10"
},{
  "dateTime" : "04/25/16 10:22:00",
  "value" : "10"
},{
  "dateTime" : "04/25/16 10:24:00",
  "value" : "10"
},{
  "dateTime" : "04/25/16 10:30:00",
  "value" : "10"
},{
  "dateTime" : "04/25/16 10:38:00",
  "value" : "10"
},{
  "dateTime" : "04/25/16 10:56:00",
  "value" : "10"
},{
  "dateTime" : "04/25/16 11:01:00",
  "value" : "10"
},{
  "dateTime" : "04/25/16 11:20:00",
  "value" : "20"
},{
  "dateTime" : "04/25/16 11:24:00",
  "value" : "10"
},{
  "dateTime" : "04/25/16 11:27:00",
  "value" : "20"
},{
  "dateTime" : "04/25/16 11:31:00",
  "value" : "10"
},{
  "dateTime" : "04/25/16 11:34:00",
  "value" : "10"
},{
  "dateTime" : "04/25/16 11:35:00",
  "value" : "10"
},{
  "dateTime" : "04/25/16 11:53:00",
  "value" : "10"
},{
  "dateTime" : "04/25/16 13:37:00",
  "value" : "10"
},{
  "dateTime" : "04/25/16 13:45:00",
  "value" : "10"
},{
  "dateTime" : "04/25/16 17:02:00",
  "value" : "10"
},{
  "dateTime" : "04/25/16 20:52:00",
  "value" : "10"
},{
  "dateTime" : "04/25/16 20:57:00",
  "value" : "10"
},{
  "dateTime" : "04/25/16 21:18:00",
  "value" : "10"
},{
  "dateTime" : "04/25/16 23:52:00",
  "value" : "10"
},{
  "dateTime" : "04/26/16 07:51:00",
  "value" : "10"
},{
  "dateTime" : "04/26/16 08:40:00",
  "value" : "20"
},{
  "dateTime" : "04/26/16 08:41:00",
  "value" : "20"
},{
  "dateTime" : "04/26/16 09:01:00",
  "value" : "10"
},{
  "dateTime" : "04/26/16 09:02:00",
  "value" : "10"
},{
  "dateTime" : "04/26/16 11:07:00",
  "value" : "10"
},{
  "dateTime" : "04/26/16 11:08:00",
  "value" : "10"
},{
  "dateTime" : "04/26/16 11:20:00",
  "value" : "20"
},{
  "dateTime" : "04/26/16 11:25:00",
  "value" : "10"
},{
  "dateTime" : "04/26/16 11:26:00",
  "value" : "10"
},{
  "dateTime" : "04/26/16 11:39:00",
  "value" : "10"
},{
  "dateTime" : "04/26/16 11:40:00",
  "value" : "10"
},{
  "dateTime" : "04/26/16 11:44:00",
  "value" : "10"
},{
  "dateTime" : "04/26/16 11:45:00",
  "value" : "10"
},{
  "dateTime" : "04/26/16 11:46:00",
  "value" : "10"
},{
  "dateTime" : "04/26/16 12:02:00",
  "value" : "10"
},{
  "dateTime" : "04/26/16 14:45:00",
  "value" : "10"
},{
  "dateTime" : "04/26/16 14:48:00",
  "value" : "10"
},{
  "dateTime" : "04/26/16 15:12:00",
  "value" : "30"
},{
  "dateTime" : "04/26/16 19:09:00",
  "value" : "10"
},{
  "dateTime" : "04/26/16 19:14:00",
  "value" : "10"
},{
  "dateTime" : "04/26/16 21:51:00",
  "value" : "10"
},{
  "dateTime" : "04/26/16 22:35:00",
  "value" : "10"
},{
  "dateTime" : "04/26/16 22:40:00",
  "value" : "10"
},{
  "dateTime" : "04/26/16 23:12:00",
  "value" : "10"
},{
  "dateTime" : "04/27/16 07:43:00",
  "value" : "10"
},{
  "dateTime" : "04/27/16 07:59:00",
  "value" : "10"
},{
  "dateTime" : "04/27/16 08:22:00",
  "value" : "10"
},{
  "dateTime" : "04/27/16 08:42:00",
  "value" : "10"
},{
  "dateTime" : "04/27/16 08:43:00",
  "value" : "40"
},{
  "dateTime" : "04/27/16 08:49:00",
  "value" : "10"
},{
  "dateTime" : "04/27/16 09:00:00",
  "value" : "20"
},{
  "dateTime" : "04/27/16 10:55:00",
  "value" : "10"
},{
  "dateTime" : "04/27/16 10:58:00",
  "value" : "10"
},{
  "dateTime" : "04/27/16 11:00:00",
  "value" : "10"
},{
  "dateTime" : "04/27/16 11:07:00",
  "value" : "10"
},{
  "dateTime" : "04/27/16 11:15:00",
  "value" : "20"
},{
  "dateTime" : "04/27/16 11:16:00",
  "value" : "20"
},{
  "dateTime" : "04/27/16 11:17:00",
  "value" : "10"
},{
  "dateTime" : "04/27/16 11:31:00",
  "value" : "20"
},{
  "dateTime" : "04/27/16 12:16:00",
  "value" : "10"
},{
  "dateTime" : "04/27/16 12:19:00",
  "value" : "20"
},{
  "dateTime" : "04/27/16 12:20:00",
  "value" : "10"
},{
  "dateTime" : "04/27/16 12:45:00",
  "value" : "10"
},{
  "dateTime" : "04/27/16 12:47:00",
  "value" : "10"
},{
  "dateTime" : "04/27/16 12:59:00",
  "value" : "10"
},{
  "dateTime" : "04/27/16 13:04:00",
  "value" : "10"
},{
  "dateTime" : "04/27/16 13:05:00",
  "value" : "10"
},{
  "dateTime" : "04/27/16 13:06:00",
  "value" : "10"
},{
  "dateTime" : "04/27/16 13:07:00",
  "value" : "10"
},{
  "dateTime" : "04/27/16 13:09:00",
  "value" : "10"
},{
  "dateTime" : "04/27/16 13:14:00",
  "value" : "10"
},{
  "dateTime" : "04/27/16 13:16:00",
  "value" : "10"
},{
  "dateTime" : "04/27/16 13:42:00",
  "value" : "10"
},{
  "dateTime" : "04/27/16 13:46:00",
  "value" : "20"
},{
  "dateTime" : "04/27/16 13:47:00",
  "value" : "0"
},{
  "dateTime" : "04/27/16 13:48:00",
  "value" : "10"
},{
  "dateTime" : "04/27/16 13:49:00",
  "value" : "10"
},{
  "dateTime" : "04/27/16 13:50:00",
  "value" : "10"
},{
  "dateTime" : "04/27/16 13:51:00",
  "value" : "20"
},{
  "dateTime" : "04/27/16 13:52:00",
  "value" : "10"
},{
  "dateTime" : "04/27/16 13:53:00",
  "value" : "0"
},{
  "dateTime" : "04/27/16 13:54:00",
  "value" : "0"
},{
  "dateTime" : "04/27/16 13:55:00",
  "value" : "20"
},{
  "dateTime" : "04/27/16 13:59:00",
  "value" : "0"
},{
  "dateTime" : "04/27/16 14:01:00",
  "value" : "10"
},{
  "dateTime" : "04/27/16 14:02:00",
  "value" : "10"
},{
  "dateTime" : "04/27/16 14:03:00",
  "value" : "20"
},{
  "dateTime" : "04/27/16 14:04:00",
  "value" : "20"
},{
  "dateTime" : "04/27/16 14:05:00",
  "value" : "20"
},{
  "dateTime" : "04/27/16 14:07:00",
  "value" : "10"
},{
  "dateTime" : "04/27/16 14:08:00",
  "value" : "30"
},{
  "dateTime" : "04/27/16 14:11:00",
  "value" : "20"
},{
  "dateTime" : "04/27/16 14:12:00",
  "value" : "10"
},{
  "dateTime" : "04/27/16 14:13:00",
  "value" : "10"
},{
  "dateTime" : "04/27/16 14:14:00",
  "value" : "10"
},{
  "dateTime" : "04/27/16 14:15:00",
  "value" : "20"
},{
  "dateTime" : "04/27/16 14:16:00",
  "value" : "10"
},{
  "dateTime" : "04/27/16 14:17:00",
  "value" : "10"
},{
  "dateTime" : "04/27/16 14:18:00",
  "value" : "10"
},{
  "dateTime" : "04/27/16 14:19:00",
  "value" : "20"
},{
  "dateTime" : "04/27/16 14:21:00",
  "value" : "0"
},{
  "dateTime" : "04/27/16 14:25:00",
  "value" : "30"
},{
  "dateTime" : "04/27/16 14:26:00",
  "value" : "20"
},{
  "dateTime" : "04/27/16 14:27:00",
  "value" : "30"
},{
  "dateTime" : "04/27/16 14:28:00",
  "value" : "20"
},{
  "dateTime" : "04/27/16 14:29:00",
  "value" : "10"
},{
  "dateTime" : "04/27/16 14:31:00",
  "value" : "20"
},{
  "dateTime" : "04/27/16 14:32:00",
  "value" : "20"
},{
  "dateTime" : "04/27/16 14:33:00",
  "value" : "20"
},{
  "dateTime" : "04/27/16 14:34:00",
  "value" : "10"
},{
  "dateTime" : "04/27/16 14:36:00",
  "value" : "10"
},{
  "dateTime" : "04/27/16 14:37:00",
  "value" : "0"
},{
  "dateTime" : "04/27/16 14:38:00",
  "value" : "10"
},{
  "dateTime" : "04/27/16 14:39:00",
  "value" : "30"
},{
  "dateTime" : "04/27/16 14:40:00",
  "value" : "10"
},{
  "dateTime" : "04/27/16 14:41:00",
  "value" : "10"
},{
  "dateTime" : "04/27/16 14:45:00",
  "value" : "10"
},{
  "dateTime" : "04/27/16 14:46:00",
  "value" : "0"
},{
  "dateTime" : "04/27/16 14:47:00",
  "value" : "20"
},{
  "dateTime" : "04/27/16 14:48:00",
  "value" : "20"
},{
  "dateTime" : "04/27/16 14:49:00",
  "value" : "10"
},{
  "dateTime" : "04/27/16 14:50:00",
  "value" : "0"
},{
  "dateTime" : "04/27/16 14:53:00",
  "value" : "20"
},{
  "dateTime" : "04/27/16 14:54:00",
  "value" : "10"
},{
  "dateTime" : "04/27/16 14:57:00",
  "value" : "0"
},{
  "dateTime" : "04/27/16 15:00:00",
  "value" : "10"
},{
  "dateTime" : "04/27/16 15:01:00",
  "value" : "10"
},{
  "dateTime" : "04/27/16 15:03:00",
  "value" : "20"
},{
  "dateTime" : "04/27/16 15:04:00",
  "value" : "10"
},{
  "dateTime" : "04/27/16 15:06:00",
  "value" : "10"
},{
  "dateTime" : "04/27/16 15:31:00",
  "value" : "10"
},{
  "dateTime" : "04/27/16 15:44:00",
  "value" : "10"
},{
  "dateTime" : "04/27/16 15:49:00",
  "value" : "10"
},{
  "dateTime" : "04/27/16 15:51:00",
  "value" : "10"
},{
  "dateTime" : "04/27/16 16:23:00",
  "value" : "10"
},{
  "dateTime" : "04/27/16 16:33:00",
  "value" : "10"
},{
  "dateTime" : "04/27/16 16:49:00",
  "value" : "10"
},{
  "dateTime" : "04/27/16 18:33:00",
  "value" : "10"
},{
  "dateTime" : "04/27/16 18:59:00",
  "value" : "10"
},{
  "dateTime" : "04/27/16 21:09:00",
  "value" : "20"
},{
  "dateTime" : "04/27/16 21:45:00",
  "value" : "10"
},{
  "dateTime" : "04/28/16 07:37:00",
  "value" : "10"
},{
  "dateTime" : "04/28/16 07:40:00",
  "value" : "10"
},{
  "dateTime" : "04/28/16 08:18:00",
  "value" : "10"
},{
  "dateTime" : "04/28/16 08:51:00",
  "value" : "10"
},{
  "dateTime" : "04/28/16 08:52:00",
  "value" : "20"
},{
  "dateTime" : "04/28/16 08:53:00",
  "value" : "10"
},{
  "dateTime" : "04/28/16 13:43:00",
  "value" : "10"
},{
  "dateTime" : "04/28/16 13:44:00",
  "value" : "20"
},{
  "dateTime" : "04/28/16 13:45:00",
  "value" : "10"
},{
  "dateTime" : "04/28/16 18:38:00",
  "value" : "20"
},{
  "dateTime" : "04/28/16 18:39:00",
  "value" : "10"
},{
  "dateTime" : "04/28/16 18:42:00",
  "value" : "10"
},{
  "dateTime" : "04/28/16 19:26:00",
  "value" : "10"
},{
  "dateTime" : "04/28/16 19:27:00",
  "value" : "10"
},{
  "dateTime" : "04/28/16 19:28:00",
  "value" : "10"
},{
  "dateTime" : "04/28/16 20:53:00",
  "value" : "10"
},{
  "dateTime" : "04/28/16 21:41:00",
  "value" : "20"
},{
  "dateTime" : "04/28/16 22:08:00",
  "value" : "20"
},{
  "dateTime" : "04/28/16 23:28:00",
  "value" : "10"
},{
  "dateTime" : "04/29/16 07:01:00",
  "value" : "10"
},{
  "dateTime" : "04/29/16 07:07:00",
  "value" : "10"
},{
  "dateTime" : "04/29/16 07:12:00",
  "value" : "10"
},{
  "dateTime" : "04/29/16 08:02:00",
  "value" : "10"
},{
  "dateTime" : "04/29/16 08:04:00",
  "value" : "10"
},{
  "dateTime" : "04/29/16 08:05:00",
  "value" : "10"
},{
  "dateTime" : "04/29/16 08:52:00",
  "value" : "10"
},{
  "dateTime" : "04/29/16 09:03:00",
  "value" : "10"
},{
  "dateTime" : "04/29/16 09:04:00",
  "value" : "40"
},{
  "dateTime" : "04/29/16 09:05:00",
  "value" : "10"
},{
  "dateTime" : "04/29/16 09:08:00",
  "value" : "10"
},{
  "dateTime" : "04/29/16 09:11:00",
  "value" : "10"
},{
  "dateTime" : "04/29/16 09:17:00",
  "value" : "20"
},{
  "dateTime" : "04/29/16 09:18:00",
  "value" : "10"
},{
  "dateTime" : "04/29/16 10:01:00",
  "value" : "10"
},{
  "dateTime" : "04/29/16 12:35:00",
  "value" : "10"
},{
  "dateTime" : "04/29/16 12:36:00",
  "value" : "10"
},{
  "dateTime" : "04/29/16 17:42:00",
  "value" : "10"
},{
  "dateTime" : "04/29/16 17:48:00",
  "value" : "10"
},{
  "dateTime" : "04/29/16 17:49:00",
  "value" : "10"
},{
  "dateTime" : "04/29/16 17:50:00",
  "value" : "10"
},{
  "dateTime" : "04/29/16 20:40:00",
  "value" : "10"
},{
  "dateTime" : "04/29/16 20:41:00",
  "value" : "10"
},{
  "dateTime" : "04/29/16 21:17:00",
  "value" : "10"
},{
  "dateTime" : "04/29/16 21:19:00",
  "value" : "10"
},{
  "dateTime" : "04/29/16 21:29:00",
  "value" : "10"
},{
  "dateTime" : "04/29/16 21:33:00",
  "value" : "20"
},{
  "dateTime" : "04/29/16 21:36:00",
  "value" : "10"
},{
  "dateTime" : "04/29/16 21:37:00",
  "value" : "10"
},{
  "dateTime" : "04/29/16 21:38:00",
  "value" : "20"
},{
  "dateTime" : "04/29/16 21:43:00",
  "value" : "10"
},{
  "dateTime" : "04/29/16 21:48:00",
  "value" : "10"
},{
  "dateTime" : "04/29/16 21:50:00",
  "value" : "10"
},{
  "dateTime" : "04/29/16 22:05:00",
  "value" : "10"
},{
  "dateTime" : "04/30/16 00:34:00",
  "value" : "10"
},{
  "dateTime" : "04/30/16 00:35:00",
  "value" : "10"
},{
  "dateTime" : "04/30/16 00:58:00",
  "value" : "10"
},{
  "dateTime" : "04/30/16 01:50:00",
  "value" : "10"
},{
  "dateTime" : "04/30/16 01:52:00",
  "value" : "10"
},{
  "dateTime" : "04/30/16 13:05:00",
  "value" : "20"
},{
  "dateTime" : "04/30/16 13:06:00",
  "value" : "10"
},{
  "dateTime" : "04/30/16 13:58:00",
  "value" : "10"
},{
  "dateTime" : "04/30/16 17:06:00",
  "value" : "20"
},{
  "dateTime" : "04/30/16 17:25:00",
  "value" : "20"
},{
  "dateTime" : "04/30/16 17:27:00",
  "value" : "10"
},{
  "dateTime" : "04/30/16 17:28:00",
  "value" : "10"
},{
  "dateTime" : "04/30/16 17:30:00",
  "value" : "10"
},{
  "dateTime" : "04/30/16 19:02:00",
  "value" : "10"
},{
  "dateTime" : "04/30/16 19:03:00",
  "value" : "10"
},{
  "dateTime" : "04/30/16 19:04:00",
  "value" : "20"
},{
  "dateTime" : "04/30/16 19:05:00",
  "value" : "10"
},{
  "dateTime" : "04/30/16 19:06:00",
  "value" : "10"
},{
  "dateTime" : "04/30/16 19:07:00",
  "value" : "10"
},{
  "dateTime" : "04/30/16 19:12:00",
  "value" : "10"
},{
  "dateTime" : "04/30/16 19:13:00",
  "value" : "10"
},{
  "dateTime" : "04/30/16 19:25:00",
  "value" : "10"
},{
  "dateTime" : "04/30/16 19:27:00",
  "value" : "10"
},{
  "dateTime" : "04/30/16 22:08:00",
  "value" : "10"
},{
  "dateTime" : "04/30/16 22:17:00",
  "value" : "10"
},{
  "dateTime" : "04/30/16 22:18:00",
  "value" : "10"
},{
  "dateTime" : "04/30/16 22:20:00",
  "value" : "20"
},{
  "dateTime" : "04/30/16 23:04:00",
  "value" : "10"
},{
  "dateTime" : "05/02/16 07:49:00",
  "value" : "10"
},{
  "dateTime" : "05/02/16 08:41:00",
  "value" : "40"
},{
  "dateTime" : "05/02/16 08:42:00",
  "value" : "10"
},{
  "dateTime" : "05/02/16 08:55:00",
  "value" : "10"
},{
  "dateTime" : "05/02/16 08:56:00",
  "value" : "10"
},{
  "dateTime" : "05/02/16 12:18:00",
  "value" : "10"
},{
  "dateTime" : "05/02/16 12:20:00",
  "value" : "10"
},{
  "dateTime" : "05/02/16 12:22:00",
  "value" : "30"
},{
  "dateTime" : "05/02/16 12:44:00",
  "value" : "10"
},{
  "dateTime" : "05/02/16 12:58:00",
  "value" : "10"
},{
  "dateTime" : "05/02/16 13:26:00",
  "value" : "10"
},{
  "dateTime" : "05/02/16 13:28:00",
  "value" : "10"
},{
  "dateTime" : "05/02/16 13:45:00",
  "value" : "10"
},{
  "dateTime" : "05/02/16 13:52:00",
  "value" : "10"
},{
  "dateTime" : "05/02/16 14:16:00",
  "value" : "10"
},{
  "dateTime" : "05/02/16 14:18:00",
  "value" : "10"
}]