[{
  "dateTime" : "04/10/15 11:05:00",
  "value" : "10"
},{
  "dateTime" : "04/10/15 13:38:00",
  "value" : "10"
},{
  "dateTime" : "04/10/15 13:40:00",
  "value" : "0"
},{
  "dateTime" : "04/10/15 13:44:00",
  "value" : "10"
},{
  "dateTime" : "04/10/15 13:45:00",
  "value" : "10"
},{
  "dateTime" : "04/10/15 13:46:00",
  "value" : "30"
},{
  "dateTime" : "04/10/15 13:48:00",
  "value" : "10"
},{
  "dateTime" : "04/10/15 13:49:00",
  "value" : "10"
},{
  "dateTime" : "04/10/15 13:52:00",
  "value" : "70"
},{
  "dateTime" : "04/10/15 13:55:00",
  "value" : "10"
},{
  "dateTime" : "04/10/15 13:57:00",
  "value" : "10"
},{
  "dateTime" : "04/10/15 13:59:00",
  "value" : "10"
},{
  "dateTime" : "04/10/15 14:00:00",
  "value" : "10"
},{
  "dateTime" : "04/10/15 14:05:00",
  "value" : "30"
},{
  "dateTime" : "04/10/15 14:06:00",
  "value" : "10"
},{
  "dateTime" : "04/10/15 14:07:00",
  "value" : "10"
},{
  "dateTime" : "04/10/15 14:11:00",
  "value" : "10"
},{
  "dateTime" : "04/10/15 14:14:00",
  "value" : "10"
},{
  "dateTime" : "04/10/15 14:16:00",
  "value" : "10"
},{
  "dateTime" : "04/10/15 14:17:00",
  "value" : "10"
},{
  "dateTime" : "04/10/15 14:18:00",
  "value" : "20"
},{
  "dateTime" : "04/10/15 14:22:00",
  "value" : "10"
},{
  "dateTime" : "04/10/15 14:27:00",
  "value" : "10"
},{
  "dateTime" : "04/10/15 14:28:00",
  "value" : "30"
},{
  "dateTime" : "04/10/15 14:29:00",
  "value" : "10"
},{
  "dateTime" : "04/10/15 14:34:00",
  "value" : "20"
},{
  "dateTime" : "04/10/15 14:35:00",
  "value" : "10"
},{
  "dateTime" : "04/10/15 14:38:00",
  "value" : "10"
},{
  "dateTime" : "04/10/15 14:39:00",
  "value" : "20"
},{
  "dateTime" : "04/10/15 14:41:00",
  "value" : "10"
},{
  "dateTime" : "04/10/15 14:44:00",
  "value" : "20"
},{
  "dateTime" : "04/10/15 14:45:00",
  "value" : "10"
},{
  "dateTime" : "04/10/15 14:53:00",
  "value" : "0"
},{
  "dateTime" : "04/10/15 15:00:00",
  "value" : "10"
},{
  "dateTime" : "04/10/15 15:02:00",
  "value" : "10"
},{
  "dateTime" : "04/10/15 15:06:00",
  "value" : "20"
},{
  "dateTime" : "04/10/15 15:08:00",
  "value" : "10"
},{
  "dateTime" : "04/10/15 15:09:00",
  "value" : "10"
},{
  "dateTime" : "04/10/15 19:14:00",
  "value" : "10"
},{
  "dateTime" : "04/11/15 09:17:00",
  "value" : "10"
},{
  "dateTime" : "04/11/15 12:36:00",
  "value" : "10"
},{
  "dateTime" : "04/11/15 12:58:00",
  "value" : "10"
},{
  "dateTime" : "04/11/15 18:31:00",
  "value" : "10"
},{
  "dateTime" : "04/11/15 18:49:00",
  "value" : "10"
},{
  "dateTime" : "04/11/15 18:50:00",
  "value" : "10"
},{
  "dateTime" : "04/11/15 20:53:00",
  "value" : "20"
},{
  "dateTime" : "04/11/15 20:58:00",
  "value" : "0"
},{
  "dateTime" : "04/11/15 21:14:00",
  "value" : "10"
},{
  "dateTime" : "04/11/15 21:16:00",
  "value" : "10"
},{
  "dateTime" : "04/11/15 21:33:00",
  "value" : "20"
},{
  "dateTime" : "04/11/15 21:40:00",
  "value" : "10"
},{
  "dateTime" : "04/11/15 21:41:00",
  "value" : "10"
},{
  "dateTime" : "04/11/15 21:43:00",
  "value" : "10"
},{
  "dateTime" : "04/11/15 21:44:00",
  "value" : "10"
},{
  "dateTime" : "04/11/15 21:48:00",
  "value" : "20"
},{
  "dateTime" : "04/11/15 21:49:00",
  "value" : "20"
},{
  "dateTime" : "04/11/15 21:51:00",
  "value" : "20"
},{
  "dateTime" : "04/12/15 10:42:00",
  "value" : "10"
},{
  "dateTime" : "04/12/15 10:56:00",
  "value" : "10"
},{
  "dateTime" : "04/12/15 11:05:00",
  "value" : "10"
},{
  "dateTime" : "04/12/15 11:11:00",
  "value" : "10"
},{
  "dateTime" : "04/12/15 11:12:00",
  "value" : "10"
},{
  "dateTime" : "04/12/15 11:14:00",
  "value" : "10"
},{
  "dateTime" : "04/12/15 11:32:00",
  "value" : "10"
},{
  "dateTime" : "04/12/15 11:50:00",
  "value" : "0"
},{
  "dateTime" : "04/12/15 11:54:00",
  "value" : "10"
},{
  "dateTime" : "04/12/15 11:55:00",
  "value" : "10"
},{
  "dateTime" : "04/12/15 12:02:00",
  "value" : "10"
},{
  "dateTime" : "04/12/15 12:03:00",
  "value" : "20"
},{
  "dateTime" : "04/12/15 12:05:00",
  "value" : "10"
},{
  "dateTime" : "04/12/15 16:00:00",
  "value" : "10"
},{
  "dateTime" : "04/12/15 20:08:00",
  "value" : "10"
},{
  "dateTime" : "04/12/15 22:42:00",
  "value" : "10"
},{
  "dateTime" : "04/13/15 07:01:00",
  "value" : "10"
},{
  "dateTime" : "04/13/15 07:41:00",
  "value" : "10"
},{
  "dateTime" : "04/13/15 08:22:00",
  "value" : "20"
},{
  "dateTime" : "04/13/15 08:53:00",
  "value" : "10"
},{
  "dateTime" : "04/13/15 08:55:00",
  "value" : "10"
},{
  "dateTime" : "04/13/15 08:58:00",
  "value" : "10"
},{
  "dateTime" : "04/13/15 08:59:00",
  "value" : "10"
},{
  "dateTime" : "04/13/15 09:01:00",
  "value" : "10"
},{
  "dateTime" : "04/13/15 10:08:00",
  "value" : "10"
},{
  "dateTime" : "04/13/15 11:04:00",
  "value" : "10"
},{
  "dateTime" : "04/13/15 12:21:00",
  "value" : "20"
},{
  "dateTime" : "04/13/15 13:21:00",
  "value" : "10"
},{
  "dateTime" : "04/13/15 13:58:00",
  "value" : "20"
},{
  "dateTime" : "04/13/15 14:04:00",
  "value" : "10"
},{
  "dateTime" : "04/13/15 15:12:00",
  "value" : "10"
},{
  "dateTime" : "04/13/15 20:30:00",
  "value" : "10"
},{
  "dateTime" : "04/13/15 20:44:00",
  "value" : "10"
},{
  "dateTime" : "04/13/15 21:38:00",
  "value" : "10"
},{
  "dateTime" : "04/13/15 21:39:00",
  "value" : "10"
},{
  "dateTime" : "04/14/15 06:55:00",
  "value" : "10"
},{
  "dateTime" : "04/14/15 07:05:00",
  "value" : "10"
},{
  "dateTime" : "04/14/15 07:08:00",
  "value" : "10"
},{
  "dateTime" : "04/14/15 07:41:00",
  "value" : "10"
},{
  "dateTime" : "04/14/15 08:43:00",
  "value" : "10"
},{
  "dateTime" : "04/14/15 08:48:00",
  "value" : "10"
},{
  "dateTime" : "04/14/15 12:50:00",
  "value" : "20"
},{
  "dateTime" : "04/14/15 12:55:00",
  "value" : "10"
},{
  "dateTime" : "04/14/15 12:56:00",
  "value" : "10"
},{
  "dateTime" : "04/14/15 13:38:00",
  "value" : "10"
},{
  "dateTime" : "04/14/15 14:43:00",
  "value" : "20"
},{
  "dateTime" : "04/14/15 14:44:00",
  "value" : "10"
},{
  "dateTime" : "04/14/15 14:49:00",
  "value" : "10"
},{
  "dateTime" : "04/14/15 14:51:00",
  "value" : "10"
},{
  "dateTime" : "04/14/15 15:38:00",
  "value" : "20"
},{
  "dateTime" : "04/14/15 15:59:00",
  "value" : "20"
},{
  "dateTime" : "04/14/15 19:01:00",
  "value" : "10"
},{
  "dateTime" : "04/14/15 20:08:00",
  "value" : "10"
},{
  "dateTime" : "04/14/15 20:25:00",
  "value" : "10"
},{
  "dateTime" : "04/14/15 21:04:00",
  "value" : "10"
},{
  "dateTime" : "04/14/15 21:42:00",
  "value" : "10"
},{
  "dateTime" : "04/14/15 22:03:00",
  "value" : "10"
},{
  "dateTime" : "04/15/15 07:19:00",
  "value" : "10"
},{
  "dateTime" : "04/15/15 07:25:00",
  "value" : "10"
},{
  "dateTime" : "04/15/15 07:38:00",
  "value" : "10"
},{
  "dateTime" : "04/15/15 07:39:00",
  "value" : "10"
},{
  "dateTime" : "04/15/15 08:19:00",
  "value" : "20"
},{
  "dateTime" : "04/15/15 10:01:00",
  "value" : "10"
},{
  "dateTime" : "04/15/15 10:02:00",
  "value" : "20"
},{
  "dateTime" : "04/15/15 11:01:00",
  "value" : "10"
},{
  "dateTime" : "04/15/15 11:02:00",
  "value" : "30"
},{
  "dateTime" : "04/15/15 11:59:00",
  "value" : "10"
},{
  "dateTime" : "04/15/15 12:08:00",
  "value" : "10"
},{
  "dateTime" : "04/15/15 12:27:00",
  "value" : "20"
},{
  "dateTime" : "04/15/15 12:58:00",
  "value" : "10"
},{
  "dateTime" : "04/15/15 13:22:00",
  "value" : "0"
},{
  "dateTime" : "04/15/15 13:46:00",
  "value" : "10"
},{
  "dateTime" : "04/15/15 13:48:00",
  "value" : "10"
},{
  "dateTime" : "04/15/15 13:49:00",
  "value" : "10"
},{
  "dateTime" : "04/15/15 14:26:00",
  "value" : "10"
},{
  "dateTime" : "04/15/15 15:06:00",
  "value" : "10"
},{
  "dateTime" : "04/15/15 15:27:00",
  "value" : "10"
},{
  "dateTime" : "04/15/15 17:44:00",
  "value" : "10"
},{
  "dateTime" : "04/15/15 17:47:00",
  "value" : "10"
},{
  "dateTime" : "04/15/15 17:58:00",
  "value" : "0"
},{
  "dateTime" : "04/15/15 18:04:00",
  "value" : "0"
},{
  "dateTime" : "04/15/15 18:05:00",
  "value" : "0"
},{
  "dateTime" : "04/15/15 18:08:00",
  "value" : "20"
},{
  "dateTime" : "04/15/15 18:17:00",
  "value" : "0"
},{
  "dateTime" : "04/15/15 18:18:00",
  "value" : "0"
},{
  "dateTime" : "04/15/15 18:20:00",
  "value" : "30"
},{
  "dateTime" : "04/15/15 18:21:00",
  "value" : "30"
},{
  "dateTime" : "04/15/15 18:22:00",
  "value" : "20"
},{
  "dateTime" : "04/15/15 18:23:00",
  "value" : "10"
},{
  "dateTime" : "04/15/15 18:26:00",
  "value" : "10"
},{
  "dateTime" : "04/15/15 18:33:00",
  "value" : "10"
},{
  "dateTime" : "04/15/15 18:36:00",
  "value" : "0"
},{
  "dateTime" : "04/15/15 18:38:00",
  "value" : "0"
},{
  "dateTime" : "04/15/15 18:39:00",
  "value" : "10"
},{
  "dateTime" : "04/15/15 18:40:00",
  "value" : "10"
},{
  "dateTime" : "04/15/15 18:41:00",
  "value" : "10"
},{
  "dateTime" : "04/15/15 18:45:00",
  "value" : "10"
},{
  "dateTime" : "04/15/15 18:46:00",
  "value" : "10"
},{
  "dateTime" : "04/15/15 18:48:00",
  "value" : "10"
},{
  "dateTime" : "04/15/15 18:51:00",
  "value" : "10"
},{
  "dateTime" : "04/15/15 18:52:00",
  "value" : "10"
},{
  "dateTime" : "04/15/15 18:54:00",
  "value" : "10"
},{
  "dateTime" : "04/15/15 18:55:00",
  "value" : "0"
},{
  "dateTime" : "04/15/15 18:58:00",
  "value" : "30"
},{
  "dateTime" : "04/15/15 19:02:00",
  "value" : "10"
},{
  "dateTime" : "04/15/15 19:03:00",
  "value" : "10"
},{
  "dateTime" : "04/15/15 19:04:00",
  "value" : "10"
},{
  "dateTime" : "04/15/15 21:07:00",
  "value" : "10"
},{
  "dateTime" : "04/15/15 21:09:00",
  "value" : "10"
},{
  "dateTime" : "04/15/15 21:10:00",
  "value" : "10"
},{
  "dateTime" : "04/16/15 08:00:00",
  "value" : "10"
},{
  "dateTime" : "04/16/15 10:28:00",
  "value" : "0"
},{
  "dateTime" : "04/16/15 10:53:00",
  "value" : "30"
},{
  "dateTime" : "04/16/15 11:06:00",
  "value" : "10"
},{
  "dateTime" : "04/16/15 11:09:00",
  "value" : "10"
},{
  "dateTime" : "04/16/15 11:10:00",
  "value" : "10"
},{
  "dateTime" : "04/16/15 11:11:00",
  "value" : "0"
},{
  "dateTime" : "04/16/15 12:05:00",
  "value" : "10"
},{
  "dateTime" : "04/16/15 13:53:00",
  "value" : "10"
},{
  "dateTime" : "04/16/15 13:57:00",
  "value" : "0"
},{
  "dateTime" : "04/16/15 14:03:00",
  "value" : "20"
},{
  "dateTime" : "04/16/15 14:04:00",
  "value" : "10"
},{
  "dateTime" : "04/16/15 14:05:00",
  "value" : "10"
},{
  "dateTime" : "04/16/15 14:09:00",
  "value" : "50"
},{
  "dateTime" : "04/16/15 14:10:00",
  "value" : "10"
},{
  "dateTime" : "04/16/15 14:12:00",
  "value" : "10"
},{
  "dateTime" : "04/16/15 14:14:00",
  "value" : "10"
},{
  "dateTime" : "04/16/15 14:17:00",
  "value" : "20"
},{
  "dateTime" : "04/16/15 14:18:00",
  "value" : "10"
},{
  "dateTime" : "04/16/15 14:22:00",
  "value" : "30"
},{
  "dateTime" : "04/16/15 14:24:00",
  "value" : "20"
},{
  "dateTime" : "04/16/15 14:30:00",
  "value" : "10"
},{
  "dateTime" : "04/16/15 14:31:00",
  "value" : "10"
},{
  "dateTime" : "04/16/15 14:33:00",
  "value" : "10"
},{
  "dateTime" : "04/16/15 14:34:00",
  "value" : "10"
},{
  "dateTime" : "04/16/15 14:35:00",
  "value" : "20"
},{
  "dateTime" : "04/16/15 14:36:00",
  "value" : "10"
},{
  "dateTime" : "04/16/15 14:44:00",
  "value" : "10"
},{
  "dateTime" : "04/16/15 14:45:00",
  "value" : "10"
},{
  "dateTime" : "04/16/15 14:46:00",
  "value" : "10"
},{
  "dateTime" : "04/16/15 14:48:00",
  "value" : "10"
},{
  "dateTime" : "04/16/15 14:49:00",
  "value" : "10"
},{
  "dateTime" : "04/16/15 14:59:00",
  "value" : "10"
},{
  "dateTime" : "04/16/15 15:01:00",
  "value" : "30"
},{
  "dateTime" : "04/16/15 15:03:00",
  "value" : "0"
},{
  "dateTime" : "04/16/15 15:07:00",
  "value" : "20"
},{
  "dateTime" : "04/16/15 15:08:00",
  "value" : "10"
},{
  "dateTime" : "04/16/15 15:11:00",
  "value" : "10"
},{
  "dateTime" : "04/16/15 15:12:00",
  "value" : "20"
},{
  "dateTime" : "04/16/15 15:14:00",
  "value" : "10"
},{
  "dateTime" : "04/16/15 15:17:00",
  "value" : "20"
},{
  "dateTime" : "04/16/15 15:21:00",
  "value" : "10"
},{
  "dateTime" : "04/16/15 15:27:00",
  "value" : "0"
},{
  "dateTime" : "04/16/15 15:36:00",
  "value" : "10"
},{
  "dateTime" : "04/16/15 15:41:00",
  "value" : "10"
},{
  "dateTime" : "04/16/15 15:42:00",
  "value" : "10"
},{
  "dateTime" : "04/16/15 15:43:00",
  "value" : "10"
},{
  "dateTime" : "04/16/15 15:46:00",
  "value" : "10"
},{
  "dateTime" : "04/17/15 00:18:00",
  "value" : "10"
},{
  "dateTime" : "04/17/15 09:03:00",
  "value" : "10"
},{
  "dateTime" : "04/17/15 09:08:00",
  "value" : "10"
},{
  "dateTime" : "04/17/15 09:23:00",
  "value" : "10"
},{
  "dateTime" : "04/17/15 09:32:00",
  "value" : "10"
},{
  "dateTime" : "04/17/15 09:34:00",
  "value" : "10"
},{
  "dateTime" : "04/17/15 10:28:00",
  "value" : "10"
},{
  "dateTime" : "04/17/15 10:29:00",
  "value" : "10"
},{
  "dateTime" : "04/17/15 10:46:00",
  "value" : "10"
},{
  "dateTime" : "04/17/15 12:04:00",
  "value" : "10"
},{
  "dateTime" : "04/17/15 12:21:00",
  "value" : "10"
},{
  "dateTime" : "04/17/15 12:22:00",
  "value" : "10"
},{
  "dateTime" : "04/17/15 12:56:00",
  "value" : "10"
},{
  "dateTime" : "04/17/15 14:05:00",
  "value" : "10"
},{
  "dateTime" : "04/17/15 15:23:00",
  "value" : "20"
},{
  "dateTime" : "04/17/15 16:01:00",
  "value" : "20"
},{
  "dateTime" : "04/17/15 16:47:00",
  "value" : "10"
},{
  "dateTime" : "04/17/15 16:59:00",
  "value" : "10"
},{
  "dateTime" : "04/17/15 17:01:00",
  "value" : "20"
},{
  "dateTime" : "04/17/15 17:02:00",
  "value" : "10"
},{
  "dateTime" : "04/17/15 17:12:00",
  "value" : "10"
},{
  "dateTime" : "04/17/15 17:17:00",
  "value" : "10"
},{
  "dateTime" : "04/17/15 17:35:00",
  "value" : "10"
},{
  "dateTime" : "04/17/15 17:45:00",
  "value" : "10"
},{
  "dateTime" : "04/17/15 17:46:00",
  "value" : "10"
},{
  "dateTime" : "04/17/15 19:07:00",
  "value" : "10"
},{
  "dateTime" : "04/17/15 19:08:00",
  "value" : "10"
},{
  "dateTime" : "04/17/15 23:26:00",
  "value" : "10"
},{
  "dateTime" : "04/18/15 10:44:00",
  "value" : "10"
},{
  "dateTime" : "04/18/15 14:53:00",
  "value" : "10"
},{
  "dateTime" : "04/18/15 15:11:00",
  "value" : "10"
},{
  "dateTime" : "04/18/15 17:04:00",
  "value" : "10"
},{
  "dateTime" : "04/18/15 17:09:00",
  "value" : "10"
},{
  "dateTime" : "04/18/15 17:19:00",
  "value" : "10"
},{
  "dateTime" : "04/18/15 17:35:00",
  "value" : "10"
},{
  "dateTime" : "04/18/15 18:25:00",
  "value" : "10"
},{
  "dateTime" : "04/18/15 22:44:00",
  "value" : "10"
},{
  "dateTime" : "04/19/15 09:31:00",
  "value" : "10"
},{
  "dateTime" : "04/19/15 09:32:00",
  "value" : "10"
},{
  "dateTime" : "04/19/15 10:18:00",
  "value" : "20"
},{
  "dateTime" : "04/19/15 10:44:00",
  "value" : "10"
},{
  "dateTime" : "04/19/15 12:55:00",
  "value" : "10"
},{
  "dateTime" : "04/19/15 15:59:00",
  "value" : "10"
},{
  "dateTime" : "04/19/15 16:00:00",
  "value" : "10"
},{
  "dateTime" : "04/19/15 16:55:00",
  "value" : "10"
},{
  "dateTime" : "04/19/15 19:20:00",
  "value" : "10"
},{
  "dateTime" : "04/19/15 19:46:00",
  "value" : "0"
},{
  "dateTime" : "04/19/15 19:50:00",
  "value" : "10"
},{
  "dateTime" : "04/19/15 19:58:00",
  "value" : "10"
},{
  "dateTime" : "04/19/15 19:59:00",
  "value" : "10"
},{
  "dateTime" : "04/19/15 20:19:00",
  "value" : "0"
},{
  "dateTime" : "04/19/15 20:27:00",
  "value" : "20"
},{
  "dateTime" : "04/19/15 20:29:00",
  "value" : "10"
},{
  "dateTime" : "04/19/15 20:32:00",
  "value" : "20"
},{
  "dateTime" : "04/19/15 20:33:00",
  "value" : "10"
},{
  "dateTime" : "04/19/15 20:34:00",
  "value" : "20"
},{
  "dateTime" : "04/19/15 20:35:00",
  "value" : "20"
},{
  "dateTime" : "04/19/15 20:36:00",
  "value" : "10"
},{
  "dateTime" : "04/19/15 20:47:00",
  "value" : "10"
},{
  "dateTime" : "04/19/15 21:11:00",
  "value" : "10"
},{
  "dateTime" : "04/19/15 21:48:00",
  "value" : "10"
},{
  "dateTime" : "04/19/15 22:09:00",
  "value" : "10"
},{
  "dateTime" : "04/19/15 22:13:00",
  "value" : "10"
},{
  "dateTime" : "04/19/15 22:17:00",
  "value" : "10"
},{
  "dateTime" : "04/20/15 07:00:00",
  "value" : "10"
},{
  "dateTime" : "04/20/15 07:33:00",
  "value" : "10"
},{
  "dateTime" : "04/20/15 07:40:00",
  "value" : "10"
},{
  "dateTime" : "04/20/15 08:15:00",
  "value" : "10"
},{
  "dateTime" : "04/20/15 08:22:00",
  "value" : "50"
},{
  "dateTime" : "04/20/15 08:23:00",
  "value" : "30"
},{
  "dateTime" : "04/20/15 08:24:00",
  "value" : "10"
},{
  "dateTime" : "04/20/15 08:33:00",
  "value" : "20"
},{
  "dateTime" : "04/20/15 11:02:00",
  "value" : "20"
},{
  "dateTime" : "04/20/15 12:51:00",
  "value" : "10"
},{
  "dateTime" : "04/20/15 12:55:00",
  "value" : "30"
},{
  "dateTime" : "04/20/15 14:01:00",
  "value" : "10"
},{
  "dateTime" : "04/20/15 14:02:00",
  "value" : "10"
},{
  "dateTime" : "04/20/15 14:03:00",
  "value" : "10"
},{
  "dateTime" : "04/20/15 15:02:00",
  "value" : "20"
},{
  "dateTime" : "04/20/15 15:04:00",
  "value" : "10"
},{
  "dateTime" : "04/20/15 15:06:00",
  "value" : "20"
},{
  "dateTime" : "04/20/15 21:03:00",
  "value" : "10"
},{
  "dateTime" : "04/20/15 22:00:00",
  "value" : "10"
},{
  "dateTime" : "04/20/15 22:24:00",
  "value" : "10"
},{
  "dateTime" : "04/20/15 22:26:00",
  "value" : "10"
},{
  "dateTime" : "04/20/15 22:57:00",
  "value" : "10"
},{
  "dateTime" : "04/21/15 07:35:00",
  "value" : "10"
},{
  "dateTime" : "04/21/15 07:38:00",
  "value" : "10"
},{
  "dateTime" : "04/21/15 08:22:00",
  "value" : "10"
},{
  "dateTime" : "04/21/15 08:43:00",
  "value" : "20"
},{
  "dateTime" : "04/21/15 08:44:00",
  "value" : "10"
},{
  "dateTime" : "04/21/15 11:58:00",
  "value" : "10"
},{
  "dateTime" : "04/21/15 11:59:00",
  "value" : "30"
},{
  "dateTime" : "04/21/15 12:07:00",
  "value" : "0"
},{
  "dateTime" : "04/21/15 12:09:00",
  "value" : "10"
},{
  "dateTime" : "04/21/15 12:11:00",
  "value" : "10"
},{
  "dateTime" : "04/21/15 12:18:00",
  "value" : "10"
},{
  "dateTime" : "04/21/15 12:19:00",
  "value" : "10"
},{
  "dateTime" : "04/21/15 12:20:00",
  "value" : "10"
},{
  "dateTime" : "04/21/15 12:21:00",
  "value" : "0"
},{
  "dateTime" : "04/21/15 12:23:00",
  "value" : "10"
},{
  "dateTime" : "04/21/15 12:25:00",
  "value" : "20"
},{
  "dateTime" : "04/21/15 12:26:00",
  "value" : "60"
},{
  "dateTime" : "04/21/15 12:27:00",
  "value" : "20"
},{
  "dateTime" : "04/21/15 12:29:00",
  "value" : "20"
},{
  "dateTime" : "04/21/15 12:30:00",
  "value" : "10"
},{
  "dateTime" : "04/21/15 12:35:00",
  "value" : "0"
},{
  "dateTime" : "04/21/15 12:41:00",
  "value" : "0"
},{
  "dateTime" : "04/21/15 12:46:00",
  "value" : "30"
},{
  "dateTime" : "04/21/15 12:47:00",
  "value" : "50"
},{
  "dateTime" : "04/21/15 12:48:00",
  "value" : "10"
},{
  "dateTime" : "04/21/15 12:51:00",
  "value" : "20"
},{
  "dateTime" : "04/21/15 12:52:00",
  "value" : "10"
},{
  "dateTime" : "04/21/15 12:54:00",
  "value" : "0"
},{
  "dateTime" : "04/21/15 12:58:00",
  "value" : "0"
},{
  "dateTime" : "04/21/15 13:01:00",
  "value" : "0"
},{
  "dateTime" : "04/21/15 13:02:00",
  "value" : "0"
},{
  "dateTime" : "04/21/15 13:11:00",
  "value" : "10"
},{
  "dateTime" : "04/21/15 13:13:00",
  "value" : "30"
},{
  "dateTime" : "04/21/15 13:14:00",
  "value" : "10"
},{
  "dateTime" : "04/21/15 13:15:00",
  "value" : "20"
},{
  "dateTime" : "04/21/15 13:16:00",
  "value" : "10"
},{
  "dateTime" : "04/21/15 13:51:00",
  "value" : "10"
},{
  "dateTime" : "04/21/15 13:59:00",
  "value" : "10"
},{
  "dateTime" : "04/21/15 14:00:00",
  "value" : "10"
},{
  "dateTime" : "04/21/15 14:49:00",
  "value" : "20"
},{
  "dateTime" : "04/21/15 15:20:00",
  "value" : "10"
},{
  "dateTime" : "04/21/15 17:47:00",
  "value" : "10"
},{
  "dateTime" : "04/21/15 17:54:00",
  "value" : "10"
},{
  "dateTime" : "04/21/15 17:58:00",
  "value" : "10"
},{
  "dateTime" : "04/21/15 18:00:00",
  "value" : "10"
},{
  "dateTime" : "04/21/15 21:40:00",
  "value" : "10"
},{
  "dateTime" : "04/22/15 07:03:00",
  "value" : "10"
},{
  "dateTime" : "04/22/15 07:13:00",
  "value" : "10"
},{
  "dateTime" : "04/22/15 07:40:00",
  "value" : "10"
},{
  "dateTime" : "04/22/15 08:19:00",
  "value" : "20"
},{
  "dateTime" : "04/22/15 10:39:00",
  "value" : "10"
},{
  "dateTime" : "04/22/15 11:00:00",
  "value" : "10"
},{
  "dateTime" : "04/22/15 13:08:00",
  "value" : "20"
},{
  "dateTime" : "04/22/15 13:12:00",
  "value" : "20"
},{
  "dateTime" : "04/22/15 14:49:00",
  "value" : "20"
},{
  "dateTime" : "04/22/15 15:01:00",
  "value" : "10"
},{
  "dateTime" : "04/22/15 15:12:00",
  "value" : "20"
},{
  "dateTime" : "04/22/15 15:18:00",
  "value" : "10"
},{
  "dateTime" : "04/22/15 17:49:00",
  "value" : "20"
},{
  "dateTime" : "04/22/15 20:37:00",
  "value" : "10"
},{
  "dateTime" : "04/22/15 23:51:00",
  "value" : "10"
},{
  "dateTime" : "04/23/15 09:45:00",
  "value" : "10"
},{
  "dateTime" : "04/23/15 11:59:00",
  "value" : "10"
},{
  "dateTime" : "04/23/15 14:22:00",
  "value" : "20"
},{
  "dateTime" : "04/23/15 14:40:00",
  "value" : "10"
},{
  "dateTime" : "04/23/15 14:41:00",
  "value" : "10"
},{
  "dateTime" : "04/23/15 16:14:00",
  "value" : "10"
},{
  "dateTime" : "04/23/15 17:22:00",
  "value" : "10"
},{
  "dateTime" : "04/23/15 17:59:00",
  "value" : "10"
},{
  "dateTime" : "04/23/15 18:23:00",
  "value" : "10"
},{
  "dateTime" : "04/23/15 18:52:00",
  "value" : "10"
},{
  "dateTime" : "04/23/15 18:53:00",
  "value" : "20"
},{
  "dateTime" : "04/23/15 19:38:00",
  "value" : "10"
},{
  "dateTime" : "04/23/15 20:42:00",
  "value" : "10"
},{
  "dateTime" : "04/24/15 08:20:00",
  "value" : "10"
},{
  "dateTime" : "04/24/15 09:20:00",
  "value" : "10"
},{
  "dateTime" : "04/24/15 09:37:00",
  "value" : "10"
},{
  "dateTime" : "04/24/15 09:51:00",
  "value" : "10"
},{
  "dateTime" : "04/24/15 10:01:00",
  "value" : "40"
},{
  "dateTime" : "04/24/15 10:38:00",
  "value" : "10"
},{
  "dateTime" : "04/24/15 13:02:00",
  "value" : "10"
},{
  "dateTime" : "04/24/15 13:56:00",
  "value" : "10"
},{
  "dateTime" : "04/24/15 13:57:00",
  "value" : "10"
},{
  "dateTime" : "04/24/15 14:00:00",
  "value" : "10"
},{
  "dateTime" : "04/24/15 14:01:00",
  "value" : "10"
},{
  "dateTime" : "04/24/15 14:10:00",
  "value" : "10"
},{
  "dateTime" : "04/24/15 16:44:00",
  "value" : "10"
},{
  "dateTime" : "04/24/15 17:52:00",
  "value" : "10"
},{
  "dateTime" : "04/24/15 18:27:00",
  "value" : "30"
},{
  "dateTime" : "04/24/15 18:43:00",
  "value" : "10"
},{
  "dateTime" : "04/24/15 18:44:00",
  "value" : "10"
},{
  "dateTime" : "04/24/15 18:46:00",
  "value" : "10"
},{
  "dateTime" : "04/24/15 21:51:00",
  "value" : "10"
},{
  "dateTime" : "04/24/15 22:11:00",
  "value" : "10"
},{
  "dateTime" : "04/24/15 22:26:00",
  "value" : "10"
},{
  "dateTime" : "04/24/15 23:37:00",
  "value" : "10"
},{
  "dateTime" : "04/24/15 23:39:00",
  "value" : "10"
},{
  "dateTime" : "04/24/15 23:43:00",
  "value" : "10"
},{
  "dateTime" : "04/25/15 08:03:00",
  "value" : "10"
},{
  "dateTime" : "04/25/15 08:11:00",
  "value" : "10"
},{
  "dateTime" : "04/25/15 10:17:00",
  "value" : "10"
},{
  "dateTime" : "04/25/15 11:32:00",
  "value" : "10"
},{
  "dateTime" : "04/25/15 11:34:00",
  "value" : "10"
},{
  "dateTime" : "04/25/15 12:08:00",
  "value" : "10"
},{
  "dateTime" : "04/25/15 13:37:00",
  "value" : "10"
},{
  "dateTime" : "04/25/15 14:29:00",
  "value" : "10"
},{
  "dateTime" : "04/25/15 14:47:00",
  "value" : "10"
},{
  "dateTime" : "04/25/15 14:52:00",
  "value" : "20"
},{
  "dateTime" : "04/25/15 14:53:00",
  "value" : "20"
},{
  "dateTime" : "04/25/15 16:37:00",
  "value" : "10"
},{
  "dateTime" : "04/25/15 17:55:00",
  "value" : "10"
},{
  "dateTime" : "04/25/15 18:05:00",
  "value" : "10"
},{
  "dateTime" : "04/25/15 18:06:00",
  "value" : "20"
},{
  "dateTime" : "04/25/15 20:19:00",
  "value" : "10"
},{
  "dateTime" : "04/25/15 20:44:00",
  "value" : "10"
},{
  "dateTime" : "04/25/15 20:54:00",
  "value" : "0"
},{
  "dateTime" : "04/25/15 20:56:00",
  "value" : "10"
},{
  "dateTime" : "04/25/15 20:57:00",
  "value" : "10"
},{
  "dateTime" : "04/25/15 21:03:00",
  "value" : "10"
},{
  "dateTime" : "04/25/15 21:07:00",
  "value" : "10"
},{
  "dateTime" : "04/25/15 21:09:00",
  "value" : "10"
},{
  "dateTime" : "04/25/15 21:11:00",
  "value" : "20"
},{
  "dateTime" : "04/25/15 21:13:00",
  "value" : "10"
},{
  "dateTime" : "04/25/15 21:14:00",
  "value" : "10"
},{
  "dateTime" : "04/25/15 21:19:00",
  "value" : "20"
},{
  "dateTime" : "04/25/15 21:20:00",
  "value" : "10"
},{
  "dateTime" : "04/25/15 21:23:00",
  "value" : "10"
},{
  "dateTime" : "04/25/15 21:27:00",
  "value" : "10"
},{
  "dateTime" : "04/25/15 21:32:00",
  "value" : "20"
},{
  "dateTime" : "04/25/15 21:35:00",
  "value" : "10"
},{
  "dateTime" : "04/25/15 21:36:00",
  "value" : "30"
},{
  "dateTime" : "04/25/15 21:39:00",
  "value" : "10"
},{
  "dateTime" : "04/25/15 21:40:00",
  "value" : "10"
},{
  "dateTime" : "04/25/15 21:41:00",
  "value" : "50"
},{
  "dateTime" : "04/25/15 21:45:00",
  "value" : "10"
},{
  "dateTime" : "04/25/15 21:46:00",
  "value" : "20"
},{
  "dateTime" : "04/25/15 21:47:00",
  "value" : "10"
},{
  "dateTime" : "04/25/15 21:48:00",
  "value" : "20"
},{
  "dateTime" : "04/25/15 21:50:00",
  "value" : "10"
},{
  "dateTime" : "04/25/15 21:51:00",
  "value" : "10"
},{
  "dateTime" : "04/25/15 21:52:00",
  "value" : "10"
},{
  "dateTime" : "04/25/15 21:53:00",
  "value" : "10"
},{
  "dateTime" : "04/25/15 21:54:00",
  "value" : "10"
},{
  "dateTime" : "04/25/15 21:55:00",
  "value" : "10"
},{
  "dateTime" : "04/25/15 21:56:00",
  "value" : "10"
},{
  "dateTime" : "04/25/15 21:57:00",
  "value" : "20"
},{
  "dateTime" : "04/25/15 21:58:00",
  "value" : "20"
},{
  "dateTime" : "04/25/15 21:59:00",
  "value" : "10"
},{
  "dateTime" : "04/25/15 22:01:00",
  "value" : "40"
},{
  "dateTime" : "04/25/15 22:02:00",
  "value" : "20"
},{
  "dateTime" : "04/25/15 22:03:00",
  "value" : "10"
},{
  "dateTime" : "04/25/15 22:08:00",
  "value" : "20"
},{
  "dateTime" : "04/25/15 22:09:00",
  "value" : "20"
},{
  "dateTime" : "04/25/15 22:12:00",
  "value" : "10"
},{
  "dateTime" : "04/25/15 22:13:00",
  "value" : "10"
},{
  "dateTime" : "04/25/15 22:52:00",
  "value" : "10"
},{
  "dateTime" : "04/26/15 09:41:00",
  "value" : "10"
},{
  "dateTime" : "04/26/15 10:17:00",
  "value" : "10"
},{
  "dateTime" : "04/26/15 10:52:00",
  "value" : "10"
},{
  "dateTime" : "04/26/15 10:57:00",
  "value" : "10"
},{
  "dateTime" : "04/26/15 10:59:00",
  "value" : "10"
},{
  "dateTime" : "04/26/15 11:04:00",
  "value" : "10"
},{
  "dateTime" : "04/26/15 11:07:00",
  "value" : "10"
},{
  "dateTime" : "04/26/15 11:37:00",
  "value" : "10"
},{
  "dateTime" : "04/26/15 12:25:00",
  "value" : "10"
},{
  "dateTime" : "04/26/15 12:32:00",
  "value" : "20"
},{
  "dateTime" : "04/26/15 12:44:00",
  "value" : "10"
},{
  "dateTime" : "04/26/15 12:49:00",
  "value" : "10"
},{
  "dateTime" : "04/26/15 13:09:00",
  "value" : "10"
},{
  "dateTime" : "04/26/15 13:31:00",
  "value" : "20"
},{
  "dateTime" : "04/26/15 13:33:00",
  "value" : "10"
},{
  "dateTime" : "04/26/15 13:34:00",
  "value" : "10"
},{
  "dateTime" : "04/27/15 07:01:00",
  "value" : "10"
},{
  "dateTime" : "04/27/15 07:38:00",
  "value" : "10"
},{
  "dateTime" : "04/27/15 07:41:00",
  "value" : "10"
},{
  "dateTime" : "04/27/15 08:25:00",
  "value" : "20"
},{
  "dateTime" : "04/27/15 08:26:00",
  "value" : "10"
},{
  "dateTime" : "04/27/15 08:27:00",
  "value" : "10"
},{
  "dateTime" : "04/27/15 08:38:00",
  "value" : "10"
},{
  "dateTime" : "04/27/15 11:02:00",
  "value" : "10"
},{
  "dateTime" : "04/27/15 12:05:00",
  "value" : "10"
},{
  "dateTime" : "04/27/15 12:06:00",
  "value" : "10"
},{
  "dateTime" : "04/27/15 12:59:00",
  "value" : "20"
},{
  "dateTime" : "04/27/15 13:59:00",
  "value" : "20"
},{
  "dateTime" : "04/27/15 15:13:00",
  "value" : "10"
},{
  "dateTime" : "04/27/15 17:37:00",
  "value" : "10"
},{
  "dateTime" : "04/27/15 21:08:00",
  "value" : "10"
},{
  "dateTime" : "04/27/15 21:15:00",
  "value" : "20"
},{
  "dateTime" : "04/27/15 21:16:00",
  "value" : "20"
},{
  "dateTime" : "04/27/15 22:17:00",
  "value" : "10"
},{
  "dateTime" : "04/27/15 22:19:00",
  "value" : "10"
},{
  "dateTime" : "04/28/15 07:02:00",
  "value" : "10"
},{
  "dateTime" : "04/28/15 07:39:00",
  "value" : "10"
},{
  "dateTime" : "04/28/15 08:41:00",
  "value" : "10"
},{
  "dateTime" : "04/28/15 08:42:00",
  "value" : "10"
},{
  "dateTime" : "04/28/15 08:51:00",
  "value" : "10"
},{
  "dateTime" : "04/28/15 11:39:00",
  "value" : "10"
},{
  "dateTime" : "04/28/15 14:09:00",
  "value" : "20"
},{
  "dateTime" : "04/28/15 14:45:00",
  "value" : "10"
},{
  "dateTime" : "04/28/15 15:19:00",
  "value" : "10"
},{
  "dateTime" : "04/28/15 15:20:00",
  "value" : "10"
},{
  "dateTime" : "04/28/15 15:21:00",
  "value" : "10"
},{
  "dateTime" : "04/28/15 17:11:00",
  "value" : "10"
},{
  "dateTime" : "04/28/15 17:27:00",
  "value" : "10"
},{
  "dateTime" : "04/28/15 20:48:00",
  "value" : "10"
},{
  "dateTime" : "04/28/15 21:09:00",
  "value" : "10"
},{
  "dateTime" : "04/29/15 07:04:00",
  "value" : "10"
},{
  "dateTime" : "04/29/15 07:40:00",
  "value" : "10"
},{
  "dateTime" : "04/29/15 07:42:00",
  "value" : "10"
},{
  "dateTime" : "04/29/15 08:23:00",
  "value" : "10"
},{
  "dateTime" : "04/29/15 08:24:00",
  "value" : "10"
},{
  "dateTime" : "04/29/15 09:59:00",
  "value" : "20"
},{
  "dateTime" : "04/29/15 12:22:00",
  "value" : "30"
},{
  "dateTime" : "04/29/15 13:26:00",
  "value" : "10"
},{
  "dateTime" : "04/29/15 13:27:00",
  "value" : "10"
},{
  "dateTime" : "04/29/15 13:28:00",
  "value" : "10"
},{
  "dateTime" : "04/29/15 13:30:00",
  "value" : "0"
},{
  "dateTime" : "04/29/15 13:33:00",
  "value" : "10"
},{
  "dateTime" : "04/29/15 14:09:00",
  "value" : "10"
},{
  "dateTime" : "04/29/15 14:10:00",
  "value" : "20"
},{
  "dateTime" : "04/29/15 14:11:00",
  "value" : "10"
},{
  "dateTime" : "04/29/15 14:17:00",
  "value" : "10"
},{
  "dateTime" : "04/29/15 14:19:00",
  "value" : "10"
},{
  "dateTime" : "04/29/15 14:20:00",
  "value" : "10"
},{
  "dateTime" : "04/29/15 14:22:00",
  "value" : "10"
},{
  "dateTime" : "04/29/15 14:44:00",
  "value" : "10"
},{
  "dateTime" : "04/29/15 18:49:00",
  "value" : "10"
},{
  "dateTime" : "04/29/15 20:40:00",
  "value" : "10"
},{
  "dateTime" : "04/29/15 21:18:00",
  "value" : "10"
},{
  "dateTime" : "04/29/15 22:23:00",
  "value" : "10"
},{
  "dateTime" : "04/30/15 09:22:00",
  "value" : "10"
},{
  "dateTime" : "04/30/15 10:33:00",
  "value" : "0"
},{
  "dateTime" : "04/30/15 10:38:00",
  "value" : "20"
},{
  "dateTime" : "04/30/15 10:39:00",
  "value" : "10"
},{
  "dateTime" : "04/30/15 10:40:00",
  "value" : "0"
},{
  "dateTime" : "04/30/15 10:50:00",
  "value" : "10"
},{
  "dateTime" : "04/30/15 10:51:00",
  "value" : "0"
},{
  "dateTime" : "04/30/15 10:52:00",
  "value" : "10"
},{
  "dateTime" : "04/30/15 10:53:00",
  "value" : "20"
},{
  "dateTime" : "04/30/15 11:07:00",
  "value" : "0"
},{
  "dateTime" : "04/30/15 11:08:00",
  "value" : "10"
},{
  "dateTime" : "04/30/15 11:10:00",
  "value" : "0"
},{
  "dateTime" : "04/30/15 11:12:00",
  "value" : "10"
},{
  "dateTime" : "04/30/15 11:16:00",
  "value" : "10"
},{
  "dateTime" : "04/30/15 11:22:00",
  "value" : "10"
},{
  "dateTime" : "04/30/15 11:23:00",
  "value" : "10"
},{
  "dateTime" : "04/30/15 11:24:00",
  "value" : "10"
},{
  "dateTime" : "04/30/15 11:25:00",
  "value" : "10"
},{
  "dateTime" : "04/30/15 11:28:00",
  "value" : "0"
},{
  "dateTime" : "04/30/15 11:29:00",
  "value" : "20"
},{
  "dateTime" : "04/30/15 11:34:00",
  "value" : "10"
},{
  "dateTime" : "04/30/15 11:35:00",
  "value" : "20"
},{
  "dateTime" : "04/30/15 11:57:00",
  "value" : "10"
},{
  "dateTime" : "04/30/15 11:59:00",
  "value" : "10"
},{
  "dateTime" : "04/30/15 12:48:00",
  "value" : "10"
},{
  "dateTime" : "04/30/15 12:51:00",
  "value" : "20"
},{
  "dateTime" : "04/30/15 12:52:00",
  "value" : "10"
},{
  "dateTime" : "04/30/15 13:13:00",
  "value" : "10"
},{
  "dateTime" : "04/30/15 15:02:00",
  "value" : "20"
},{
  "dateTime" : "04/30/15 15:06:00",
  "value" : "10"
},{
  "dateTime" : "04/30/15 15:20:00",
  "value" : "10"
},{
  "dateTime" : "04/30/15 15:21:00",
  "value" : "10"
},{
  "dateTime" : "04/30/15 15:27:00",
  "value" : "10"
},{
  "dateTime" : "04/30/15 16:33:00",
  "value" : "10"
},{
  "dateTime" : "04/30/15 17:53:00",
  "value" : "10"
},{
  "dateTime" : "04/30/15 17:58:00",
  "value" : "10"
},{
  "dateTime" : "04/30/15 17:59:00",
  "value" : "10"
},{
  "dateTime" : "04/30/15 18:20:00",
  "value" : "0"
},{
  "dateTime" : "04/30/15 18:44:00",
  "value" : "20"
},{
  "dateTime" : "04/30/15 18:47:00",
  "value" : "10"
},{
  "dateTime" : "04/30/15 18:54:00",
  "value" : "10"
},{
  "dateTime" : "04/30/15 18:55:00",
  "value" : "10"
},{
  "dateTime" : "04/30/15 18:56:00",
  "value" : "10"
},{
  "dateTime" : "04/30/15 19:00:00",
  "value" : "10"
},{
  "dateTime" : "04/30/15 19:44:00",
  "value" : "10"
},{
  "dateTime" : "04/30/15 19:54:00",
  "value" : "10"
},{
  "dateTime" : "04/30/15 21:51:00",
  "value" : "20"
},{
  "dateTime" : "04/30/15 21:52:00",
  "value" : "10"
},{
  "dateTime" : "05/01/15 08:25:00",
  "value" : "10"
},{
  "dateTime" : "05/01/15 09:46:00",
  "value" : "10"
},{
  "dateTime" : "05/01/15 09:47:00",
  "value" : "10"
},{
  "dateTime" : "05/01/15 10:03:00",
  "value" : "10"
},{
  "dateTime" : "05/01/15 10:11:00",
  "value" : "10"
},{
  "dateTime" : "05/01/15 10:41:00",
  "value" : "10"
},{
  "dateTime" : "05/01/15 11:12:00",
  "value" : "20"
},{
  "dateTime" : "05/01/15 11:13:00",
  "value" : "20"
},{
  "dateTime" : "05/01/15 11:14:00",
  "value" : "10"
},{
  "dateTime" : "05/01/15 11:23:00",
  "value" : "10"
},{
  "dateTime" : "05/01/15 11:26:00",
  "value" : "10"
},{
  "dateTime" : "05/01/15 11:27:00",
  "value" : "10"
},{
  "dateTime" : "05/01/15 12:29:00",
  "value" : "20"
},{
  "dateTime" : "05/01/15 15:40:00",
  "value" : "10"
},{
  "dateTime" : "05/01/15 15:59:00",
  "value" : "10"
},{
  "dateTime" : "05/01/15 16:10:00",
  "value" : "20"
},{
  "dateTime" : "05/01/15 16:12:00",
  "value" : "10"
},{
  "dateTime" : "05/01/15 17:10:00",
  "value" : "10"
},{
  "dateTime" : "05/01/15 17:23:00",
  "value" : "10"
},{
  "dateTime" : "05/01/15 17:37:00",
  "value" : "0"
},{
  "dateTime" : "05/01/15 17:52:00",
  "value" : "10"
},{
  "dateTime" : "05/01/15 18:09:00",
  "value" : "20"
},{
  "dateTime" : "05/01/15 18:16:00",
  "value" : "10"
},{
  "dateTime" : "05/01/15 18:18:00",
  "value" : "10"
},{
  "dateTime" : "05/01/15 18:27:00",
  "value" : "10"
},{
  "dateTime" : "05/01/15 18:50:00",
  "value" : "0"
},{
  "dateTime" : "05/01/15 21:14:00",
  "value" : "10"
},{
  "dateTime" : "05/01/15 21:29:00",
  "value" : "10"
},{
  "dateTime" : "05/02/15 07:59:00",
  "value" : "10"
},{
  "dateTime" : "05/02/15 08:10:00",
  "value" : "10"
},{
  "dateTime" : "05/02/15 09:27:00",
  "value" : "10"
},{
  "dateTime" : "05/02/15 11:17:00",
  "value" : "10"
},{
  "dateTime" : "05/02/15 11:18:00",
  "value" : "20"
},{
  "dateTime" : "05/02/15 11:53:00",
  "value" : "10"
},{
  "dateTime" : "05/02/15 16:42:00",
  "value" : "10"
},{
  "dateTime" : "05/02/15 20:56:00",
  "value" : "10"
},{
  "dateTime" : "05/02/15 21:12:00",
  "value" : "0"
},{
  "dateTime" : "05/02/15 21:30:00",
  "value" : "30"
},{
  "dateTime" : "05/02/15 21:33:00",
  "value" : "10"
},{
  "dateTime" : "05/02/15 21:43:00",
  "value" : "10"
},{
  "dateTime" : "05/02/15 21:44:00",
  "value" : "10"
},{
  "dateTime" : "05/02/15 21:45:00",
  "value" : "0"
},{
  "dateTime" : "05/03/15 08:29:00",
  "value" : "10"
},{
  "dateTime" : "05/03/15 08:58:00",
  "value" : "10"
},{
  "dateTime" : "05/03/15 09:32:00",
  "value" : "10"
},{
  "dateTime" : "05/03/15 09:33:00",
  "value" : "10"
},{
  "dateTime" : "05/03/15 09:38:00",
  "value" : "10"
},{
  "dateTime" : "05/03/15 09:39:00",
  "value" : "10"
},{
  "dateTime" : "05/03/15 09:40:00",
  "value" : "10"
},{
  "dateTime" : "05/03/15 10:04:00",
  "value" : "10"
},{
  "dateTime" : "05/03/15 12:32:00",
  "value" : "0"
},{
  "dateTime" : "05/03/15 12:36:00",
  "value" : "10"
},{
  "dateTime" : "05/03/15 12:38:00",
  "value" : "10"
},{
  "dateTime" : "05/03/15 12:39:00",
  "value" : "10"
},{
  "dateTime" : "05/03/15 12:40:00",
  "value" : "10"
},{
  "dateTime" : "05/03/15 12:41:00",
  "value" : "20"
},{
  "dateTime" : "05/03/15 12:43:00",
  "value" : "10"
},{
  "dateTime" : "05/03/15 12:44:00",
  "value" : "20"
},{
  "dateTime" : "05/03/15 12:45:00",
  "value" : "10"
},{
  "dateTime" : "05/03/15 14:04:00",
  "value" : "0"
},{
  "dateTime" : "05/03/15 14:08:00",
  "value" : "10"
},{
  "dateTime" : "05/03/15 14:10:00",
  "value" : "20"
},{
  "dateTime" : "05/03/15 14:11:00",
  "value" : "10"
},{
  "dateTime" : "05/03/15 14:12:00",
  "value" : "10"
},{
  "dateTime" : "05/03/15 14:14:00",
  "value" : "10"
},{
  "dateTime" : "05/03/15 14:18:00",
  "value" : "0"
},{
  "dateTime" : "05/03/15 14:21:00",
  "value" : "10"
},{
  "dateTime" : "05/03/15 14:22:00",
  "value" : "10"
},{
  "dateTime" : "05/03/15 14:23:00",
  "value" : "10"
},{
  "dateTime" : "05/03/15 14:42:00",
  "value" : "10"
},{
  "dateTime" : "05/03/15 14:55:00",
  "value" : "10"
},{
  "dateTime" : "05/03/15 20:41:00",
  "value" : "0"
},{
  "dateTime" : "05/03/15 21:00:00",
  "value" : "0"
},{
  "dateTime" : "05/03/15 23:35:00",
  "value" : "0"
},{
  "dateTime" : "05/06/15 16:45:00",
  "value" : "0"
},{
  "dateTime" : "05/06/15 16:52:00",
  "value" : "0"
},{
  "dateTime" : "05/07/15 11:41:00",
  "value" : "0"
}]