[{
  "dateTime" : "10/07/15 08:55:00",
  "value" : "10"
},{
  "dateTime" : "10/07/15 09:33:00",
  "value" : "10"
},{
  "dateTime" : "10/07/15 09:35:00",
  "value" : "20"
},{
  "dateTime" : "10/07/15 09:43:00",
  "value" : "10"
},{
  "dateTime" : "10/07/15 09:45:00",
  "value" : "10"
},{
  "dateTime" : "10/07/15 09:58:00",
  "value" : "10"
},{
  "dateTime" : "10/07/15 09:59:00",
  "value" : "20"
},{
  "dateTime" : "10/07/15 11:06:00",
  "value" : "10"
},{
  "dateTime" : "10/07/15 11:15:00",
  "value" : "10"
},{
  "dateTime" : "10/07/15 11:16:00",
  "value" : "10"
},{
  "dateTime" : "10/07/15 11:46:00",
  "value" : "10"
},{
  "dateTime" : "10/07/15 11:57:00",
  "value" : "10"
},{
  "dateTime" : "10/07/15 11:58:00",
  "value" : "10"
},{
  "dateTime" : "10/07/15 12:00:00",
  "value" : "10"
},{
  "dateTime" : "10/07/15 13:03:00",
  "value" : "10"
},{
  "dateTime" : "10/07/15 14:06:00",
  "value" : "30"
},{
  "dateTime" : "10/07/15 15:13:00",
  "value" : "10"
},{
  "dateTime" : "10/07/15 15:38:00",
  "value" : "10"
},{
  "dateTime" : "10/07/15 17:09:00",
  "value" : "10"
},{
  "dateTime" : "10/07/15 17:10:00",
  "value" : "10"
},{
  "dateTime" : "10/07/15 17:14:00",
  "value" : "10"
},{
  "dateTime" : "10/07/15 17:39:00",
  "value" : "10"
},{
  "dateTime" : "10/07/15 17:40:00",
  "value" : "10"
},{
  "dateTime" : "10/07/15 17:46:00",
  "value" : "10"
},{
  "dateTime" : "10/07/15 18:18:00",
  "value" : "10"
},{
  "dateTime" : "10/07/15 18:20:00",
  "value" : "10"
},{
  "dateTime" : "10/07/15 18:53:00",
  "value" : "10"
},{
  "dateTime" : "10/07/15 21:22:00",
  "value" : "10"
},{
  "dateTime" : "10/08/15 01:04:00",
  "value" : "10"
},{
  "dateTime" : "10/08/15 12:09:00",
  "value" : "10"
},{
  "dateTime" : "10/08/15 14:10:00",
  "value" : "10"
},{
  "dateTime" : "10/08/15 15:25:00",
  "value" : "10"
},{
  "dateTime" : "10/08/15 17:04:00",
  "value" : "10"
},{
  "dateTime" : "10/08/15 17:47:00",
  "value" : "10"
},{
  "dateTime" : "10/08/15 17:49:00",
  "value" : "10"
},{
  "dateTime" : "10/08/15 17:50:00",
  "value" : "10"
},{
  "dateTime" : "10/08/15 17:51:00",
  "value" : "10"
},{
  "dateTime" : "10/08/15 18:43:00",
  "value" : "30"
},{
  "dateTime" : "10/08/15 18:44:00",
  "value" : "10"
},{
  "dateTime" : "10/08/15 18:46:00",
  "value" : "10"
},{
  "dateTime" : "10/08/15 18:57:00",
  "value" : "10"
},{
  "dateTime" : "10/08/15 19:00:00",
  "value" : "10"
},{
  "dateTime" : "10/08/15 19:42:00",
  "value" : "10"
},{
  "dateTime" : "10/08/15 19:43:00",
  "value" : "10"
},{
  "dateTime" : "10/08/15 19:59:00",
  "value" : "10"
},{
  "dateTime" : "10/08/15 20:00:00",
  "value" : "10"
},{
  "dateTime" : "10/08/15 20:03:00",
  "value" : "10"
},{
  "dateTime" : "10/08/15 21:58:00",
  "value" : "10"
},{
  "dateTime" : "10/08/15 23:32:00",
  "value" : "10"
},{
  "dateTime" : "10/08/15 23:41:00",
  "value" : "10"
},{
  "dateTime" : "10/08/15 23:46:00",
  "value" : "10"
},{
  "dateTime" : "10/09/15 00:30:00",
  "value" : "10"
},{
  "dateTime" : "10/09/15 00:57:00",
  "value" : "10"
},{
  "dateTime" : "10/09/15 07:52:00",
  "value" : "10"
},{
  "dateTime" : "10/09/15 08:24:00",
  "value" : "10"
},{
  "dateTime" : "10/09/15 09:38:00",
  "value" : "10"
},{
  "dateTime" : "10/09/15 09:39:00",
  "value" : "10"
},{
  "dateTime" : "10/09/15 09:47:00",
  "value" : "10"
},{
  "dateTime" : "10/09/15 13:10:00",
  "value" : "10"
},{
  "dateTime" : "10/09/15 13:16:00",
  "value" : "10"
},{
  "dateTime" : "10/09/15 13:19:00",
  "value" : "10"
},{
  "dateTime" : "10/09/15 13:57:00",
  "value" : "20"
},{
  "dateTime" : "10/09/15 14:16:00",
  "value" : "10"
},{
  "dateTime" : "10/09/15 14:19:00",
  "value" : "20"
},{
  "dateTime" : "10/09/15 14:20:00",
  "value" : "10"
},{
  "dateTime" : "10/09/15 15:17:00",
  "value" : "10"
},{
  "dateTime" : "10/09/15 15:47:00",
  "value" : "10"
},{
  "dateTime" : "10/09/15 15:48:00",
  "value" : "20"
},{
  "dateTime" : "10/09/15 15:49:00",
  "value" : "10"
},{
  "dateTime" : "10/09/15 15:56:00",
  "value" : "10"
},{
  "dateTime" : "10/09/15 17:26:00",
  "value" : "10"
},{
  "dateTime" : "10/09/15 17:29:00",
  "value" : "10"
},{
  "dateTime" : "10/09/15 19:42:00",
  "value" : "10"
},{
  "dateTime" : "10/09/15 19:48:00",
  "value" : "10"
},{
  "dateTime" : "10/09/15 19:49:00",
  "value" : "10"
},{
  "dateTime" : "10/09/15 21:08:00",
  "value" : "20"
},{
  "dateTime" : "10/09/15 21:58:00",
  "value" : "10"
},{
  "dateTime" : "10/09/15 22:05:00",
  "value" : "10"
},{
  "dateTime" : "10/10/15 07:15:00",
  "value" : "10"
},{
  "dateTime" : "10/10/15 07:38:00",
  "value" : "10"
},{
  "dateTime" : "10/10/15 08:26:00",
  "value" : "10"
},{
  "dateTime" : "10/10/15 10:26:00",
  "value" : "10"
},{
  "dateTime" : "10/10/15 12:15:00",
  "value" : "10"
},{
  "dateTime" : "10/10/15 15:51:00",
  "value" : "10"
},{
  "dateTime" : "10/10/15 17:12:00",
  "value" : "10"
},{
  "dateTime" : "10/10/15 17:25:00",
  "value" : "20"
},{
  "dateTime" : "10/10/15 17:29:00",
  "value" : "10"
},{
  "dateTime" : "10/10/15 17:37:00",
  "value" : "10"
},{
  "dateTime" : "10/10/15 17:38:00",
  "value" : "10"
},{
  "dateTime" : "10/10/15 17:49:00",
  "value" : "20"
},{
  "dateTime" : "10/10/15 20:01:00",
  "value" : "10"
},{
  "dateTime" : "10/10/15 20:04:00",
  "value" : "10"
},{
  "dateTime" : "10/10/15 20:11:00",
  "value" : "10"
},{
  "dateTime" : "10/10/15 20:28:00",
  "value" : "10"
},{
  "dateTime" : "10/10/15 20:36:00",
  "value" : "10"
},{
  "dateTime" : "10/10/15 20:39:00",
  "value" : "10"
},{
  "dateTime" : "10/10/15 20:40:00",
  "value" : "10"
},{
  "dateTime" : "10/10/15 20:42:00",
  "value" : "10"
},{
  "dateTime" : "10/10/15 20:43:00",
  "value" : "20"
},{
  "dateTime" : "10/10/15 20:44:00",
  "value" : "10"
},{
  "dateTime" : "10/10/15 20:46:00",
  "value" : "10"
},{
  "dateTime" : "10/10/15 21:11:00",
  "value" : "10"
},{
  "dateTime" : "10/10/15 21:13:00",
  "value" : "10"
},{
  "dateTime" : "10/10/15 21:14:00",
  "value" : "10"
},{
  "dateTime" : "10/10/15 21:19:00",
  "value" : "10"
},{
  "dateTime" : "10/10/15 21:49:00",
  "value" : "10"
},{
  "dateTime" : "10/10/15 21:53:00",
  "value" : "10"
},{
  "dateTime" : "10/10/15 21:54:00",
  "value" : "10"
},{
  "dateTime" : "10/11/15 00:56:00",
  "value" : "10"
},{
  "dateTime" : "10/11/15 08:43:00",
  "value" : "10"
},{
  "dateTime" : "10/11/15 08:49:00",
  "value" : "10"
},{
  "dateTime" : "10/11/15 09:36:00",
  "value" : "10"
},{
  "dateTime" : "10/11/15 12:03:00",
  "value" : "10"
},{
  "dateTime" : "10/11/15 17:08:00",
  "value" : "10"
},{
  "dateTime" : "10/11/15 17:25:00",
  "value" : "20"
},{
  "dateTime" : "10/11/15 17:26:00",
  "value" : "20"
},{
  "dateTime" : "10/11/15 20:58:00",
  "value" : "10"
},{
  "dateTime" : "10/11/15 21:18:00",
  "value" : "10"
},{
  "dateTime" : "10/11/15 21:20:00",
  "value" : "10"
},{
  "dateTime" : "10/12/15 08:16:00",
  "value" : "10"
},{
  "dateTime" : "10/12/15 09:45:00",
  "value" : "10"
},{
  "dateTime" : "10/12/15 09:46:00",
  "value" : "10"
},{
  "dateTime" : "10/12/15 10:25:00",
  "value" : "10"
},{
  "dateTime" : "10/12/15 10:31:00",
  "value" : "10"
},{
  "dateTime" : "10/12/15 10:32:00",
  "value" : "40"
},{
  "dateTime" : "10/12/15 10:33:00",
  "value" : "40"
},{
  "dateTime" : "10/12/15 10:40:00",
  "value" : "10"
},{
  "dateTime" : "10/12/15 10:41:00",
  "value" : "10"
},{
  "dateTime" : "10/12/15 10:54:00",
  "value" : "10"
},{
  "dateTime" : "10/12/15 13:19:00",
  "value" : "10"
},{
  "dateTime" : "10/12/15 14:30:00",
  "value" : "10"
},{
  "dateTime" : "10/12/15 14:33:00",
  "value" : "10"
},{
  "dateTime" : "10/12/15 14:57:00",
  "value" : "10"
},{
  "dateTime" : "10/12/15 15:18:00",
  "value" : "10"
},{
  "dateTime" : "10/12/15 16:34:00",
  "value" : "10"
},{
  "dateTime" : "10/12/15 17:05:00",
  "value" : "10"
},{
  "dateTime" : "10/12/15 17:07:00",
  "value" : "10"
},{
  "dateTime" : "10/12/15 17:16:00",
  "value" : "10"
},{
  "dateTime" : "10/12/15 17:17:00",
  "value" : "10"
},{
  "dateTime" : "10/12/15 17:18:00",
  "value" : "10"
},{
  "dateTime" : "10/12/15 20:15:00",
  "value" : "10"
},{
  "dateTime" : "10/12/15 20:17:00",
  "value" : "10"
},{
  "dateTime" : "10/13/15 11:36:00",
  "value" : "10"
},{
  "dateTime" : "10/13/15 14:59:00",
  "value" : "10"
},{
  "dateTime" : "10/13/15 15:02:00",
  "value" : "10"
},{
  "dateTime" : "10/13/15 15:06:00",
  "value" : "10"
},{
  "dateTime" : "10/13/15 15:07:00",
  "value" : "10"
},{
  "dateTime" : "10/13/15 15:08:00",
  "value" : "20"
},{
  "dateTime" : "10/13/15 15:50:00",
  "value" : "20"
},{
  "dateTime" : "10/13/15 16:02:00",
  "value" : "10"
},{
  "dateTime" : "10/13/15 16:04:00",
  "value" : "10"
},{
  "dateTime" : "10/13/15 16:05:00",
  "value" : "10"
},{
  "dateTime" : "10/13/15 16:11:00",
  "value" : "20"
},{
  "dateTime" : "10/13/15 20:20:00",
  "value" : "20"
},{
  "dateTime" : "10/13/15 20:39:00",
  "value" : "10"
},{
  "dateTime" : "10/13/15 20:45:00",
  "value" : "10"
},{
  "dateTime" : "10/13/15 21:18:00",
  "value" : "10"
},{
  "dateTime" : "10/13/15 21:23:00",
  "value" : "10"
},{
  "dateTime" : "10/13/15 21:24:00",
  "value" : "10"
},{
  "dateTime" : "10/13/15 21:41:00",
  "value" : "10"
},{
  "dateTime" : "10/14/15 09:02:00",
  "value" : "10"
},{
  "dateTime" : "10/14/15 09:13:00",
  "value" : "0"
},{
  "dateTime" : "10/14/15 09:19:00",
  "value" : "10"
},{
  "dateTime" : "10/14/15 09:20:00",
  "value" : "20"
},{
  "dateTime" : "10/14/15 09:22:00",
  "value" : "10"
},{
  "dateTime" : "10/14/15 09:23:00",
  "value" : "10"
},{
  "dateTime" : "10/14/15 09:24:00",
  "value" : "20"
},{
  "dateTime" : "10/14/15 09:25:00",
  "value" : "10"
},{
  "dateTime" : "10/14/15 09:26:00",
  "value" : "10"
},{
  "dateTime" : "10/14/15 09:27:00",
  "value" : "10"
},{
  "dateTime" : "10/14/15 09:30:00",
  "value" : "10"
},{
  "dateTime" : "10/14/15 09:32:00",
  "value" : "0"
},{
  "dateTime" : "10/14/15 09:34:00",
  "value" : "0"
},{
  "dateTime" : "10/14/15 09:36:00",
  "value" : "10"
},{
  "dateTime" : "10/14/15 09:37:00",
  "value" : "20"
},{
  "dateTime" : "10/14/15 09:39:00",
  "value" : "10"
},{
  "dateTime" : "10/14/15 09:40:00",
  "value" : "10"
},{
  "dateTime" : "10/14/15 09:42:00",
  "value" : "20"
},{
  "dateTime" : "10/14/15 09:43:00",
  "value" : "0"
},{
  "dateTime" : "10/14/15 09:46:00",
  "value" : "0"
},{
  "dateTime" : "10/14/15 09:47:00",
  "value" : "0"
},{
  "dateTime" : "10/14/15 09:54:00",
  "value" : "0"
},{
  "dateTime" : "10/14/15 10:04:00",
  "value" : "10"
},{
  "dateTime" : "10/14/15 10:06:00",
  "value" : "10"
},{
  "dateTime" : "10/14/15 10:08:00",
  "value" : "20"
},{
  "dateTime" : "10/14/15 10:09:00",
  "value" : "10"
},{
  "dateTime" : "10/14/15 10:10:00",
  "value" : "10"
},{
  "dateTime" : "10/14/15 10:56:00",
  "value" : "20"
},{
  "dateTime" : "10/14/15 11:32:00",
  "value" : "10"
},{
  "dateTime" : "10/14/15 11:39:00",
  "value" : "30"
},{
  "dateTime" : "10/14/15 11:40:00",
  "value" : "10"
},{
  "dateTime" : "10/14/15 11:52:00",
  "value" : "10"
},{
  "dateTime" : "10/14/15 12:02:00",
  "value" : "20"
},{
  "dateTime" : "10/14/15 12:11:00",
  "value" : "10"
},{
  "dateTime" : "10/14/15 13:09:00",
  "value" : "10"
},{
  "dateTime" : "10/14/15 14:02:00",
  "value" : "20"
},{
  "dateTime" : "10/14/15 17:16:00",
  "value" : "10"
},{
  "dateTime" : "10/14/15 17:17:00",
  "value" : "10"
},{
  "dateTime" : "10/14/15 18:57:00",
  "value" : "10"
},{
  "dateTime" : "10/14/15 19:16:00",
  "value" : "10"
},{
  "dateTime" : "10/14/15 19:31:00",
  "value" : "10"
},{
  "dateTime" : "10/14/15 20:01:00",
  "value" : "10"
},{
  "dateTime" : "10/14/15 20:02:00",
  "value" : "10"
},{
  "dateTime" : "10/14/15 20:04:00",
  "value" : "10"
},{
  "dateTime" : "10/14/15 21:22:00",
  "value" : "10"
},{
  "dateTime" : "10/14/15 22:11:00",
  "value" : "10"
},{
  "dateTime" : "10/14/15 22:25:00",
  "value" : "10"
},{
  "dateTime" : "10/14/15 22:26:00",
  "value" : "10"
},{
  "dateTime" : "10/14/15 23:02:00",
  "value" : "10"
},{
  "dateTime" : "10/14/15 23:41:00",
  "value" : "10"
},{
  "dateTime" : "10/15/15 07:00:00",
  "value" : "10"
},{
  "dateTime" : "10/15/15 07:56:00",
  "value" : "10"
},{
  "dateTime" : "10/15/15 08:06:00",
  "value" : "10"
},{
  "dateTime" : "10/15/15 08:07:00",
  "value" : "10"
},{
  "dateTime" : "10/15/15 08:27:00",
  "value" : "10"
},{
  "dateTime" : "10/15/15 08:46:00",
  "value" : "10"
},{
  "dateTime" : "10/15/15 08:47:00",
  "value" : "20"
},{
  "dateTime" : "10/15/15 09:00:00",
  "value" : "10"
},{
  "dateTime" : "10/15/15 09:01:00",
  "value" : "10"
},{
  "dateTime" : "10/15/15 10:29:00",
  "value" : "10"
},{
  "dateTime" : "10/15/15 12:27:00",
  "value" : "10"
},{
  "dateTime" : "10/15/15 12:29:00",
  "value" : "10"
},{
  "dateTime" : "10/15/15 13:18:00",
  "value" : "10"
},{
  "dateTime" : "10/15/15 13:48:00",
  "value" : "10"
},{
  "dateTime" : "10/15/15 13:50:00",
  "value" : "10"
},{
  "dateTime" : "10/15/15 14:00:00",
  "value" : "10"
},{
  "dateTime" : "10/15/15 14:24:00",
  "value" : "10"
},{
  "dateTime" : "10/15/15 14:56:00",
  "value" : "10"
},{
  "dateTime" : "10/15/15 14:58:00",
  "value" : "10"
},{
  "dateTime" : "10/15/15 15:26:00",
  "value" : "10"
},{
  "dateTime" : "10/15/15 15:35:00",
  "value" : "10"
},{
  "dateTime" : "10/15/15 17:09:00",
  "value" : "10"
},{
  "dateTime" : "10/15/15 17:48:00",
  "value" : "20"
},{
  "dateTime" : "10/15/15 17:49:00",
  "value" : "20"
},{
  "dateTime" : "10/15/15 19:04:00",
  "value" : "10"
},{
  "dateTime" : "10/15/15 21:03:00",
  "value" : "10"
},{
  "dateTime" : "10/15/15 22:04:00",
  "value" : "10"
},{
  "dateTime" : "10/16/15 11:06:00",
  "value" : "10"
},{
  "dateTime" : "10/16/15 11:08:00",
  "value" : "10"
},{
  "dateTime" : "10/16/15 11:48:00",
  "value" : "10"
},{
  "dateTime" : "10/16/15 11:57:00",
  "value" : "50"
},{
  "dateTime" : "10/16/15 11:58:00",
  "value" : "30"
},{
  "dateTime" : "10/16/15 11:59:00",
  "value" : "10"
},{
  "dateTime" : "10/16/15 12:08:00",
  "value" : "10"
},{
  "dateTime" : "10/16/15 12:10:00",
  "value" : "10"
},{
  "dateTime" : "10/16/15 12:38:00",
  "value" : "20"
},{
  "dateTime" : "10/16/15 12:44:00",
  "value" : "10"
},{
  "dateTime" : "10/16/15 14:21:00",
  "value" : "10"
},{
  "dateTime" : "10/16/15 14:22:00",
  "value" : "20"
},{
  "dateTime" : "10/16/15 15:19:00",
  "value" : "20"
},{
  "dateTime" : "10/16/15 15:26:00",
  "value" : "10"
},{
  "dateTime" : "10/16/15 15:49:00",
  "value" : "10"
},{
  "dateTime" : "10/16/15 15:51:00",
  "value" : "10"
},{
  "dateTime" : "10/16/15 16:37:00",
  "value" : "10"
},{
  "dateTime" : "10/16/15 16:39:00",
  "value" : "10"
},{
  "dateTime" : "10/16/15 16:42:00",
  "value" : "10"
},{
  "dateTime" : "10/16/15 17:44:00",
  "value" : "10"
},{
  "dateTime" : "10/16/15 19:56:00",
  "value" : "10"
},{
  "dateTime" : "10/17/15 08:20:00",
  "value" : "10"
},{
  "dateTime" : "10/17/15 09:36:00",
  "value" : "10"
},{
  "dateTime" : "10/17/15 10:50:00",
  "value" : "10"
},{
  "dateTime" : "10/17/15 12:23:00",
  "value" : "10"
},{
  "dateTime" : "10/17/15 12:27:00",
  "value" : "10"
},{
  "dateTime" : "10/17/15 13:02:00",
  "value" : "10"
},{
  "dateTime" : "10/17/15 13:07:00",
  "value" : "10"
},{
  "dateTime" : "10/17/15 13:16:00",
  "value" : "10"
},{
  "dateTime" : "10/17/15 14:37:00",
  "value" : "10"
},{
  "dateTime" : "10/17/15 14:38:00",
  "value" : "10"
},{
  "dateTime" : "10/17/15 14:54:00",
  "value" : "10"
},{
  "dateTime" : "10/17/15 17:15:00",
  "value" : "10"
},{
  "dateTime" : "10/17/15 18:40:00",
  "value" : "10"
},{
  "dateTime" : "10/17/15 21:55:00",
  "value" : "10"
},{
  "dateTime" : "10/18/15 08:49:00",
  "value" : "10"
},{
  "dateTime" : "10/18/15 09:37:00",
  "value" : "10"
},{
  "dateTime" : "10/18/15 09:38:00",
  "value" : "10"
},{
  "dateTime" : "10/18/15 10:30:00",
  "value" : "10"
},{
  "dateTime" : "10/18/15 12:40:00",
  "value" : "10"
},{
  "dateTime" : "10/18/15 14:44:00",
  "value" : "10"
},{
  "dateTime" : "10/18/15 17:09:00",
  "value" : "10"
},{
  "dateTime" : "10/18/15 17:17:00",
  "value" : "10"
},{
  "dateTime" : "10/18/15 17:26:00",
  "value" : "10"
},{
  "dateTime" : "10/18/15 17:28:00",
  "value" : "10"
},{
  "dateTime" : "10/18/15 18:40:00",
  "value" : "10"
},{
  "dateTime" : "10/18/15 19:13:00",
  "value" : "10"
},{
  "dateTime" : "10/18/15 20:42:00",
  "value" : "10"
},{
  "dateTime" : "10/18/15 20:45:00",
  "value" : "10"
},{
  "dateTime" : "10/18/15 20:48:00",
  "value" : "20"
},{
  "dateTime" : "10/18/15 20:49:00",
  "value" : "10"
},{
  "dateTime" : "10/19/15 10:53:00",
  "value" : "10"
},{
  "dateTime" : "10/19/15 11:03:00",
  "value" : "10"
},{
  "dateTime" : "10/19/15 11:08:00",
  "value" : "10"
},{
  "dateTime" : "10/19/15 11:49:00",
  "value" : "10"
},{
  "dateTime" : "10/19/15 11:55:00",
  "value" : "50"
},{
  "dateTime" : "10/19/15 11:57:00",
  "value" : "20"
},{
  "dateTime" : "10/19/15 11:58:00",
  "value" : "20"
},{
  "dateTime" : "10/19/15 12:13:00",
  "value" : "20"
},{
  "dateTime" : "10/19/15 16:13:00",
  "value" : "20"
},{
  "dateTime" : "10/19/15 16:56:00",
  "value" : "10"
},{
  "dateTime" : "10/19/15 18:39:00",
  "value" : "10"
},{
  "dateTime" : "10/19/15 21:06:00",
  "value" : "10"
},{
  "dateTime" : "10/20/15 08:50:00",
  "value" : "10"
},{
  "dateTime" : "10/20/15 12:12:00",
  "value" : "10"
},{
  "dateTime" : "10/20/15 12:18:00",
  "value" : "0"
},{
  "dateTime" : "10/20/15 12:22:00",
  "value" : "10"
},{
  "dateTime" : "10/20/15 12:24:00",
  "value" : "10"
},{
  "dateTime" : "10/20/15 12:25:00",
  "value" : "20"
},{
  "dateTime" : "10/20/15 12:26:00",
  "value" : "0"
},{
  "dateTime" : "10/20/15 12:28:00",
  "value" : "20"
},{
  "dateTime" : "10/20/15 12:29:00",
  "value" : "10"
},{
  "dateTime" : "10/20/15 12:30:00",
  "value" : "10"
},{
  "dateTime" : "10/20/15 12:31:00",
  "value" : "10"
},{
  "dateTime" : "10/20/15 12:33:00",
  "value" : "10"
},{
  "dateTime" : "10/20/15 12:34:00",
  "value" : "10"
},{
  "dateTime" : "10/20/15 12:35:00",
  "value" : "10"
},{
  "dateTime" : "10/20/15 12:37:00",
  "value" : "10"
},{
  "dateTime" : "10/20/15 12:38:00",
  "value" : "10"
},{
  "dateTime" : "10/20/15 12:42:00",
  "value" : "0"
},{
  "dateTime" : "10/20/15 12:44:00",
  "value" : "10"
},{
  "dateTime" : "10/20/15 12:45:00",
  "value" : "10"
},{
  "dateTime" : "10/20/15 12:47:00",
  "value" : "10"
},{
  "dateTime" : "10/20/15 12:48:00",
  "value" : "10"
},{
  "dateTime" : "10/20/15 12:51:00",
  "value" : "20"
},{
  "dateTime" : "10/20/15 12:52:00",
  "value" : "10"
},{
  "dateTime" : "10/20/15 13:01:00",
  "value" : "0"
},{
  "dateTime" : "10/20/15 13:08:00",
  "value" : "10"
},{
  "dateTime" : "10/20/15 13:12:00",
  "value" : "10"
},{
  "dateTime" : "10/20/15 13:13:00",
  "value" : "20"
},{
  "dateTime" : "10/20/15 13:14:00",
  "value" : "10"
},{
  "dateTime" : "10/20/15 13:15:00",
  "value" : "10"
},{
  "dateTime" : "10/20/15 14:32:00",
  "value" : "10"
},{
  "dateTime" : "10/20/15 14:46:00",
  "value" : "10"
},{
  "dateTime" : "10/20/15 14:48:00",
  "value" : "10"
},{
  "dateTime" : "10/20/15 15:13:00",
  "value" : "10"
},{
  "dateTime" : "10/20/15 15:14:00",
  "value" : "10"
},{
  "dateTime" : "10/20/15 16:05:00",
  "value" : "10"
},{
  "dateTime" : "10/20/15 17:44:00",
  "value" : "30"
},{
  "dateTime" : "10/20/15 20:29:00",
  "value" : "20"
},{
  "dateTime" : "10/20/15 20:30:00",
  "value" : "10"
},{
  "dateTime" : "10/20/15 20:31:00",
  "value" : "10"
},{
  "dateTime" : "10/20/15 20:41:00",
  "value" : "20"
},{
  "dateTime" : "10/20/15 21:14:00",
  "value" : "10"
},{
  "dateTime" : "10/20/15 22:00:00",
  "value" : "10"
},{
  "dateTime" : "10/20/15 22:01:00",
  "value" : "10"
},{
  "dateTime" : "10/20/15 22:02:00",
  "value" : "10"
},{
  "dateTime" : "10/21/15 08:56:00",
  "value" : "10"
},{
  "dateTime" : "10/21/15 11:55:00",
  "value" : "20"
},{
  "dateTime" : "10/21/15 11:56:00",
  "value" : "10"
},{
  "dateTime" : "10/21/15 12:33:00",
  "value" : "10"
},{
  "dateTime" : "10/21/15 12:41:00",
  "value" : "10"
},{
  "dateTime" : "10/21/15 12:55:00",
  "value" : "10"
},{
  "dateTime" : "10/21/15 13:00:00",
  "value" : "30"
},{
  "dateTime" : "10/21/15 13:03:00",
  "value" : "10"
},{
  "dateTime" : "10/21/15 13:59:00",
  "value" : "10"
},{
  "dateTime" : "10/21/15 14:00:00",
  "value" : "10"
},{
  "dateTime" : "10/21/15 15:15:00",
  "value" : "30"
},{
  "dateTime" : "10/21/15 16:01:00",
  "value" : "10"
},{
  "dateTime" : "10/21/15 16:03:00",
  "value" : "10"
},{
  "dateTime" : "10/21/15 16:16:00",
  "value" : "10"
},{
  "dateTime" : "10/21/15 17:22:00",
  "value" : "10"
},{
  "dateTime" : "10/21/15 17:24:00",
  "value" : "10"
},{
  "dateTime" : "10/21/15 17:42:00",
  "value" : "10"
},{
  "dateTime" : "10/21/15 17:46:00",
  "value" : "10"
},{
  "dateTime" : "10/21/15 18:22:00",
  "value" : "10"
},{
  "dateTime" : "10/21/15 18:25:00",
  "value" : "10"
},{
  "dateTime" : "10/21/15 18:26:00",
  "value" : "10"
},{
  "dateTime" : "10/21/15 18:27:00",
  "value" : "20"
},{
  "dateTime" : "10/21/15 19:19:00",
  "value" : "10"
},{
  "dateTime" : "10/21/15 20:05:00",
  "value" : "10"
},{
  "dateTime" : "10/21/15 21:48:00",
  "value" : "10"
},{
  "dateTime" : "10/21/15 21:49:00",
  "value" : "10"
},{
  "dateTime" : "10/22/15 07:57:00",
  "value" : "10"
},{
  "dateTime" : "10/22/15 08:38:00",
  "value" : "10"
},{
  "dateTime" : "10/22/15 08:45:00",
  "value" : "10"
},{
  "dateTime" : "10/22/15 08:50:00",
  "value" : "10"
},{
  "dateTime" : "10/22/15 09:03:00",
  "value" : "10"
},{
  "dateTime" : "10/22/15 09:04:00",
  "value" : "10"
},{
  "dateTime" : "10/22/15 09:05:00",
  "value" : "10"
},{
  "dateTime" : "10/22/15 10:18:00",
  "value" : "10"
},{
  "dateTime" : "10/22/15 12:23:00",
  "value" : "10"
},{
  "dateTime" : "10/22/15 12:47:00",
  "value" : "10"
},{
  "dateTime" : "10/22/15 13:46:00",
  "value" : "20"
},{
  "dateTime" : "10/22/15 14:44:00",
  "value" : "10"
},{
  "dateTime" : "10/22/15 15:13:00",
  "value" : "10"
},{
  "dateTime" : "10/22/15 15:17:00",
  "value" : "10"
},{
  "dateTime" : "10/22/15 17:51:00",
  "value" : "10"
},{
  "dateTime" : "10/23/15 09:25:00",
  "value" : "10"
},{
  "dateTime" : "10/23/15 09:52:00",
  "value" : "10"
},{
  "dateTime" : "10/23/15 09:54:00",
  "value" : "10"
},{
  "dateTime" : "10/23/15 09:56:00",
  "value" : "10"
},{
  "dateTime" : "10/23/15 10:20:00",
  "value" : "10"
},{
  "dateTime" : "10/23/15 10:22:00",
  "value" : "10"
},{
  "dateTime" : "10/23/15 10:43:00",
  "value" : "40"
},{
  "dateTime" : "10/23/15 10:44:00",
  "value" : "20"
},{
  "dateTime" : "10/23/15 13:34:00",
  "value" : "10"
},{
  "dateTime" : "10/23/15 13:38:00",
  "value" : "10"
},{
  "dateTime" : "10/23/15 13:39:00",
  "value" : "20"
},{
  "dateTime" : "10/23/15 13:40:00",
  "value" : "10"
},{
  "dateTime" : "10/23/15 14:17:00",
  "value" : "30"
},{
  "dateTime" : "10/23/15 15:39:00",
  "value" : "10"
},{
  "dateTime" : "10/23/15 15:43:00",
  "value" : "10"
},{
  "dateTime" : "10/23/15 16:28:00",
  "value" : "10"
},{
  "dateTime" : "10/23/15 16:30:00",
  "value" : "10"
},{
  "dateTime" : "10/23/15 16:32:00",
  "value" : "20"
},{
  "dateTime" : "10/23/15 23:48:00",
  "value" : "10"
},{
  "dateTime" : "10/24/15 09:06:00",
  "value" : "10"
},{
  "dateTime" : "10/24/15 10:50:00",
  "value" : "10"
},{
  "dateTime" : "10/24/15 11:22:00",
  "value" : "10"
},{
  "dateTime" : "10/24/15 17:50:00",
  "value" : "20"
},{
  "dateTime" : "10/24/15 20:14:00",
  "value" : "10"
},{
  "dateTime" : "10/24/15 22:48:00",
  "value" : "10"
},{
  "dateTime" : "10/24/15 23:21:00",
  "value" : "10"
},{
  "dateTime" : "10/25/15 12:28:00",
  "value" : "10"
},{
  "dateTime" : "10/25/15 16:02:00",
  "value" : "10"
},{
  "dateTime" : "10/25/15 16:13:00",
  "value" : "20"
},{
  "dateTime" : "10/25/15 17:21:00",
  "value" : "0"
},{
  "dateTime" : "10/25/15 17:26:00",
  "value" : "10"
},{
  "dateTime" : "10/25/15 17:27:00",
  "value" : "20"
},{
  "dateTime" : "10/25/15 17:28:00",
  "value" : "10"
},{
  "dateTime" : "10/25/15 17:30:00",
  "value" : "10"
},{
  "dateTime" : "10/25/15 17:31:00",
  "value" : "10"
},{
  "dateTime" : "10/25/15 17:32:00",
  "value" : "20"
},{
  "dateTime" : "10/25/15 17:33:00",
  "value" : "20"
},{
  "dateTime" : "10/25/15 17:35:00",
  "value" : "10"
},{
  "dateTime" : "10/25/15 17:39:00",
  "value" : "10"
},{
  "dateTime" : "10/25/15 17:40:00",
  "value" : "10"
},{
  "dateTime" : "10/25/15 17:41:00",
  "value" : "0"
},{
  "dateTime" : "10/25/15 17:44:00",
  "value" : "20"
},{
  "dateTime" : "10/25/15 17:47:00",
  "value" : "10"
},{
  "dateTime" : "10/25/15 17:48:00",
  "value" : "10"
},{
  "dateTime" : "10/25/15 17:49:00",
  "value" : "20"
},{
  "dateTime" : "10/25/15 17:58:00",
  "value" : "0"
},{
  "dateTime" : "10/25/15 18:06:00",
  "value" : "10"
},{
  "dateTime" : "10/25/15 18:07:00",
  "value" : "10"
},{
  "dateTime" : "10/25/15 18:08:00",
  "value" : "10"
},{
  "dateTime" : "10/25/15 18:11:00",
  "value" : "10"
},{
  "dateTime" : "10/25/15 18:13:00",
  "value" : "10"
},{
  "dateTime" : "10/25/15 18:14:00",
  "value" : "10"
},{
  "dateTime" : "10/25/15 18:15:00",
  "value" : "10"
},{
  "dateTime" : "10/25/15 20:53:00",
  "value" : "10"
},{
  "dateTime" : "10/25/15 22:18:00",
  "value" : "10"
},{
  "dateTime" : "10/26/15 09:23:00",
  "value" : "10"
},{
  "dateTime" : "10/26/15 11:40:00",
  "value" : "10"
},{
  "dateTime" : "10/26/15 11:42:00",
  "value" : "20"
},{
  "dateTime" : "10/26/15 11:43:00",
  "value" : "10"
},{
  "dateTime" : "10/26/15 12:09:00",
  "value" : "10"
},{
  "dateTime" : "10/26/15 12:12:00",
  "value" : "10"
},{
  "dateTime" : "10/26/15 13:23:00",
  "value" : "10"
},{
  "dateTime" : "10/26/15 13:49:00",
  "value" : "20"
},{
  "dateTime" : "10/26/15 13:51:00",
  "value" : "10"
},{
  "dateTime" : "10/26/15 13:52:00",
  "value" : "10"
},{
  "dateTime" : "10/26/15 15:22:00",
  "value" : "10"
},{
  "dateTime" : "10/26/15 16:44:00",
  "value" : "10"
},{
  "dateTime" : "10/26/15 18:21:00",
  "value" : "10"
},{
  "dateTime" : "10/26/15 21:38:00",
  "value" : "10"
},{
  "dateTime" : "10/27/15 08:46:00",
  "value" : "10"
},{
  "dateTime" : "10/27/15 10:37:00",
  "value" : "10"
},{
  "dateTime" : "10/27/15 10:39:00",
  "value" : "10"
},{
  "dateTime" : "10/27/15 15:11:00",
  "value" : "10"
},{
  "dateTime" : "10/27/15 15:12:00",
  "value" : "0"
},{
  "dateTime" : "10/27/15 15:15:00",
  "value" : "10"
},{
  "dateTime" : "10/27/15 15:16:00",
  "value" : "0"
},{
  "dateTime" : "10/27/15 15:18:00",
  "value" : "20"
},{
  "dateTime" : "10/27/15 15:19:00",
  "value" : "10"
},{
  "dateTime" : "10/27/15 15:20:00",
  "value" : "10"
},{
  "dateTime" : "10/27/15 15:21:00",
  "value" : "20"
},{
  "dateTime" : "10/27/15 15:23:00",
  "value" : "20"
},{
  "dateTime" : "10/27/15 15:24:00",
  "value" : "20"
},{
  "dateTime" : "10/27/15 15:26:00",
  "value" : "20"
},{
  "dateTime" : "10/27/15 15:28:00",
  "value" : "20"
},{
  "dateTime" : "10/27/15 15:30:00",
  "value" : "10"
},{
  "dateTime" : "10/27/15 15:31:00",
  "value" : "20"
},{
  "dateTime" : "10/27/15 15:32:00",
  "value" : "0"
},{
  "dateTime" : "10/27/15 15:34:00",
  "value" : "10"
},{
  "dateTime" : "10/27/15 15:35:00",
  "value" : "20"
},{
  "dateTime" : "10/27/15 15:36:00",
  "value" : "20"
},{
  "dateTime" : "10/27/15 15:37:00",
  "value" : "10"
},{
  "dateTime" : "10/27/15 15:38:00",
  "value" : "10"
},{
  "dateTime" : "10/27/15 15:39:00",
  "value" : "10"
},{
  "dateTime" : "10/27/15 15:40:00",
  "value" : "30"
},{
  "dateTime" : "10/27/15 15:41:00",
  "value" : "10"
},{
  "dateTime" : "10/27/15 15:43:00",
  "value" : "0"
},{
  "dateTime" : "10/27/15 15:47:00",
  "value" : "0"
},{
  "dateTime" : "10/27/15 15:50:00",
  "value" : "0"
},{
  "dateTime" : "10/27/15 15:51:00",
  "value" : "10"
},{
  "dateTime" : "10/27/15 15:57:00",
  "value" : "10"
},{
  "dateTime" : "10/27/15 15:58:00",
  "value" : "20"
},{
  "dateTime" : "10/27/15 16:00:00",
  "value" : "10"
},{
  "dateTime" : "10/27/15 16:02:00",
  "value" : "10"
},{
  "dateTime" : "10/27/15 16:04:00",
  "value" : "20"
},{
  "dateTime" : "10/27/15 16:05:00",
  "value" : "10"
},{
  "dateTime" : "10/27/15 16:06:00",
  "value" : "10"
},{
  "dateTime" : "10/27/15 16:11:00",
  "value" : "10"
},{
  "dateTime" : "10/27/15 16:57:00",
  "value" : "10"
},{
  "dateTime" : "10/27/15 17:33:00",
  "value" : "10"
},{
  "dateTime" : "10/27/15 21:07:00",
  "value" : "10"
},{
  "dateTime" : "10/27/15 22:58:00",
  "value" : "10"
},{
  "dateTime" : "10/28/15 09:06:00",
  "value" : "10"
},{
  "dateTime" : "10/28/15 09:40:00",
  "value" : "10"
},{
  "dateTime" : "10/28/15 09:43:00",
  "value" : "10"
},{
  "dateTime" : "10/28/15 09:46:00",
  "value" : "10"
},{
  "dateTime" : "10/28/15 09:56:00",
  "value" : "20"
},{
  "dateTime" : "10/28/15 10:18:00",
  "value" : "20"
},{
  "dateTime" : "10/28/15 10:23:00",
  "value" : "10"
},{
  "dateTime" : "10/28/15 10:47:00",
  "value" : "10"
},{
  "dateTime" : "10/28/15 11:00:00",
  "value" : "20"
},{
  "dateTime" : "10/28/15 11:01:00",
  "value" : "10"
},{
  "dateTime" : "10/28/15 13:52:00",
  "value" : "10"
},{
  "dateTime" : "10/28/15 14:05:00",
  "value" : "10"
},{
  "dateTime" : "10/28/15 14:09:00",
  "value" : "10"
},{
  "dateTime" : "10/28/15 14:21:00",
  "value" : "10"
},{
  "dateTime" : "10/28/15 15:57:00",
  "value" : "20"
},{
  "dateTime" : "10/28/15 15:59:00",
  "value" : "10"
},{
  "dateTime" : "10/28/15 16:00:00",
  "value" : "10"
},{
  "dateTime" : "10/28/15 16:39:00",
  "value" : "10"
},{
  "dateTime" : "10/28/15 16:40:00",
  "value" : "10"
},{
  "dateTime" : "10/28/15 16:44:00",
  "value" : "10"
},{
  "dateTime" : "10/28/15 17:14:00",
  "value" : "10"
},{
  "dateTime" : "10/28/15 17:17:00",
  "value" : "10"
},{
  "dateTime" : "10/28/15 17:19:00",
  "value" : "10"
},{
  "dateTime" : "10/28/15 17:43:00",
  "value" : "10"
},{
  "dateTime" : "10/28/15 19:07:00",
  "value" : "10"
},{
  "dateTime" : "10/28/15 19:08:00",
  "value" : "10"
},{
  "dateTime" : "10/28/15 19:09:00",
  "value" : "10"
},{
  "dateTime" : "10/28/15 19:10:00",
  "value" : "20"
},{
  "dateTime" : "10/28/15 22:40:00",
  "value" : "10"
},{
  "dateTime" : "10/28/15 22:42:00",
  "value" : "10"
},{
  "dateTime" : "10/29/15 10:05:00",
  "value" : "10"
},{
  "dateTime" : "10/29/15 10:08:00",
  "value" : "10"
},{
  "dateTime" : "10/29/15 10:09:00",
  "value" : "10"
},{
  "dateTime" : "10/29/15 10:23:00",
  "value" : "10"
},{
  "dateTime" : "10/29/15 10:26:00",
  "value" : "10"
},{
  "dateTime" : "10/29/15 10:27:00",
  "value" : "10"
},{
  "dateTime" : "10/29/15 10:31:00",
  "value" : "10"
},{
  "dateTime" : "10/29/15 11:18:00",
  "value" : "10"
},{
  "dateTime" : "10/29/15 11:20:00",
  "value" : "10"
},{
  "dateTime" : "10/29/15 11:21:00",
  "value" : "10"
},{
  "dateTime" : "10/29/15 14:58:00",
  "value" : "10"
},{
  "dateTime" : "10/29/15 15:27:00",
  "value" : "10"
},{
  "dateTime" : "10/29/15 16:38:00",
  "value" : "10"
},{
  "dateTime" : "10/29/15 17:45:00",
  "value" : "10"
},{
  "dateTime" : "10/29/15 17:52:00",
  "value" : "10"
},{
  "dateTime" : "10/29/15 18:42:00",
  "value" : "10"
},{
  "dateTime" : "10/30/15 07:54:00",
  "value" : "10"
},{
  "dateTime" : "10/30/15 08:38:00",
  "value" : "10"
},{
  "dateTime" : "10/30/15 10:14:00",
  "value" : "10"
},{
  "dateTime" : "10/30/15 10:26:00",
  "value" : "10"
},{
  "dateTime" : "10/30/15 10:27:00",
  "value" : "10"
},{
  "dateTime" : "10/30/15 10:59:00",
  "value" : "10"
},{
  "dateTime" : "10/30/15 11:51:00",
  "value" : "10"
},{
  "dateTime" : "10/30/15 14:20:00",
  "value" : "10"
},{
  "dateTime" : "10/30/15 14:22:00",
  "value" : "10"
},{
  "dateTime" : "10/30/15 14:25:00",
  "value" : "10"
},{
  "dateTime" : "10/30/15 18:13:00",
  "value" : "10"
},{
  "dateTime" : "10/30/15 18:25:00",
  "value" : "20"
},{
  "dateTime" : "10/30/15 18:31:00",
  "value" : "10"
},{
  "dateTime" : "10/30/15 19:40:00",
  "value" : "10"
},{
  "dateTime" : "10/30/15 19:41:00",
  "value" : "10"
},{
  "dateTime" : "10/30/15 19:43:00",
  "value" : "10"
},{
  "dateTime" : "10/30/15 19:45:00",
  "value" : "20"
},{
  "dateTime" : "10/30/15 19:46:00",
  "value" : "10"
},{
  "dateTime" : "10/30/15 20:34:00",
  "value" : "10"
},{
  "dateTime" : "10/30/15 22:10:00",
  "value" : "10"
},{
  "dateTime" : "10/31/15 08:45:00",
  "value" : "10"
},{
  "dateTime" : "10/31/15 09:20:00",
  "value" : "10"
},{
  "dateTime" : "10/31/15 17:47:00",
  "value" : "10"
},{
  "dateTime" : "10/31/15 17:51:00",
  "value" : "10"
},{
  "dateTime" : "10/31/15 17:52:00",
  "value" : "10"
},{
  "dateTime" : "10/31/15 17:54:00",
  "value" : "10"
},{
  "dateTime" : "10/31/15 18:05:00",
  "value" : "10"
},{
  "dateTime" : "11/01/15 00:20:00",
  "value" : "10"
},{
  "dateTime" : "11/01/15 00:21:00",
  "value" : "20"
},{
  "dateTime" : "11/01/15 00:22:00",
  "value" : "10"
},{
  "dateTime" : "11/01/15 09:07:00",
  "value" : "10"
},{
  "dateTime" : "11/01/15 13:05:00",
  "value" : "10"
},{
  "dateTime" : "11/01/15 13:24:00",
  "value" : "10"
},{
  "dateTime" : "11/01/15 13:25:00",
  "value" : "10"
},{
  "dateTime" : "11/01/15 13:30:00",
  "value" : "10"
},{
  "dateTime" : "11/01/15 14:36:00",
  "value" : "10"
},{
  "dateTime" : "11/01/15 14:50:00",
  "value" : "10"
},{
  "dateTime" : "11/01/15 17:23:00",
  "value" : "10"
},{
  "dateTime" : "11/01/15 18:18:00",
  "value" : "10"
},{
  "dateTime" : "11/01/15 18:20:00",
  "value" : "10"
},{
  "dateTime" : "11/01/15 18:28:00",
  "value" : "10"
},{
  "dateTime" : "11/01/15 18:32:00",
  "value" : "10"
},{
  "dateTime" : "11/01/15 19:36:00",
  "value" : "10"
},{
  "dateTime" : "11/01/15 19:37:00",
  "value" : "10"
},{
  "dateTime" : "11/01/15 19:39:00",
  "value" : "10"
},{
  "dateTime" : "11/01/15 19:40:00",
  "value" : "10"
},{
  "dateTime" : "11/01/15 19:42:00",
  "value" : "20"
},{
  "dateTime" : "11/01/15 19:43:00",
  "value" : "10"
},{
  "dateTime" : "11/01/15 19:54:00",
  "value" : "10"
},{
  "dateTime" : "11/01/15 21:40:00",
  "value" : "10"
},{
  "dateTime" : "11/01/15 22:14:00",
  "value" : "10"
},{
  "dateTime" : "11/01/15 22:40:00",
  "value" : "10"
},{
  "dateTime" : "11/02/15 09:21:00",
  "value" : "10"
},{
  "dateTime" : "11/02/15 10:23:00",
  "value" : "10"
},{
  "dateTime" : "11/02/15 12:41:00",
  "value" : "10"
},{
  "dateTime" : "11/02/15 17:08:00",
  "value" : "10"
},{
  "dateTime" : "11/02/15 17:39:00",
  "value" : "10"
},{
  "dateTime" : "11/02/15 21:56:00",
  "value" : "10"
},{
  "dateTime" : "11/03/15 09:25:00",
  "value" : "10"
},{
  "dateTime" : "11/03/15 09:49:00",
  "value" : "10"
},{
  "dateTime" : "11/03/15 10:50:00",
  "value" : "10"
},{
  "dateTime" : "11/03/15 11:54:00",
  "value" : "10"
},{
  "dateTime" : "11/03/15 11:55:00",
  "value" : "10"
},{
  "dateTime" : "11/03/15 13:21:00",
  "value" : "10"
},{
  "dateTime" : "11/03/15 13:22:00",
  "value" : "20"
},{
  "dateTime" : "11/03/15 17:05:00",
  "value" : "10"
},{
  "dateTime" : "11/03/15 17:06:00",
  "value" : "10"
},{
  "dateTime" : "11/03/15 17:07:00",
  "value" : "20"
},{
  "dateTime" : "11/03/15 17:08:00",
  "value" : "10"
},{
  "dateTime" : "11/03/15 18:53:00",
  "value" : "10"
},{
  "dateTime" : "11/03/15 18:54:00",
  "value" : "10"
},{
  "dateTime" : "11/03/15 19:19:00",
  "value" : "10"
},{
  "dateTime" : "11/03/15 21:23:00",
  "value" : "10"
},{
  "dateTime" : "11/03/15 21:28:00",
  "value" : "10"
},{
  "dateTime" : "11/04/15 07:29:00",
  "value" : "10"
},{
  "dateTime" : "11/04/15 08:03:00",
  "value" : "10"
},{
  "dateTime" : "11/04/15 08:35:00",
  "value" : "10"
},{
  "dateTime" : "11/04/15 08:38:00",
  "value" : "10"
},{
  "dateTime" : "11/04/15 08:56:00",
  "value" : "20"
},{
  "dateTime" : "11/04/15 08:57:00",
  "value" : "10"
},{
  "dateTime" : "11/04/15 09:36:00",
  "value" : "10"
},{
  "dateTime" : "11/04/15 09:42:00",
  "value" : "10"
},{
  "dateTime" : "11/04/15 09:43:00",
  "value" : "20"
},{
  "dateTime" : "11/04/15 09:44:00",
  "value" : "20"
},{
  "dateTime" : "11/04/15 09:57:00",
  "value" : "20"
},{
  "dateTime" : "11/04/15 15:10:00",
  "value" : "10"
},{
  "dateTime" : "11/04/15 15:11:00",
  "value" : "10"
},{
  "dateTime" : "11/04/15 15:12:00",
  "value" : "10"
},{
  "dateTime" : "11/04/15 15:19:00",
  "value" : "30"
},{
  "dateTime" : "11/04/15 17:24:00",
  "value" : "20"
},{
  "dateTime" : "11/04/15 17:37:00",
  "value" : "10"
},{
  "dateTime" : "11/04/15 17:38:00",
  "value" : "20"
},{
  "dateTime" : "11/04/15 17:45:00",
  "value" : "10"
},{
  "dateTime" : "11/04/15 18:24:00",
  "value" : "10"
},{
  "dateTime" : "11/04/15 18:25:00",
  "value" : "10"
},{
  "dateTime" : "11/04/15 18:26:00",
  "value" : "10"
},{
  "dateTime" : "11/04/15 18:28:00",
  "value" : "10"
},{
  "dateTime" : "11/04/15 18:29:00",
  "value" : "10"
},{
  "dateTime" : "11/04/15 18:51:00",
  "value" : "10"
},{
  "dateTime" : "11/04/15 19:11:00",
  "value" : "10"
},{
  "dateTime" : "11/04/15 20:22:00",
  "value" : "10"
},{
  "dateTime" : "11/04/15 20:27:00",
  "value" : "10"
},{
  "dateTime" : "11/04/15 20:29:00",
  "value" : "10"
},{
  "dateTime" : "11/04/15 22:28:00",
  "value" : "10"
},{
  "dateTime" : "11/04/15 22:42:00",
  "value" : "10"
},{
  "dateTime" : "11/04/15 23:24:00",
  "value" : "10"
},{
  "dateTime" : "11/05/15 09:05:00",
  "value" : "10"
},{
  "dateTime" : "11/05/15 09:55:00",
  "value" : "10"
},{
  "dateTime" : "11/05/15 10:01:00",
  "value" : "20"
},{
  "dateTime" : "11/05/15 10:02:00",
  "value" : "40"
},{
  "dateTime" : "11/05/15 10:18:00",
  "value" : "20"
},{
  "dateTime" : "11/05/15 13:39:00",
  "value" : "10"
},{
  "dateTime" : "11/05/15 14:24:00",
  "value" : "20"
},{
  "dateTime" : "11/05/15 14:52:00",
  "value" : "10"
},{
  "dateTime" : "11/05/15 15:19:00",
  "value" : "20"
},{
  "dateTime" : "11/05/15 16:04:00",
  "value" : "10"
},{
  "dateTime" : "11/05/15 16:05:00",
  "value" : "10"
},{
  "dateTime" : "11/05/15 16:11:00",
  "value" : "10"
},{
  "dateTime" : "11/05/15 18:07:00",
  "value" : "10"
},{
  "dateTime" : "11/05/15 21:49:00",
  "value" : "10"
}]