[{
  "dateTime" : "08/20/15 20:04:00",
  "value" : "10"
},{
  "dateTime" : "08/20/15 20:34:00",
  "value" : "10"
},{
  "dateTime" : "08/20/15 21:44:00",
  "value" : "10"
},{
  "dateTime" : "08/20/15 21:46:00",
  "value" : "10"
},{
  "dateTime" : "08/20/15 22:07:00",
  "value" : "10"
},{
  "dateTime" : "08/21/15 09:17:00",
  "value" : "10"
},{
  "dateTime" : "08/21/15 09:31:00",
  "value" : "10"
},{
  "dateTime" : "08/21/15 10:06:00",
  "value" : "10"
},{
  "dateTime" : "08/21/15 10:27:00",
  "value" : "10"
},{
  "dateTime" : "08/21/15 11:00:00",
  "value" : "10"
},{
  "dateTime" : "08/21/15 13:16:00",
  "value" : "10"
},{
  "dateTime" : "08/21/15 13:17:00",
  "value" : "10"
},{
  "dateTime" : "08/21/15 14:24:00",
  "value" : "10"
},{
  "dateTime" : "08/21/15 14:28:00",
  "value" : "40"
},{
  "dateTime" : "08/21/15 15:17:00",
  "value" : "10"
},{
  "dateTime" : "08/21/15 16:10:00",
  "value" : "20"
},{
  "dateTime" : "08/21/15 16:12:00",
  "value" : "10"
},{
  "dateTime" : "08/21/15 17:09:00",
  "value" : "10"
},{
  "dateTime" : "08/21/15 17:10:00",
  "value" : "10"
},{
  "dateTime" : "08/21/15 17:27:00",
  "value" : "10"
},{
  "dateTime" : "08/21/15 18:01:00",
  "value" : "10"
},{
  "dateTime" : "08/21/15 18:04:00",
  "value" : "20"
},{
  "dateTime" : "08/21/15 18:06:00",
  "value" : "10"
},{
  "dateTime" : "08/21/15 19:26:00",
  "value" : "10"
},{
  "dateTime" : "08/21/15 21:12:00",
  "value" : "10"
},{
  "dateTime" : "08/21/15 22:26:00",
  "value" : "10"
},{
  "dateTime" : "08/21/15 22:27:00",
  "value" : "10"
},{
  "dateTime" : "08/22/15 08:35:00",
  "value" : "10"
},{
  "dateTime" : "08/22/15 08:54:00",
  "value" : "10"
},{
  "dateTime" : "08/22/15 08:59:00",
  "value" : "10"
},{
  "dateTime" : "08/22/15 10:41:00",
  "value" : "10"
},{
  "dateTime" : "08/22/15 11:18:00",
  "value" : "10"
},{
  "dateTime" : "08/22/15 16:34:00",
  "value" : "10"
},{
  "dateTime" : "08/22/15 16:42:00",
  "value" : "10"
},{
  "dateTime" : "08/22/15 18:14:00",
  "value" : "20"
},{
  "dateTime" : "08/22/15 18:17:00",
  "value" : "10"
},{
  "dateTime" : "08/22/15 18:41:00",
  "value" : "10"
},{
  "dateTime" : "08/22/15 18:54:00",
  "value" : "10"
},{
  "dateTime" : "08/22/15 19:20:00",
  "value" : "10"
},{
  "dateTime" : "08/23/15 05:38:00",
  "value" : "10"
},{
  "dateTime" : "08/23/15 07:08:00",
  "value" : "0"
},{
  "dateTime" : "08/23/15 07:16:00",
  "value" : "20"
},{
  "dateTime" : "08/23/15 07:24:00",
  "value" : "20"
},{
  "dateTime" : "08/23/15 07:25:00",
  "value" : "10"
},{
  "dateTime" : "08/23/15 07:27:00",
  "value" : "10"
},{
  "dateTime" : "08/23/15 07:37:00",
  "value" : "10"
},{
  "dateTime" : "08/23/15 07:47:00",
  "value" : "0"
},{
  "dateTime" : "08/23/15 08:38:00",
  "value" : "10"
},{
  "dateTime" : "08/23/15 08:59:00",
  "value" : "10"
},{
  "dateTime" : "08/23/15 09:14:00",
  "value" : "10"
},{
  "dateTime" : "08/23/15 14:24:00",
  "value" : "10"
},{
  "dateTime" : "08/23/15 15:30:00",
  "value" : "10"
},{
  "dateTime" : "08/23/15 15:55:00",
  "value" : "10"
},{
  "dateTime" : "08/23/15 16:04:00",
  "value" : "10"
},{
  "dateTime" : "08/23/15 16:29:00",
  "value" : "10"
},{
  "dateTime" : "08/23/15 16:35:00",
  "value" : "10"
},{
  "dateTime" : "08/23/15 18:13:00",
  "value" : "10"
},{
  "dateTime" : "08/23/15 18:20:00",
  "value" : "10"
},{
  "dateTime" : "08/23/15 18:22:00",
  "value" : "10"
},{
  "dateTime" : "08/23/15 18:27:00",
  "value" : "10"
},{
  "dateTime" : "08/23/15 19:39:00",
  "value" : "10"
},{
  "dateTime" : "08/23/15 19:41:00",
  "value" : "20"
},{
  "dateTime" : "08/23/15 19:43:00",
  "value" : "10"
},{
  "dateTime" : "08/23/15 19:45:00",
  "value" : "10"
},{
  "dateTime" : "08/23/15 22:56:00",
  "value" : "10"
},{
  "dateTime" : "08/23/15 23:00:00",
  "value" : "10"
},{
  "dateTime" : "08/24/15 07:29:00",
  "value" : "10"
},{
  "dateTime" : "08/24/15 08:18:00",
  "value" : "10"
},{
  "dateTime" : "08/24/15 09:02:00",
  "value" : "10"
},{
  "dateTime" : "08/24/15 09:15:00",
  "value" : "10"
},{
  "dateTime" : "08/24/15 09:45:00",
  "value" : "20"
},{
  "dateTime" : "08/24/15 09:54:00",
  "value" : "20"
},{
  "dateTime" : "08/24/15 09:56:00",
  "value" : "30"
},{
  "dateTime" : "08/24/15 09:57:00",
  "value" : "10"
},{
  "dateTime" : "08/24/15 10:09:00",
  "value" : "10"
},{
  "dateTime" : "08/24/15 13:35:00",
  "value" : "10"
},{
  "dateTime" : "08/24/15 13:51:00",
  "value" : "10"
},{
  "dateTime" : "08/24/15 13:57:00",
  "value" : "20"
},{
  "dateTime" : "08/24/15 13:58:00",
  "value" : "10"
},{
  "dateTime" : "08/24/15 16:02:00",
  "value" : "10"
},{
  "dateTime" : "08/24/15 17:15:00",
  "value" : "10"
},{
  "dateTime" : "08/24/15 18:11:00",
  "value" : "10"
},{
  "dateTime" : "08/24/15 18:12:00",
  "value" : "10"
},{
  "dateTime" : "08/24/15 18:18:00",
  "value" : "10"
},{
  "dateTime" : "08/24/15 20:11:00",
  "value" : "10"
},{
  "dateTime" : "08/24/15 20:12:00",
  "value" : "10"
},{
  "dateTime" : "08/24/15 20:13:00",
  "value" : "10"
},{
  "dateTime" : "08/24/15 20:26:00",
  "value" : "10"
},{
  "dateTime" : "08/25/15 09:29:00",
  "value" : "10"
},{
  "dateTime" : "08/25/15 10:24:00",
  "value" : "10"
},{
  "dateTime" : "08/25/15 11:52:00",
  "value" : "10"
},{
  "dateTime" : "08/25/15 11:54:00",
  "value" : "10"
},{
  "dateTime" : "08/25/15 11:58:00",
  "value" : "10"
},{
  "dateTime" : "08/25/15 11:59:00",
  "value" : "10"
},{
  "dateTime" : "08/25/15 12:00:00",
  "value" : "20"
},{
  "dateTime" : "08/25/15 12:02:00",
  "value" : "10"
},{
  "dateTime" : "08/25/15 12:05:00",
  "value" : "40"
},{
  "dateTime" : "08/25/15 12:06:00",
  "value" : "30"
},{
  "dateTime" : "08/25/15 12:08:00",
  "value" : "10"
},{
  "dateTime" : "08/25/15 12:10:00",
  "value" : "10"
},{
  "dateTime" : "08/25/15 12:11:00",
  "value" : "10"
},{
  "dateTime" : "08/25/15 12:12:00",
  "value" : "10"
},{
  "dateTime" : "08/25/15 12:13:00",
  "value" : "10"
},{
  "dateTime" : "08/25/15 12:14:00",
  "value" : "0"
},{
  "dateTime" : "08/25/15 12:16:00",
  "value" : "10"
},{
  "dateTime" : "08/25/15 12:17:00",
  "value" : "10"
},{
  "dateTime" : "08/25/15 12:18:00",
  "value" : "10"
},{
  "dateTime" : "08/25/15 12:19:00",
  "value" : "10"
},{
  "dateTime" : "08/25/15 12:22:00",
  "value" : "20"
},{
  "dateTime" : "08/25/15 12:23:00",
  "value" : "10"
},{
  "dateTime" : "08/25/15 12:32:00",
  "value" : "0"
},{
  "dateTime" : "08/25/15 12:36:00",
  "value" : "10"
},{
  "dateTime" : "08/25/15 12:38:00",
  "value" : "10"
},{
  "dateTime" : "08/25/15 12:40:00",
  "value" : "10"
},{
  "dateTime" : "08/25/15 12:41:00",
  "value" : "20"
},{
  "dateTime" : "08/25/15 12:42:00",
  "value" : "10"
},{
  "dateTime" : "08/25/15 12:44:00",
  "value" : "10"
},{
  "dateTime" : "08/25/15 12:45:00",
  "value" : "10"
},{
  "dateTime" : "08/25/15 13:53:00",
  "value" : "10"
},{
  "dateTime" : "08/25/15 13:56:00",
  "value" : "20"
},{
  "dateTime" : "08/25/15 13:58:00",
  "value" : "10"
},{
  "dateTime" : "08/25/15 14:22:00",
  "value" : "10"
},{
  "dateTime" : "08/25/15 14:39:00",
  "value" : "10"
},{
  "dateTime" : "08/25/15 14:57:00",
  "value" : "10"
},{
  "dateTime" : "08/25/15 15:03:00",
  "value" : "10"
},{
  "dateTime" : "08/25/15 15:04:00",
  "value" : "10"
},{
  "dateTime" : "08/25/15 15:05:00",
  "value" : "10"
},{
  "dateTime" : "08/25/15 15:07:00",
  "value" : "10"
},{
  "dateTime" : "08/25/15 17:17:00",
  "value" : "10"
},{
  "dateTime" : "08/25/15 17:38:00",
  "value" : "10"
},{
  "dateTime" : "08/25/15 17:39:00",
  "value" : "10"
},{
  "dateTime" : "08/25/15 18:17:00",
  "value" : "10"
},{
  "dateTime" : "08/25/15 19:00:00",
  "value" : "10"
},{
  "dateTime" : "08/25/15 19:05:00",
  "value" : "10"
},{
  "dateTime" : "08/25/15 19:06:00",
  "value" : "10"
},{
  "dateTime" : "08/25/15 19:07:00",
  "value" : "10"
},{
  "dateTime" : "08/25/15 19:17:00",
  "value" : "10"
},{
  "dateTime" : "08/26/15 00:25:00",
  "value" : "10"
},{
  "dateTime" : "08/26/15 07:31:00",
  "value" : "10"
},{
  "dateTime" : "08/26/15 08:08:00",
  "value" : "0"
},{
  "dateTime" : "08/26/15 08:49:00",
  "value" : "10"
},{
  "dateTime" : "08/26/15 08:57:00",
  "value" : "10"
},{
  "dateTime" : "08/26/15 08:58:00",
  "value" : "10"
},{
  "dateTime" : "08/26/15 08:59:00",
  "value" : "10"
},{
  "dateTime" : "08/26/15 09:36:00",
  "value" : "10"
},{
  "dateTime" : "08/26/15 09:46:00",
  "value" : "70"
},{
  "dateTime" : "08/26/15 09:47:00",
  "value" : "20"
},{
  "dateTime" : "08/26/15 09:57:00",
  "value" : "10"
},{
  "dateTime" : "08/26/15 12:00:00",
  "value" : "10"
},{
  "dateTime" : "08/26/15 12:57:00",
  "value" : "10"
},{
  "dateTime" : "08/26/15 14:00:00",
  "value" : "20"
},{
  "dateTime" : "08/26/15 15:38:00",
  "value" : "20"
},{
  "dateTime" : "08/26/15 16:24:00",
  "value" : "0"
},{
  "dateTime" : "08/26/15 16:25:00",
  "value" : "0"
},{
  "dateTime" : "08/26/15 16:26:00",
  "value" : "0"
},{
  "dateTime" : "08/26/15 16:27:00",
  "value" : "0"
},{
  "dateTime" : "08/26/15 17:23:00",
  "value" : "10"
},{
  "dateTime" : "08/26/15 17:52:00",
  "value" : "10"
},{
  "dateTime" : "08/26/15 18:27:00",
  "value" : "20"
},{
  "dateTime" : "08/26/15 18:30:00",
  "value" : "10"
},{
  "dateTime" : "08/26/15 18:37:00",
  "value" : "10"
},{
  "dateTime" : "08/26/15 19:45:00",
  "value" : "20"
},{
  "dateTime" : "08/26/15 19:46:00",
  "value" : "10"
},{
  "dateTime" : "08/26/15 19:47:00",
  "value" : "10"
},{
  "dateTime" : "08/26/15 19:48:00",
  "value" : "10"
},{
  "dateTime" : "08/26/15 19:49:00",
  "value" : "20"
},{
  "dateTime" : "08/26/15 19:59:00",
  "value" : "10"
},{
  "dateTime" : "08/26/15 21:09:00",
  "value" : "10"
},{
  "dateTime" : "08/26/15 23:50:00",
  "value" : "10"
},{
  "dateTime" : "08/27/15 07:23:00",
  "value" : "10"
},{
  "dateTime" : "08/27/15 07:56:00",
  "value" : "10"
},{
  "dateTime" : "08/27/15 08:02:00",
  "value" : "10"
},{
  "dateTime" : "08/27/15 08:05:00",
  "value" : "10"
},{
  "dateTime" : "08/27/15 08:41:00",
  "value" : "20"
},{
  "dateTime" : "08/27/15 08:52:00",
  "value" : "10"
},{
  "dateTime" : "08/27/15 08:53:00",
  "value" : "30"
},{
  "dateTime" : "08/27/15 08:54:00",
  "value" : "10"
},{
  "dateTime" : "08/27/15 09:08:00",
  "value" : "10"
},{
  "dateTime" : "08/27/15 09:09:00",
  "value" : "10"
},{
  "dateTime" : "08/27/15 10:02:00",
  "value" : "20"
},{
  "dateTime" : "08/27/15 10:03:00",
  "value" : "10"
},{
  "dateTime" : "08/27/15 13:02:00",
  "value" : "10"
},{
  "dateTime" : "08/27/15 13:32:00",
  "value" : "10"
},{
  "dateTime" : "08/27/15 13:52:00",
  "value" : "10"
},{
  "dateTime" : "08/27/15 14:10:00",
  "value" : "10"
},{
  "dateTime" : "08/27/15 14:25:00",
  "value" : "10"
},{
  "dateTime" : "08/27/15 14:40:00",
  "value" : "10"
},{
  "dateTime" : "08/27/15 14:42:00",
  "value" : "10"
},{
  "dateTime" : "08/27/15 14:46:00",
  "value" : "10"
},{
  "dateTime" : "08/27/15 14:52:00",
  "value" : "10"
},{
  "dateTime" : "08/27/15 15:27:00",
  "value" : "10"
},{
  "dateTime" : "08/27/15 16:34:00",
  "value" : "10"
},{
  "dateTime" : "08/27/15 17:54:00",
  "value" : "10"
},{
  "dateTime" : "08/27/15 17:55:00",
  "value" : "10"
},{
  "dateTime" : "08/27/15 17:57:00",
  "value" : "10"
},{
  "dateTime" : "08/27/15 17:59:00",
  "value" : "10"
},{
  "dateTime" : "08/27/15 18:04:00",
  "value" : "10"
},{
  "dateTime" : "08/27/15 18:10:00",
  "value" : "10"
},{
  "dateTime" : "08/27/15 19:19:00",
  "value" : "10"
},{
  "dateTime" : "08/27/15 19:39:00",
  "value" : "10"
},{
  "dateTime" : "08/28/15 08:39:00",
  "value" : "10"
},{
  "dateTime" : "08/28/15 08:44:00",
  "value" : "10"
},{
  "dateTime" : "08/28/15 08:48:00",
  "value" : "10"
},{
  "dateTime" : "08/28/15 08:49:00",
  "value" : "10"
},{
  "dateTime" : "08/28/15 09:15:00",
  "value" : "20"
},{
  "dateTime" : "08/28/15 11:19:00",
  "value" : "20"
},{
  "dateTime" : "08/28/15 12:46:00",
  "value" : "10"
},{
  "dateTime" : "08/28/15 12:56:00",
  "value" : "10"
},{
  "dateTime" : "08/28/15 13:01:00",
  "value" : "10"
},{
  "dateTime" : "08/28/15 13:09:00",
  "value" : "20"
},{
  "dateTime" : "08/28/15 13:40:00",
  "value" : "10"
},{
  "dateTime" : "08/28/15 13:58:00",
  "value" : "20"
},{
  "dateTime" : "08/28/15 14:01:00",
  "value" : "10"
},{
  "dateTime" : "08/28/15 14:17:00",
  "value" : "10"
},{
  "dateTime" : "08/28/15 14:19:00",
  "value" : "20"
},{
  "dateTime" : "08/28/15 14:20:00",
  "value" : "10"
},{
  "dateTime" : "08/28/15 15:16:00",
  "value" : "20"
},{
  "dateTime" : "08/28/15 15:21:00",
  "value" : "10"
},{
  "dateTime" : "08/28/15 16:15:00",
  "value" : "20"
},{
  "dateTime" : "08/28/15 16:50:00",
  "value" : "10"
},{
  "dateTime" : "08/28/15 17:07:00",
  "value" : "10"
},{
  "dateTime" : "08/28/15 17:17:00",
  "value" : "10"
},{
  "dateTime" : "08/28/15 17:21:00",
  "value" : "10"
},{
  "dateTime" : "08/28/15 17:23:00",
  "value" : "10"
},{
  "dateTime" : "08/29/15 07:45:00",
  "value" : "10"
},{
  "dateTime" : "08/29/15 10:34:00",
  "value" : "10"
},{
  "dateTime" : "08/29/15 10:43:00",
  "value" : "10"
},{
  "dateTime" : "08/29/15 12:56:00",
  "value" : "10"
},{
  "dateTime" : "08/29/15 17:17:00",
  "value" : "10"
},{
  "dateTime" : "08/29/15 17:28:00",
  "value" : "10"
},{
  "dateTime" : "08/29/15 17:31:00",
  "value" : "20"
},{
  "dateTime" : "08/29/15 18:19:00",
  "value" : "10"
},{
  "dateTime" : "08/29/15 18:20:00",
  "value" : "10"
},{
  "dateTime" : "08/29/15 20:07:00",
  "value" : "10"
},{
  "dateTime" : "08/29/15 22:04:00",
  "value" : "10"
},{
  "dateTime" : "08/29/15 22:08:00",
  "value" : "10"
},{
  "dateTime" : "08/29/15 22:43:00",
  "value" : "10"
},{
  "dateTime" : "08/29/15 22:45:00",
  "value" : "10"
},{
  "dateTime" : "08/30/15 07:56:00",
  "value" : "10"
},{
  "dateTime" : "08/30/15 10:13:00",
  "value" : "10"
},{
  "dateTime" : "08/30/15 10:42:00",
  "value" : "10"
},{
  "dateTime" : "08/30/15 11:56:00",
  "value" : "10"
},{
  "dateTime" : "08/30/15 12:15:00",
  "value" : "10"
},{
  "dateTime" : "08/30/15 12:17:00",
  "value" : "0"
},{
  "dateTime" : "08/30/15 12:22:00",
  "value" : "20"
},{
  "dateTime" : "08/30/15 12:23:00",
  "value" : "10"
},{
  "dateTime" : "08/30/15 12:24:00",
  "value" : "10"
},{
  "dateTime" : "08/30/15 12:38:00",
  "value" : "0"
},{
  "dateTime" : "08/30/15 12:40:00",
  "value" : "10"
},{
  "dateTime" : "08/30/15 12:42:00",
  "value" : "40"
},{
  "dateTime" : "08/30/15 12:43:00",
  "value" : "30"
},{
  "dateTime" : "08/30/15 12:45:00",
  "value" : "10"
},{
  "dateTime" : "08/30/15 12:46:00",
  "value" : "40"
},{
  "dateTime" : "08/30/15 12:47:00",
  "value" : "50"
},{
  "dateTime" : "08/30/15 12:49:00",
  "value" : "30"
},{
  "dateTime" : "08/30/15 12:50:00",
  "value" : "20"
},{
  "dateTime" : "08/30/15 12:51:00",
  "value" : "10"
},{
  "dateTime" : "08/30/15 12:53:00",
  "value" : "60"
},{
  "dateTime" : "08/30/15 12:57:00",
  "value" : "40"
},{
  "dateTime" : "08/30/15 12:58:00",
  "value" : "10"
},{
  "dateTime" : "08/30/15 13:00:00",
  "value" : "30"
},{
  "dateTime" : "08/30/15 13:01:00",
  "value" : "10"
},{
  "dateTime" : "08/30/15 13:02:00",
  "value" : "30"
},{
  "dateTime" : "08/30/15 13:03:00",
  "value" : "0"
},{
  "dateTime" : "08/30/15 13:04:00",
  "value" : "30"
},{
  "dateTime" : "08/30/15 13:05:00",
  "value" : "30"
},{
  "dateTime" : "08/30/15 13:07:00",
  "value" : "30"
},{
  "dateTime" : "08/30/15 13:09:00",
  "value" : "30"
},{
  "dateTime" : "08/30/15 13:10:00",
  "value" : "10"
},{
  "dateTime" : "08/30/15 13:13:00",
  "value" : "10"
},{
  "dateTime" : "08/30/15 13:14:00",
  "value" : "20"
},{
  "dateTime" : "08/30/15 13:16:00",
  "value" : "20"
},{
  "dateTime" : "08/30/15 13:22:00",
  "value" : "10"
},{
  "dateTime" : "08/30/15 13:24:00",
  "value" : "50"
},{
  "dateTime" : "08/30/15 13:28:00",
  "value" : "10"
},{
  "dateTime" : "08/30/15 13:29:00",
  "value" : "20"
},{
  "dateTime" : "08/30/15 13:30:00",
  "value" : "10"
},{
  "dateTime" : "08/30/15 13:31:00",
  "value" : "10"
},{
  "dateTime" : "08/30/15 13:49:00",
  "value" : "10"
},{
  "dateTime" : "08/30/15 13:51:00",
  "value" : "10"
},{
  "dateTime" : "08/30/15 15:12:00",
  "value" : "10"
},{
  "dateTime" : "08/30/15 17:02:00",
  "value" : "10"
},{
  "dateTime" : "08/30/15 17:04:00",
  "value" : "10"
},{
  "dateTime" : "08/30/15 17:13:00",
  "value" : "10"
},{
  "dateTime" : "08/30/15 17:14:00",
  "value" : "10"
},{
  "dateTime" : "08/30/15 17:16:00",
  "value" : "10"
},{
  "dateTime" : "08/30/15 17:21:00",
  "value" : "10"
},{
  "dateTime" : "08/30/15 18:06:00",
  "value" : "10"
},{
  "dateTime" : "08/30/15 18:09:00",
  "value" : "10"
},{
  "dateTime" : "08/30/15 18:31:00",
  "value" : "10"
},{
  "dateTime" : "08/30/15 20:02:00",
  "value" : "10"
},{
  "dateTime" : "08/30/15 20:14:00",
  "value" : "10"
},{
  "dateTime" : "08/31/15 07:23:00",
  "value" : "10"
},{
  "dateTime" : "08/31/15 08:45:00",
  "value" : "10"
},{
  "dateTime" : "08/31/15 09:02:00",
  "value" : "10"
},{
  "dateTime" : "08/31/15 09:14:00",
  "value" : "20"
},{
  "dateTime" : "08/31/15 09:30:00",
  "value" : "20"
},{
  "dateTime" : "08/31/15 09:32:00",
  "value" : "40"
},{
  "dateTime" : "08/31/15 09:43:00",
  "value" : "10"
},{
  "dateTime" : "08/31/15 15:37:00",
  "value" : "10"
},{
  "dateTime" : "08/31/15 15:49:00",
  "value" : "10"
},{
  "dateTime" : "08/31/15 15:51:00",
  "value" : "20"
},{
  "dateTime" : "08/31/15 15:53:00",
  "value" : "10"
},{
  "dateTime" : "08/31/15 16:08:00",
  "value" : "10"
},{
  "dateTime" : "08/31/15 20:12:00",
  "value" : "20"
},{
  "dateTime" : "08/31/15 20:14:00",
  "value" : "10"
},{
  "dateTime" : "08/31/15 22:25:00",
  "value" : "10"
},{
  "dateTime" : "09/01/15 09:42:00",
  "value" : "10"
},{
  "dateTime" : "09/01/15 10:00:00",
  "value" : "10"
},{
  "dateTime" : "09/01/15 10:48:00",
  "value" : "10"
},{
  "dateTime" : "09/01/15 11:54:00",
  "value" : "10"
},{
  "dateTime" : "09/01/15 11:56:00",
  "value" : "10"
},{
  "dateTime" : "09/01/15 13:11:00",
  "value" : "10"
},{
  "dateTime" : "09/01/15 13:21:00",
  "value" : "10"
},{
  "dateTime" : "09/01/15 17:27:00",
  "value" : "10"
},{
  "dateTime" : "09/01/15 19:25:00",
  "value" : "20"
},{
  "dateTime" : "09/01/15 19:27:00",
  "value" : "10"
},{
  "dateTime" : "09/01/15 19:44:00",
  "value" : "10"
},{
  "dateTime" : "09/01/15 21:40:00",
  "value" : "10"
},{
  "dateTime" : "09/01/15 21:58:00",
  "value" : "10"
},{
  "dateTime" : "09/02/15 07:26:00",
  "value" : "10"
},{
  "dateTime" : "09/02/15 08:33:00",
  "value" : "10"
},{
  "dateTime" : "09/02/15 09:08:00",
  "value" : "10"
},{
  "dateTime" : "09/02/15 09:14:00",
  "value" : "10"
},{
  "dateTime" : "09/02/15 09:21:00",
  "value" : "10"
},{
  "dateTime" : "09/02/15 09:42:00",
  "value" : "10"
},{
  "dateTime" : "09/02/15 09:44:00",
  "value" : "10"
},{
  "dateTime" : "09/02/15 10:03:00",
  "value" : "10"
},{
  "dateTime" : "09/02/15 10:04:00",
  "value" : "20"
},{
  "dateTime" : "09/02/15 10:05:00",
  "value" : "40"
},{
  "dateTime" : "09/02/15 10:13:00",
  "value" : "10"
},{
  "dateTime" : "09/02/15 11:55:00",
  "value" : "10"
},{
  "dateTime" : "09/02/15 12:06:00",
  "value" : "10"
},{
  "dateTime" : "09/02/15 12:37:00",
  "value" : "10"
},{
  "dateTime" : "09/02/15 13:12:00",
  "value" : "10"
},{
  "dateTime" : "09/02/15 13:33:00",
  "value" : "10"
},{
  "dateTime" : "09/02/15 16:43:00",
  "value" : "10"
},{
  "dateTime" : "09/02/15 17:01:00",
  "value" : "10"
},{
  "dateTime" : "09/02/15 17:15:00",
  "value" : "10"
},{
  "dateTime" : "09/02/15 19:13:00",
  "value" : "10"
},{
  "dateTime" : "09/03/15 07:50:00",
  "value" : "10"
},{
  "dateTime" : "09/03/15 08:28:00",
  "value" : "10"
},{
  "dateTime" : "09/03/15 08:35:00",
  "value" : "40"
},{
  "dateTime" : "09/03/15 08:37:00",
  "value" : "10"
},{
  "dateTime" : "09/03/15 08:51:00",
  "value" : "10"
},{
  "dateTime" : "09/03/15 13:16:00",
  "value" : "10"
},{
  "dateTime" : "09/03/15 13:43:00",
  "value" : "10"
},{
  "dateTime" : "09/03/15 14:06:00",
  "value" : "10"
},{
  "dateTime" : "09/03/15 14:07:00",
  "value" : "10"
},{
  "dateTime" : "09/03/15 14:12:00",
  "value" : "10"
},{
  "dateTime" : "09/03/15 14:13:00",
  "value" : "10"
},{
  "dateTime" : "09/03/15 14:14:00",
  "value" : "10"
},{
  "dateTime" : "09/03/15 14:33:00",
  "value" : "10"
},{
  "dateTime" : "09/03/15 14:43:00",
  "value" : "10"
},{
  "dateTime" : "09/03/15 14:45:00",
  "value" : "10"
},{
  "dateTime" : "09/03/15 14:54:00",
  "value" : "10"
},{
  "dateTime" : "09/03/15 14:58:00",
  "value" : "20"
},{
  "dateTime" : "09/03/15 14:59:00",
  "value" : "10"
},{
  "dateTime" : "09/03/15 15:05:00",
  "value" : "10"
},{
  "dateTime" : "09/03/15 15:07:00",
  "value" : "10"
},{
  "dateTime" : "09/03/15 15:08:00",
  "value" : "10"
},{
  "dateTime" : "09/03/15 17:51:00",
  "value" : "10"
},{
  "dateTime" : "09/03/15 18:03:00",
  "value" : "10"
},{
  "dateTime" : "09/03/15 18:46:00",
  "value" : "10"
},{
  "dateTime" : "09/03/15 18:47:00",
  "value" : "20"
},{
  "dateTime" : "09/03/15 18:48:00",
  "value" : "10"
},{
  "dateTime" : "09/03/15 21:09:00",
  "value" : "10"
},{
  "dateTime" : "09/04/15 08:04:00",
  "value" : "10"
},{
  "dateTime" : "09/04/15 08:23:00",
  "value" : "10"
},{
  "dateTime" : "09/04/15 08:53:00",
  "value" : "10"
},{
  "dateTime" : "09/04/15 08:55:00",
  "value" : "10"
},{
  "dateTime" : "09/04/15 09:51:00",
  "value" : "30"
},{
  "dateTime" : "09/04/15 10:10:00",
  "value" : "10"
},{
  "dateTime" : "09/04/15 11:02:00",
  "value" : "20"
},{
  "dateTime" : "09/04/15 11:04:00",
  "value" : "10"
},{
  "dateTime" : "09/04/15 13:03:00",
  "value" : "10"
},{
  "dateTime" : "09/04/15 15:14:00",
  "value" : "10"
},{
  "dateTime" : "09/04/15 15:18:00",
  "value" : "10"
},{
  "dateTime" : "09/04/15 15:26:00",
  "value" : "10"
},{
  "dateTime" : "09/04/15 15:27:00",
  "value" : "20"
},{
  "dateTime" : "09/04/15 15:42:00",
  "value" : "10"
},{
  "dateTime" : "09/04/15 16:27:00",
  "value" : "10"
},{
  "dateTime" : "09/04/15 16:29:00",
  "value" : "10"
},{
  "dateTime" : "09/04/15 16:30:00",
  "value" : "10"
},{
  "dateTime" : "09/04/15 16:57:00",
  "value" : "10"
},{
  "dateTime" : "09/04/15 17:14:00",
  "value" : "10"
},{
  "dateTime" : "09/04/15 18:03:00",
  "value" : "10"
},{
  "dateTime" : "09/04/15 18:23:00",
  "value" : "10"
},{
  "dateTime" : "09/04/15 18:27:00",
  "value" : "10"
},{
  "dateTime" : "09/04/15 18:31:00",
  "value" : "10"
},{
  "dateTime" : "09/04/15 18:37:00",
  "value" : "10"
},{
  "dateTime" : "09/04/15 19:17:00",
  "value" : "10"
},{
  "dateTime" : "09/04/15 19:42:00",
  "value" : "10"
},{
  "dateTime" : "09/04/15 19:57:00",
  "value" : "10"
},{
  "dateTime" : "09/04/15 21:38:00",
  "value" : "10"
},{
  "dateTime" : "09/04/15 21:43:00",
  "value" : "10"
},{
  "dateTime" : "09/04/15 21:58:00",
  "value" : "10"
},{
  "dateTime" : "09/04/15 22:06:00",
  "value" : "10"
},{
  "dateTime" : "09/04/15 23:34:00",
  "value" : "10"
},{
  "dateTime" : "09/05/15 00:14:00",
  "value" : "10"
},{
  "dateTime" : "09/05/15 00:16:00",
  "value" : "10"
},{
  "dateTime" : "09/05/15 00:20:00",
  "value" : "10"
},{
  "dateTime" : "09/05/15 00:24:00",
  "value" : "10"
},{
  "dateTime" : "09/05/15 12:10:00",
  "value" : "10"
},{
  "dateTime" : "09/05/15 17:13:00",
  "value" : "10"
},{
  "dateTime" : "09/05/15 17:27:00",
  "value" : "10"
},{
  "dateTime" : "09/05/15 17:30:00",
  "value" : "10"
},{
  "dateTime" : "09/05/15 17:42:00",
  "value" : "10"
},{
  "dateTime" : "09/05/15 18:07:00",
  "value" : "10"
},{
  "dateTime" : "09/05/15 20:02:00",
  "value" : "20"
},{
  "dateTime" : "09/05/15 21:17:00",
  "value" : "10"
},{
  "dateTime" : "09/05/15 21:18:00",
  "value" : "10"
},{
  "dateTime" : "09/05/15 21:51:00",
  "value" : "10"
},{
  "dateTime" : "09/06/15 09:09:00",
  "value" : "10"
},{
  "dateTime" : "09/06/15 11:58:00",
  "value" : "10"
},{
  "dateTime" : "09/06/15 12:58:00",
  "value" : "10"
},{
  "dateTime" : "09/06/15 14:28:00",
  "value" : "10"
},{
  "dateTime" : "09/06/15 18:41:00",
  "value" : "10"
},{
  "dateTime" : "09/06/15 18:49:00",
  "value" : "10"
},{
  "dateTime" : "09/06/15 18:50:00",
  "value" : "10"
},{
  "dateTime" : "09/06/15 19:29:00",
  "value" : "10"
},{
  "dateTime" : "09/06/15 22:01:00",
  "value" : "10"
},{
  "dateTime" : "09/06/15 22:05:00",
  "value" : "10"
}]