[{
  "dateTime" : "12/06/15 07:05:00",
  "value" : "10"
},{
  "dateTime" : "12/06/15 09:45:00",
  "value" : "10"
},{
  "dateTime" : "12/06/15 09:48:00",
  "value" : "10"
},{
  "dateTime" : "12/06/15 09:49:00",
  "value" : "10"
},{
  "dateTime" : "12/06/15 12:49:00",
  "value" : "10"
},{
  "dateTime" : "12/06/15 13:10:00",
  "value" : "10"
},{
  "dateTime" : "12/06/15 17:21:00",
  "value" : "10"
},{
  "dateTime" : "12/06/15 17:22:00",
  "value" : "20"
},{
  "dateTime" : "12/06/15 17:37:00",
  "value" : "10"
},{
  "dateTime" : "12/06/15 18:15:00",
  "value" : "10"
},{
  "dateTime" : "12/06/15 18:42:00",
  "value" : "10"
},{
  "dateTime" : "12/06/15 20:44:00",
  "value" : "10"
},{
  "dateTime" : "12/06/15 23:11:00",
  "value" : "10"
},{
  "dateTime" : "12/07/15 06:54:00",
  "value" : "10"
},{
  "dateTime" : "12/07/15 07:09:00",
  "value" : "10"
},{
  "dateTime" : "12/07/15 07:18:00",
  "value" : "10"
},{
  "dateTime" : "12/07/15 07:26:00",
  "value" : "10"
},{
  "dateTime" : "12/07/15 07:31:00",
  "value" : "10"
},{
  "dateTime" : "12/07/15 07:32:00",
  "value" : "10"
},{
  "dateTime" : "12/07/15 08:12:00",
  "value" : "10"
},{
  "dateTime" : "12/07/15 08:26:00",
  "value" : "10"
},{
  "dateTime" : "12/07/15 08:42:00",
  "value" : "10"
},{
  "dateTime" : "12/07/15 13:02:00",
  "value" : "10"
},{
  "dateTime" : "12/07/15 13:18:00",
  "value" : "20"
},{
  "dateTime" : "12/07/15 13:19:00",
  "value" : "20"
},{
  "dateTime" : "12/07/15 17:33:00",
  "value" : "10"
},{
  "dateTime" : "12/07/15 18:00:00",
  "value" : "10"
},{
  "dateTime" : "12/07/15 18:39:00",
  "value" : "20"
},{
  "dateTime" : "12/07/15 18:40:00",
  "value" : "10"
},{
  "dateTime" : "12/07/15 18:52:00",
  "value" : "10"
},{
  "dateTime" : "12/07/15 18:53:00",
  "value" : "10"
},{
  "dateTime" : "12/07/15 23:05:00",
  "value" : "10"
},{
  "dateTime" : "12/07/15 23:19:00",
  "value" : "10"
},{
  "dateTime" : "12/08/15 07:00:00",
  "value" : "10"
},{
  "dateTime" : "12/08/15 07:16:00",
  "value" : "10"
},{
  "dateTime" : "12/08/15 07:26:00",
  "value" : "10"
},{
  "dateTime" : "12/08/15 07:31:00",
  "value" : "20"
},{
  "dateTime" : "12/08/15 08:04:00",
  "value" : "10"
},{
  "dateTime" : "12/08/15 08:18:00",
  "value" : "10"
},{
  "dateTime" : "12/08/15 08:29:00",
  "value" : "10"
},{
  "dateTime" : "12/08/15 08:39:00",
  "value" : "20"
},{
  "dateTime" : "12/08/15 08:40:00",
  "value" : "20"
},{
  "dateTime" : "12/08/15 13:17:00",
  "value" : "10"
},{
  "dateTime" : "12/08/15 13:19:00",
  "value" : "10"
},{
  "dateTime" : "12/08/15 13:26:00",
  "value" : "10"
},{
  "dateTime" : "12/08/15 13:27:00",
  "value" : "20"
},{
  "dateTime" : "12/08/15 17:33:00",
  "value" : "10"
},{
  "dateTime" : "12/08/15 17:34:00",
  "value" : "20"
},{
  "dateTime" : "12/08/15 17:36:00",
  "value" : "10"
},{
  "dateTime" : "12/08/15 17:37:00",
  "value" : "20"
},{
  "dateTime" : "12/08/15 17:53:00",
  "value" : "10"
},{
  "dateTime" : "12/08/15 18:09:00",
  "value" : "10"
},{
  "dateTime" : "12/08/15 18:10:00",
  "value" : "20"
},{
  "dateTime" : "12/08/15 18:37:00",
  "value" : "10"
},{
  "dateTime" : "12/08/15 18:40:00",
  "value" : "10"
},{
  "dateTime" : "12/08/15 20:02:00",
  "value" : "10"
},{
  "dateTime" : "12/08/15 20:03:00",
  "value" : "10"
},{
  "dateTime" : "12/08/15 20:06:00",
  "value" : "10"
},{
  "dateTime" : "12/08/15 20:45:00",
  "value" : "10"
},{
  "dateTime" : "12/09/15 07:02:00",
  "value" : "10"
},{
  "dateTime" : "12/09/15 07:16:00",
  "value" : "10"
},{
  "dateTime" : "12/09/15 07:35:00",
  "value" : "10"
},{
  "dateTime" : "12/09/15 07:36:00",
  "value" : "10"
},{
  "dateTime" : "12/09/15 08:17:00",
  "value" : "10"
},{
  "dateTime" : "12/09/15 08:32:00",
  "value" : "10"
},{
  "dateTime" : "12/09/15 08:43:00",
  "value" : "20"
},{
  "dateTime" : "12/09/15 08:44:00",
  "value" : "20"
},{
  "dateTime" : "12/09/15 13:18:00",
  "value" : "10"
},{
  "dateTime" : "12/09/15 13:19:00",
  "value" : "30"
},{
  "dateTime" : "12/09/15 17:35:00",
  "value" : "10"
},{
  "dateTime" : "12/09/15 17:40:00",
  "value" : "10"
},{
  "dateTime" : "12/09/15 18:07:00",
  "value" : "10"
},{
  "dateTime" : "12/09/15 18:12:00",
  "value" : "10"
},{
  "dateTime" : "12/09/15 18:49:00",
  "value" : "10"
},{
  "dateTime" : "12/09/15 18:50:00",
  "value" : "10"
},{
  "dateTime" : "12/09/15 18:51:00",
  "value" : "20"
},{
  "dateTime" : "12/09/15 18:52:00",
  "value" : "10"
},{
  "dateTime" : "12/09/15 19:22:00",
  "value" : "10"
},{
  "dateTime" : "12/09/15 19:43:00",
  "value" : "10"
},{
  "dateTime" : "12/09/15 19:54:00",
  "value" : "10"
},{
  "dateTime" : "12/09/15 20:55:00",
  "value" : "10"
},{
  "dateTime" : "12/10/15 07:16:00",
  "value" : "10"
},{
  "dateTime" : "12/10/15 07:29:00",
  "value" : "10"
},{
  "dateTime" : "12/10/15 07:34:00",
  "value" : "10"
},{
  "dateTime" : "12/10/15 07:35:00",
  "value" : "10"
},{
  "dateTime" : "12/10/15 08:13:00",
  "value" : "10"
},{
  "dateTime" : "12/10/15 08:28:00",
  "value" : "20"
},{
  "dateTime" : "12/10/15 08:36:00",
  "value" : "10"
},{
  "dateTime" : "12/10/15 08:37:00",
  "value" : "20"
},{
  "dateTime" : "12/10/15 08:38:00",
  "value" : "10"
},{
  "dateTime" : "12/10/15 13:18:00",
  "value" : "10"
},{
  "dateTime" : "12/10/15 13:19:00",
  "value" : "30"
},{
  "dateTime" : "12/10/15 17:57:00",
  "value" : "10"
},{
  "dateTime" : "12/10/15 17:58:00",
  "value" : "10"
},{
  "dateTime" : "12/10/15 18:00:00",
  "value" : "20"
},{
  "dateTime" : "12/10/15 18:01:00",
  "value" : "10"
},{
  "dateTime" : "12/10/15 18:13:00",
  "value" : "10"
},{
  "dateTime" : "12/10/15 18:48:00",
  "value" : "10"
},{
  "dateTime" : "12/10/15 18:50:00",
  "value" : "10"
},{
  "dateTime" : "12/10/15 18:52:00",
  "value" : "10"
},{
  "dateTime" : "12/10/15 18:57:00",
  "value" : "10"
},{
  "dateTime" : "12/10/15 19:00:00",
  "value" : "0"
},{
  "dateTime" : "12/10/15 19:03:00",
  "value" : "10"
},{
  "dateTime" : "12/10/15 19:04:00",
  "value" : "0"
},{
  "dateTime" : "12/10/15 19:05:00",
  "value" : "10"
},{
  "dateTime" : "12/10/15 19:06:00",
  "value" : "20"
},{
  "dateTime" : "12/10/15 19:07:00",
  "value" : "10"
},{
  "dateTime" : "12/10/15 19:11:00",
  "value" : "60"
},{
  "dateTime" : "12/10/15 19:12:00",
  "value" : "10"
},{
  "dateTime" : "12/10/15 19:13:00",
  "value" : "10"
},{
  "dateTime" : "12/10/15 19:15:00",
  "value" : "10"
},{
  "dateTime" : "12/10/15 19:16:00",
  "value" : "10"
},{
  "dateTime" : "12/10/15 19:18:00",
  "value" : "10"
},{
  "dateTime" : "12/10/15 19:19:00",
  "value" : "10"
},{
  "dateTime" : "12/10/15 19:20:00",
  "value" : "10"
},{
  "dateTime" : "12/10/15 19:21:00",
  "value" : "10"
},{
  "dateTime" : "12/10/15 19:22:00",
  "value" : "10"
},{
  "dateTime" : "12/10/15 19:25:00",
  "value" : "20"
},{
  "dateTime" : "12/10/15 19:26:00",
  "value" : "10"
},{
  "dateTime" : "12/10/15 19:28:00",
  "value" : "0"
},{
  "dateTime" : "12/10/15 19:32:00",
  "value" : "0"
},{
  "dateTime" : "12/10/15 19:34:00",
  "value" : "0"
},{
  "dateTime" : "12/10/15 19:41:00",
  "value" : "20"
},{
  "dateTime" : "12/10/15 19:46:00",
  "value" : "20"
},{
  "dateTime" : "12/10/15 19:47:00",
  "value" : "10"
},{
  "dateTime" : "12/10/15 19:50:00",
  "value" : "10"
},{
  "dateTime" : "12/10/15 23:34:00",
  "value" : "10"
},{
  "dateTime" : "12/10/15 23:44:00",
  "value" : "10"
},{
  "dateTime" : "12/11/15 07:03:00",
  "value" : "10"
},{
  "dateTime" : "12/11/15 07:18:00",
  "value" : "10"
},{
  "dateTime" : "12/11/15 07:33:00",
  "value" : "20"
},{
  "dateTime" : "12/11/15 07:34:00",
  "value" : "10"
},{
  "dateTime" : "12/11/15 08:13:00",
  "value" : "10"
},{
  "dateTime" : "12/11/15 08:25:00",
  "value" : "20"
},{
  "dateTime" : "12/11/15 08:34:00",
  "value" : "20"
},{
  "dateTime" : "12/11/15 08:35:00",
  "value" : "20"
},{
  "dateTime" : "12/11/15 13:17:00",
  "value" : "10"
},{
  "dateTime" : "12/11/15 13:18:00",
  "value" : "20"
},{
  "dateTime" : "12/11/15 18:25:00",
  "value" : "10"
},{
  "dateTime" : "12/11/15 18:26:00",
  "value" : "10"
},{
  "dateTime" : "12/11/15 18:27:00",
  "value" : "20"
},{
  "dateTime" : "12/11/15 18:28:00",
  "value" : "10"
},{
  "dateTime" : "12/11/15 18:42:00",
  "value" : "10"
},{
  "dateTime" : "12/11/15 19:26:00",
  "value" : "10"
},{
  "dateTime" : "12/11/15 19:28:00",
  "value" : "20"
},{
  "dateTime" : "12/11/15 19:30:00",
  "value" : "10"
},{
  "dateTime" : "12/11/15 20:01:00",
  "value" : "10"
},{
  "dateTime" : "12/11/15 20:06:00",
  "value" : "10"
},{
  "dateTime" : "12/11/15 21:08:00",
  "value" : "10"
},{
  "dateTime" : "12/11/15 21:35:00",
  "value" : "10"
},{
  "dateTime" : "12/12/15 07:52:00",
  "value" : "10"
},{
  "dateTime" : "12/12/15 08:16:00",
  "value" : "10"
},{
  "dateTime" : "12/12/15 08:18:00",
  "value" : "10"
},{
  "dateTime" : "12/12/15 08:22:00",
  "value" : "10"
},{
  "dateTime" : "12/12/15 08:31:00",
  "value" : "10"
},{
  "dateTime" : "12/12/15 08:47:00",
  "value" : "10"
},{
  "dateTime" : "12/12/15 10:04:00",
  "value" : "10"
},{
  "dateTime" : "12/12/15 22:51:00",
  "value" : "10"
},{
  "dateTime" : "12/12/15 23:07:00",
  "value" : "10"
},{
  "dateTime" : "12/13/15 08:56:00",
  "value" : "10"
},{
  "dateTime" : "12/13/15 09:25:00",
  "value" : "10"
},{
  "dateTime" : "12/13/15 17:13:00",
  "value" : "10"
},{
  "dateTime" : "12/13/15 17:30:00",
  "value" : "10"
},{
  "dateTime" : "12/13/15 17:32:00",
  "value" : "10"
},{
  "dateTime" : "12/13/15 17:37:00",
  "value" : "10"
},{
  "dateTime" : "12/13/15 17:38:00",
  "value" : "10"
},{
  "dateTime" : "12/13/15 21:38:00",
  "value" : "10"
},{
  "dateTime" : "12/13/15 22:41:00",
  "value" : "10"
},{
  "dateTime" : "12/14/15 07:31:00",
  "value" : "10"
},{
  "dateTime" : "12/14/15 07:33:00",
  "value" : "10"
},{
  "dateTime" : "12/14/15 08:15:00",
  "value" : "10"
},{
  "dateTime" : "12/14/15 08:28:00",
  "value" : "10"
},{
  "dateTime" : "12/14/15 08:29:00",
  "value" : "10"
},{
  "dateTime" : "12/14/15 08:39:00",
  "value" : "10"
},{
  "dateTime" : "12/14/15 08:40:00",
  "value" : "20"
},{
  "dateTime" : "12/14/15 08:53:00",
  "value" : "10"
},{
  "dateTime" : "12/14/15 13:27:00",
  "value" : "20"
},{
  "dateTime" : "12/14/15 13:28:00",
  "value" : "10"
},{
  "dateTime" : "12/14/15 19:38:00",
  "value" : "10"
},{
  "dateTime" : "12/14/15 21:22:00",
  "value" : "10"
},{
  "dateTime" : "12/14/15 21:23:00",
  "value" : "10"
},{
  "dateTime" : "12/15/15 07:34:00",
  "value" : "10"
},{
  "dateTime" : "12/15/15 08:14:00",
  "value" : "10"
},{
  "dateTime" : "12/15/15 08:26:00",
  "value" : "10"
},{
  "dateTime" : "12/15/15 08:27:00",
  "value" : "10"
},{
  "dateTime" : "12/15/15 08:28:00",
  "value" : "10"
},{
  "dateTime" : "12/15/15 08:36:00",
  "value" : "20"
},{
  "dateTime" : "12/15/15 08:37:00",
  "value" : "20"
},{
  "dateTime" : "12/15/15 13:37:00",
  "value" : "10"
},{
  "dateTime" : "12/15/15 13:38:00",
  "value" : "20"
},{
  "dateTime" : "12/15/15 18:31:00",
  "value" : "10"
},{
  "dateTime" : "12/15/15 18:32:00",
  "value" : "20"
},{
  "dateTime" : "12/15/15 18:33:00",
  "value" : "10"
},{
  "dateTime" : "12/15/15 18:34:00",
  "value" : "10"
},{
  "dateTime" : "12/15/15 18:58:00",
  "value" : "10"
},{
  "dateTime" : "12/15/15 19:26:00",
  "value" : "10"
},{
  "dateTime" : "12/15/15 19:27:00",
  "value" : "10"
},{
  "dateTime" : "12/15/15 19:30:00",
  "value" : "10"
},{
  "dateTime" : "12/15/15 19:47:00",
  "value" : "10"
},{
  "dateTime" : "12/15/15 19:48:00",
  "value" : "10"
},{
  "dateTime" : "12/15/15 19:51:00",
  "value" : "0"
},{
  "dateTime" : "12/15/15 19:52:00",
  "value" : "10"
},{
  "dateTime" : "12/15/15 19:55:00",
  "value" : "0"
},{
  "dateTime" : "12/15/15 19:58:00",
  "value" : "10"
},{
  "dateTime" : "12/15/15 19:59:00",
  "value" : "0"
},{
  "dateTime" : "12/15/15 20:03:00",
  "value" : "10"
},{
  "dateTime" : "12/15/15 20:04:00",
  "value" : "10"
},{
  "dateTime" : "12/15/15 20:05:00",
  "value" : "10"
},{
  "dateTime" : "12/15/15 20:08:00",
  "value" : "0"
},{
  "dateTime" : "12/15/15 20:09:00",
  "value" : "10"
},{
  "dateTime" : "12/15/15 20:12:00",
  "value" : "0"
},{
  "dateTime" : "12/15/15 20:16:00",
  "value" : "0"
},{
  "dateTime" : "12/15/15 20:20:00",
  "value" : "0"
},{
  "dateTime" : "12/15/15 20:21:00",
  "value" : "10"
},{
  "dateTime" : "12/15/15 20:24:00",
  "value" : "10"
},{
  "dateTime" : "12/15/15 20:28:00",
  "value" : "0"
},{
  "dateTime" : "12/15/15 20:31:00",
  "value" : "10"
},{
  "dateTime" : "12/15/15 20:32:00",
  "value" : "0"
},{
  "dateTime" : "12/15/15 20:34:00",
  "value" : "0"
},{
  "dateTime" : "12/15/15 20:39:00",
  "value" : "10"
},{
  "dateTime" : "12/15/15 20:40:00",
  "value" : "10"
},{
  "dateTime" : "12/15/15 20:44:00",
  "value" : "10"
},{
  "dateTime" : "12/15/15 20:46:00",
  "value" : "10"
},{
  "dateTime" : "12/15/15 20:47:00",
  "value" : "10"
},{
  "dateTime" : "12/15/15 21:01:00",
  "value" : "10"
},{
  "dateTime" : "12/15/15 21:38:00",
  "value" : "10"
},{
  "dateTime" : "12/15/15 22:15:00",
  "value" : "10"
},{
  "dateTime" : "12/16/15 07:01:00",
  "value" : "10"
},{
  "dateTime" : "12/16/15 07:15:00",
  "value" : "10"
},{
  "dateTime" : "12/16/15 07:18:00",
  "value" : "10"
},{
  "dateTime" : "12/16/15 07:23:00",
  "value" : "10"
},{
  "dateTime" : "12/16/15 07:35:00",
  "value" : "10"
},{
  "dateTime" : "12/16/15 07:54:00",
  "value" : "10"
},{
  "dateTime" : "12/16/15 07:56:00",
  "value" : "20"
},{
  "dateTime" : "12/16/15 08:17:00",
  "value" : "10"
},{
  "dateTime" : "12/16/15 08:31:00",
  "value" : "10"
},{
  "dateTime" : "12/16/15 08:32:00",
  "value" : "10"
},{
  "dateTime" : "12/16/15 08:33:00",
  "value" : "10"
},{
  "dateTime" : "12/16/15 08:42:00",
  "value" : "10"
},{
  "dateTime" : "12/16/15 08:43:00",
  "value" : "20"
},{
  "dateTime" : "12/16/15 08:44:00",
  "value" : "10"
},{
  "dateTime" : "12/16/15 13:21:00",
  "value" : "10"
},{
  "dateTime" : "12/16/15 13:22:00",
  "value" : "20"
},{
  "dateTime" : "12/16/15 13:23:00",
  "value" : "10"
},{
  "dateTime" : "12/16/15 17:45:00",
  "value" : "10"
},{
  "dateTime" : "12/16/15 18:13:00",
  "value" : "10"
},{
  "dateTime" : "12/16/15 18:48:00",
  "value" : "10"
},{
  "dateTime" : "12/16/15 18:49:00",
  "value" : "10"
},{
  "dateTime" : "12/16/15 18:50:00",
  "value" : "10"
},{
  "dateTime" : "12/16/15 18:53:00",
  "value" : "10"
},{
  "dateTime" : "12/16/15 19:11:00",
  "value" : "10"
},{
  "dateTime" : "12/16/15 23:35:00",
  "value" : "10"
},{
  "dateTime" : "12/16/15 23:36:00",
  "value" : "10"
},{
  "dateTime" : "12/17/15 06:51:00",
  "value" : "10"
},{
  "dateTime" : "12/17/15 07:12:00",
  "value" : "10"
},{
  "dateTime" : "12/17/15 07:16:00",
  "value" : "10"
},{
  "dateTime" : "12/17/15 07:34:00",
  "value" : "10"
},{
  "dateTime" : "12/17/15 08:03:00",
  "value" : "10"
},{
  "dateTime" : "12/17/15 08:16:00",
  "value" : "10"
},{
  "dateTime" : "12/17/15 08:29:00",
  "value" : "10"
},{
  "dateTime" : "12/17/15 08:36:00",
  "value" : "10"
},{
  "dateTime" : "12/17/15 08:37:00",
  "value" : "10"
},{
  "dateTime" : "12/17/15 08:38:00",
  "value" : "10"
},{
  "dateTime" : "12/18/15 06:44:00",
  "value" : "10"
},{
  "dateTime" : "12/18/15 07:20:00",
  "value" : "10"
},{
  "dateTime" : "12/18/15 07:32:00",
  "value" : "10"
},{
  "dateTime" : "12/18/15 08:12:00",
  "value" : "10"
},{
  "dateTime" : "12/18/15 08:26:00",
  "value" : "10"
},{
  "dateTime" : "12/18/15 08:35:00",
  "value" : "10"
},{
  "dateTime" : "12/18/15 08:36:00",
  "value" : "20"
},{
  "dateTime" : "12/18/15 08:40:00",
  "value" : "10"
},{
  "dateTime" : "12/18/15 13:17:00",
  "value" : "10"
},{
  "dateTime" : "12/18/15 13:18:00",
  "value" : "20"
},{
  "dateTime" : "12/18/15 17:56:00",
  "value" : "10"
},{
  "dateTime" : "12/18/15 17:57:00",
  "value" : "20"
},{
  "dateTime" : "12/18/15 17:58:00",
  "value" : "10"
},{
  "dateTime" : "12/18/15 17:59:00",
  "value" : "10"
},{
  "dateTime" : "12/18/15 18:13:00",
  "value" : "10"
},{
  "dateTime" : "12/18/15 23:58:00",
  "value" : "30"
},{
  "dateTime" : "12/18/15 23:59:00",
  "value" : "20"
},{
  "dateTime" : "12/19/15 00:22:00",
  "value" : "10"
},{
  "dateTime" : "12/19/15 01:09:00",
  "value" : "10"
},{
  "dateTime" : "12/19/15 01:10:00",
  "value" : "10"
},{
  "dateTime" : "12/19/15 11:40:00",
  "value" : "10"
},{
  "dateTime" : "12/19/15 12:49:00",
  "value" : "10"
},{
  "dateTime" : "12/19/15 15:51:00",
  "value" : "10"
},{
  "dateTime" : "12/19/15 16:10:00",
  "value" : "10"
},{
  "dateTime" : "12/19/15 16:15:00",
  "value" : "10"
},{
  "dateTime" : "12/19/15 16:23:00",
  "value" : "10"
},{
  "dateTime" : "12/19/15 18:51:00",
  "value" : "10"
},{
  "dateTime" : "12/19/15 19:31:00",
  "value" : "10"
},{
  "dateTime" : "12/19/15 20:37:00",
  "value" : "10"
},{
  "dateTime" : "12/19/15 22:32:00",
  "value" : "10"
},{
  "dateTime" : "12/20/15 09:40:00",
  "value" : "10"
},{
  "dateTime" : "12/20/15 09:54:00",
  "value" : "10"
},{
  "dateTime" : "12/20/15 10:35:00",
  "value" : "10"
},{
  "dateTime" : "12/20/15 10:38:00",
  "value" : "10"
},{
  "dateTime" : "12/20/15 10:54:00",
  "value" : "10"
},{
  "dateTime" : "12/20/15 11:02:00",
  "value" : "10"
},{
  "dateTime" : "12/20/15 11:07:00",
  "value" : "10"
},{
  "dateTime" : "12/20/15 13:18:00",
  "value" : "10"
},{
  "dateTime" : "12/20/15 14:44:00",
  "value" : "10"
},{
  "dateTime" : "12/20/15 15:29:00",
  "value" : "10"
},{
  "dateTime" : "12/20/15 19:20:00",
  "value" : "10"
},{
  "dateTime" : "12/20/15 19:31:00",
  "value" : "20"
},{
  "dateTime" : "12/20/15 19:44:00",
  "value" : "10"
},{
  "dateTime" : "12/20/15 22:15:00",
  "value" : "20"
},{
  "dateTime" : "12/20/15 22:18:00",
  "value" : "10"
},{
  "dateTime" : "12/21/15 07:35:00",
  "value" : "10"
},{
  "dateTime" : "12/21/15 07:39:00",
  "value" : "10"
},{
  "dateTime" : "12/21/15 07:41:00",
  "value" : "10"
},{
  "dateTime" : "12/21/15 07:42:00",
  "value" : "10"
},{
  "dateTime" : "12/21/15 08:07:00",
  "value" : "10"
},{
  "dateTime" : "12/21/15 08:28:00",
  "value" : "10"
},{
  "dateTime" : "12/21/15 08:40:00",
  "value" : "10"
},{
  "dateTime" : "12/21/15 08:41:00",
  "value" : "20"
},{
  "dateTime" : "12/21/15 13:32:00",
  "value" : "20"
},{
  "dateTime" : "12/21/15 13:33:00",
  "value" : "20"
},{
  "dateTime" : "12/21/15 19:07:00",
  "value" : "10"
},{
  "dateTime" : "12/21/15 19:08:00",
  "value" : "10"
},{
  "dateTime" : "12/21/15 19:09:00",
  "value" : "20"
},{
  "dateTime" : "12/21/15 19:39:00",
  "value" : "20"
},{
  "dateTime" : "12/21/15 20:00:00",
  "value" : "10"
},{
  "dateTime" : "12/21/15 21:41:00",
  "value" : "10"
},{
  "dateTime" : "12/21/15 21:44:00",
  "value" : "10"
},{
  "dateTime" : "12/21/15 22:54:00",
  "value" : "10"
},{
  "dateTime" : "12/21/15 23:30:00",
  "value" : "10"
},{
  "dateTime" : "12/22/15 00:00:00",
  "value" : "10"
},{
  "dateTime" : "12/22/15 06:32:00",
  "value" : "10"
},{
  "dateTime" : "12/22/15 07:29:00",
  "value" : "10"
},{
  "dateTime" : "12/22/15 07:32:00",
  "value" : "10"
},{
  "dateTime" : "12/22/15 07:34:00",
  "value" : "10"
},{
  "dateTime" : "12/22/15 08:12:00",
  "value" : "10"
},{
  "dateTime" : "12/22/15 08:26:00",
  "value" : "10"
},{
  "dateTime" : "12/22/15 08:36:00",
  "value" : "10"
},{
  "dateTime" : "12/22/15 08:37:00",
  "value" : "10"
},{
  "dateTime" : "12/22/15 08:38:00",
  "value" : "10"
},{
  "dateTime" : "12/22/15 08:42:00",
  "value" : "10"
},{
  "dateTime" : "12/22/15 13:33:00",
  "value" : "10"
},{
  "dateTime" : "12/22/15 13:34:00",
  "value" : "20"
},{
  "dateTime" : "12/22/15 13:35:00",
  "value" : "10"
},{
  "dateTime" : "12/22/15 17:39:00",
  "value" : "10"
},{
  "dateTime" : "12/22/15 18:12:00",
  "value" : "10"
},{
  "dateTime" : "12/22/15 18:39:00",
  "value" : "20"
},{
  "dateTime" : "12/22/15 18:48:00",
  "value" : "10"
},{
  "dateTime" : "12/22/15 18:50:00",
  "value" : "20"
},{
  "dateTime" : "12/22/15 18:51:00",
  "value" : "10"
},{
  "dateTime" : "12/22/15 19:10:00",
  "value" : "10"
},{
  "dateTime" : "12/22/15 19:11:00",
  "value" : "10"
},{
  "dateTime" : "12/22/15 19:19:00",
  "value" : "10"
},{
  "dateTime" : "12/22/15 20:32:00",
  "value" : "10"
},{
  "dateTime" : "12/22/15 20:33:00",
  "value" : "10"
},{
  "dateTime" : "12/22/15 20:35:00",
  "value" : "10"
},{
  "dateTime" : "12/22/15 20:36:00",
  "value" : "10"
},{
  "dateTime" : "12/22/15 20:38:00",
  "value" : "10"
},{
  "dateTime" : "12/22/15 20:41:00",
  "value" : "20"
},{
  "dateTime" : "12/22/15 22:58:00",
  "value" : "10"
},{
  "dateTime" : "12/22/15 23:38:00",
  "value" : "10"
},{
  "dateTime" : "12/23/15 07:01:00",
  "value" : "10"
},{
  "dateTime" : "12/23/15 07:12:00",
  "value" : "10"
},{
  "dateTime" : "12/23/15 08:03:00",
  "value" : "10"
},{
  "dateTime" : "12/23/15 08:18:00",
  "value" : "10"
},{
  "dateTime" : "12/23/15 08:19:00",
  "value" : "10"
},{
  "dateTime" : "12/23/15 08:29:00",
  "value" : "10"
},{
  "dateTime" : "12/23/15 08:38:00",
  "value" : "20"
},{
  "dateTime" : "12/23/15 08:39:00",
  "value" : "10"
},{
  "dateTime" : "12/23/15 08:43:00",
  "value" : "10"
},{
  "dateTime" : "12/23/15 13:30:00",
  "value" : "10"
},{
  "dateTime" : "12/23/15 13:31:00",
  "value" : "20"
},{
  "dateTime" : "12/23/15 18:00:00",
  "value" : "20"
},{
  "dateTime" : "12/23/15 18:02:00",
  "value" : "10"
},{
  "dateTime" : "12/23/15 18:12:00",
  "value" : "10"
},{
  "dateTime" : "12/23/15 18:42:00",
  "value" : "10"
},{
  "dateTime" : "12/23/15 22:11:00",
  "value" : "10"
},{
  "dateTime" : "12/23/15 22:37:00",
  "value" : "10"
},{
  "dateTime" : "12/23/15 22:39:00",
  "value" : "10"
},{
  "dateTime" : "12/23/15 22:41:00",
  "value" : "10"
},{
  "dateTime" : "12/23/15 22:44:00",
  "value" : "20"
},{
  "dateTime" : "12/23/15 22:45:00",
  "value" : "10"
},{
  "dateTime" : "12/23/15 23:00:00",
  "value" : "10"
},{
  "dateTime" : "12/23/15 23:04:00",
  "value" : "10"
},{
  "dateTime" : "12/24/15 07:05:00",
  "value" : "10"
},{
  "dateTime" : "12/24/15 07:30:00",
  "value" : "10"
},{
  "dateTime" : "12/24/15 07:41:00",
  "value" : "10"
},{
  "dateTime" : "12/24/15 07:43:00",
  "value" : "20"
},{
  "dateTime" : "12/24/15 07:45:00",
  "value" : "10"
},{
  "dateTime" : "12/24/15 07:46:00",
  "value" : "10"
},{
  "dateTime" : "12/24/15 08:09:00",
  "value" : "10"
},{
  "dateTime" : "12/24/15 08:21:00",
  "value" : "10"
},{
  "dateTime" : "12/24/15 08:30:00",
  "value" : "10"
},{
  "dateTime" : "12/24/15 08:38:00",
  "value" : "10"
},{
  "dateTime" : "12/24/15 08:39:00",
  "value" : "10"
},{
  "dateTime" : "12/24/15 08:40:00",
  "value" : "20"
},{
  "dateTime" : "12/24/15 13:13:00",
  "value" : "10"
},{
  "dateTime" : "12/24/15 13:14:00",
  "value" : "20"
},{
  "dateTime" : "12/24/15 13:15:00",
  "value" : "10"
},{
  "dateTime" : "12/24/15 15:59:00",
  "value" : "10"
},{
  "dateTime" : "12/24/15 16:26:00",
  "value" : "10"
},{
  "dateTime" : "12/24/15 17:07:00",
  "value" : "30"
},{
  "dateTime" : "12/24/15 17:13:00",
  "value" : "10"
},{
  "dateTime" : "12/24/15 17:15:00",
  "value" : "10"
},{
  "dateTime" : "12/24/15 18:02:00",
  "value" : "10"
},{
  "dateTime" : "12/24/15 18:21:00",
  "value" : "10"
},{
  "dateTime" : "12/24/15 18:59:00",
  "value" : "10"
},{
  "dateTime" : "12/24/15 20:38:00",
  "value" : "10"
},{
  "dateTime" : "12/24/15 20:39:00",
  "value" : "10"
},{
  "dateTime" : "12/24/15 20:40:00",
  "value" : "20"
},{
  "dateTime" : "12/24/15 21:02:00",
  "value" : "10"
},{
  "dateTime" : "12/25/15 08:12:00",
  "value" : "10"
},{
  "dateTime" : "12/25/15 10:33:00",
  "value" : "10"
},{
  "dateTime" : "12/25/15 11:26:00",
  "value" : "10"
},{
  "dateTime" : "12/25/15 11:41:00",
  "value" : "10"
},{
  "dateTime" : "12/25/15 11:42:00",
  "value" : "10"
},{
  "dateTime" : "12/25/15 12:06:00",
  "value" : "10"
},{
  "dateTime" : "12/25/15 12:25:00",
  "value" : "10"
},{
  "dateTime" : "12/25/15 12:45:00",
  "value" : "10"
},{
  "dateTime" : "12/25/15 12:56:00",
  "value" : "10"
},{
  "dateTime" : "12/25/15 12:59:00",
  "value" : "10"
},{
  "dateTime" : "12/25/15 13:07:00",
  "value" : "10"
},{
  "dateTime" : "12/25/15 13:13:00",
  "value" : "10"
},{
  "dateTime" : "12/25/15 14:45:00",
  "value" : "10"
},{
  "dateTime" : "12/25/15 14:46:00",
  "value" : "10"
},{
  "dateTime" : "12/25/15 16:50:00",
  "value" : "10"
},{
  "dateTime" : "12/25/15 16:54:00",
  "value" : "20"
},{
  "dateTime" : "12/25/15 18:35:00",
  "value" : "10"
},{
  "dateTime" : "12/25/15 19:18:00",
  "value" : "10"
},{
  "dateTime" : "12/25/15 20:23:00",
  "value" : "20"
},{
  "dateTime" : "12/25/15 20:26:00",
  "value" : "10"
},{
  "dateTime" : "12/25/15 20:27:00",
  "value" : "10"
},{
  "dateTime" : "12/25/15 20:28:00",
  "value" : "10"
},{
  "dateTime" : "12/25/15 20:30:00",
  "value" : "10"
},{
  "dateTime" : "12/25/15 20:32:00",
  "value" : "10"
},{
  "dateTime" : "12/25/15 20:33:00",
  "value" : "10"
},{
  "dateTime" : "12/25/15 20:37:00",
  "value" : "20"
},{
  "dateTime" : "12/25/15 20:41:00",
  "value" : "10"
},{
  "dateTime" : "12/25/15 20:43:00",
  "value" : "10"
},{
  "dateTime" : "12/25/15 20:56:00",
  "value" : "10"
},{
  "dateTime" : "12/25/15 21:49:00",
  "value" : "10"
},{
  "dateTime" : "12/25/15 22:04:00",
  "value" : "10"
},{
  "dateTime" : "12/25/15 22:13:00",
  "value" : "10"
},{
  "dateTime" : "12/25/15 22:47:00",
  "value" : "10"
},{
  "dateTime" : "12/25/15 22:55:00",
  "value" : "10"
},{
  "dateTime" : "12/25/15 23:00:00",
  "value" : "10"
},{
  "dateTime" : "12/26/15 07:07:00",
  "value" : "10"
},{
  "dateTime" : "12/26/15 08:12:00",
  "value" : "10"
},{
  "dateTime" : "12/26/15 09:35:00",
  "value" : "10"
},{
  "dateTime" : "12/26/15 09:43:00",
  "value" : "10"
},{
  "dateTime" : "12/26/15 11:36:00",
  "value" : "10"
},{
  "dateTime" : "12/26/15 13:11:00",
  "value" : "10"
},{
  "dateTime" : "12/26/15 16:10:00",
  "value" : "0"
},{
  "dateTime" : "12/26/15 16:15:00",
  "value" : "0"
},{
  "dateTime" : "12/26/15 21:39:00",
  "value" : "10"
},{
  "dateTime" : "12/26/15 22:39:00",
  "value" : "10"
},{
  "dateTime" : "12/27/15 00:07:00",
  "value" : "10"
},{
  "dateTime" : "12/27/15 00:11:00",
  "value" : "10"
},{
  "dateTime" : "12/27/15 00:13:00",
  "value" : "10"
},{
  "dateTime" : "12/27/15 10:15:00",
  "value" : "10"
},{
  "dateTime" : "12/27/15 10:41:00",
  "value" : "10"
},{
  "dateTime" : "12/27/15 10:43:00",
  "value" : "10"
},{
  "dateTime" : "12/27/15 13:14:00",
  "value" : "10"
},{
  "dateTime" : "12/27/15 16:22:00",
  "value" : "10"
},{
  "dateTime" : "12/27/15 17:59:00",
  "value" : "10"
},{
  "dateTime" : "12/27/15 18:31:00",
  "value" : "10"
},{
  "dateTime" : "12/27/15 19:01:00",
  "value" : "10"
},{
  "dateTime" : "12/27/15 21:25:00",
  "value" : "10"
},{
  "dateTime" : "12/27/15 21:28:00",
  "value" : "10"
},{
  "dateTime" : "12/28/15 11:49:00",
  "value" : "10"
},{
  "dateTime" : "12/28/15 15:20:00",
  "value" : "10"
},{
  "dateTime" : "12/28/15 15:28:00",
  "value" : "10"
},{
  "dateTime" : "12/28/15 15:41:00",
  "value" : "10"
},{
  "dateTime" : "12/28/15 15:44:00",
  "value" : "10"
},{
  "dateTime" : "12/28/15 16:24:00",
  "value" : "10"
},{
  "dateTime" : "12/28/15 16:53:00",
  "value" : "10"
},{
  "dateTime" : "12/28/15 16:58:00",
  "value" : "10"
},{
  "dateTime" : "12/28/15 17:00:00",
  "value" : "0"
},{
  "dateTime" : "12/28/15 17:05:00",
  "value" : "10"
},{
  "dateTime" : "12/28/15 17:06:00",
  "value" : "20"
},{
  "dateTime" : "12/28/15 17:08:00",
  "value" : "20"
},{
  "dateTime" : "12/28/15 17:09:00",
  "value" : "20"
},{
  "dateTime" : "12/28/15 17:10:00",
  "value" : "30"
},{
  "dateTime" : "12/28/15 17:11:00",
  "value" : "10"
},{
  "dateTime" : "12/28/15 17:12:00",
  "value" : "10"
},{
  "dateTime" : "12/28/15 17:13:00",
  "value" : "10"
},{
  "dateTime" : "12/28/15 17:15:00",
  "value" : "20"
},{
  "dateTime" : "12/28/15 17:16:00",
  "value" : "10"
},{
  "dateTime" : "12/28/15 17:17:00",
  "value" : "0"
},{
  "dateTime" : "12/28/15 17:18:00",
  "value" : "10"
},{
  "dateTime" : "12/28/15 17:20:00",
  "value" : "0"
},{
  "dateTime" : "12/28/15 17:21:00",
  "value" : "10"
},{
  "dateTime" : "12/28/15 17:23:00",
  "value" : "0"
},{
  "dateTime" : "12/28/15 17:26:00",
  "value" : "30"
},{
  "dateTime" : "12/28/15 17:27:00",
  "value" : "10"
},{
  "dateTime" : "12/28/15 17:28:00",
  "value" : "30"
},{
  "dateTime" : "12/28/15 17:32:00",
  "value" : "10"
},{
  "dateTime" : "12/28/15 17:33:00",
  "value" : "10"
},{
  "dateTime" : "12/28/15 17:34:00",
  "value" : "20"
},{
  "dateTime" : "12/28/15 17:35:00",
  "value" : "10"
},{
  "dateTime" : "12/28/15 17:36:00",
  "value" : "0"
},{
  "dateTime" : "12/28/15 17:38:00",
  "value" : "10"
},{
  "dateTime" : "12/28/15 17:39:00",
  "value" : "10"
},{
  "dateTime" : "12/28/15 17:41:00",
  "value" : "20"
},{
  "dateTime" : "12/28/15 17:43:00",
  "value" : "10"
},{
  "dateTime" : "12/28/15 17:44:00",
  "value" : "20"
},{
  "dateTime" : "12/28/15 17:46:00",
  "value" : "0"
},{
  "dateTime" : "12/28/15 17:48:00",
  "value" : "10"
},{
  "dateTime" : "12/28/15 17:50:00",
  "value" : "0"
},{
  "dateTime" : "12/28/15 17:54:00",
  "value" : "0"
},{
  "dateTime" : "12/28/15 18:03:00",
  "value" : "20"
},{
  "dateTime" : "12/28/15 18:07:00",
  "value" : "20"
},{
  "dateTime" : "12/28/15 18:08:00",
  "value" : "20"
},{
  "dateTime" : "12/28/15 18:10:00",
  "value" : "10"
},{
  "dateTime" : "12/28/15 18:34:00",
  "value" : "10"
},{
  "dateTime" : "12/28/15 18:40:00",
  "value" : "10"
},{
  "dateTime" : "12/28/15 20:33:00",
  "value" : "10"
},{
  "dateTime" : "12/28/15 23:49:00",
  "value" : "10"
},{
  "dateTime" : "12/28/15 23:56:00",
  "value" : "10"
},{
  "dateTime" : "12/29/15 07:23:00",
  "value" : "10"
},{
  "dateTime" : "12/29/15 07:38:00",
  "value" : "10"
},{
  "dateTime" : "12/29/15 07:57:00",
  "value" : "10"
},{
  "dateTime" : "12/29/15 10:08:00",
  "value" : "10"
},{
  "dateTime" : "12/29/15 13:59:00",
  "value" : "10"
},{
  "dateTime" : "12/29/15 14:00:00",
  "value" : "20"
},{
  "dateTime" : "12/29/15 14:01:00",
  "value" : "10"
},{
  "dateTime" : "12/29/15 17:43:00",
  "value" : "10"
},{
  "dateTime" : "12/29/15 17:44:00",
  "value" : "10"
},{
  "dateTime" : "12/29/15 17:45:00",
  "value" : "10"
},{
  "dateTime" : "12/29/15 17:46:00",
  "value" : "10"
},{
  "dateTime" : "12/29/15 18:27:00",
  "value" : "20"
},{
  "dateTime" : "12/29/15 19:49:00",
  "value" : "10"
},{
  "dateTime" : "12/30/15 07:18:00",
  "value" : "10"
},{
  "dateTime" : "12/30/15 07:52:00",
  "value" : "10"
},{
  "dateTime" : "12/30/15 11:19:00",
  "value" : "10"
},{
  "dateTime" : "12/30/15 11:20:00",
  "value" : "20"
},{
  "dateTime" : "12/30/15 13:53:00",
  "value" : "10"
},{
  "dateTime" : "12/30/15 13:54:00",
  "value" : "10"
},{
  "dateTime" : "12/30/15 13:55:00",
  "value" : "20"
},{
  "dateTime" : "12/30/15 18:21:00",
  "value" : "10"
},{
  "dateTime" : "12/30/15 18:22:00",
  "value" : "10"
},{
  "dateTime" : "12/30/15 18:23:00",
  "value" : "20"
},{
  "dateTime" : "12/30/15 18:24:00",
  "value" : "10"
},{
  "dateTime" : "12/30/15 18:59:00",
  "value" : "10"
},{
  "dateTime" : "12/30/15 19:01:00",
  "value" : "10"
},{
  "dateTime" : "12/30/15 19:02:00",
  "value" : "10"
},{
  "dateTime" : "12/30/15 20:25:00",
  "value" : "10"
},{
  "dateTime" : "12/30/15 20:34:00",
  "value" : "10"
},{
  "dateTime" : "12/30/15 20:35:00",
  "value" : "10"
},{
  "dateTime" : "12/30/15 22:58:00",
  "value" : "10"
},{
  "dateTime" : "12/31/15 08:03:00",
  "value" : "10"
},{
  "dateTime" : "12/31/15 08:10:00",
  "value" : "10"
},{
  "dateTime" : "12/31/15 13:22:00",
  "value" : "10"
},{
  "dateTime" : "12/31/15 13:23:00",
  "value" : "10"
},{
  "dateTime" : "12/31/15 13:24:00",
  "value" : "20"
},{
  "dateTime" : "12/31/15 14:35:00",
  "value" : "10"
},{
  "dateTime" : "12/31/15 14:36:00",
  "value" : "10"
},{
  "dateTime" : "12/31/15 14:37:00",
  "value" : "20"
},{
  "dateTime" : "12/31/15 15:17:00",
  "value" : "10"
},{
  "dateTime" : "12/31/15 15:18:00",
  "value" : "10"
},{
  "dateTime" : "12/31/15 15:24:00",
  "value" : "10"
},{
  "dateTime" : "12/31/15 15:43:00",
  "value" : "10"
},{
  "dateTime" : "12/31/15 18:22:00",
  "value" : "10"
},{
  "dateTime" : "12/31/15 18:23:00",
  "value" : "10"
},{
  "dateTime" : "12/31/15 18:32:00",
  "value" : "10"
},{
  "dateTime" : "12/31/15 18:45:00",
  "value" : "10"
},{
  "dateTime" : "12/31/15 19:19:00",
  "value" : "10"
},{
  "dateTime" : "12/31/15 19:21:00",
  "value" : "10"
},{
  "dateTime" : "12/31/15 19:23:00",
  "value" : "10"
},{
  "dateTime" : "12/31/15 19:25:00",
  "value" : "10"
},{
  "dateTime" : "12/31/15 19:28:00",
  "value" : "10"
},{
  "dateTime" : "12/31/15 19:38:00",
  "value" : "30"
},{
  "dateTime" : "01/01/16 00:33:00",
  "value" : "10"
},{
  "dateTime" : "01/01/16 00:36:00",
  "value" : "10"
},{
  "dateTime" : "01/01/16 01:18:00",
  "value" : "0"
},{
  "dateTime" : "01/01/16 01:25:00",
  "value" : "0"
},{
  "dateTime" : "01/01/16 01:34:00",
  "value" : "0"
},{
  "dateTime" : "01/01/16 01:46:00",
  "value" : "0"
},{
  "dateTime" : "01/01/16 01:51:00",
  "value" : "10"
},{
  "dateTime" : "01/01/16 01:52:00",
  "value" : "0"
},{
  "dateTime" : "01/01/16 02:03:00",
  "value" : "10"
},{
  "dateTime" : "01/01/16 11:28:00",
  "value" : "20"
},{
  "dateTime" : "01/01/16 11:29:00",
  "value" : "10"
},{
  "dateTime" : "01/01/16 11:44:00",
  "value" : "10"
},{
  "dateTime" : "01/01/16 12:09:00",
  "value" : "20"
},{
  "dateTime" : "01/01/16 12:31:00",
  "value" : "10"
},{
  "dateTime" : "01/01/16 12:40:00",
  "value" : "10"
},{
  "dateTime" : "01/01/16 12:41:00",
  "value" : "10"
},{
  "dateTime" : "01/01/16 16:33:00",
  "value" : "30"
},{
  "dateTime" : "01/01/16 16:50:00",
  "value" : "10"
},{
  "dateTime" : "01/01/16 17:37:00",
  "value" : "10"
},{
  "dateTime" : "01/02/16 10:18:00",
  "value" : "10"
},{
  "dateTime" : "01/02/16 10:47:00",
  "value" : "10"
},{
  "dateTime" : "01/02/16 12:37:00",
  "value" : "20"
},{
  "dateTime" : "01/02/16 12:38:00",
  "value" : "30"
},{
  "dateTime" : "01/02/16 12:39:00",
  "value" : "10"
},{
  "dateTime" : "01/02/16 12:45:00",
  "value" : "10"
},{
  "dateTime" : "01/02/16 12:46:00",
  "value" : "20"
},{
  "dateTime" : "01/02/16 14:11:00",
  "value" : "30"
},{
  "dateTime" : "01/02/16 16:31:00",
  "value" : "10"
},{
  "dateTime" : "01/02/16 16:32:00",
  "value" : "20"
},{
  "dateTime" : "01/02/16 16:33:00",
  "value" : "10"
},{
  "dateTime" : "01/02/16 17:09:00",
  "value" : "10"
},{
  "dateTime" : "01/02/16 17:20:00",
  "value" : "10"
},{
  "dateTime" : "01/02/16 17:29:00",
  "value" : "10"
},{
  "dateTime" : "01/02/16 19:27:00",
  "value" : "10"
},{
  "dateTime" : "01/02/16 20:35:00",
  "value" : "30"
},{
  "dateTime" : "01/03/16 07:43:00",
  "value" : "0"
},{
  "dateTime" : "01/03/16 07:47:00",
  "value" : "0"
},{
  "dateTime" : "01/03/16 07:48:00",
  "value" : "10"
},{
  "dateTime" : "01/03/16 07:50:00",
  "value" : "10"
},{
  "dateTime" : "01/03/16 07:51:00",
  "value" : "10"
},{
  "dateTime" : "01/03/16 07:54:00",
  "value" : "10"
},{
  "dateTime" : "01/03/16 07:55:00",
  "value" : "60"
},{
  "dateTime" : "01/03/16 07:57:00",
  "value" : "0"
},{
  "dateTime" : "01/03/16 08:01:00",
  "value" : "10"
},{
  "dateTime" : "01/03/16 08:54:00",
  "value" : "10"
},{
  "dateTime" : "01/03/16 10:23:00",
  "value" : "10"
},{
  "dateTime" : "01/03/16 11:11:00",
  "value" : "20"
},{
  "dateTime" : "01/03/16 11:12:00",
  "value" : "20"
},{
  "dateTime" : "01/03/16 11:16:00",
  "value" : "40"
},{
  "dateTime" : "01/03/16 12:04:00",
  "value" : "20"
},{
  "dateTime" : "01/03/16 13:37:00",
  "value" : "10"
},{
  "dateTime" : "01/03/16 13:41:00",
  "value" : "10"
},{
  "dateTime" : "01/03/16 14:27:00",
  "value" : "10"
},{
  "dateTime" : "01/03/16 14:28:00",
  "value" : "10"
},{
  "dateTime" : "01/03/16 14:30:00",
  "value" : "20"
},{
  "dateTime" : "01/03/16 14:31:00",
  "value" : "30"
},{
  "dateTime" : "01/03/16 14:32:00",
  "value" : "10"
},{
  "dateTime" : "01/03/16 14:33:00",
  "value" : "10"
},{
  "dateTime" : "01/03/16 14:54:00",
  "value" : "20"
},{
  "dateTime" : "01/03/16 14:59:00",
  "value" : "20"
},{
  "dateTime" : "01/03/16 15:05:00",
  "value" : "10"
},{
  "dateTime" : "01/03/16 15:06:00",
  "value" : "10"
},{
  "dateTime" : "01/03/16 15:35:00",
  "value" : "10"
},{
  "dateTime" : "01/03/16 15:37:00",
  "value" : "10"
},{
  "dateTime" : "01/03/16 15:44:00",
  "value" : "10"
},{
  "dateTime" : "01/03/16 15:45:00",
  "value" : "10"
},{
  "dateTime" : "01/03/16 15:46:00",
  "value" : "10"
},{
  "dateTime" : "01/03/16 16:12:00",
  "value" : "10"
},{
  "dateTime" : "01/03/16 16:18:00",
  "value" : "20"
},{
  "dateTime" : "01/03/16 16:20:00",
  "value" : "10"
},{
  "dateTime" : "01/03/16 16:21:00",
  "value" : "10"
},{
  "dateTime" : "01/03/16 16:22:00",
  "value" : "10"
},{
  "dateTime" : "01/03/16 16:23:00",
  "value" : "20"
},{
  "dateTime" : "01/03/16 16:27:00",
  "value" : "10"
},{
  "dateTime" : "01/03/16 16:29:00",
  "value" : "10"
},{
  "dateTime" : "01/03/16 16:33:00",
  "value" : "10"
},{
  "dateTime" : "01/03/16 16:34:00",
  "value" : "10"
},{
  "dateTime" : "01/03/16 16:36:00",
  "value" : "10"
},{
  "dateTime" : "01/03/16 16:37:00",
  "value" : "10"
},{
  "dateTime" : "01/03/16 16:43:00",
  "value" : "10"
},{
  "dateTime" : "01/03/16 17:07:00",
  "value" : "10"
},{
  "dateTime" : "01/03/16 18:20:00",
  "value" : "10"
},{
  "dateTime" : "01/04/16 09:25:00",
  "value" : "10"
},{
  "dateTime" : "01/04/16 09:26:00",
  "value" : "10"
},{
  "dateTime" : "01/04/16 09:55:00",
  "value" : "0"
},{
  "dateTime" : "01/04/16 10:08:00",
  "value" : "10"
},{
  "dateTime" : "01/04/16 10:15:00",
  "value" : "10"
},{
  "dateTime" : "01/04/16 10:19:00",
  "value" : "10"
},{
  "dateTime" : "01/04/16 10:20:00",
  "value" : "20"
},{
  "dateTime" : "01/04/16 10:21:00",
  "value" : "30"
},{
  "dateTime" : "01/04/16 10:22:00",
  "value" : "20"
},{
  "dateTime" : "01/04/16 10:23:00",
  "value" : "30"
},{
  "dateTime" : "01/04/16 10:24:00",
  "value" : "20"
},{
  "dateTime" : "01/04/16 10:28:00",
  "value" : "10"
},{
  "dateTime" : "01/04/16 10:29:00",
  "value" : "10"
},{
  "dateTime" : "01/04/16 10:33:00",
  "value" : "30"
},{
  "dateTime" : "01/04/16 10:34:00",
  "value" : "0"
},{
  "dateTime" : "01/04/16 11:18:00",
  "value" : "10"
},{
  "dateTime" : "01/04/16 11:38:00",
  "value" : "10"
},{
  "dateTime" : "01/04/16 11:52:00",
  "value" : "10"
},{
  "dateTime" : "01/04/16 12:28:00",
  "value" : "30"
},{
  "dateTime" : "01/04/16 12:29:00",
  "value" : "30"
},{
  "dateTime" : "01/04/16 12:30:00",
  "value" : "20"
},{
  "dateTime" : "01/04/16 12:31:00",
  "value" : "20"
},{
  "dateTime" : "01/04/16 12:32:00",
  "value" : "20"
},{
  "dateTime" : "01/04/16 12:33:00",
  "value" : "20"
},{
  "dateTime" : "01/04/16 12:34:00",
  "value" : "30"
},{
  "dateTime" : "01/04/16 12:35:00",
  "value" : "30"
},{
  "dateTime" : "01/04/16 12:36:00",
  "value" : "20"
},{
  "dateTime" : "01/04/16 12:37:00",
  "value" : "10"
},{
  "dateTime" : "01/04/16 12:38:00",
  "value" : "20"
},{
  "dateTime" : "01/04/16 12:43:00",
  "value" : "10"
},{
  "dateTime" : "01/04/16 12:46:00",
  "value" : "10"
},{
  "dateTime" : "01/04/16 12:59:00",
  "value" : "10"
},{
  "dateTime" : "01/04/16 13:22:00",
  "value" : "10"
},{
  "dateTime" : "01/04/16 13:39:00",
  "value" : "20"
},{
  "dateTime" : "01/04/16 13:40:00",
  "value" : "30"
},{
  "dateTime" : "01/04/16 13:41:00",
  "value" : "30"
},{
  "dateTime" : "01/04/16 13:42:00",
  "value" : "30"
},{
  "dateTime" : "01/04/16 13:43:00",
  "value" : "30"
},{
  "dateTime" : "01/04/16 13:44:00",
  "value" : "10"
},{
  "dateTime" : "01/04/16 13:45:00",
  "value" : "30"
},{
  "dateTime" : "01/04/16 13:46:00",
  "value" : "10"
},{
  "dateTime" : "01/04/16 13:49:00",
  "value" : "10"
},{
  "dateTime" : "01/04/16 13:50:00",
  "value" : "30"
},{
  "dateTime" : "01/04/16 13:51:00",
  "value" : "20"
},{
  "dateTime" : "01/04/16 14:02:00",
  "value" : "20"
},{
  "dateTime" : "01/04/16 15:02:00",
  "value" : "20"
},{
  "dateTime" : "01/04/16 15:03:00",
  "value" : "30"
},{
  "dateTime" : "01/04/16 15:04:00",
  "value" : "10"
},{
  "dateTime" : "01/04/16 15:06:00",
  "value" : "10"
},{
  "dateTime" : "01/04/16 15:07:00",
  "value" : "30"
},{
  "dateTime" : "01/04/16 15:08:00",
  "value" : "10"
},{
  "dateTime" : "01/04/16 15:09:00",
  "value" : "20"
},{
  "dateTime" : "01/04/16 15:10:00",
  "value" : "10"
},{
  "dateTime" : "01/04/16 15:11:00",
  "value" : "10"
},{
  "dateTime" : "01/04/16 15:12:00",
  "value" : "10"
},{
  "dateTime" : "01/04/16 15:14:00",
  "value" : "10"
},{
  "dateTime" : "01/04/16 15:39:00",
  "value" : "10"
},{
  "dateTime" : "01/04/16 15:41:00",
  "value" : "10"
},{
  "dateTime" : "01/04/16 15:48:00",
  "value" : "10"
},{
  "dateTime" : "01/04/16 16:19:00",
  "value" : "10"
},{
  "dateTime" : "01/04/16 18:29:00",
  "value" : "30"
},{
  "dateTime" : "01/04/16 18:31:00",
  "value" : "10"
},{
  "dateTime" : "01/04/16 20:19:00",
  "value" : "10"
},{
  "dateTime" : "01/04/16 20:20:00",
  "value" : "20"
}]