[{
  "dateTime" : "05/19/15 18:02:00",
  "value" : "10"
},{
  "dateTime" : "05/19/15 18:06:00",
  "value" : "10"
},{
  "dateTime" : "05/19/15 18:46:00",
  "value" : "10"
},{
  "dateTime" : "05/19/15 18:47:00",
  "value" : "20"
},{
  "dateTime" : "05/19/15 19:20:00",
  "value" : "20"
},{
  "dateTime" : "05/19/15 19:44:00",
  "value" : "10"
},{
  "dateTime" : "05/19/15 19:49:00",
  "value" : "10"
},{
  "dateTime" : "05/20/15 07:10:00",
  "value" : "10"
},{
  "dateTime" : "05/20/15 07:40:00",
  "value" : "20"
},{
  "dateTime" : "05/20/15 08:26:00",
  "value" : "10"
},{
  "dateTime" : "05/20/15 08:27:00",
  "value" : "30"
},{
  "dateTime" : "05/20/15 08:28:00",
  "value" : "10"
},{
  "dateTime" : "05/20/15 09:52:00",
  "value" : "20"
},{
  "dateTime" : "05/20/15 13:10:00",
  "value" : "10"
},{
  "dateTime" : "05/20/15 13:12:00",
  "value" : "10"
},{
  "dateTime" : "05/20/15 13:13:00",
  "value" : "10"
},{
  "dateTime" : "05/20/15 13:19:00",
  "value" : "10"
},{
  "dateTime" : "05/20/15 13:34:00",
  "value" : "10"
},{
  "dateTime" : "05/20/15 18:21:00",
  "value" : "10"
},{
  "dateTime" : "05/20/15 20:10:00",
  "value" : "10"
},{
  "dateTime" : "05/20/15 20:12:00",
  "value" : "10"
},{
  "dateTime" : "05/20/15 20:18:00",
  "value" : "10"
},{
  "dateTime" : "05/20/15 20:21:00",
  "value" : "10"
},{
  "dateTime" : "05/20/15 20:26:00",
  "value" : "10"
},{
  "dateTime" : "05/20/15 22:01:00",
  "value" : "20"
},{
  "dateTime" : "05/20/15 22:10:00",
  "value" : "10"
},{
  "dateTime" : "05/20/15 22:11:00",
  "value" : "30"
},{
  "dateTime" : "05/20/15 22:12:00",
  "value" : "10"
},{
  "dateTime" : "05/20/15 22:27:00",
  "value" : "10"
},{
  "dateTime" : "05/21/15 14:15:00",
  "value" : "10"
},{
  "dateTime" : "05/21/15 15:26:00",
  "value" : "10"
},{
  "dateTime" : "05/21/15 17:42:00",
  "value" : "10"
},{
  "dateTime" : "05/21/15 18:27:00",
  "value" : "10"
},{
  "dateTime" : "05/21/15 18:46:00",
  "value" : "10"
},{
  "dateTime" : "05/21/15 21:02:00",
  "value" : "10"
},{
  "dateTime" : "05/21/15 22:07:00",
  "value" : "10"
},{
  "dateTime" : "05/21/15 22:08:00",
  "value" : "20"
},{
  "dateTime" : "05/21/15 22:10:00",
  "value" : "10"
},{
  "dateTime" : "05/21/15 22:27:00",
  "value" : "10"
},{
  "dateTime" : "05/21/15 22:28:00",
  "value" : "20"
},{
  "dateTime" : "05/22/15 09:31:00",
  "value" : "10"
},{
  "dateTime" : "05/22/15 09:47:00",
  "value" : "10"
},{
  "dateTime" : "05/22/15 10:48:00",
  "value" : "10"
},{
  "dateTime" : "05/22/15 12:03:00",
  "value" : "20"
},{
  "dateTime" : "05/22/15 13:58:00",
  "value" : "20"
},{
  "dateTime" : "05/22/15 14:00:00",
  "value" : "10"
},{
  "dateTime" : "05/22/15 14:02:00",
  "value" : "10"
},{
  "dateTime" : "05/22/15 17:37:00",
  "value" : "10"
},{
  "dateTime" : "05/22/15 17:39:00",
  "value" : "10"
},{
  "dateTime" : "05/22/15 20:13:00",
  "value" : "10"
},{
  "dateTime" : "05/23/15 07:38:00",
  "value" : "10"
},{
  "dateTime" : "05/23/15 10:10:00",
  "value" : "0"
},{
  "dateTime" : "05/23/15 10:31:00",
  "value" : "10"
},{
  "dateTime" : "05/23/15 13:22:00",
  "value" : "10"
},{
  "dateTime" : "05/23/15 15:47:00",
  "value" : "10"
},{
  "dateTime" : "05/23/15 17:29:00",
  "value" : "10"
},{
  "dateTime" : "05/23/15 18:47:00",
  "value" : "10"
},{
  "dateTime" : "05/23/15 19:43:00",
  "value" : "10"
},{
  "dateTime" : "05/23/15 19:46:00",
  "value" : "10"
},{
  "dateTime" : "05/23/15 20:33:00",
  "value" : "10"
},{
  "dateTime" : "05/23/15 20:35:00",
  "value" : "10"
},{
  "dateTime" : "05/23/15 21:50:00",
  "value" : "10"
},{
  "dateTime" : "05/23/15 21:58:00",
  "value" : "10"
},{
  "dateTime" : "05/23/15 21:59:00",
  "value" : "20"
},{
  "dateTime" : "05/23/15 22:00:00",
  "value" : "10"
},{
  "dateTime" : "05/23/15 22:01:00",
  "value" : "10"
},{
  "dateTime" : "05/23/15 22:24:00",
  "value" : "10"
},{
  "dateTime" : "05/23/15 23:31:00",
  "value" : "10"
},{
  "dateTime" : "05/23/15 23:46:00",
  "value" : "10"
},{
  "dateTime" : "05/24/15 00:00:00",
  "value" : "10"
},{
  "dateTime" : "05/24/15 00:01:00",
  "value" : "10"
},{
  "dateTime" : "05/24/15 00:08:00",
  "value" : "10"
},{
  "dateTime" : "05/24/15 00:31:00",
  "value" : "10"
},{
  "dateTime" : "05/24/15 00:59:00",
  "value" : "10"
},{
  "dateTime" : "05/24/15 01:05:00",
  "value" : "10"
},{
  "dateTime" : "05/24/15 01:36:00",
  "value" : "20"
},{
  "dateTime" : "05/24/15 01:42:00",
  "value" : "10"
},{
  "dateTime" : "05/24/15 01:47:00",
  "value" : "10"
},{
  "dateTime" : "05/24/15 02:20:00",
  "value" : "10"
},{
  "dateTime" : "05/24/15 02:29:00",
  "value" : "20"
},{
  "dateTime" : "05/24/15 02:34:00",
  "value" : "10"
},{
  "dateTime" : "05/24/15 02:44:00",
  "value" : "10"
},{
  "dateTime" : "05/24/15 03:28:00",
  "value" : "10"
},{
  "dateTime" : "05/24/15 03:29:00",
  "value" : "10"
},{
  "dateTime" : "05/24/15 04:21:00",
  "value" : "10"
},{
  "dateTime" : "05/24/15 04:25:00",
  "value" : "10"
},{
  "dateTime" : "05/24/15 10:56:00",
  "value" : "10"
},{
  "dateTime" : "05/24/15 11:17:00",
  "value" : "10"
},{
  "dateTime" : "05/24/15 11:25:00",
  "value" : "20"
},{
  "dateTime" : "05/24/15 12:03:00",
  "value" : "20"
},{
  "dateTime" : "05/24/15 12:56:00",
  "value" : "10"
},{
  "dateTime" : "05/24/15 12:57:00",
  "value" : "20"
},{
  "dateTime" : "05/24/15 13:40:00",
  "value" : "10"
},{
  "dateTime" : "05/24/15 14:03:00",
  "value" : "10"
},{
  "dateTime" : "05/24/15 14:56:00",
  "value" : "10"
},{
  "dateTime" : "05/24/15 15:06:00",
  "value" : "10"
},{
  "dateTime" : "05/24/15 16:36:00",
  "value" : "10"
},{
  "dateTime" : "05/24/15 17:53:00",
  "value" : "20"
},{
  "dateTime" : "05/24/15 17:57:00",
  "value" : "10"
},{
  "dateTime" : "05/24/15 18:39:00",
  "value" : "10"
},{
  "dateTime" : "05/24/15 20:07:00",
  "value" : "10"
},{
  "dateTime" : "05/24/15 20:34:00",
  "value" : "10"
},{
  "dateTime" : "05/24/15 20:44:00",
  "value" : "10"
},{
  "dateTime" : "05/24/15 22:41:00",
  "value" : "10"
},{
  "dateTime" : "05/24/15 22:53:00",
  "value" : "10"
},{
  "dateTime" : "05/25/15 00:08:00",
  "value" : "10"
},{
  "dateTime" : "05/25/15 07:38:00",
  "value" : "10"
},{
  "dateTime" : "05/25/15 07:40:00",
  "value" : "10"
},{
  "dateTime" : "05/25/15 08:33:00",
  "value" : "20"
},{
  "dateTime" : "05/25/15 08:52:00",
  "value" : "10"
},{
  "dateTime" : "05/25/15 12:58:00",
  "value" : "20"
},{
  "dateTime" : "05/25/15 13:52:00",
  "value" : "10"
},{
  "dateTime" : "05/25/15 14:02:00",
  "value" : "10"
},{
  "dateTime" : "05/25/15 15:08:00",
  "value" : "10"
},{
  "dateTime" : "05/25/15 21:13:00",
  "value" : "10"
},{
  "dateTime" : "05/25/15 21:21:00",
  "value" : "10"
},{
  "dateTime" : "05/25/15 22:17:00",
  "value" : "10"
},{
  "dateTime" : "05/25/15 22:26:00",
  "value" : "10"
},{
  "dateTime" : "05/25/15 22:27:00",
  "value" : "10"
},{
  "dateTime" : "05/26/15 15:47:00",
  "value" : "10"
},{
  "dateTime" : "05/26/15 17:13:00",
  "value" : "10"
},{
  "dateTime" : "05/26/15 18:23:00",
  "value" : "10"
},{
  "dateTime" : "05/26/15 18:38:00",
  "value" : "10"
},{
  "dateTime" : "05/26/15 20:31:00",
  "value" : "10"
},{
  "dateTime" : "05/26/15 20:32:00",
  "value" : "10"
},{
  "dateTime" : "05/26/15 22:24:00",
  "value" : "10"
},{
  "dateTime" : "05/27/15 07:13:00",
  "value" : "10"
},{
  "dateTime" : "05/27/15 07:40:00",
  "value" : "10"
},{
  "dateTime" : "05/27/15 07:41:00",
  "value" : "20"
},{
  "dateTime" : "05/27/15 07:42:00",
  "value" : "10"
},{
  "dateTime" : "05/27/15 08:23:00",
  "value" : "10"
},{
  "dateTime" : "05/27/15 08:32:00",
  "value" : "20"
},{
  "dateTime" : "05/27/15 08:33:00",
  "value" : "40"
},{
  "dateTime" : "05/27/15 09:55:00",
  "value" : "10"
},{
  "dateTime" : "05/27/15 09:56:00",
  "value" : "10"
},{
  "dateTime" : "05/27/15 13:25:00",
  "value" : "10"
},{
  "dateTime" : "05/27/15 13:27:00",
  "value" : "10"
},{
  "dateTime" : "05/27/15 13:29:00",
  "value" : "10"
},{
  "dateTime" : "05/27/15 16:44:00",
  "value" : "0"
},{
  "dateTime" : "05/27/15 16:48:00",
  "value" : "10"
},{
  "dateTime" : "05/27/15 16:49:00",
  "value" : "10"
},{
  "dateTime" : "05/27/15 16:50:00",
  "value" : "10"
},{
  "dateTime" : "05/27/15 16:51:00",
  "value" : "0"
},{
  "dateTime" : "05/27/15 16:56:00",
  "value" : "20"
},{
  "dateTime" : "05/27/15 17:07:00",
  "value" : "0"
},{
  "dateTime" : "05/27/15 17:12:00",
  "value" : "50"
},{
  "dateTime" : "05/27/15 17:13:00",
  "value" : "10"
},{
  "dateTime" : "05/27/15 17:18:00",
  "value" : "10"
},{
  "dateTime" : "05/27/15 17:22:00",
  "value" : "10"
},{
  "dateTime" : "05/27/15 17:25:00",
  "value" : "20"
},{
  "dateTime" : "05/27/15 17:27:00",
  "value" : "10"
},{
  "dateTime" : "05/27/15 17:28:00",
  "value" : "10"
},{
  "dateTime" : "05/27/15 17:29:00",
  "value" : "10"
},{
  "dateTime" : "05/27/15 17:31:00",
  "value" : "10"
},{
  "dateTime" : "05/27/15 17:32:00",
  "value" : "10"
},{
  "dateTime" : "05/27/15 17:36:00",
  "value" : "0"
},{
  "dateTime" : "05/27/15 17:38:00",
  "value" : "0"
},{
  "dateTime" : "05/27/15 17:43:00",
  "value" : "0"
},{
  "dateTime" : "05/27/15 17:48:00",
  "value" : "20"
},{
  "dateTime" : "05/27/15 17:49:00",
  "value" : "10"
},{
  "dateTime" : "05/27/15 17:50:00",
  "value" : "10"
},{
  "dateTime" : "05/27/15 17:51:00",
  "value" : "10"
},{
  "dateTime" : "05/27/15 17:52:00",
  "value" : "10"
},{
  "dateTime" : "05/27/15 18:51:00",
  "value" : "10"
},{
  "dateTime" : "05/27/15 19:52:00",
  "value" : "10"
},{
  "dateTime" : "05/27/15 20:52:00",
  "value" : "10"
},{
  "dateTime" : "05/28/15 15:20:00",
  "value" : "10"
},{
  "dateTime" : "05/28/15 15:26:00",
  "value" : "10"
},{
  "dateTime" : "05/28/15 15:41:00",
  "value" : "10"
},{
  "dateTime" : "05/28/15 16:06:00",
  "value" : "10"
},{
  "dateTime" : "05/28/15 17:55:00",
  "value" : "20"
},{
  "dateTime" : "05/28/15 17:57:00",
  "value" : "10"
},{
  "dateTime" : "05/28/15 21:22:00",
  "value" : "10"
},{
  "dateTime" : "05/28/15 21:24:00",
  "value" : "10"
},{
  "dateTime" : "05/29/15 09:10:00",
  "value" : "10"
},{
  "dateTime" : "05/29/15 09:41:00",
  "value" : "10"
},{
  "dateTime" : "05/29/15 09:42:00",
  "value" : "10"
},{
  "dateTime" : "05/29/15 10:43:00",
  "value" : "10"
},{
  "dateTime" : "05/29/15 10:59:00",
  "value" : "10"
},{
  "dateTime" : "05/29/15 15:56:00",
  "value" : "10"
},{
  "dateTime" : "05/29/15 16:52:00",
  "value" : "20"
},{
  "dateTime" : "05/29/15 18:45:00",
  "value" : "10"
},{
  "dateTime" : "05/29/15 19:28:00",
  "value" : "10"
},{
  "dateTime" : "05/29/15 21:26:00",
  "value" : "10"
},{
  "dateTime" : "05/29/15 22:15:00",
  "value" : "10"
},{
  "dateTime" : "05/29/15 22:21:00",
  "value" : "10"
},{
  "dateTime" : "05/30/15 15:58:00",
  "value" : "10"
},{
  "dateTime" : "05/30/15 16:38:00",
  "value" : "10"
},{
  "dateTime" : "05/30/15 16:40:00",
  "value" : "20"
},{
  "dateTime" : "05/30/15 17:06:00",
  "value" : "0"
},{
  "dateTime" : "05/30/15 17:13:00",
  "value" : "20"
},{
  "dateTime" : "05/30/15 17:18:00",
  "value" : "20"
},{
  "dateTime" : "05/30/15 17:19:00",
  "value" : "40"
},{
  "dateTime" : "05/30/15 17:25:00",
  "value" : "10"
},{
  "dateTime" : "05/30/15 17:26:00",
  "value" : "10"
},{
  "dateTime" : "05/30/15 17:27:00",
  "value" : "0"
},{
  "dateTime" : "05/30/15 17:30:00",
  "value" : "10"
},{
  "dateTime" : "05/30/15 17:31:00",
  "value" : "20"
},{
  "dateTime" : "05/30/15 17:32:00",
  "value" : "10"
},{
  "dateTime" : "05/30/15 17:33:00",
  "value" : "20"
},{
  "dateTime" : "05/30/15 17:35:00",
  "value" : "20"
},{
  "dateTime" : "05/30/15 17:36:00",
  "value" : "10"
},{
  "dateTime" : "05/30/15 17:39:00",
  "value" : "20"
},{
  "dateTime" : "05/30/15 17:40:00",
  "value" : "20"
},{
  "dateTime" : "05/30/15 17:41:00",
  "value" : "10"
},{
  "dateTime" : "05/30/15 17:45:00",
  "value" : "0"
},{
  "dateTime" : "05/30/15 17:47:00",
  "value" : "10"
},{
  "dateTime" : "05/30/15 17:48:00",
  "value" : "10"
},{
  "dateTime" : "05/30/15 17:51:00",
  "value" : "10"
},{
  "dateTime" : "05/30/15 17:52:00",
  "value" : "10"
},{
  "dateTime" : "05/30/15 17:53:00",
  "value" : "10"
},{
  "dateTime" : "05/30/15 17:55:00",
  "value" : "10"
},{
  "dateTime" : "05/30/15 17:56:00",
  "value" : "10"
},{
  "dateTime" : "05/30/15 23:55:00",
  "value" : "10"
},{
  "dateTime" : "05/30/15 23:57:00",
  "value" : "10"
},{
  "dateTime" : "05/31/15 08:37:00",
  "value" : "10"
},{
  "dateTime" : "05/31/15 09:19:00",
  "value" : "10"
},{
  "dateTime" : "05/31/15 09:37:00",
  "value" : "10"
},{
  "dateTime" : "05/31/15 16:13:00",
  "value" : "10"
},{
  "dateTime" : "05/31/15 16:22:00",
  "value" : "10"
},{
  "dateTime" : "05/31/15 17:30:00",
  "value" : "20"
},{
  "dateTime" : "05/31/15 17:45:00",
  "value" : "10"
},{
  "dateTime" : "05/31/15 18:06:00",
  "value" : "10"
},{
  "dateTime" : "05/31/15 22:23:00",
  "value" : "10"
},{
  "dateTime" : "06/01/15 18:12:00",
  "value" : "10"
},{
  "dateTime" : "06/01/15 22:35:00",
  "value" : "10"
},{
  "dateTime" : "06/02/15 10:45:00",
  "value" : "10"
},{
  "dateTime" : "06/02/15 10:47:00",
  "value" : "10"
},{
  "dateTime" : "06/02/15 11:26:00",
  "value" : "10"
},{
  "dateTime" : "06/02/15 11:28:00",
  "value" : "10"
},{
  "dateTime" : "06/02/15 11:32:00",
  "value" : "10"
},{
  "dateTime" : "06/02/15 11:33:00",
  "value" : "20"
},{
  "dateTime" : "06/02/15 11:34:00",
  "value" : "10"
},{
  "dateTime" : "06/02/15 11:35:00",
  "value" : "10"
},{
  "dateTime" : "06/02/15 12:28:00",
  "value" : "10"
},{
  "dateTime" : "06/02/15 12:29:00",
  "value" : "10"
},{
  "dateTime" : "06/02/15 12:49:00",
  "value" : "10"
},{
  "dateTime" : "06/02/15 13:37:00",
  "value" : "10"
},{
  "dateTime" : "06/02/15 13:38:00",
  "value" : "10"
},{
  "dateTime" : "06/02/15 13:39:00",
  "value" : "10"
},{
  "dateTime" : "06/02/15 13:41:00",
  "value" : "10"
},{
  "dateTime" : "06/02/15 13:50:00",
  "value" : "10"
},{
  "dateTime" : "06/02/15 16:22:00",
  "value" : "10"
},{
  "dateTime" : "06/02/15 19:49:00",
  "value" : "10"
},{
  "dateTime" : "06/02/15 20:14:00",
  "value" : "10"
},{
  "dateTime" : "06/02/15 21:32:00",
  "value" : "10"
},{
  "dateTime" : "06/02/15 21:44:00",
  "value" : "20"
},{
  "dateTime" : "06/02/15 21:47:00",
  "value" : "10"
},{
  "dateTime" : "06/02/15 22:33:00",
  "value" : "10"
},{
  "dateTime" : "06/03/15 14:54:00",
  "value" : "20"
},{
  "dateTime" : "06/03/15 14:55:00",
  "value" : "10"
},{
  "dateTime" : "06/03/15 15:53:00",
  "value" : "10"
},{
  "dateTime" : "06/03/15 15:54:00",
  "value" : "10"
},{
  "dateTime" : "06/03/15 16:03:00",
  "value" : "10"
},{
  "dateTime" : "06/03/15 17:07:00",
  "value" : "10"
},{
  "dateTime" : "06/03/15 18:28:00",
  "value" : "10"
},{
  "dateTime" : "06/03/15 19:02:00",
  "value" : "10"
},{
  "dateTime" : "06/03/15 20:06:00",
  "value" : "10"
},{
  "dateTime" : "06/03/15 20:46:00",
  "value" : "0"
},{
  "dateTime" : "06/03/15 21:31:00",
  "value" : "0"
},{
  "dateTime" : "06/03/15 21:32:00",
  "value" : "10"
},{
  "dateTime" : "06/03/15 21:33:00",
  "value" : "10"
},{
  "dateTime" : "06/03/15 21:58:00",
  "value" : "20"
},{
  "dateTime" : "06/04/15 06:30:00",
  "value" : "10"
},{
  "dateTime" : "06/04/15 06:52:00",
  "value" : "10"
},{
  "dateTime" : "06/04/15 11:47:00",
  "value" : "10"
},{
  "dateTime" : "06/04/15 13:10:00",
  "value" : "10"
},{
  "dateTime" : "06/04/15 15:08:00",
  "value" : "10"
},{
  "dateTime" : "06/04/15 16:35:00",
  "value" : "10"
},{
  "dateTime" : "06/04/15 17:47:00",
  "value" : "20"
},{
  "dateTime" : "06/04/15 17:49:00",
  "value" : "10"
},{
  "dateTime" : "06/04/15 18:05:00",
  "value" : "10"
},{
  "dateTime" : "06/04/15 20:00:00",
  "value" : "10"
},{
  "dateTime" : "06/04/15 21:12:00",
  "value" : "10"
},{
  "dateTime" : "06/04/15 21:26:00",
  "value" : "10"
},{
  "dateTime" : "06/04/15 21:27:00",
  "value" : "10"
},{
  "dateTime" : "06/05/15 09:50:00",
  "value" : "10"
},{
  "dateTime" : "06/05/15 10:37:00",
  "value" : "10"
},{
  "dateTime" : "06/05/15 10:48:00",
  "value" : "10"
},{
  "dateTime" : "06/05/15 15:55:00",
  "value" : "10"
},{
  "dateTime" : "06/05/15 18:50:00",
  "value" : "10"
},{
  "dateTime" : "06/05/15 20:13:00",
  "value" : "10"
},{
  "dateTime" : "06/05/15 20:37:00",
  "value" : "10"
},{
  "dateTime" : "06/05/15 20:38:00",
  "value" : "10"
},{
  "dateTime" : "06/05/15 23:07:00",
  "value" : "10"
},{
  "dateTime" : "06/05/15 23:14:00",
  "value" : "10"
},{
  "dateTime" : "06/05/15 23:16:00",
  "value" : "10"
},{
  "dateTime" : "06/05/15 23:20:00",
  "value" : "10"
},{
  "dateTime" : "06/05/15 23:21:00",
  "value" : "10"
},{
  "dateTime" : "06/06/15 08:06:00",
  "value" : "10"
},{
  "dateTime" : "06/06/15 11:50:00",
  "value" : "10"
},{
  "dateTime" : "06/06/15 12:48:00",
  "value" : "10"
},{
  "dateTime" : "06/06/15 13:31:00",
  "value" : "10"
},{
  "dateTime" : "06/06/15 14:29:00",
  "value" : "10"
},{
  "dateTime" : "06/06/15 14:32:00",
  "value" : "10"
},{
  "dateTime" : "06/06/15 15:18:00",
  "value" : "10"
},{
  "dateTime" : "06/06/15 16:58:00",
  "value" : "30"
},{
  "dateTime" : "06/06/15 16:59:00",
  "value" : "10"
},{
  "dateTime" : "06/06/15 17:36:00",
  "value" : "10"
},{
  "dateTime" : "06/06/15 18:11:00",
  "value" : "10"
},{
  "dateTime" : "06/06/15 18:18:00",
  "value" : "10"
},{
  "dateTime" : "06/06/15 19:29:00",
  "value" : "10"
},{
  "dateTime" : "06/06/15 19:33:00",
  "value" : "10"
},{
  "dateTime" : "06/06/15 22:38:00",
  "value" : "10"
},{
  "dateTime" : "06/06/15 22:48:00",
  "value" : "10"
},{
  "dateTime" : "06/06/15 23:33:00",
  "value" : "10"
},{
  "dateTime" : "06/07/15 09:23:00",
  "value" : "10"
},{
  "dateTime" : "06/07/15 12:38:00",
  "value" : "10"
},{
  "dateTime" : "06/07/15 12:54:00",
  "value" : "10"
},{
  "dateTime" : "06/07/15 12:55:00",
  "value" : "10"
},{
  "dateTime" : "06/07/15 18:31:00",
  "value" : "10"
},{
  "dateTime" : "06/07/15 22:45:00",
  "value" : "10"
},{
  "dateTime" : "06/08/15 09:20:00",
  "value" : "10"
},{
  "dateTime" : "06/08/15 10:37:00",
  "value" : "10"
},{
  "dateTime" : "06/08/15 11:42:00",
  "value" : "10"
},{
  "dateTime" : "06/08/15 12:05:00",
  "value" : "10"
},{
  "dateTime" : "06/08/15 16:50:00",
  "value" : "10"
},{
  "dateTime" : "06/08/15 16:55:00",
  "value" : "10"
},{
  "dateTime" : "06/08/15 17:11:00",
  "value" : "0"
},{
  "dateTime" : "06/08/15 17:13:00",
  "value" : "20"
},{
  "dateTime" : "06/08/15 17:14:00",
  "value" : "10"
},{
  "dateTime" : "06/08/15 17:15:00",
  "value" : "10"
},{
  "dateTime" : "06/08/15 17:17:00",
  "value" : "20"
},{
  "dateTime" : "06/08/15 17:18:00",
  "value" : "20"
},{
  "dateTime" : "06/08/15 17:21:00",
  "value" : "30"
},{
  "dateTime" : "06/08/15 17:24:00",
  "value" : "10"
},{
  "dateTime" : "06/08/15 17:27:00",
  "value" : "20"
},{
  "dateTime" : "06/08/15 17:28:00",
  "value" : "10"
},{
  "dateTime" : "06/08/15 17:31:00",
  "value" : "20"
},{
  "dateTime" : "06/08/15 17:32:00",
  "value" : "10"
},{
  "dateTime" : "06/08/15 17:33:00",
  "value" : "20"
},{
  "dateTime" : "06/08/15 17:46:00",
  "value" : "10"
},{
  "dateTime" : "06/08/15 17:47:00",
  "value" : "10"
},{
  "dateTime" : "06/08/15 17:48:00",
  "value" : "10"
},{
  "dateTime" : "06/08/15 17:50:00",
  "value" : "20"
},{
  "dateTime" : "06/08/15 17:52:00",
  "value" : "10"
},{
  "dateTime" : "06/08/15 17:53:00",
  "value" : "10"
},{
  "dateTime" : "06/08/15 17:54:00",
  "value" : "10"
},{
  "dateTime" : "06/08/15 17:57:00",
  "value" : "10"
},{
  "dateTime" : "06/08/15 17:58:00",
  "value" : "10"
},{
  "dateTime" : "06/08/15 17:59:00",
  "value" : "10"
},{
  "dateTime" : "06/08/15 18:01:00",
  "value" : "20"
},{
  "dateTime" : "06/08/15 18:04:00",
  "value" : "0"
},{
  "dateTime" : "06/08/15 18:20:00",
  "value" : "10"
},{
  "dateTime" : "06/08/15 18:21:00",
  "value" : "20"
},{
  "dateTime" : "06/08/15 19:32:00",
  "value" : "10"
},{
  "dateTime" : "06/08/15 22:51:00",
  "value" : "10"
}]