[{
  "dateTime" : "02/28/17 09:54:00",
  "value" : "10"
},{
  "dateTime" : "02/28/17 10:15:00",
  "value" : "20"
},{
  "dateTime" : "02/28/17 10:40:00",
  "value" : "10"
},{
  "dateTime" : "02/28/17 11:03:00",
  "value" : "30"
},{
  "dateTime" : "02/28/17 11:04:00",
  "value" : "20"
},{
  "dateTime" : "02/28/17 11:13:00",
  "value" : "30"
},{
  "dateTime" : "02/28/17 11:15:00",
  "value" : "10"
},{
  "dateTime" : "02/28/17 12:06:00",
  "value" : "10"
},{
  "dateTime" : "02/28/17 13:33:00",
  "value" : "10"
},{
  "dateTime" : "02/28/17 16:21:00",
  "value" : "10"
},{
  "dateTime" : "02/28/17 16:24:00",
  "value" : "10"
},{
  "dateTime" : "02/28/17 16:25:00",
  "value" : "10"
},{
  "dateTime" : "02/28/17 17:09:00",
  "value" : "0"
},{
  "dateTime" : "02/28/17 17:10:00",
  "value" : "0"
},{
  "dateTime" : "02/28/17 17:13:00",
  "value" : "0"
},{
  "dateTime" : "02/28/17 17:16:00",
  "value" : "0"
},{
  "dateTime" : "02/28/17 17:17:00",
  "value" : "0"
},{
  "dateTime" : "02/28/17 17:18:00",
  "value" : "0"
},{
  "dateTime" : "02/28/17 19:51:00",
  "value" : "10"
},{
  "dateTime" : "02/28/17 22:30:00",
  "value" : "10"
},{
  "dateTime" : "02/28/17 22:56:00",
  "value" : "10"
},{
  "dateTime" : "03/01/17 07:22:00",
  "value" : "10"
},{
  "dateTime" : "03/01/17 07:33:00",
  "value" : "10"
},{
  "dateTime" : "03/01/17 07:36:00",
  "value" : "20"
},{
  "dateTime" : "03/01/17 07:38:00",
  "value" : "10"
},{
  "dateTime" : "03/01/17 07:39:00",
  "value" : "20"
},{
  "dateTime" : "03/01/17 07:41:00",
  "value" : "10"
},{
  "dateTime" : "03/01/17 07:42:00",
  "value" : "30"
},{
  "dateTime" : "03/01/17 07:46:00",
  "value" : "10"
},{
  "dateTime" : "03/01/17 07:53:00",
  "value" : "10"
},{
  "dateTime" : "03/01/17 07:54:00",
  "value" : "20"
},{
  "dateTime" : "03/01/17 07:58:00",
  "value" : "10"
},{
  "dateTime" : "03/01/17 08:02:00",
  "value" : "10"
},{
  "dateTime" : "03/01/17 08:12:00",
  "value" : "10"
},{
  "dateTime" : "03/01/17 08:13:00",
  "value" : "10"
},{
  "dateTime" : "03/01/17 08:14:00",
  "value" : "10"
},{
  "dateTime" : "03/01/17 08:15:00",
  "value" : "10"
},{
  "dateTime" : "03/01/17 08:18:00",
  "value" : "10"
},{
  "dateTime" : "03/01/17 13:30:00",
  "value" : "10"
},{
  "dateTime" : "03/01/17 13:31:00",
  "value" : "10"
},{
  "dateTime" : "03/01/17 13:32:00",
  "value" : "10"
},{
  "dateTime" : "03/01/17 18:19:00",
  "value" : "10"
},{
  "dateTime" : "03/01/17 18:21:00",
  "value" : "0"
},{
  "dateTime" : "03/01/17 18:22:00",
  "value" : "20"
},{
  "dateTime" : "03/01/17 18:23:00",
  "value" : "10"
},{
  "dateTime" : "03/01/17 18:33:00",
  "value" : "10"
},{
  "dateTime" : "03/01/17 18:35:00",
  "value" : "20"
},{
  "dateTime" : "03/01/17 18:37:00",
  "value" : "10"
},{
  "dateTime" : "03/01/17 18:38:00",
  "value" : "30"
},{
  "dateTime" : "03/01/17 18:46:00",
  "value" : "10"
},{
  "dateTime" : "03/01/17 18:49:00",
  "value" : "10"
},{
  "dateTime" : "03/01/17 18:51:00",
  "value" : "10"
},{
  "dateTime" : "03/01/17 18:54:00",
  "value" : "10"
},{
  "dateTime" : "03/01/17 18:55:00",
  "value" : "10"
},{
  "dateTime" : "03/01/17 19:03:00",
  "value" : "10"
},{
  "dateTime" : "03/01/17 19:04:00",
  "value" : "20"
},{
  "dateTime" : "03/01/17 19:05:00",
  "value" : "10"
},{
  "dateTime" : "03/01/17 19:06:00",
  "value" : "10"
},{
  "dateTime" : "03/01/17 19:10:00",
  "value" : "10"
},{
  "dateTime" : "03/01/17 19:11:00",
  "value" : "10"
},{
  "dateTime" : "03/01/17 19:21:00",
  "value" : "10"
},{
  "dateTime" : "03/01/17 19:22:00",
  "value" : "10"
},{
  "dateTime" : "03/01/17 19:24:00",
  "value" : "10"
},{
  "dateTime" : "03/02/17 09:50:00",
  "value" : "10"
},{
  "dateTime" : "03/02/17 09:54:00",
  "value" : "10"
},{
  "dateTime" : "03/02/17 10:32:00",
  "value" : "20"
},{
  "dateTime" : "03/02/17 10:38:00",
  "value" : "40"
},{
  "dateTime" : "03/02/17 10:45:00",
  "value" : "10"
},{
  "dateTime" : "03/02/17 10:48:00",
  "value" : "10"
},{
  "dateTime" : "03/02/17 10:49:00",
  "value" : "20"
},{
  "dateTime" : "03/02/17 10:50:00",
  "value" : "10"
},{
  "dateTime" : "03/02/17 10:51:00",
  "value" : "10"
},{
  "dateTime" : "03/02/17 10:53:00",
  "value" : "10"
},{
  "dateTime" : "03/02/17 10:54:00",
  "value" : "10"
},{
  "dateTime" : "03/02/17 12:04:00",
  "value" : "10"
},{
  "dateTime" : "03/02/17 13:03:00",
  "value" : "20"
},{
  "dateTime" : "03/02/17 13:05:00",
  "value" : "10"
},{
  "dateTime" : "03/02/17 14:31:00",
  "value" : "10"
},{
  "dateTime" : "03/02/17 14:34:00",
  "value" : "10"
},{
  "dateTime" : "03/02/17 15:06:00",
  "value" : "10"
},{
  "dateTime" : "03/02/17 17:21:00",
  "value" : "10"
},{
  "dateTime" : "03/02/17 17:24:00",
  "value" : "10"
},{
  "dateTime" : "03/02/17 19:12:00",
  "value" : "10"
},{
  "dateTime" : "03/02/17 20:13:00",
  "value" : "10"
},{
  "dateTime" : "03/02/17 20:17:00",
  "value" : "10"
},{
  "dateTime" : "03/02/17 21:00:00",
  "value" : "10"
},{
  "dateTime" : "03/02/17 21:02:00",
  "value" : "20"
},{
  "dateTime" : "03/02/17 21:35:00",
  "value" : "10"
},{
  "dateTime" : "03/02/17 21:51:00",
  "value" : "10"
},{
  "dateTime" : "03/02/17 22:13:00",
  "value" : "10"
},{
  "dateTime" : "03/03/17 07:26:00",
  "value" : "10"
},{
  "dateTime" : "03/03/17 07:28:00",
  "value" : "10"
},{
  "dateTime" : "03/03/17 07:40:00",
  "value" : "10"
},{
  "dateTime" : "03/03/17 08:48:00",
  "value" : "10"
},{
  "dateTime" : "03/03/17 08:54:00",
  "value" : "10"
},{
  "dateTime" : "03/03/17 08:56:00",
  "value" : "10"
},{
  "dateTime" : "03/03/17 09:00:00",
  "value" : "10"
},{
  "dateTime" : "03/03/17 09:01:00",
  "value" : "30"
},{
  "dateTime" : "03/03/17 11:06:00",
  "value" : "10"
},{
  "dateTime" : "03/03/17 11:07:00",
  "value" : "10"
},{
  "dateTime" : "03/03/17 11:41:00",
  "value" : "10"
},{
  "dateTime" : "03/03/17 11:43:00",
  "value" : "10"
},{
  "dateTime" : "03/03/17 11:45:00",
  "value" : "10"
},{
  "dateTime" : "03/03/17 11:49:00",
  "value" : "10"
},{
  "dateTime" : "03/03/17 12:03:00",
  "value" : "10"
},{
  "dateTime" : "03/03/17 12:09:00",
  "value" : "10"
},{
  "dateTime" : "03/03/17 12:18:00",
  "value" : "20"
},{
  "dateTime" : "03/03/17 12:29:00",
  "value" : "10"
},{
  "dateTime" : "03/03/17 12:30:00",
  "value" : "20"
},{
  "dateTime" : "03/03/17 12:31:00",
  "value" : "10"
},{
  "dateTime" : "03/03/17 12:43:00",
  "value" : "10"
},{
  "dateTime" : "03/03/17 14:20:00",
  "value" : "10"
},{
  "dateTime" : "03/03/17 15:15:00",
  "value" : "10"
},{
  "dateTime" : "03/03/17 15:17:00",
  "value" : "10"
},{
  "dateTime" : "03/03/17 16:43:00",
  "value" : "10"
},{
  "dateTime" : "03/03/17 17:07:00",
  "value" : "10"
},{
  "dateTime" : "03/03/17 17:37:00",
  "value" : "10"
},{
  "dateTime" : "03/03/17 17:42:00",
  "value" : "10"
},{
  "dateTime" : "03/03/17 17:46:00",
  "value" : "10"
},{
  "dateTime" : "03/03/17 17:47:00",
  "value" : "10"
},{
  "dateTime" : "03/03/17 17:49:00",
  "value" : "10"
},{
  "dateTime" : "03/03/17 18:20:00",
  "value" : "10"
},{
  "dateTime" : "03/03/17 19:05:00",
  "value" : "10"
},{
  "dateTime" : "03/03/17 19:06:00",
  "value" : "10"
},{
  "dateTime" : "03/03/17 21:26:00",
  "value" : "30"
},{
  "dateTime" : "03/03/17 21:27:00",
  "value" : "10"
},{
  "dateTime" : "03/03/17 23:51:00",
  "value" : "10"
},{
  "dateTime" : "03/04/17 08:02:00",
  "value" : "10"
},{
  "dateTime" : "03/04/17 08:14:00",
  "value" : "10"
},{
  "dateTime" : "03/04/17 09:20:00",
  "value" : "10"
},{
  "dateTime" : "03/04/17 09:46:00",
  "value" : "10"
},{
  "dateTime" : "03/04/17 09:51:00",
  "value" : "10"
},{
  "dateTime" : "03/04/17 09:53:00",
  "value" : "10"
},{
  "dateTime" : "03/04/17 09:58:00",
  "value" : "10"
},{
  "dateTime" : "03/04/17 12:08:00",
  "value" : "20"
},{
  "dateTime" : "03/04/17 12:13:00",
  "value" : "10"
},{
  "dateTime" : "03/04/17 15:02:00",
  "value" : "20"
},{
  "dateTime" : "03/04/17 15:03:00",
  "value" : "10"
},{
  "dateTime" : "03/04/17 15:07:00",
  "value" : "10"
},{
  "dateTime" : "03/04/17 15:09:00",
  "value" : "10"
},{
  "dateTime" : "03/04/17 15:10:00",
  "value" : "10"
},{
  "dateTime" : "03/04/17 15:12:00",
  "value" : "10"
},{
  "dateTime" : "03/04/17 15:17:00",
  "value" : "10"
},{
  "dateTime" : "03/04/17 15:29:00",
  "value" : "10"
},{
  "dateTime" : "03/04/17 15:39:00",
  "value" : "10"
},{
  "dateTime" : "03/04/17 15:59:00",
  "value" : "10"
},{
  "dateTime" : "03/04/17 17:42:00",
  "value" : "10"
},{
  "dateTime" : "03/04/17 18:03:00",
  "value" : "10"
},{
  "dateTime" : "03/04/17 18:06:00",
  "value" : "10"
},{
  "dateTime" : "03/04/17 18:17:00",
  "value" : "10"
},{
  "dateTime" : "03/04/17 18:44:00",
  "value" : "10"
},{
  "dateTime" : "03/04/17 19:31:00",
  "value" : "10"
},{
  "dateTime" : "03/04/17 19:32:00",
  "value" : "10"
},{
  "dateTime" : "03/04/17 19:51:00",
  "value" : "10"
},{
  "dateTime" : "03/04/17 21:50:00",
  "value" : "10"
},{
  "dateTime" : "03/04/17 21:53:00",
  "value" : "10"
},{
  "dateTime" : "03/04/17 21:54:00",
  "value" : "10"
},{
  "dateTime" : "03/04/17 22:36:00",
  "value" : "10"
},{
  "dateTime" : "03/05/17 11:31:00",
  "value" : "10"
},{
  "dateTime" : "03/05/17 11:32:00",
  "value" : "10"
},{
  "dateTime" : "03/05/17 12:11:00",
  "value" : "10"
},{
  "dateTime" : "03/05/17 12:25:00",
  "value" : "10"
},{
  "dateTime" : "03/05/17 12:54:00",
  "value" : "10"
},{
  "dateTime" : "03/05/17 12:55:00",
  "value" : "10"
},{
  "dateTime" : "03/05/17 18:54:00",
  "value" : "10"
},{
  "dateTime" : "03/05/17 20:14:00",
  "value" : "10"
},{
  "dateTime" : "03/06/17 07:20:00",
  "value" : "10"
},{
  "dateTime" : "03/06/17 10:49:00",
  "value" : "10"
},{
  "dateTime" : "03/06/17 11:22:00",
  "value" : "10"
},{
  "dateTime" : "03/06/17 11:40:00",
  "value" : "10"
},{
  "dateTime" : "03/06/17 12:36:00",
  "value" : "10"
},{
  "dateTime" : "03/06/17 12:45:00",
  "value" : "10"
},{
  "dateTime" : "03/06/17 12:46:00",
  "value" : "10"
},{
  "dateTime" : "03/06/17 12:47:00",
  "value" : "10"
},{
  "dateTime" : "03/06/17 12:50:00",
  "value" : "10"
},{
  "dateTime" : "03/06/17 13:19:00",
  "value" : "10"
},{
  "dateTime" : "03/06/17 14:08:00",
  "value" : "10"
},{
  "dateTime" : "03/06/17 14:57:00",
  "value" : "10"
},{
  "dateTime" : "03/06/17 15:11:00",
  "value" : "10"
},{
  "dateTime" : "03/06/17 15:18:00",
  "value" : "10"
},{
  "dateTime" : "03/06/17 15:59:00",
  "value" : "10"
},{
  "dateTime" : "03/06/17 16:00:00",
  "value" : "10"
},{
  "dateTime" : "03/06/17 16:05:00",
  "value" : "10"
},{
  "dateTime" : "03/06/17 16:06:00",
  "value" : "30"
},{
  "dateTime" : "03/06/17 17:41:00",
  "value" : "10"
},{
  "dateTime" : "03/06/17 17:42:00",
  "value" : "10"
},{
  "dateTime" : "03/06/17 20:15:00",
  "value" : "10"
},{
  "dateTime" : "03/06/17 20:19:00",
  "value" : "10"
},{
  "dateTime" : "03/06/17 22:29:00",
  "value" : "10"
},{
  "dateTime" : "03/06/17 23:19:00",
  "value" : "10"
},{
  "dateTime" : "03/06/17 23:21:00",
  "value" : "10"
},{
  "dateTime" : "03/07/17 07:29:00",
  "value" : "10"
},{
  "dateTime" : "03/07/17 08:56:00",
  "value" : "10"
},{
  "dateTime" : "03/07/17 09:21:00",
  "value" : "10"
},{
  "dateTime" : "03/07/17 09:45:00",
  "value" : "20"
},{
  "dateTime" : "03/07/17 09:46:00",
  "value" : "30"
},{
  "dateTime" : "03/07/17 09:47:00",
  "value" : "10"
},{
  "dateTime" : "03/07/17 09:54:00",
  "value" : "10"
},{
  "dateTime" : "03/07/17 09:55:00",
  "value" : "10"
},{
  "dateTime" : "03/07/17 09:57:00",
  "value" : "10"
},{
  "dateTime" : "03/07/17 10:00:00",
  "value" : "10"
},{
  "dateTime" : "03/07/17 10:02:00",
  "value" : "10"
},{
  "dateTime" : "03/07/17 10:54:00",
  "value" : "20"
},{
  "dateTime" : "03/07/17 10:57:00",
  "value" : "10"
},{
  "dateTime" : "03/07/17 13:12:00",
  "value" : "20"
},{
  "dateTime" : "03/07/17 13:42:00",
  "value" : "10"
},{
  "dateTime" : "03/07/17 15:18:00",
  "value" : "20"
},{
  "dateTime" : "03/07/17 15:19:00",
  "value" : "20"
},{
  "dateTime" : "03/07/17 16:05:00",
  "value" : "10"
},{
  "dateTime" : "03/07/17 17:21:00",
  "value" : "10"
},{
  "dateTime" : "03/07/17 17:43:00",
  "value" : "10"
},{
  "dateTime" : "03/07/17 20:56:00",
  "value" : "20"
},{
  "dateTime" : "03/07/17 21:27:00",
  "value" : "10"
},{
  "dateTime" : "03/07/17 22:01:00",
  "value" : "20"
},{
  "dateTime" : "03/08/17 07:15:00",
  "value" : "10"
},{
  "dateTime" : "03/08/17 07:28:00",
  "value" : "10"
},{
  "dateTime" : "03/08/17 07:47:00",
  "value" : "10"
},{
  "dateTime" : "03/08/17 07:53:00",
  "value" : "20"
},{
  "dateTime" : "03/08/17 07:59:00",
  "value" : "10"
},{
  "dateTime" : "03/08/17 13:31:00",
  "value" : "10"
},{
  "dateTime" : "03/08/17 13:32:00",
  "value" : "20"
},{
  "dateTime" : "03/08/17 13:33:00",
  "value" : "10"
},{
  "dateTime" : "03/08/17 18:20:00",
  "value" : "20"
},{
  "dateTime" : "03/08/17 18:32:00",
  "value" : "30"
},{
  "dateTime" : "03/08/17 19:58:00",
  "value" : "10"
},{
  "dateTime" : "03/08/17 21:29:00",
  "value" : "10"
},{
  "dateTime" : "03/08/17 22:05:00",
  "value" : "10"
},{
  "dateTime" : "03/09/17 07:20:00",
  "value" : "10"
},{
  "dateTime" : "03/09/17 07:58:00",
  "value" : "10"
},{
  "dateTime" : "03/09/17 08:06:00",
  "value" : "10"
},{
  "dateTime" : "03/09/17 08:38:00",
  "value" : "10"
},{
  "dateTime" : "03/09/17 08:46:00",
  "value" : "10"
},{
  "dateTime" : "03/09/17 08:47:00",
  "value" : "30"
},{
  "dateTime" : "03/09/17 08:48:00",
  "value" : "10"
},{
  "dateTime" : "03/09/17 09:00:00",
  "value" : "10"
},{
  "dateTime" : "03/09/17 10:05:00",
  "value" : "10"
},{
  "dateTime" : "03/09/17 11:07:00",
  "value" : "10"
},{
  "dateTime" : "03/09/17 13:40:00",
  "value" : "10"
},{
  "dateTime" : "03/09/17 15:15:00",
  "value" : "10"
},{
  "dateTime" : "03/09/17 16:54:00",
  "value" : "10"
},{
  "dateTime" : "03/09/17 17:29:00",
  "value" : "10"
},{
  "dateTime" : "03/09/17 21:42:00",
  "value" : "20"
},{
  "dateTime" : "03/09/17 22:11:00",
  "value" : "10"
},{
  "dateTime" : "03/09/17 22:13:00",
  "value" : "10"
},{
  "dateTime" : "03/10/17 00:02:00",
  "value" : "10"
},{
  "dateTime" : "03/10/17 00:28:00",
  "value" : "10"
},{
  "dateTime" : "03/10/17 00:48:00",
  "value" : "10"
},{
  "dateTime" : "03/10/17 07:13:00",
  "value" : "10"
},{
  "dateTime" : "03/10/17 07:52:00",
  "value" : "10"
},{
  "dateTime" : "03/10/17 07:56:00",
  "value" : "10"
},{
  "dateTime" : "03/10/17 07:57:00",
  "value" : "10"
},{
  "dateTime" : "03/10/17 08:26:00",
  "value" : "10"
},{
  "dateTime" : "03/10/17 08:34:00",
  "value" : "40"
},{
  "dateTime" : "03/10/17 08:35:00",
  "value" : "20"
},{
  "dateTime" : "03/10/17 08:36:00",
  "value" : "20"
},{
  "dateTime" : "03/10/17 08:37:00",
  "value" : "10"
},{
  "dateTime" : "03/10/17 08:45:00",
  "value" : "10"
},{
  "dateTime" : "03/10/17 08:47:00",
  "value" : "10"
},{
  "dateTime" : "03/10/17 08:50:00",
  "value" : "10"
},{
  "dateTime" : "03/10/17 08:54:00",
  "value" : "10"
},{
  "dateTime" : "03/10/17 08:55:00",
  "value" : "20"
},{
  "dateTime" : "03/10/17 10:59:00",
  "value" : "10"
},{
  "dateTime" : "03/10/17 14:38:00",
  "value" : "10"
},{
  "dateTime" : "03/10/17 15:14:00",
  "value" : "10"
},{
  "dateTime" : "03/10/17 15:15:00",
  "value" : "10"
},{
  "dateTime" : "03/10/17 15:17:00",
  "value" : "10"
},{
  "dateTime" : "03/10/17 15:23:00",
  "value" : "10"
},{
  "dateTime" : "03/10/17 16:03:00",
  "value" : "10"
},{
  "dateTime" : "03/10/17 16:10:00",
  "value" : "20"
},{
  "dateTime" : "03/10/17 16:25:00",
  "value" : "10"
},{
  "dateTime" : "03/10/17 16:56:00",
  "value" : "10"
},{
  "dateTime" : "03/10/17 16:57:00",
  "value" : "10"
},{
  "dateTime" : "03/10/17 17:17:00",
  "value" : "0"
},{
  "dateTime" : "03/10/17 17:19:00",
  "value" : "10"
},{
  "dateTime" : "03/10/17 17:21:00",
  "value" : "0"
},{
  "dateTime" : "03/10/17 17:34:00",
  "value" : "0"
},{
  "dateTime" : "03/10/17 17:37:00",
  "value" : "0"
},{
  "dateTime" : "03/10/17 17:39:00",
  "value" : "50"
},{
  "dateTime" : "03/10/17 17:40:00",
  "value" : "10"
},{
  "dateTime" : "03/10/17 17:42:00",
  "value" : "10"
},{
  "dateTime" : "03/10/17 17:43:00",
  "value" : "0"
},{
  "dateTime" : "03/10/17 17:48:00",
  "value" : "0"
},{
  "dateTime" : "03/10/17 17:49:00",
  "value" : "10"
},{
  "dateTime" : "03/10/17 17:50:00",
  "value" : "10"
},{
  "dateTime" : "03/10/17 17:53:00",
  "value" : "0"
},{
  "dateTime" : "03/10/17 17:55:00",
  "value" : "10"
},{
  "dateTime" : "03/10/17 17:56:00",
  "value" : "0"
},{
  "dateTime" : "03/10/17 17:57:00",
  "value" : "10"
},{
  "dateTime" : "03/10/17 17:58:00",
  "value" : "20"
},{
  "dateTime" : "03/10/17 17:59:00",
  "value" : "10"
},{
  "dateTime" : "03/10/17 18:02:00",
  "value" : "0"
},{
  "dateTime" : "03/10/17 18:04:00",
  "value" : "20"
},{
  "dateTime" : "03/10/17 18:06:00",
  "value" : "10"
},{
  "dateTime" : "03/10/17 18:07:00",
  "value" : "0"
},{
  "dateTime" : "03/10/17 18:09:00",
  "value" : "10"
},{
  "dateTime" : "03/10/17 18:10:00",
  "value" : "20"
},{
  "dateTime" : "03/10/17 18:13:00",
  "value" : "0"
},{
  "dateTime" : "03/10/17 18:14:00",
  "value" : "0"
},{
  "dateTime" : "03/10/17 18:16:00",
  "value" : "10"
},{
  "dateTime" : "03/10/17 18:17:00",
  "value" : "10"
},{
  "dateTime" : "03/10/17 18:18:00",
  "value" : "10"
},{
  "dateTime" : "03/10/17 18:19:00",
  "value" : "20"
},{
  "dateTime" : "03/10/17 18:20:00",
  "value" : "0"
},{
  "dateTime" : "03/10/17 18:23:00",
  "value" : "10"
},{
  "dateTime" : "03/10/17 18:24:00",
  "value" : "10"
},{
  "dateTime" : "03/10/17 18:25:00",
  "value" : "10"
},{
  "dateTime" : "03/10/17 18:26:00",
  "value" : "20"
},{
  "dateTime" : "03/10/17 18:27:00",
  "value" : "10"
},{
  "dateTime" : "03/10/17 19:53:00",
  "value" : "10"
},{
  "dateTime" : "03/10/17 19:55:00",
  "value" : "10"
},{
  "dateTime" : "03/10/17 20:06:00",
  "value" : "10"
},{
  "dateTime" : "03/10/17 22:53:00",
  "value" : "10"
},{
  "dateTime" : "03/11/17 08:10:00",
  "value" : "10"
},{
  "dateTime" : "03/11/17 08:11:00",
  "value" : "10"
},{
  "dateTime" : "03/11/17 08:38:00",
  "value" : "20"
},{
  "dateTime" : "03/11/17 08:39:00",
  "value" : "40"
},{
  "dateTime" : "03/11/17 21:13:00",
  "value" : "10"
},{
  "dateTime" : "03/11/17 23:49:00",
  "value" : "10"
},{
  "dateTime" : "03/12/17 00:40:00",
  "value" : "10"
},{
  "dateTime" : "03/12/17 11:18:00",
  "value" : "10"
},{
  "dateTime" : "03/12/17 12:33:00",
  "value" : "0"
},{
  "dateTime" : "03/12/17 12:37:00",
  "value" : "0"
},{
  "dateTime" : "03/12/17 12:38:00",
  "value" : "10"
},{
  "dateTime" : "03/12/17 12:39:00",
  "value" : "10"
},{
  "dateTime" : "03/12/17 12:40:00",
  "value" : "10"
},{
  "dateTime" : "03/12/17 12:41:00",
  "value" : "0"
},{
  "dateTime" : "03/12/17 12:44:00",
  "value" : "20"
},{
  "dateTime" : "03/12/17 12:45:00",
  "value" : "40"
},{
  "dateTime" : "03/12/17 12:47:00",
  "value" : "10"
},{
  "dateTime" : "03/12/17 12:49:00",
  "value" : "0"
},{
  "dateTime" : "03/12/17 12:52:00",
  "value" : "10"
},{
  "dateTime" : "03/12/17 12:53:00",
  "value" : "10"
},{
  "dateTime" : "03/12/17 12:54:00",
  "value" : "0"
},{
  "dateTime" : "03/12/17 12:55:00",
  "value" : "0"
},{
  "dateTime" : "03/12/17 12:57:00",
  "value" : "0"
},{
  "dateTime" : "03/12/17 12:59:00",
  "value" : "10"
},{
  "dateTime" : "03/12/17 13:00:00",
  "value" : "20"
},{
  "dateTime" : "03/12/17 13:03:00",
  "value" : "10"
},{
  "dateTime" : "03/12/17 13:04:00",
  "value" : "20"
},{
  "dateTime" : "03/12/17 13:06:00",
  "value" : "10"
},{
  "dateTime" : "03/12/17 13:08:00",
  "value" : "10"
},{
  "dateTime" : "03/12/17 13:09:00",
  "value" : "30"
},{
  "dateTime" : "03/12/17 13:12:00",
  "value" : "0"
},{
  "dateTime" : "03/12/17 13:16:00",
  "value" : "0"
},{
  "dateTime" : "03/12/17 13:18:00",
  "value" : "0"
},{
  "dateTime" : "03/12/17 13:28:00",
  "value" : "20"
},{
  "dateTime" : "03/12/17 13:33:00",
  "value" : "20"
},{
  "dateTime" : "03/12/17 13:34:00",
  "value" : "10"
},{
  "dateTime" : "03/12/17 13:35:00",
  "value" : "10"
},{
  "dateTime" : "03/12/17 15:58:00",
  "value" : "10"
},{
  "dateTime" : "03/12/17 15:59:00",
  "value" : "20"
},{
  "dateTime" : "03/12/17 16:00:00",
  "value" : "10"
},{
  "dateTime" : "03/12/17 16:45:00",
  "value" : "10"
},{
  "dateTime" : "03/13/17 09:05:00",
  "value" : "10"
},{
  "dateTime" : "03/13/17 11:27:00",
  "value" : "10"
},{
  "dateTime" : "03/13/17 13:04:00",
  "value" : "10"
},{
  "dateTime" : "03/13/17 13:33:00",
  "value" : "10"
},{
  "dateTime" : "03/13/17 13:51:00",
  "value" : "10"
},{
  "dateTime" : "03/13/17 13:56:00",
  "value" : "10"
},{
  "dateTime" : "03/13/17 14:40:00",
  "value" : "10"
},{
  "dateTime" : "03/13/17 14:41:00",
  "value" : "30"
},{
  "dateTime" : "03/13/17 14:42:00",
  "value" : "10"
},{
  "dateTime" : "03/13/17 14:43:00",
  "value" : "10"
},{
  "dateTime" : "03/13/17 16:08:00",
  "value" : "20"
},{
  "dateTime" : "03/13/17 16:11:00",
  "value" : "30"
},{
  "dateTime" : "03/13/17 17:17:00",
  "value" : "10"
},{
  "dateTime" : "03/13/17 17:25:00",
  "value" : "20"
},{
  "dateTime" : "03/13/17 17:29:00",
  "value" : "10"
},{
  "dateTime" : "03/13/17 18:12:00",
  "value" : "10"
},{
  "dateTime" : "03/13/17 21:15:00",
  "value" : "20"
},{
  "dateTime" : "03/13/17 22:09:00",
  "value" : "10"
},{
  "dateTime" : "03/13/17 22:13:00",
  "value" : "20"
},{
  "dateTime" : "03/13/17 22:31:00",
  "value" : "10"
},{
  "dateTime" : "03/14/17 09:46:00",
  "value" : "10"
},{
  "dateTime" : "03/14/17 10:33:00",
  "value" : "10"
},{
  "dateTime" : "03/14/17 10:39:00",
  "value" : "20"
},{
  "dateTime" : "03/14/17 10:40:00",
  "value" : "30"
},{
  "dateTime" : "03/14/17 10:41:00",
  "value" : "30"
},{
  "dateTime" : "03/14/17 10:42:00",
  "value" : "10"
},{
  "dateTime" : "03/14/17 10:53:00",
  "value" : "10"
},{
  "dateTime" : "03/14/17 11:00:00",
  "value" : "20"
},{
  "dateTime" : "03/14/17 11:01:00",
  "value" : "20"
},{
  "dateTime" : "03/14/17 12:00:00",
  "value" : "20"
},{
  "dateTime" : "03/14/17 16:47:00",
  "value" : "10"
},{
  "dateTime" : "03/14/17 16:48:00",
  "value" : "10"
},{
  "dateTime" : "03/14/17 17:19:00",
  "value" : "10"
},{
  "dateTime" : "03/14/17 17:21:00",
  "value" : "10"
},{
  "dateTime" : "03/14/17 22:07:00",
  "value" : "10"
},{
  "dateTime" : "03/14/17 22:08:00",
  "value" : "10"
},{
  "dateTime" : "03/14/17 22:41:00",
  "value" : "10"
},{
  "dateTime" : "03/14/17 22:43:00",
  "value" : "10"
},{
  "dateTime" : "03/15/17 07:05:00",
  "value" : "10"
},{
  "dateTime" : "03/15/17 07:23:00",
  "value" : "10"
},{
  "dateTime" : "03/15/17 07:42:00",
  "value" : "0"
},{
  "dateTime" : "03/15/17 07:43:00",
  "value" : "10"
},{
  "dateTime" : "03/15/17 07:48:00",
  "value" : "10"
},{
  "dateTime" : "03/15/17 07:50:00",
  "value" : "10"
},{
  "dateTime" : "03/15/17 07:57:00",
  "value" : "10"
},{
  "dateTime" : "03/15/17 08:08:00",
  "value" : "20"
},{
  "dateTime" : "03/15/17 08:13:00",
  "value" : "10"
},{
  "dateTime" : "03/15/17 08:14:00",
  "value" : "10"
},{
  "dateTime" : "03/15/17 08:19:00",
  "value" : "10"
},{
  "dateTime" : "03/15/17 08:21:00",
  "value" : "10"
},{
  "dateTime" : "03/15/17 08:25:00",
  "value" : "10"
},{
  "dateTime" : "03/15/17 08:26:00",
  "value" : "10"
},{
  "dateTime" : "03/15/17 08:27:00",
  "value" : "10"
},{
  "dateTime" : "03/15/17 08:30:00",
  "value" : "20"
},{
  "dateTime" : "03/15/17 08:31:00",
  "value" : "10"
},{
  "dateTime" : "03/15/17 08:32:00",
  "value" : "40"
},{
  "dateTime" : "03/15/17 08:33:00",
  "value" : "50"
},{
  "dateTime" : "03/15/17 08:34:00",
  "value" : "20"
},{
  "dateTime" : "03/15/17 08:35:00",
  "value" : "0"
},{
  "dateTime" : "03/15/17 13:11:00",
  "value" : "10"
},{
  "dateTime" : "03/15/17 13:18:00",
  "value" : "10"
},{
  "dateTime" : "03/15/17 13:19:00",
  "value" : "10"
},{
  "dateTime" : "03/15/17 13:20:00",
  "value" : "10"
},{
  "dateTime" : "03/15/17 18:00:00",
  "value" : "0"
},{
  "dateTime" : "03/15/17 18:01:00",
  "value" : "10"
},{
  "dateTime" : "03/15/17 18:12:00",
  "value" : "10"
},{
  "dateTime" : "03/15/17 18:13:00",
  "value" : "10"
},{
  "dateTime" : "03/15/17 18:14:00",
  "value" : "20"
},{
  "dateTime" : "03/15/17 18:16:00",
  "value" : "30"
},{
  "dateTime" : "03/15/17 18:18:00",
  "value" : "10"
},{
  "dateTime" : "03/15/17 18:28:00",
  "value" : "10"
},{
  "dateTime" : "03/15/17 18:30:00",
  "value" : "10"
},{
  "dateTime" : "03/15/17 18:34:00",
  "value" : "10"
},{
  "dateTime" : "03/15/17 18:35:00",
  "value" : "10"
},{
  "dateTime" : "03/15/17 18:40:00",
  "value" : "10"
},{
  "dateTime" : "03/15/17 18:43:00",
  "value" : "10"
},{
  "dateTime" : "03/15/17 18:45:00",
  "value" : "10"
},{
  "dateTime" : "03/15/17 18:46:00",
  "value" : "10"
},{
  "dateTime" : "03/15/17 18:47:00",
  "value" : "10"
},{
  "dateTime" : "03/15/17 18:49:00",
  "value" : "10"
},{
  "dateTime" : "03/15/17 18:51:00",
  "value" : "20"
},{
  "dateTime" : "03/15/17 18:53:00",
  "value" : "10"
},{
  "dateTime" : "03/15/17 18:54:00",
  "value" : "10"
},{
  "dateTime" : "03/15/17 18:56:00",
  "value" : "20"
},{
  "dateTime" : "03/15/17 20:08:00",
  "value" : "20"
},{
  "dateTime" : "03/15/17 20:13:00",
  "value" : "10"
},{
  "dateTime" : "03/15/17 20:14:00",
  "value" : "10"
},{
  "dateTime" : "03/15/17 20:15:00",
  "value" : "10"
},{
  "dateTime" : "03/15/17 20:19:00",
  "value" : "10"
},{
  "dateTime" : "03/15/17 20:22:00",
  "value" : "10"
},{
  "dateTime" : "03/15/17 21:53:00",
  "value" : "10"
},{
  "dateTime" : "03/15/17 21:56:00",
  "value" : "10"
},{
  "dateTime" : "03/16/17 07:23:00",
  "value" : "10"
},{
  "dateTime" : "03/16/17 07:24:00",
  "value" : "10"
},{
  "dateTime" : "03/16/17 07:27:00",
  "value" : "10"
},{
  "dateTime" : "03/16/17 08:56:00",
  "value" : "10"
},{
  "dateTime" : "03/16/17 09:06:00",
  "value" : "10"
},{
  "dateTime" : "03/16/17 09:07:00",
  "value" : "10"
},{
  "dateTime" : "03/16/17 09:51:00",
  "value" : "20"
},{
  "dateTime" : "03/16/17 10:10:00",
  "value" : "20"
},{
  "dateTime" : "03/16/17 11:03:00",
  "value" : "10"
},{
  "dateTime" : "03/16/17 12:38:00",
  "value" : "10"
},{
  "dateTime" : "03/16/17 14:06:00",
  "value" : "10"
},{
  "dateTime" : "03/16/17 14:09:00",
  "value" : "20"
},{
  "dateTime" : "03/16/17 15:14:00",
  "value" : "10"
},{
  "dateTime" : "03/16/17 16:36:00",
  "value" : "10"
},{
  "dateTime" : "03/16/17 17:29:00",
  "value" : "10"
},{
  "dateTime" : "03/16/17 17:31:00",
  "value" : "10"
},{
  "dateTime" : "03/16/17 19:11:00",
  "value" : "10"
},{
  "dateTime" : "03/16/17 19:26:00",
  "value" : "10"
},{
  "dateTime" : "03/16/17 19:34:00",
  "value" : "10"
},{
  "dateTime" : "03/16/17 19:46:00",
  "value" : "10"
},{
  "dateTime" : "03/16/17 20:17:00",
  "value" : "10"
},{
  "dateTime" : "03/16/17 20:19:00",
  "value" : "10"
},{
  "dateTime" : "03/16/17 20:20:00",
  "value" : "10"
},{
  "dateTime" : "03/17/17 07:05:00",
  "value" : "10"
},{
  "dateTime" : "03/17/17 07:50:00",
  "value" : "10"
},{
  "dateTime" : "03/17/17 07:56:00",
  "value" : "10"
},{
  "dateTime" : "03/17/17 07:58:00",
  "value" : "10"
},{
  "dateTime" : "03/17/17 08:27:00",
  "value" : "10"
},{
  "dateTime" : "03/17/17 08:38:00",
  "value" : "40"
},{
  "dateTime" : "03/17/17 08:39:00",
  "value" : "20"
},{
  "dateTime" : "03/17/17 08:49:00",
  "value" : "10"
},{
  "dateTime" : "03/17/17 08:52:00",
  "value" : "10"
},{
  "dateTime" : "03/17/17 08:53:00",
  "value" : "10"
},{
  "dateTime" : "03/17/17 11:00:00",
  "value" : "10"
},{
  "dateTime" : "03/17/17 11:09:00",
  "value" : "10"
},{
  "dateTime" : "03/17/17 12:30:00",
  "value" : "10"
},{
  "dateTime" : "03/17/17 12:52:00",
  "value" : "10"
},{
  "dateTime" : "03/17/17 16:12:00",
  "value" : "10"
},{
  "dateTime" : "03/17/17 17:03:00",
  "value" : "10"
},{
  "dateTime" : "03/17/17 17:06:00",
  "value" : "10"
},{
  "dateTime" : "03/17/17 17:07:00",
  "value" : "10"
},{
  "dateTime" : "03/17/17 17:30:00",
  "value" : "0"
},{
  "dateTime" : "03/17/17 17:34:00",
  "value" : "10"
},{
  "dateTime" : "03/17/17 17:36:00",
  "value" : "30"
},{
  "dateTime" : "03/17/17 17:37:00",
  "value" : "10"
},{
  "dateTime" : "03/17/17 17:38:00",
  "value" : "0"
},{
  "dateTime" : "03/17/17 17:39:00",
  "value" : "30"
},{
  "dateTime" : "03/17/17 17:40:00",
  "value" : "20"
},{
  "dateTime" : "03/17/17 17:51:00",
  "value" : "20"
},{
  "dateTime" : "03/17/17 17:52:00",
  "value" : "30"
},{
  "dateTime" : "03/17/17 17:56:00",
  "value" : "10"
},{
  "dateTime" : "03/17/17 17:57:00",
  "value" : "0"
},{
  "dateTime" : "03/17/17 18:00:00",
  "value" : "10"
},{
  "dateTime" : "03/17/17 18:02:00",
  "value" : "0"
},{
  "dateTime" : "03/17/17 18:07:00",
  "value" : "0"
},{
  "dateTime" : "03/17/17 18:10:00",
  "value" : "0"
},{
  "dateTime" : "03/17/17 18:15:00",
  "value" : "0"
},{
  "dateTime" : "03/17/17 18:18:00",
  "value" : "10"
},{
  "dateTime" : "03/17/17 18:20:00",
  "value" : "10"
},{
  "dateTime" : "03/17/17 18:21:00",
  "value" : "10"
},{
  "dateTime" : "03/17/17 18:22:00",
  "value" : "10"
},{
  "dateTime" : "03/17/17 18:23:00",
  "value" : "20"
},{
  "dateTime" : "03/17/17 18:24:00",
  "value" : "10"
},{
  "dateTime" : "03/17/17 18:25:00",
  "value" : "0"
},{
  "dateTime" : "03/17/17 18:26:00",
  "value" : "0"
},{
  "dateTime" : "03/17/17 18:27:00",
  "value" : "20"
},{
  "dateTime" : "03/17/17 18:29:00",
  "value" : "10"
},{
  "dateTime" : "03/17/17 18:30:00",
  "value" : "10"
},{
  "dateTime" : "03/17/17 18:32:00",
  "value" : "10"
},{
  "dateTime" : "03/17/17 18:33:00",
  "value" : "20"
},{
  "dateTime" : "03/17/17 18:34:00",
  "value" : "20"
},{
  "dateTime" : "03/17/17 19:18:00",
  "value" : "10"
},{
  "dateTime" : "03/17/17 19:30:00",
  "value" : "10"
},{
  "dateTime" : "03/18/17 11:40:00",
  "value" : "10"
},{
  "dateTime" : "03/18/17 12:19:00",
  "value" : "10"
},{
  "dateTime" : "03/18/17 12:21:00",
  "value" : "10"
},{
  "dateTime" : "03/18/17 12:35:00",
  "value" : "20"
},{
  "dateTime" : "03/18/17 12:37:00",
  "value" : "10"
},{
  "dateTime" : "03/18/17 14:58:00",
  "value" : "10"
},{
  "dateTime" : "03/18/17 16:42:00",
  "value" : "10"
},{
  "dateTime" : "03/18/17 17:02:00",
  "value" : "10"
},{
  "dateTime" : "03/18/17 17:20:00",
  "value" : "10"
},{
  "dateTime" : "03/18/17 19:27:00",
  "value" : "10"
},{
  "dateTime" : "03/18/17 19:39:00",
  "value" : "10"
},{
  "dateTime" : "03/19/17 00:14:00",
  "value" : "10"
},{
  "dateTime" : "03/19/17 00:15:00",
  "value" : "20"
},{
  "dateTime" : "03/19/17 13:15:00",
  "value" : "10"
},{
  "dateTime" : "03/19/17 16:25:00",
  "value" : "20"
},{
  "dateTime" : "03/19/17 16:31:00",
  "value" : "20"
},{
  "dateTime" : "03/19/17 16:32:00",
  "value" : "10"
},{
  "dateTime" : "03/19/17 16:42:00",
  "value" : "10"
},{
  "dateTime" : "03/19/17 19:59:00",
  "value" : "10"
},{
  "dateTime" : "03/19/17 20:05:00",
  "value" : "10"
},{
  "dateTime" : "03/19/17 20:14:00",
  "value" : "0"
},{
  "dateTime" : "03/19/17 20:18:00",
  "value" : "0"
},{
  "dateTime" : "03/19/17 20:19:00",
  "value" : "10"
},{
  "dateTime" : "03/19/17 20:20:00",
  "value" : "20"
},{
  "dateTime" : "03/19/17 20:22:00",
  "value" : "10"
},{
  "dateTime" : "03/19/17 20:23:00",
  "value" : "20"
},{
  "dateTime" : "03/19/17 20:24:00",
  "value" : "10"
},{
  "dateTime" : "03/19/17 20:25:00",
  "value" : "10"
},{
  "dateTime" : "03/19/17 20:26:00",
  "value" : "0"
},{
  "dateTime" : "03/19/17 20:30:00",
  "value" : "10"
},{
  "dateTime" : "03/19/17 20:34:00",
  "value" : "0"
},{
  "dateTime" : "03/19/17 20:37:00",
  "value" : "20"
},{
  "dateTime" : "03/19/17 20:38:00",
  "value" : "10"
},{
  "dateTime" : "03/19/17 20:39:00",
  "value" : "10"
},{
  "dateTime" : "03/19/17 20:42:00",
  "value" : "20"
},{
  "dateTime" : "03/19/17 20:43:00",
  "value" : "40"
},{
  "dateTime" : "03/19/17 20:46:00",
  "value" : "0"
},{
  "dateTime" : "03/19/17 20:49:00",
  "value" : "10"
},{
  "dateTime" : "03/19/17 20:50:00",
  "value" : "10"
},{
  "dateTime" : "03/19/17 20:51:00",
  "value" : "10"
},{
  "dateTime" : "03/19/17 20:52:00",
  "value" : "10"
},{
  "dateTime" : "03/19/17 20:55:00",
  "value" : "0"
},{
  "dateTime" : "03/19/17 20:59:00",
  "value" : "0"
},{
  "dateTime" : "03/19/17 21:03:00",
  "value" : "0"
},{
  "dateTime" : "03/19/17 21:04:00",
  "value" : "0"
},{
  "dateTime" : "03/19/17 21:05:00",
  "value" : "10"
},{
  "dateTime" : "03/19/17 21:34:00",
  "value" : "10"
},{
  "dateTime" : "03/20/17 11:55:00",
  "value" : "10"
},{
  "dateTime" : "03/20/17 11:59:00",
  "value" : "10"
},{
  "dateTime" : "03/20/17 12:50:00",
  "value" : "10"
},{
  "dateTime" : "03/20/17 12:51:00",
  "value" : "20"
},{
  "dateTime" : "03/20/17 13:42:00",
  "value" : "10"
},{
  "dateTime" : "03/20/17 13:43:00",
  "value" : "10"
},{
  "dateTime" : "03/20/17 13:50:00",
  "value" : "10"
},{
  "dateTime" : "03/20/17 13:52:00",
  "value" : "10"
},{
  "dateTime" : "03/20/17 13:54:00",
  "value" : "10"
},{
  "dateTime" : "03/20/17 13:57:00",
  "value" : "10"
},{
  "dateTime" : "03/20/17 14:48:00",
  "value" : "20"
},{
  "dateTime" : "03/20/17 16:17:00",
  "value" : "10"
},{
  "dateTime" : "03/20/17 16:18:00",
  "value" : "30"
},{
  "dateTime" : "03/20/17 17:15:00",
  "value" : "30"
},{
  "dateTime" : "03/20/17 21:04:00",
  "value" : "10"
},{
  "dateTime" : "03/20/17 21:15:00",
  "value" : "10"
},{
  "dateTime" : "03/20/17 21:26:00",
  "value" : "10"
},{
  "dateTime" : "03/20/17 21:56:00",
  "value" : "10"
},{
  "dateTime" : "03/20/17 22:00:00",
  "value" : "10"
},{
  "dateTime" : "03/21/17 06:07:00",
  "value" : "10"
},{
  "dateTime" : "03/21/17 06:14:00",
  "value" : "10"
},{
  "dateTime" : "03/21/17 07:05:00",
  "value" : "10"
},{
  "dateTime" : "03/21/17 07:07:00",
  "value" : "10"
},{
  "dateTime" : "03/21/17 07:16:00",
  "value" : "10"
},{
  "dateTime" : "03/21/17 08:07:00",
  "value" : "10"
},{
  "dateTime" : "03/21/17 08:08:00",
  "value" : "10"
},{
  "dateTime" : "03/21/17 08:09:00",
  "value" : "10"
},{
  "dateTime" : "03/21/17 08:16:00",
  "value" : "10"
},{
  "dateTime" : "03/21/17 08:17:00",
  "value" : "10"
},{
  "dateTime" : "03/21/17 08:19:00",
  "value" : "10"
},{
  "dateTime" : "03/21/17 08:21:00",
  "value" : "10"
},{
  "dateTime" : "03/21/17 08:24:00",
  "value" : "10"
},{
  "dateTime" : "03/21/17 08:25:00",
  "value" : "10"
},{
  "dateTime" : "03/21/17 10:48:00",
  "value" : "10"
},{
  "dateTime" : "03/21/17 10:49:00",
  "value" : "20"
},{
  "dateTime" : "03/21/17 12:12:00",
  "value" : "10"
},{
  "dateTime" : "03/21/17 12:13:00",
  "value" : "10"
},{
  "dateTime" : "03/22/17 07:11:00",
  "value" : "10"
},{
  "dateTime" : "03/22/17 07:26:00",
  "value" : "10"
},{
  "dateTime" : "03/22/17 07:49:00",
  "value" : "10"
},{
  "dateTime" : "03/22/17 07:51:00",
  "value" : "10"
},{
  "dateTime" : "03/22/17 08:26:00",
  "value" : "10"
},{
  "dateTime" : "03/22/17 08:40:00",
  "value" : "10"
},{
  "dateTime" : "03/22/17 08:50:00",
  "value" : "10"
},{
  "dateTime" : "03/22/17 08:59:00",
  "value" : "20"
},{
  "dateTime" : "03/22/17 13:08:00",
  "value" : "10"
},{
  "dateTime" : "03/22/17 13:14:00",
  "value" : "10"
},{
  "dateTime" : "03/22/17 13:16:00",
  "value" : "10"
},{
  "dateTime" : "03/22/17 13:17:00",
  "value" : "10"
},{
  "dateTime" : "03/22/17 13:29:00",
  "value" : "10"
},{
  "dateTime" : "03/22/17 13:31:00",
  "value" : "10"
},{
  "dateTime" : "03/22/17 13:37:00",
  "value" : "10"
},{
  "dateTime" : "03/22/17 19:26:00",
  "value" : "10"
},{
  "dateTime" : "03/22/17 19:30:00",
  "value" : "10"
},{
  "dateTime" : "03/22/17 19:31:00",
  "value" : "10"
},{
  "dateTime" : "03/22/17 19:44:00",
  "value" : "20"
},{
  "dateTime" : "03/22/17 19:50:00",
  "value" : "10"
},{
  "dateTime" : "03/22/17 20:42:00",
  "value" : "10"
},{
  "dateTime" : "03/22/17 21:02:00",
  "value" : "10"
},{
  "dateTime" : "03/22/17 21:03:00",
  "value" : "10"
},{
  "dateTime" : "03/22/17 21:43:00",
  "value" : "10"
},{
  "dateTime" : "03/23/17 07:14:00",
  "value" : "10"
},{
  "dateTime" : "03/23/17 08:29:00",
  "value" : "10"
},{
  "dateTime" : "03/23/17 08:30:00",
  "value" : "10"
},{
  "dateTime" : "03/23/17 09:08:00",
  "value" : "10"
},{
  "dateTime" : "03/23/17 09:15:00",
  "value" : "40"
},{
  "dateTime" : "03/23/17 09:16:00",
  "value" : "30"
},{
  "dateTime" : "03/23/17 09:59:00",
  "value" : "10"
},{
  "dateTime" : "03/23/17 11:01:00",
  "value" : "10"
},{
  "dateTime" : "03/23/17 13:10:00",
  "value" : "10"
},{
  "dateTime" : "03/23/17 13:14:00",
  "value" : "10"
},{
  "dateTime" : "03/23/17 14:10:00",
  "value" : "10"
},{
  "dateTime" : "03/23/17 15:04:00",
  "value" : "10"
},{
  "dateTime" : "03/23/17 16:32:00",
  "value" : "10"
},{
  "dateTime" : "03/23/17 17:34:00",
  "value" : "10"
},{
  "dateTime" : "03/23/17 19:29:00",
  "value" : "10"
},{
  "dateTime" : "03/23/17 20:09:00",
  "value" : "10"
},{
  "dateTime" : "03/23/17 20:26:00",
  "value" : "10"
},{
  "dateTime" : "03/23/17 20:35:00",
  "value" : "10"
},{
  "dateTime" : "03/23/17 20:36:00",
  "value" : "10"
},{
  "dateTime" : "03/23/17 20:38:00",
  "value" : "10"
},{
  "dateTime" : "03/23/17 20:39:00",
  "value" : "10"
},{
  "dateTime" : "03/24/17 08:07:00",
  "value" : "10"
},{
  "dateTime" : "03/24/17 08:19:00",
  "value" : "10"
},{
  "dateTime" : "03/24/17 09:04:00",
  "value" : "30"
},{
  "dateTime" : "03/24/17 09:05:00",
  "value" : "10"
},{
  "dateTime" : "03/24/17 09:07:00",
  "value" : "10"
},{
  "dateTime" : "03/24/17 09:15:00",
  "value" : "30"
},{
  "dateTime" : "03/24/17 11:14:00",
  "value" : "20"
},{
  "dateTime" : "03/24/17 14:09:00",
  "value" : "10"
},{
  "dateTime" : "03/24/17 14:13:00",
  "value" : "10"
},{
  "dateTime" : "03/24/17 14:16:00",
  "value" : "10"
},{
  "dateTime" : "03/24/17 15:17:00",
  "value" : "10"
},{
  "dateTime" : "03/24/17 15:21:00",
  "value" : "10"
},{
  "dateTime" : "03/24/17 15:50:00",
  "value" : "10"
},{
  "dateTime" : "03/24/17 15:51:00",
  "value" : "10"
},{
  "dateTime" : "03/24/17 17:21:00",
  "value" : "10"
},{
  "dateTime" : "03/24/17 18:02:00",
  "value" : "10"
},{
  "dateTime" : "03/24/17 18:43:00",
  "value" : "10"
},{
  "dateTime" : "03/24/17 18:45:00",
  "value" : "10"
},{
  "dateTime" : "03/24/17 18:46:00",
  "value" : "10"
},{
  "dateTime" : "03/24/17 18:47:00",
  "value" : "10"
},{
  "dateTime" : "03/24/17 19:10:00",
  "value" : "10"
},{
  "dateTime" : "03/24/17 19:26:00",
  "value" : "10"
},{
  "dateTime" : "03/24/17 22:35:00",
  "value" : "10"
},{
  "dateTime" : "03/24/17 22:58:00",
  "value" : "10"
},{
  "dateTime" : "03/24/17 23:04:00",
  "value" : "10"
},{
  "dateTime" : "03/24/17 23:06:00",
  "value" : "10"
},{
  "dateTime" : "03/25/17 08:45:00",
  "value" : "10"
},{
  "dateTime" : "03/25/17 08:46:00",
  "value" : "10"
},{
  "dateTime" : "03/25/17 10:17:00",
  "value" : "10"
},{
  "dateTime" : "03/25/17 11:08:00",
  "value" : "10"
},{
  "dateTime" : "03/25/17 11:25:00",
  "value" : "10"
},{
  "dateTime" : "03/25/17 12:42:00",
  "value" : "10"
},{
  "dateTime" : "03/25/17 12:46:00",
  "value" : "10"
},{
  "dateTime" : "03/25/17 13:09:00",
  "value" : "20"
},{
  "dateTime" : "03/25/17 13:10:00",
  "value" : "10"
},{
  "dateTime" : "03/25/17 13:11:00",
  "value" : "10"
},{
  "dateTime" : "03/25/17 13:39:00",
  "value" : "10"
},{
  "dateTime" : "03/25/17 14:00:00",
  "value" : "10"
},{
  "dateTime" : "03/25/17 14:02:00",
  "value" : "10"
},{
  "dateTime" : "03/25/17 16:41:00",
  "value" : "20"
},{
  "dateTime" : "03/25/17 18:15:00",
  "value" : "10"
},{
  "dateTime" : "03/25/17 18:16:00",
  "value" : "10"
},{
  "dateTime" : "03/25/17 18:30:00",
  "value" : "10"
},{
  "dateTime" : "03/25/17 19:07:00",
  "value" : "20"
},{
  "dateTime" : "03/25/17 19:24:00",
  "value" : "10"
},{
  "dateTime" : "03/25/17 19:33:00",
  "value" : "10"
},{
  "dateTime" : "03/25/17 23:04:00",
  "value" : "10"
},{
  "dateTime" : "03/25/17 23:39:00",
  "value" : "10"
},{
  "dateTime" : "03/26/17 01:19:00",
  "value" : "10"
},{
  "dateTime" : "03/26/17 01:50:00",
  "value" : "10"
},{
  "dateTime" : "03/26/17 10:45:00",
  "value" : "10"
},{
  "dateTime" : "03/26/17 12:33:00",
  "value" : "10"
},{
  "dateTime" : "03/26/17 15:38:00",
  "value" : "10"
},{
  "dateTime" : "03/26/17 16:54:00",
  "value" : "10"
},{
  "dateTime" : "03/26/17 17:08:00",
  "value" : "10"
},{
  "dateTime" : "03/26/17 23:53:00",
  "value" : "10"
},{
  "dateTime" : "03/27/17 07:15:00",
  "value" : "10"
},{
  "dateTime" : "03/27/17 07:52:00",
  "value" : "10"
},{
  "dateTime" : "03/27/17 08:00:00",
  "value" : "10"
},{
  "dateTime" : "03/27/17 08:26:00",
  "value" : "10"
},{
  "dateTime" : "03/27/17 08:46:00",
  "value" : "20"
},{
  "dateTime" : "03/27/17 08:47:00",
  "value" : "20"
},{
  "dateTime" : "03/27/17 09:32:00",
  "value" : "10"
},{
  "dateTime" : "03/27/17 09:56:00",
  "value" : "20"
},{
  "dateTime" : "03/27/17 11:28:00",
  "value" : "10"
},{
  "dateTime" : "03/27/17 11:31:00",
  "value" : "10"
},{
  "dateTime" : "03/27/17 11:32:00",
  "value" : "10"
},{
  "dateTime" : "03/27/17 12:26:00",
  "value" : "20"
},{
  "dateTime" : "03/27/17 12:30:00",
  "value" : "20"
},{
  "dateTime" : "03/27/17 12:31:00",
  "value" : "10"
},{
  "dateTime" : "03/27/17 12:34:00",
  "value" : "20"
},{
  "dateTime" : "03/27/17 14:32:00",
  "value" : "10"
},{
  "dateTime" : "03/27/17 15:24:00",
  "value" : "10"
},{
  "dateTime" : "03/27/17 15:26:00",
  "value" : "10"
},{
  "dateTime" : "03/27/17 15:27:00",
  "value" : "20"
},{
  "dateTime" : "03/27/17 16:16:00",
  "value" : "10"
},{
  "dateTime" : "03/27/17 16:17:00",
  "value" : "30"
},{
  "dateTime" : "03/27/17 17:07:00",
  "value" : "20"
},{
  "dateTime" : "03/27/17 17:08:00",
  "value" : "20"
},{
  "dateTime" : "03/27/17 17:09:00",
  "value" : "10"
},{
  "dateTime" : "03/27/17 17:10:00",
  "value" : "10"
},{
  "dateTime" : "03/27/17 18:06:00",
  "value" : "10"
},{
  "dateTime" : "03/27/17 21:09:00",
  "value" : "10"
},{
  "dateTime" : "03/27/17 21:27:00",
  "value" : "20"
},{
  "dateTime" : "03/27/17 21:51:00",
  "value" : "10"
},{
  "dateTime" : "03/27/17 21:54:00",
  "value" : "10"
},{
  "dateTime" : "03/28/17 09:56:00",
  "value" : "10"
},{
  "dateTime" : "03/28/17 09:58:00",
  "value" : "10"
},{
  "dateTime" : "03/28/17 10:43:00",
  "value" : "10"
},{
  "dateTime" : "03/28/17 10:49:00",
  "value" : "50"
},{
  "dateTime" : "03/28/17 10:50:00",
  "value" : "10"
},{
  "dateTime" : "03/28/17 10:58:00",
  "value" : "10"
},{
  "dateTime" : "03/28/17 11:00:00",
  "value" : "30"
},{
  "dateTime" : "03/28/17 11:01:00",
  "value" : "10"
},{
  "dateTime" : "03/28/17 12:16:00",
  "value" : "10"
},{
  "dateTime" : "03/28/17 19:05:00",
  "value" : "10"
},{
  "dateTime" : "03/28/17 22:12:00",
  "value" : "10"
},{
  "dateTime" : "03/28/17 22:46:00",
  "value" : "10"
},{
  "dateTime" : "03/28/17 22:47:00",
  "value" : "10"
},{
  "dateTime" : "03/28/17 23:10:00",
  "value" : "10"
},{
  "dateTime" : "03/28/17 23:12:00",
  "value" : "20"
},{
  "dateTime" : "03/29/17 07:01:00",
  "value" : "10"
},{
  "dateTime" : "03/29/17 07:29:00",
  "value" : "0"
},{
  "dateTime" : "03/29/17 07:31:00",
  "value" : "10"
},{
  "dateTime" : "03/29/17 07:32:00",
  "value" : "10"
},{
  "dateTime" : "03/29/17 07:40:00",
  "value" : "10"
},{
  "dateTime" : "03/29/17 07:47:00",
  "value" : "10"
},{
  "dateTime" : "03/29/17 07:48:00",
  "value" : "10"
},{
  "dateTime" : "03/29/17 07:55:00",
  "value" : "10"
},{
  "dateTime" : "03/29/17 07:58:00",
  "value" : "10"
},{
  "dateTime" : "03/29/17 08:02:00",
  "value" : "10"
},{
  "dateTime" : "03/29/17 08:04:00",
  "value" : "20"
},{
  "dateTime" : "03/29/17 08:06:00",
  "value" : "10"
},{
  "dateTime" : "03/29/17 08:19:00",
  "value" : "10"
},{
  "dateTime" : "03/29/17 08:21:00",
  "value" : "20"
},{
  "dateTime" : "03/29/17 08:22:00",
  "value" : "40"
},{
  "dateTime" : "03/29/17 08:23:00",
  "value" : "10"
},{
  "dateTime" : "03/29/17 08:24:00",
  "value" : "20"
},{
  "dateTime" : "03/29/17 08:30:00",
  "value" : "0"
},{
  "dateTime" : "03/29/17 08:32:00",
  "value" : "0"
},{
  "dateTime" : "03/29/17 08:55:00",
  "value" : "20"
},{
  "dateTime" : "03/29/17 13:19:00",
  "value" : "10"
},{
  "dateTime" : "03/29/17 13:20:00",
  "value" : "10"
},{
  "dateTime" : "03/29/17 13:21:00",
  "value" : "20"
},{
  "dateTime" : "03/29/17 14:03:00",
  "value" : "10"
},{
  "dateTime" : "03/29/17 14:04:00",
  "value" : "20"
},{
  "dateTime" : "03/29/17 18:23:00",
  "value" : "0"
},{
  "dateTime" : "03/29/17 18:24:00",
  "value" : "30"
},{
  "dateTime" : "03/29/17 18:25:00",
  "value" : "10"
},{
  "dateTime" : "03/29/17 18:26:00",
  "value" : "10"
},{
  "dateTime" : "03/29/17 18:31:00",
  "value" : "10"
},{
  "dateTime" : "03/29/17 18:37:00",
  "value" : "20"
},{
  "dateTime" : "03/29/17 18:41:00",
  "value" : "20"
},{
  "dateTime" : "03/29/17 18:42:00",
  "value" : "20"
},{
  "dateTime" : "03/29/17 18:43:00",
  "value" : "10"
},{
  "dateTime" : "03/29/17 18:46:00",
  "value" : "10"
},{
  "dateTime" : "03/29/17 18:47:00",
  "value" : "20"
},{
  "dateTime" : "03/29/17 18:50:00",
  "value" : "10"
},{
  "dateTime" : "03/29/17 18:53:00",
  "value" : "10"
},{
  "dateTime" : "03/29/17 18:56:00",
  "value" : "10"
},{
  "dateTime" : "03/29/17 19:00:00",
  "value" : "10"
},{
  "dateTime" : "03/29/17 19:01:00",
  "value" : "10"
},{
  "dateTime" : "03/29/17 19:05:00",
  "value" : "10"
},{
  "dateTime" : "03/29/17 19:11:00",
  "value" : "10"
},{
  "dateTime" : "03/29/17 19:14:00",
  "value" : "0"
},{
  "dateTime" : "03/29/17 19:15:00",
  "value" : "0"
},{
  "dateTime" : "03/29/17 19:16:00",
  "value" : "0"
},{
  "dateTime" : "03/29/17 19:27:00",
  "value" : "20"
},{
  "dateTime" : "03/29/17 19:33:00",
  "value" : "10"
},{
  "dateTime" : "03/29/17 19:34:00",
  "value" : "20"
},{
  "dateTime" : "03/29/17 19:35:00",
  "value" : "20"
},{
  "dateTime" : "03/29/17 19:54:00",
  "value" : "10"
},{
  "dateTime" : "03/29/17 20:52:00",
  "value" : "10"
},{
  "dateTime" : "03/29/17 22:31:00",
  "value" : "10"
},{
  "dateTime" : "03/29/17 22:43:00",
  "value" : "10"
}]