[{
  "dateTime" : "07/13/15 13:01:00",
  "value" : "10"
},{
  "dateTime" : "07/13/15 13:05:00",
  "value" : "10"
},{
  "dateTime" : "07/13/15 13:34:00",
  "value" : "10"
},{
  "dateTime" : "07/13/15 14:59:00",
  "value" : "10"
},{
  "dateTime" : "07/13/15 15:02:00",
  "value" : "10"
},{
  "dateTime" : "07/13/15 15:34:00",
  "value" : "10"
},{
  "dateTime" : "07/13/15 17:16:00",
  "value" : "10"
},{
  "dateTime" : "07/13/15 17:18:00",
  "value" : "10"
},{
  "dateTime" : "07/13/15 17:57:00",
  "value" : "10"
},{
  "dateTime" : "07/13/15 18:12:00",
  "value" : "10"
},{
  "dateTime" : "07/13/15 18:14:00",
  "value" : "20"
},{
  "dateTime" : "07/13/15 18:17:00",
  "value" : "10"
},{
  "dateTime" : "07/13/15 18:26:00",
  "value" : "10"
},{
  "dateTime" : "07/13/15 18:35:00",
  "value" : "10"
},{
  "dateTime" : "07/13/15 18:36:00",
  "value" : "20"
},{
  "dateTime" : "07/14/15 11:15:00",
  "value" : "10"
},{
  "dateTime" : "07/14/15 11:19:00",
  "value" : "10"
},{
  "dateTime" : "07/14/15 12:10:00",
  "value" : "10"
},{
  "dateTime" : "07/14/15 13:13:00",
  "value" : "10"
},{
  "dateTime" : "07/14/15 13:19:00",
  "value" : "10"
},{
  "dateTime" : "07/14/15 14:05:00",
  "value" : "10"
},{
  "dateTime" : "07/14/15 17:21:00",
  "value" : "10"
},{
  "dateTime" : "07/14/15 17:51:00",
  "value" : "10"
},{
  "dateTime" : "07/14/15 19:51:00",
  "value" : "10"
},{
  "dateTime" : "07/14/15 22:27:00",
  "value" : "10"
},{
  "dateTime" : "07/15/15 09:34:00",
  "value" : "10"
},{
  "dateTime" : "07/15/15 09:36:00",
  "value" : "10"
},{
  "dateTime" : "07/15/15 09:42:00",
  "value" : "10"
},{
  "dateTime" : "07/15/15 09:53:00",
  "value" : "10"
},{
  "dateTime" : "07/15/15 11:55:00",
  "value" : "10"
},{
  "dateTime" : "07/15/15 11:58:00",
  "value" : "10"
},{
  "dateTime" : "07/15/15 14:14:00",
  "value" : "10"
},{
  "dateTime" : "07/15/15 14:27:00",
  "value" : "10"
},{
  "dateTime" : "07/15/15 17:20:00",
  "value" : "10"
},{
  "dateTime" : "07/15/15 18:36:00",
  "value" : "10"
},{
  "dateTime" : "07/15/15 18:48:00",
  "value" : "10"
},{
  "dateTime" : "07/15/15 18:50:00",
  "value" : "10"
},{
  "dateTime" : "07/15/15 18:54:00",
  "value" : "10"
},{
  "dateTime" : "07/15/15 19:02:00",
  "value" : "20"
},{
  "dateTime" : "07/15/15 19:05:00",
  "value" : "10"
},{
  "dateTime" : "07/15/15 19:48:00",
  "value" : "10"
},{
  "dateTime" : "07/15/15 20:49:00",
  "value" : "10"
},{
  "dateTime" : "07/15/15 21:42:00",
  "value" : "10"
},{
  "dateTime" : "07/16/15 08:19:00",
  "value" : "10"
},{
  "dateTime" : "07/16/15 08:27:00",
  "value" : "10"
},{
  "dateTime" : "07/16/15 09:27:00",
  "value" : "10"
},{
  "dateTime" : "07/16/15 09:34:00",
  "value" : "20"
},{
  "dateTime" : "07/16/15 09:46:00",
  "value" : "10"
},{
  "dateTime" : "07/16/15 09:48:00",
  "value" : "10"
},{
  "dateTime" : "07/16/15 09:52:00",
  "value" : "10"
},{
  "dateTime" : "07/16/15 09:53:00",
  "value" : "10"
},{
  "dateTime" : "07/16/15 09:54:00",
  "value" : "20"
},{
  "dateTime" : "07/16/15 09:56:00",
  "value" : "10"
},{
  "dateTime" : "07/16/15 09:58:00",
  "value" : "10"
},{
  "dateTime" : "07/16/15 10:00:00",
  "value" : "10"
},{
  "dateTime" : "07/16/15 10:01:00",
  "value" : "10"
},{
  "dateTime" : "07/16/15 10:08:00",
  "value" : "10"
},{
  "dateTime" : "07/16/15 10:09:00",
  "value" : "10"
},{
  "dateTime" : "07/16/15 10:10:00",
  "value" : "10"
},{
  "dateTime" : "07/16/15 12:46:00",
  "value" : "10"
},{
  "dateTime" : "07/16/15 12:50:00",
  "value" : "10"
},{
  "dateTime" : "07/16/15 13:15:00",
  "value" : "10"
},{
  "dateTime" : "07/16/15 13:52:00",
  "value" : "10"
},{
  "dateTime" : "07/16/15 15:12:00",
  "value" : "10"
},{
  "dateTime" : "07/16/15 15:25:00",
  "value" : "10"
},{
  "dateTime" : "07/16/15 15:34:00",
  "value" : "10"
},{
  "dateTime" : "07/16/15 16:35:00",
  "value" : "10"
},{
  "dateTime" : "07/16/15 17:46:00",
  "value" : "10"
},{
  "dateTime" : "07/16/15 17:48:00",
  "value" : "10"
},{
  "dateTime" : "07/16/15 18:49:00",
  "value" : "10"
},{
  "dateTime" : "07/16/15 18:56:00",
  "value" : "10"
},{
  "dateTime" : "07/16/15 19:00:00",
  "value" : "10"
},{
  "dateTime" : "07/16/15 19:02:00",
  "value" : "10"
},{
  "dateTime" : "07/16/15 19:06:00",
  "value" : "10"
},{
  "dateTime" : "07/16/15 19:08:00",
  "value" : "10"
},{
  "dateTime" : "07/16/15 20:43:00",
  "value" : "10"
},{
  "dateTime" : "07/17/15 09:05:00",
  "value" : "10"
},{
  "dateTime" : "07/17/15 09:27:00",
  "value" : "10"
},{
  "dateTime" : "07/17/15 09:28:00",
  "value" : "10"
},{
  "dateTime" : "07/17/15 15:09:00",
  "value" : "10"
},{
  "dateTime" : "07/17/15 15:20:00",
  "value" : "10"
},{
  "dateTime" : "07/17/15 15:43:00",
  "value" : "10"
},{
  "dateTime" : "07/17/15 17:07:00",
  "value" : "10"
},{
  "dateTime" : "07/17/15 20:00:00",
  "value" : "10"
},{
  "dateTime" : "07/17/15 21:10:00",
  "value" : "10"
},{
  "dateTime" : "07/17/15 21:24:00",
  "value" : "10"
},{
  "dateTime" : "07/17/15 21:27:00",
  "value" : "10"
},{
  "dateTime" : "07/17/15 21:54:00",
  "value" : "10"
},{
  "dateTime" : "07/18/15 08:17:00",
  "value" : "10"
},{
  "dateTime" : "07/18/15 08:39:00",
  "value" : "10"
},{
  "dateTime" : "07/18/15 11:59:00",
  "value" : "20"
},{
  "dateTime" : "07/18/15 12:11:00",
  "value" : "10"
},{
  "dateTime" : "07/18/15 17:29:00",
  "value" : "20"
},{
  "dateTime" : "07/18/15 17:37:00",
  "value" : "10"
},{
  "dateTime" : "07/18/15 17:38:00",
  "value" : "10"
},{
  "dateTime" : "07/18/15 18:32:00",
  "value" : "10"
},{
  "dateTime" : "07/18/15 19:16:00",
  "value" : "10"
},{
  "dateTime" : "07/18/15 19:31:00",
  "value" : "10"
},{
  "dateTime" : "07/18/15 20:07:00",
  "value" : "10"
},{
  "dateTime" : "07/18/15 22:38:00",
  "value" : "10"
},{
  "dateTime" : "07/19/15 08:20:00",
  "value" : "10"
},{
  "dateTime" : "07/19/15 08:36:00",
  "value" : "10"
},{
  "dateTime" : "07/19/15 08:41:00",
  "value" : "10"
},{
  "dateTime" : "07/19/15 12:10:00",
  "value" : "10"
},{
  "dateTime" : "07/19/15 12:15:00",
  "value" : "20"
},{
  "dateTime" : "07/19/15 15:03:00",
  "value" : "10"
},{
  "dateTime" : "07/19/15 17:15:00",
  "value" : "10"
},{
  "dateTime" : "07/19/15 17:28:00",
  "value" : "10"
},{
  "dateTime" : "07/19/15 17:32:00",
  "value" : "10"
},{
  "dateTime" : "07/19/15 18:16:00",
  "value" : "10"
},{
  "dateTime" : "07/19/15 20:22:00",
  "value" : "10"
},{
  "dateTime" : "07/20/15 13:00:00",
  "value" : "10"
},{
  "dateTime" : "07/20/15 13:03:00",
  "value" : "10"
},{
  "dateTime" : "07/20/15 13:04:00",
  "value" : "20"
},{
  "dateTime" : "07/20/15 13:05:00",
  "value" : "10"
},{
  "dateTime" : "07/20/15 13:06:00",
  "value" : "10"
},{
  "dateTime" : "07/20/15 13:23:00",
  "value" : "10"
},{
  "dateTime" : "07/20/15 14:29:00",
  "value" : "10"
},{
  "dateTime" : "07/20/15 15:37:00",
  "value" : "10"
},{
  "dateTime" : "07/20/15 16:07:00",
  "value" : "10"
},{
  "dateTime" : "07/20/15 16:14:00",
  "value" : "10"
},{
  "dateTime" : "07/21/15 08:43:00",
  "value" : "10"
},{
  "dateTime" : "07/21/15 11:53:00",
  "value" : "10"
},{
  "dateTime" : "07/21/15 12:05:00",
  "value" : "10"
},{
  "dateTime" : "07/21/15 12:21:00",
  "value" : "10"
},{
  "dateTime" : "07/21/15 13:00:00",
  "value" : "10"
},{
  "dateTime" : "07/21/15 13:13:00",
  "value" : "20"
},{
  "dateTime" : "07/21/15 13:15:00",
  "value" : "10"
},{
  "dateTime" : "07/21/15 14:14:00",
  "value" : "10"
},{
  "dateTime" : "07/21/15 14:15:00",
  "value" : "20"
},{
  "dateTime" : "07/21/15 14:16:00",
  "value" : "10"
},{
  "dateTime" : "07/21/15 14:18:00",
  "value" : "10"
},{
  "dateTime" : "07/21/15 14:46:00",
  "value" : "10"
},{
  "dateTime" : "07/21/15 14:48:00",
  "value" : "20"
},{
  "dateTime" : "07/21/15 14:49:00",
  "value" : "10"
},{
  "dateTime" : "07/21/15 15:21:00",
  "value" : "10"
},{
  "dateTime" : "07/21/15 16:33:00",
  "value" : "10"
},{
  "dateTime" : "07/21/15 17:57:00",
  "value" : "10"
},{
  "dateTime" : "07/21/15 17:58:00",
  "value" : "10"
},{
  "dateTime" : "07/21/15 17:59:00",
  "value" : "10"
},{
  "dateTime" : "07/21/15 20:33:00",
  "value" : "10"
},{
  "dateTime" : "07/22/15 09:57:00",
  "value" : "10"
},{
  "dateTime" : "07/22/15 10:13:00",
  "value" : "10"
},{
  "dateTime" : "07/22/15 10:14:00",
  "value" : "10"
},{
  "dateTime" : "07/22/15 11:28:00",
  "value" : "10"
},{
  "dateTime" : "07/22/15 11:42:00",
  "value" : "10"
},{
  "dateTime" : "07/22/15 11:46:00",
  "value" : "10"
},{
  "dateTime" : "07/22/15 11:49:00",
  "value" : "10"
},{
  "dateTime" : "07/22/15 11:51:00",
  "value" : "10"
},{
  "dateTime" : "07/22/15 11:59:00",
  "value" : "20"
},{
  "dateTime" : "07/22/15 12:00:00",
  "value" : "10"
},{
  "dateTime" : "07/22/15 14:23:00",
  "value" : "10"
},{
  "dateTime" : "07/22/15 14:31:00",
  "value" : "10"
},{
  "dateTime" : "07/22/15 15:12:00",
  "value" : "10"
},{
  "dateTime" : "07/22/15 15:40:00",
  "value" : "10"
},{
  "dateTime" : "07/22/15 21:35:00",
  "value" : "10"
},{
  "dateTime" : "07/23/15 09:16:00",
  "value" : "10"
},{
  "dateTime" : "07/23/15 13:31:00",
  "value" : "10"
},{
  "dateTime" : "07/23/15 14:24:00",
  "value" : "10"
},{
  "dateTime" : "07/23/15 14:28:00",
  "value" : "10"
},{
  "dateTime" : "07/23/15 15:25:00",
  "value" : "10"
},{
  "dateTime" : "07/23/15 15:27:00",
  "value" : "10"
},{
  "dateTime" : "07/23/15 17:48:00",
  "value" : "10"
},{
  "dateTime" : "07/23/15 17:49:00",
  "value" : "10"
},{
  "dateTime" : "07/23/15 22:50:00",
  "value" : "20"
},{
  "dateTime" : "07/24/15 08:25:00",
  "value" : "10"
},{
  "dateTime" : "07/24/15 10:13:00",
  "value" : "20"
},{
  "dateTime" : "07/24/15 10:17:00",
  "value" : "20"
},{
  "dateTime" : "07/24/15 10:18:00",
  "value" : "10"
},{
  "dateTime" : "07/24/15 10:30:00",
  "value" : "10"
},{
  "dateTime" : "07/24/15 10:33:00",
  "value" : "10"
},{
  "dateTime" : "07/24/15 10:35:00",
  "value" : "40"
},{
  "dateTime" : "07/24/15 10:36:00",
  "value" : "10"
},{
  "dateTime" : "07/24/15 10:39:00",
  "value" : "10"
},{
  "dateTime" : "07/24/15 10:48:00",
  "value" : "10"
},{
  "dateTime" : "07/24/15 10:50:00",
  "value" : "10"
},{
  "dateTime" : "07/24/15 10:52:00",
  "value" : "10"
},{
  "dateTime" : "07/24/15 10:53:00",
  "value" : "10"
},{
  "dateTime" : "07/24/15 15:26:00",
  "value" : "10"
},{
  "dateTime" : "07/24/15 15:49:00",
  "value" : "10"
},{
  "dateTime" : "07/24/15 15:52:00",
  "value" : "10"
},{
  "dateTime" : "07/24/15 16:58:00",
  "value" : "10"
},{
  "dateTime" : "07/24/15 17:01:00",
  "value" : "20"
},{
  "dateTime" : "07/24/15 17:02:00",
  "value" : "10"
},{
  "dateTime" : "07/24/15 19:36:00",
  "value" : "10"
},{
  "dateTime" : "07/24/15 20:51:00",
  "value" : "10"
},{
  "dateTime" : "07/24/15 22:20:00",
  "value" : "10"
},{
  "dateTime" : "07/25/15 09:47:00",
  "value" : "10"
},{
  "dateTime" : "07/25/15 09:59:00",
  "value" : "10"
},{
  "dateTime" : "07/25/15 10:02:00",
  "value" : "10"
},{
  "dateTime" : "07/25/15 10:04:00",
  "value" : "10"
},{
  "dateTime" : "07/25/15 10:45:00",
  "value" : "10"
},{
  "dateTime" : "07/25/15 11:44:00",
  "value" : "10"
},{
  "dateTime" : "07/25/15 11:47:00",
  "value" : "10"
},{
  "dateTime" : "07/25/15 17:25:00",
  "value" : "10"
},{
  "dateTime" : "07/25/15 17:43:00",
  "value" : "10"
},{
  "dateTime" : "07/25/15 18:19:00",
  "value" : "10"
},{
  "dateTime" : "07/25/15 22:34:00",
  "value" : "10"
},{
  "dateTime" : "07/25/15 22:51:00",
  "value" : "10"
},{
  "dateTime" : "07/25/15 23:06:00",
  "value" : "10"
},{
  "dateTime" : "07/26/15 06:37:00",
  "value" : "10"
},{
  "dateTime" : "07/26/15 07:03:00",
  "value" : "10"
},{
  "dateTime" : "07/26/15 07:04:00",
  "value" : "10"
},{
  "dateTime" : "07/26/15 08:10:00",
  "value" : "20"
},{
  "dateTime" : "07/26/15 08:14:00",
  "value" : "10"
},{
  "dateTime" : "07/26/15 08:36:00",
  "value" : "20"
},{
  "dateTime" : "07/26/15 08:51:00",
  "value" : "10"
},{
  "dateTime" : "07/26/15 09:15:00",
  "value" : "0"
},{
  "dateTime" : "07/26/15 09:17:00",
  "value" : "10"
},{
  "dateTime" : "07/26/15 09:18:00",
  "value" : "20"
},{
  "dateTime" : "07/26/15 09:19:00",
  "value" : "30"
},{
  "dateTime" : "07/26/15 09:25:00",
  "value" : "10"
},{
  "dateTime" : "07/26/15 09:26:00",
  "value" : "20"
},{
  "dateTime" : "07/26/15 09:27:00",
  "value" : "10"
},{
  "dateTime" : "07/26/15 09:28:00",
  "value" : "30"
},{
  "dateTime" : "07/26/15 09:33:00",
  "value" : "10"
},{
  "dateTime" : "07/26/15 09:35:00",
  "value" : "10"
},{
  "dateTime" : "07/26/15 09:38:00",
  "value" : "10"
},{
  "dateTime" : "07/26/15 09:43:00",
  "value" : "10"
},{
  "dateTime" : "07/26/15 09:46:00",
  "value" : "10"
},{
  "dateTime" : "07/26/15 09:47:00",
  "value" : "10"
},{
  "dateTime" : "07/26/15 09:48:00",
  "value" : "20"
},{
  "dateTime" : "07/26/15 09:49:00",
  "value" : "10"
},{
  "dateTime" : "07/26/15 09:51:00",
  "value" : "10"
},{
  "dateTime" : "07/26/15 09:52:00",
  "value" : "10"
},{
  "dateTime" : "07/26/15 09:53:00",
  "value" : "20"
},{
  "dateTime" : "07/26/15 09:54:00",
  "value" : "10"
},{
  "dateTime" : "07/26/15 09:55:00",
  "value" : "0"
},{
  "dateTime" : "07/26/15 10:04:00",
  "value" : "0"
},{
  "dateTime" : "07/26/15 10:09:00",
  "value" : "10"
},{
  "dateTime" : "07/26/15 10:10:00",
  "value" : "10"
},{
  "dateTime" : "07/26/15 10:47:00",
  "value" : "20"
},{
  "dateTime" : "07/26/15 11:24:00",
  "value" : "20"
},{
  "dateTime" : "07/26/15 11:25:00",
  "value" : "10"
},{
  "dateTime" : "07/26/15 12:03:00",
  "value" : "20"
},{
  "dateTime" : "07/26/15 12:31:00",
  "value" : "10"
},{
  "dateTime" : "07/26/15 13:31:00",
  "value" : "10"
},{
  "dateTime" : "07/26/15 15:32:00",
  "value" : "10"
},{
  "dateTime" : "07/26/15 16:59:00",
  "value" : "10"
},{
  "dateTime" : "07/26/15 17:09:00",
  "value" : "20"
},{
  "dateTime" : "07/26/15 17:10:00",
  "value" : "10"
},{
  "dateTime" : "07/26/15 17:18:00",
  "value" : "10"
},{
  "dateTime" : "07/26/15 17:22:00",
  "value" : "10"
},{
  "dateTime" : "07/26/15 17:58:00",
  "value" : "10"
},{
  "dateTime" : "07/26/15 18:38:00",
  "value" : "10"
},{
  "dateTime" : "07/26/15 18:44:00",
  "value" : "20"
},{
  "dateTime" : "07/26/15 20:21:00",
  "value" : "10"
},{
  "dateTime" : "07/26/15 20:22:00",
  "value" : "10"
},{
  "dateTime" : "07/26/15 20:23:00",
  "value" : "10"
},{
  "dateTime" : "07/26/15 20:24:00",
  "value" : "10"
},{
  "dateTime" : "07/26/15 20:26:00",
  "value" : "10"
},{
  "dateTime" : "07/26/15 20:38:00",
  "value" : "10"
},{
  "dateTime" : "07/26/15 20:49:00",
  "value" : "10"
},{
  "dateTime" : "07/26/15 22:07:00",
  "value" : "10"
},{
  "dateTime" : "07/26/15 22:15:00",
  "value" : "10"
},{
  "dateTime" : "07/26/15 22:27:00",
  "value" : "10"
},{
  "dateTime" : "07/26/15 22:55:00",
  "value" : "10"
},{
  "dateTime" : "07/27/15 08:20:00",
  "value" : "10"
},{
  "dateTime" : "07/27/15 08:21:00",
  "value" : "10"
},{
  "dateTime" : "07/27/15 08:24:00",
  "value" : "20"
},{
  "dateTime" : "07/27/15 08:27:00",
  "value" : "20"
},{
  "dateTime" : "07/27/15 08:28:00",
  "value" : "10"
},{
  "dateTime" : "07/27/15 09:10:00",
  "value" : "10"
},{
  "dateTime" : "07/27/15 09:17:00",
  "value" : "10"
},{
  "dateTime" : "07/27/15 09:18:00",
  "value" : "30"
},{
  "dateTime" : "07/27/15 09:19:00",
  "value" : "10"
},{
  "dateTime" : "07/27/15 09:27:00",
  "value" : "10"
},{
  "dateTime" : "07/27/15 09:29:00",
  "value" : "10"
},{
  "dateTime" : "07/27/15 09:30:00",
  "value" : "10"
},{
  "dateTime" : "07/27/15 09:53:00",
  "value" : "10"
},{
  "dateTime" : "07/27/15 09:57:00",
  "value" : "20"
},{
  "dateTime" : "07/27/15 11:24:00",
  "value" : "20"
},{
  "dateTime" : "07/27/15 11:34:00",
  "value" : "20"
},{
  "dateTime" : "07/27/15 13:34:00",
  "value" : "10"
},{
  "dateTime" : "07/27/15 14:05:00",
  "value" : "10"
},{
  "dateTime" : "07/27/15 14:07:00",
  "value" : "20"
},{
  "dateTime" : "07/27/15 14:11:00",
  "value" : "10"
},{
  "dateTime" : "07/27/15 14:15:00",
  "value" : "10"
},{
  "dateTime" : "07/27/15 14:17:00",
  "value" : "10"
},{
  "dateTime" : "07/27/15 14:22:00",
  "value" : "10"
},{
  "dateTime" : "07/27/15 14:24:00",
  "value" : "20"
},{
  "dateTime" : "07/27/15 14:25:00",
  "value" : "10"
},{
  "dateTime" : "07/27/15 15:05:00",
  "value" : "10"
},{
  "dateTime" : "07/27/15 15:48:00",
  "value" : "10"
},{
  "dateTime" : "07/27/15 16:44:00",
  "value" : "10"
},{
  "dateTime" : "07/27/15 18:24:00",
  "value" : "10"
},{
  "dateTime" : "07/27/15 18:32:00",
  "value" : "10"
},{
  "dateTime" : "07/27/15 19:28:00",
  "value" : "10"
},{
  "dateTime" : "07/27/15 20:07:00",
  "value" : "10"
},{
  "dateTime" : "07/28/15 11:20:00",
  "value" : "10"
},{
  "dateTime" : "07/28/15 11:42:00",
  "value" : "20"
},{
  "dateTime" : "07/28/15 12:39:00",
  "value" : "10"
},{
  "dateTime" : "07/28/15 13:52:00",
  "value" : "10"
},{
  "dateTime" : "07/28/15 14:00:00",
  "value" : "30"
},{
  "dateTime" : "07/28/15 14:01:00",
  "value" : "10"
},{
  "dateTime" : "07/28/15 15:25:00",
  "value" : "10"
},{
  "dateTime" : "07/28/15 15:26:00",
  "value" : "10"
},{
  "dateTime" : "07/28/15 16:15:00",
  "value" : "10"
},{
  "dateTime" : "07/28/15 16:16:00",
  "value" : "10"
},{
  "dateTime" : "07/28/15 17:55:00",
  "value" : "10"
},{
  "dateTime" : "07/28/15 18:23:00",
  "value" : "10"
},{
  "dateTime" : "07/29/15 08:45:00",
  "value" : "10"
},{
  "dateTime" : "07/29/15 08:46:00",
  "value" : "10"
},{
  "dateTime" : "07/29/15 08:47:00",
  "value" : "10"
},{
  "dateTime" : "07/29/15 09:28:00",
  "value" : "10"
},{
  "dateTime" : "07/29/15 09:38:00",
  "value" : "30"
},{
  "dateTime" : "07/29/15 09:39:00",
  "value" : "20"
},{
  "dateTime" : "07/29/15 09:40:00",
  "value" : "10"
},{
  "dateTime" : "07/29/15 09:49:00",
  "value" : "10"
},{
  "dateTime" : "07/29/15 09:51:00",
  "value" : "10"
},{
  "dateTime" : "07/29/15 09:52:00",
  "value" : "10"
},{
  "dateTime" : "07/29/15 09:54:00",
  "value" : "10"
},{
  "dateTime" : "07/29/15 09:55:00",
  "value" : "10"
},{
  "dateTime" : "07/29/15 09:57:00",
  "value" : "10"
},{
  "dateTime" : "07/29/15 09:59:00",
  "value" : "10"
},{
  "dateTime" : "07/29/15 11:54:00",
  "value" : "10"
},{
  "dateTime" : "07/29/15 12:57:00",
  "value" : "10"
},{
  "dateTime" : "07/29/15 12:59:00",
  "value" : "10"
},{
  "dateTime" : "07/29/15 13:02:00",
  "value" : "20"
},{
  "dateTime" : "07/29/15 14:46:00",
  "value" : "20"
},{
  "dateTime" : "07/29/15 15:16:00",
  "value" : "10"
},{
  "dateTime" : "07/29/15 15:18:00",
  "value" : "20"
},{
  "dateTime" : "07/29/15 15:19:00",
  "value" : "20"
},{
  "dateTime" : "07/29/15 15:21:00",
  "value" : "10"
},{
  "dateTime" : "07/29/15 17:27:00",
  "value" : "10"
},{
  "dateTime" : "07/29/15 17:49:00",
  "value" : "10"
},{
  "dateTime" : "07/29/15 18:03:00",
  "value" : "10"
},{
  "dateTime" : "07/29/15 21:41:00",
  "value" : "10"
},{
  "dateTime" : "07/30/15 13:47:00",
  "value" : "10"
},{
  "dateTime" : "07/30/15 13:54:00",
  "value" : "10"
},{
  "dateTime" : "07/30/15 13:59:00",
  "value" : "20"
},{
  "dateTime" : "07/30/15 14:00:00",
  "value" : "40"
},{
  "dateTime" : "07/30/15 14:02:00",
  "value" : "10"
},{
  "dateTime" : "07/30/15 14:03:00",
  "value" : "10"
},{
  "dateTime" : "07/30/15 14:04:00",
  "value" : "10"
},{
  "dateTime" : "07/30/15 14:06:00",
  "value" : "50"
},{
  "dateTime" : "07/30/15 14:07:00",
  "value" : "10"
},{
  "dateTime" : "07/30/15 14:09:00",
  "value" : "20"
},{
  "dateTime" : "07/30/15 14:10:00",
  "value" : "10"
},{
  "dateTime" : "07/30/15 14:11:00",
  "value" : "10"
},{
  "dateTime" : "07/30/15 14:13:00",
  "value" : "10"
},{
  "dateTime" : "07/30/15 14:14:00",
  "value" : "10"
},{
  "dateTime" : "07/30/15 14:16:00",
  "value" : "10"
},{
  "dateTime" : "07/30/15 14:17:00",
  "value" : "10"
},{
  "dateTime" : "07/30/15 14:18:00",
  "value" : "30"
},{
  "dateTime" : "07/30/15 14:19:00",
  "value" : "10"
},{
  "dateTime" : "07/30/15 14:20:00",
  "value" : "10"
},{
  "dateTime" : "07/30/15 14:21:00",
  "value" : "20"
},{
  "dateTime" : "07/30/15 14:22:00",
  "value" : "10"
},{
  "dateTime" : "07/30/15 14:24:00",
  "value" : "10"
},{
  "dateTime" : "07/30/15 14:32:00",
  "value" : "0"
},{
  "dateTime" : "07/30/15 14:38:00",
  "value" : "20"
},{
  "dateTime" : "07/30/15 14:39:00",
  "value" : "10"
},{
  "dateTime" : "07/30/15 14:41:00",
  "value" : "10"
},{
  "dateTime" : "07/30/15 14:42:00",
  "value" : "20"
},{
  "dateTime" : "07/30/15 14:43:00",
  "value" : "10"
},{
  "dateTime" : "07/30/15 14:45:00",
  "value" : "10"
},{
  "dateTime" : "07/30/15 15:27:00",
  "value" : "10"
},{
  "dateTime" : "07/30/15 15:39:00",
  "value" : "10"
},{
  "dateTime" : "07/30/15 15:48:00",
  "value" : "10"
},{
  "dateTime" : "07/30/15 21:13:00",
  "value" : "10"
},{
  "dateTime" : "07/30/15 21:26:00",
  "value" : "20"
},{
  "dateTime" : "07/30/15 21:27:00",
  "value" : "10"
},{
  "dateTime" : "07/30/15 21:34:00",
  "value" : "10"
},{
  "dateTime" : "07/31/15 10:54:00",
  "value" : "10"
},{
  "dateTime" : "07/31/15 11:26:00",
  "value" : "10"
},{
  "dateTime" : "07/31/15 11:27:00",
  "value" : "10"
},{
  "dateTime" : "07/31/15 12:10:00",
  "value" : "10"
},{
  "dateTime" : "07/31/15 12:30:00",
  "value" : "10"
},{
  "dateTime" : "07/31/15 13:19:00",
  "value" : "20"
},{
  "dateTime" : "07/31/15 13:52:00",
  "value" : "10"
},{
  "dateTime" : "07/31/15 13:55:00",
  "value" : "20"
},{
  "dateTime" : "07/31/15 13:56:00",
  "value" : "10"
},{
  "dateTime" : "07/31/15 13:59:00",
  "value" : "10"
},{
  "dateTime" : "07/31/15 15:15:00",
  "value" : "10"
},{
  "dateTime" : "07/31/15 15:16:00",
  "value" : "10"
},{
  "dateTime" : "07/31/15 15:21:00",
  "value" : "10"
},{
  "dateTime" : "07/31/15 16:08:00",
  "value" : "10"
},{
  "dateTime" : "07/31/15 16:10:00",
  "value" : "10"
},{
  "dateTime" : "07/31/15 16:13:00",
  "value" : "10"
},{
  "dateTime" : "07/31/15 17:38:00",
  "value" : "10"
},{
  "dateTime" : "07/31/15 18:12:00",
  "value" : "10"
},{
  "dateTime" : "07/31/15 18:13:00",
  "value" : "10"
},{
  "dateTime" : "07/31/15 18:14:00",
  "value" : "10"
},{
  "dateTime" : "07/31/15 23:04:00",
  "value" : "10"
},{
  "dateTime" : "07/31/15 23:05:00",
  "value" : "10"
},{
  "dateTime" : "07/31/15 23:06:00",
  "value" : "10"
},{
  "dateTime" : "08/01/15 08:03:00",
  "value" : "10"
},{
  "dateTime" : "08/01/15 08:30:00",
  "value" : "10"
},{
  "dateTime" : "08/01/15 09:04:00",
  "value" : "10"
},{
  "dateTime" : "08/01/15 10:50:00",
  "value" : "10"
},{
  "dateTime" : "08/01/15 13:58:00",
  "value" : "10"
},{
  "dateTime" : "08/01/15 14:16:00",
  "value" : "10"
},{
  "dateTime" : "08/01/15 14:46:00",
  "value" : "10"
},{
  "dateTime" : "08/01/15 17:20:00",
  "value" : "10"
},{
  "dateTime" : "08/01/15 17:32:00",
  "value" : "10"
},{
  "dateTime" : "08/01/15 17:38:00",
  "value" : "10"
},{
  "dateTime" : "08/01/15 18:10:00",
  "value" : "10"
},{
  "dateTime" : "08/01/15 19:22:00",
  "value" : "10"
},{
  "dateTime" : "08/02/15 00:02:00",
  "value" : "20"
},{
  "dateTime" : "08/02/15 11:11:00",
  "value" : "10"
},{
  "dateTime" : "08/02/15 15:36:00",
  "value" : "10"
},{
  "dateTime" : "08/02/15 17:13:00",
  "value" : "20"
},{
  "dateTime" : "08/02/15 17:14:00",
  "value" : "10"
},{
  "dateTime" : "08/02/15 17:15:00",
  "value" : "10"
},{
  "dateTime" : "08/02/15 19:20:00",
  "value" : "10"
},{
  "dateTime" : "08/02/15 22:27:00",
  "value" : "10"
},{
  "dateTime" : "08/02/15 22:30:00",
  "value" : "10"
}]