[{
  "dateTime" : "04/30/17 07:00:00",
  "value" : "10"
},{
  "dateTime" : "04/30/17 07:23:00",
  "value" : "10"
},{
  "dateTime" : "04/30/17 07:38:00",
  "value" : "10"
},{
  "dateTime" : "04/30/17 08:29:00",
  "value" : "10"
},{
  "dateTime" : "04/30/17 08:38:00",
  "value" : "20"
},{
  "dateTime" : "04/30/17 08:42:00",
  "value" : "10"
},{
  "dateTime" : "04/30/17 08:43:00",
  "value" : "10"
},{
  "dateTime" : "04/30/17 09:01:00",
  "value" : "10"
},{
  "dateTime" : "04/30/17 09:37:00",
  "value" : "0"
},{
  "dateTime" : "04/30/17 09:39:00",
  "value" : "10"
},{
  "dateTime" : "04/30/17 09:41:00",
  "value" : "0"
},{
  "dateTime" : "04/30/17 09:43:00",
  "value" : "30"
},{
  "dateTime" : "04/30/17 09:44:00",
  "value" : "60"
},{
  "dateTime" : "04/30/17 09:45:00",
  "value" : "40"
},{
  "dateTime" : "04/30/17 09:46:00",
  "value" : "30"
},{
  "dateTime" : "04/30/17 09:47:00",
  "value" : "40"
},{
  "dateTime" : "04/30/17 09:48:00",
  "value" : "10"
},{
  "dateTime" : "04/30/17 09:49:00",
  "value" : "0"
},{
  "dateTime" : "04/30/17 09:53:00",
  "value" : "0"
},{
  "dateTime" : "04/30/17 09:57:00",
  "value" : "20"
},{
  "dateTime" : "04/30/17 09:58:00",
  "value" : "40"
},{
  "dateTime" : "04/30/17 09:59:00",
  "value" : "50"
},{
  "dateTime" : "04/30/17 10:00:00",
  "value" : "50"
},{
  "dateTime" : "04/30/17 10:01:00",
  "value" : "40"
},{
  "dateTime" : "04/30/17 10:02:00",
  "value" : "50"
},{
  "dateTime" : "04/30/17 10:03:00",
  "value" : "50"
},{
  "dateTime" : "04/30/17 10:04:00",
  "value" : "30"
},{
  "dateTime" : "04/30/17 10:05:00",
  "value" : "40"
},{
  "dateTime" : "04/30/17 10:06:00",
  "value" : "10"
},{
  "dateTime" : "04/30/17 10:09:00",
  "value" : "20"
},{
  "dateTime" : "04/30/17 10:10:00",
  "value" : "20"
},{
  "dateTime" : "04/30/17 10:13:00",
  "value" : "40"
},{
  "dateTime" : "04/30/17 10:14:00",
  "value" : "30"
},{
  "dateTime" : "04/30/17 10:15:00",
  "value" : "20"
},{
  "dateTime" : "04/30/17 10:16:00",
  "value" : "20"
},{
  "dateTime" : "04/30/17 10:17:00",
  "value" : "20"
},{
  "dateTime" : "04/30/17 10:18:00",
  "value" : "10"
},{
  "dateTime" : "04/30/17 10:19:00",
  "value" : "30"
},{
  "dateTime" : "04/30/17 10:20:00",
  "value" : "10"
},{
  "dateTime" : "04/30/17 10:22:00",
  "value" : "0"
},{
  "dateTime" : "04/30/17 10:26:00",
  "value" : "0"
},{
  "dateTime" : "04/30/17 10:29:00",
  "value" : "10"
},{
  "dateTime" : "04/30/17 10:30:00",
  "value" : "20"
},{
  "dateTime" : "04/30/17 10:31:00",
  "value" : "0"
},{
  "dateTime" : "04/30/17 10:32:00",
  "value" : "10"
},{
  "dateTime" : "04/30/17 10:40:00",
  "value" : "10"
},{
  "dateTime" : "04/30/17 10:47:00",
  "value" : "10"
},{
  "dateTime" : "04/30/17 10:48:00",
  "value" : "10"
},{
  "dateTime" : "04/30/17 10:53:00",
  "value" : "20"
},{
  "dateTime" : "04/30/17 10:55:00",
  "value" : "10"
},{
  "dateTime" : "04/30/17 10:56:00",
  "value" : "10"
},{
  "dateTime" : "04/30/17 10:57:00",
  "value" : "20"
},{
  "dateTime" : "04/30/17 10:59:00",
  "value" : "20"
},{
  "dateTime" : "04/30/17 11:00:00",
  "value" : "10"
},{
  "dateTime" : "04/30/17 11:01:00",
  "value" : "10"
},{
  "dateTime" : "04/30/17 11:05:00",
  "value" : "10"
},{
  "dateTime" : "04/30/17 11:06:00",
  "value" : "20"
},{
  "dateTime" : "04/30/17 11:07:00",
  "value" : "20"
},{
  "dateTime" : "04/30/17 11:14:00",
  "value" : "10"
},{
  "dateTime" : "04/30/17 12:26:00",
  "value" : "10"
},{
  "dateTime" : "04/30/17 12:28:00",
  "value" : "10"
},{
  "dateTime" : "04/30/17 14:46:00",
  "value" : "10"
},{
  "dateTime" : "04/30/17 17:48:00",
  "value" : "10"
},{
  "dateTime" : "04/30/17 17:58:00",
  "value" : "10"
},{
  "dateTime" : "04/30/17 18:04:00",
  "value" : "10"
},{
  "dateTime" : "04/30/17 18:51:00",
  "value" : "10"
},{
  "dateTime" : "05/01/17 00:29:00",
  "value" : "10"
},{
  "dateTime" : "05/01/17 01:06:00",
  "value" : "10"
},{
  "dateTime" : "05/01/17 09:26:00",
  "value" : "10"
},{
  "dateTime" : "05/01/17 11:25:00",
  "value" : "10"
},{
  "dateTime" : "05/01/17 13:01:00",
  "value" : "10"
},{
  "dateTime" : "05/01/17 15:08:00",
  "value" : "10"
},{
  "dateTime" : "05/01/17 15:17:00",
  "value" : "10"
},{
  "dateTime" : "05/01/17 15:19:00",
  "value" : "10"
},{
  "dateTime" : "05/01/17 15:27:00",
  "value" : "20"
},{
  "dateTime" : "05/01/17 15:50:00",
  "value" : "10"
},{
  "dateTime" : "05/01/17 16:07:00",
  "value" : "20"
},{
  "dateTime" : "05/01/17 16:22:00",
  "value" : "40"
},{
  "dateTime" : "05/01/17 16:23:00",
  "value" : "10"
},{
  "dateTime" : "05/01/17 20:50:00",
  "value" : "10"
},{
  "dateTime" : "05/01/17 21:19:00",
  "value" : "10"
},{
  "dateTime" : "05/01/17 21:21:00",
  "value" : "10"
},{
  "dateTime" : "05/02/17 07:01:00",
  "value" : "10"
},{
  "dateTime" : "05/02/17 08:48:00",
  "value" : "10"
},{
  "dateTime" : "05/02/17 09:56:00",
  "value" : "10"
},{
  "dateTime" : "05/02/17 10:35:00",
  "value" : "10"
},{
  "dateTime" : "05/02/17 10:40:00",
  "value" : "10"
},{
  "dateTime" : "05/02/17 10:41:00",
  "value" : "20"
},{
  "dateTime" : "05/02/17 10:42:00",
  "value" : "30"
},{
  "dateTime" : "05/02/17 10:43:00",
  "value" : "10"
},{
  "dateTime" : "05/02/17 10:57:00",
  "value" : "20"
},{
  "dateTime" : "05/02/17 10:58:00",
  "value" : "30"
},{
  "dateTime" : "05/02/17 12:03:00",
  "value" : "10"
},{
  "dateTime" : "05/02/17 15:20:00",
  "value" : "20"
},{
  "dateTime" : "05/02/17 15:38:00",
  "value" : "10"
},{
  "dateTime" : "05/02/17 15:56:00",
  "value" : "10"
},{
  "dateTime" : "05/02/17 16:29:00",
  "value" : "10"
},{
  "dateTime" : "05/02/17 16:30:00",
  "value" : "10"
},{
  "dateTime" : "05/02/17 17:38:00",
  "value" : "10"
},{
  "dateTime" : "05/02/17 21:49:00",
  "value" : "10"
},{
  "dateTime" : "05/02/17 21:50:00",
  "value" : "20"
},{
  "dateTime" : "05/03/17 07:25:00",
  "value" : "10"
},{
  "dateTime" : "05/03/17 07:49:00",
  "value" : "10"
},{
  "dateTime" : "05/03/17 07:52:00",
  "value" : "10"
},{
  "dateTime" : "05/03/17 07:53:00",
  "value" : "10"
},{
  "dateTime" : "05/03/17 13:27:00",
  "value" : "20"
},{
  "dateTime" : "05/03/17 13:28:00",
  "value" : "10"
},{
  "dateTime" : "05/03/17 18:03:00",
  "value" : "10"
},{
  "dateTime" : "05/03/17 18:04:00",
  "value" : "10"
},{
  "dateTime" : "05/03/17 18:05:00",
  "value" : "20"
},{
  "dateTime" : "05/03/17 18:07:00",
  "value" : "10"
},{
  "dateTime" : "05/03/17 18:09:00",
  "value" : "10"
},{
  "dateTime" : "05/03/17 18:23:00",
  "value" : "10"
},{
  "dateTime" : "05/03/17 18:57:00",
  "value" : "10"
},{
  "dateTime" : "05/03/17 18:58:00",
  "value" : "20"
},{
  "dateTime" : "05/03/17 19:33:00",
  "value" : "10"
},{
  "dateTime" : "05/03/17 19:48:00",
  "value" : "10"
},{
  "dateTime" : "05/04/17 08:26:00",
  "value" : "10"
},{
  "dateTime" : "05/04/17 08:43:00",
  "value" : "10"
},{
  "dateTime" : "05/04/17 08:49:00",
  "value" : "10"
},{
  "dateTime" : "05/04/17 09:05:00",
  "value" : "10"
},{
  "dateTime" : "05/04/17 09:06:00",
  "value" : "10"
},{
  "dateTime" : "05/04/17 09:11:00",
  "value" : "20"
},{
  "dateTime" : "05/04/17 09:46:00",
  "value" : "10"
},{
  "dateTime" : "05/04/17 09:53:00",
  "value" : "10"
},{
  "dateTime" : "05/04/17 09:54:00",
  "value" : "20"
},{
  "dateTime" : "05/04/17 09:55:00",
  "value" : "20"
},{
  "dateTime" : "05/04/17 10:08:00",
  "value" : "20"
},{
  "dateTime" : "05/04/17 11:05:00",
  "value" : "10"
},{
  "dateTime" : "05/04/17 12:18:00",
  "value" : "10"
},{
  "dateTime" : "05/04/17 13:10:00",
  "value" : "10"
},{
  "dateTime" : "05/04/17 13:14:00",
  "value" : "20"
},{
  "dateTime" : "05/04/17 14:20:00",
  "value" : "10"
},{
  "dateTime" : "05/04/17 15:11:00",
  "value" : "10"
},{
  "dateTime" : "05/04/17 15:12:00",
  "value" : "10"
},{
  "dateTime" : "05/04/17 17:07:00",
  "value" : "10"
},{
  "dateTime" : "05/04/17 17:08:00",
  "value" : "10"
},{
  "dateTime" : "05/04/17 20:10:00",
  "value" : "10"
},{
  "dateTime" : "05/04/17 20:25:00",
  "value" : "20"
},{
  "dateTime" : "05/04/17 20:50:00",
  "value" : "10"
},{
  "dateTime" : "05/04/17 20:51:00",
  "value" : "10"
},{
  "dateTime" : "05/04/17 20:52:00",
  "value" : "10"
},{
  "dateTime" : "05/04/17 20:53:00",
  "value" : "10"
},{
  "dateTime" : "05/05/17 07:35:00",
  "value" : "10"
},{
  "dateTime" : "05/05/17 07:39:00",
  "value" : "10"
},{
  "dateTime" : "05/05/17 07:41:00",
  "value" : "10"
},{
  "dateTime" : "05/05/17 08:01:00",
  "value" : "10"
},{
  "dateTime" : "05/05/17 08:26:00",
  "value" : "10"
},{
  "dateTime" : "05/05/17 08:43:00",
  "value" : "20"
},{
  "dateTime" : "05/05/17 08:45:00",
  "value" : "20"
},{
  "dateTime" : "05/05/17 08:56:00",
  "value" : "20"
},{
  "dateTime" : "05/05/17 08:57:00",
  "value" : "10"
},{
  "dateTime" : "05/05/17 09:57:00",
  "value" : "10"
},{
  "dateTime" : "05/05/17 10:57:00",
  "value" : "10"
},{
  "dateTime" : "05/05/17 11:01:00",
  "value" : "10"
},{
  "dateTime" : "05/05/17 11:16:00",
  "value" : "10"
},{
  "dateTime" : "05/05/17 14:07:00",
  "value" : "10"
},{
  "dateTime" : "05/05/17 14:10:00",
  "value" : "10"
},{
  "dateTime" : "05/05/17 15:18:00",
  "value" : "10"
},{
  "dateTime" : "05/05/17 15:24:00",
  "value" : "10"
},{
  "dateTime" : "05/05/17 15:25:00",
  "value" : "10"
},{
  "dateTime" : "05/05/17 15:26:00",
  "value" : "10"
},{
  "dateTime" : "05/05/17 15:31:00",
  "value" : "10"
},{
  "dateTime" : "05/05/17 16:45:00",
  "value" : "10"
},{
  "dateTime" : "05/05/17 16:47:00",
  "value" : "10"
},{
  "dateTime" : "05/05/17 17:43:00",
  "value" : "10"
},{
  "dateTime" : "05/05/17 18:33:00",
  "value" : "10"
},{
  "dateTime" : "05/05/17 18:35:00",
  "value" : "10"
},{
  "dateTime" : "05/06/17 00:57:00",
  "value" : "10"
},{
  "dateTime" : "05/06/17 07:37:00",
  "value" : "10"
},{
  "dateTime" : "05/06/17 08:51:00",
  "value" : "10"
},{
  "dateTime" : "05/06/17 09:10:00",
  "value" : "10"
},{
  "dateTime" : "05/06/17 11:56:00",
  "value" : "10"
},{
  "dateTime" : "05/06/17 12:50:00",
  "value" : "10"
},{
  "dateTime" : "05/06/17 12:56:00",
  "value" : "10"
},{
  "dateTime" : "05/06/17 14:18:00",
  "value" : "10"
},{
  "dateTime" : "05/06/17 14:19:00",
  "value" : "10"
},{
  "dateTime" : "05/06/17 14:22:00",
  "value" : "10"
},{
  "dateTime" : "05/06/17 14:27:00",
  "value" : "10"
},{
  "dateTime" : "05/06/17 14:40:00",
  "value" : "10"
},{
  "dateTime" : "05/06/17 15:42:00",
  "value" : "10"
},{
  "dateTime" : "05/06/17 15:45:00",
  "value" : "10"
},{
  "dateTime" : "05/06/17 15:46:00",
  "value" : "10"
},{
  "dateTime" : "05/06/17 16:56:00",
  "value" : "20"
},{
  "dateTime" : "05/06/17 17:40:00",
  "value" : "10"
},{
  "dateTime" : "05/06/17 18:33:00",
  "value" : "10"
},{
  "dateTime" : "05/06/17 18:34:00",
  "value" : "10"
},{
  "dateTime" : "05/06/17 19:06:00",
  "value" : "10"
},{
  "dateTime" : "05/06/17 19:07:00",
  "value" : "10"
},{
  "dateTime" : "05/06/17 19:25:00",
  "value" : "10"
},{
  "dateTime" : "05/06/17 20:17:00",
  "value" : "10"
},{
  "dateTime" : "05/06/17 20:18:00",
  "value" : "10"
},{
  "dateTime" : "05/06/17 20:19:00",
  "value" : "10"
},{
  "dateTime" : "05/07/17 10:24:00",
  "value" : "10"
},{
  "dateTime" : "05/07/17 10:57:00",
  "value" : "10"
},{
  "dateTime" : "05/07/17 11:10:00",
  "value" : "10"
},{
  "dateTime" : "05/07/17 11:16:00",
  "value" : "10"
},{
  "dateTime" : "05/07/17 11:53:00",
  "value" : "10"
},{
  "dateTime" : "05/07/17 12:20:00",
  "value" : "10"
},{
  "dateTime" : "05/07/17 12:45:00",
  "value" : "10"
},{
  "dateTime" : "05/07/17 14:04:00",
  "value" : "10"
},{
  "dateTime" : "05/07/17 14:11:00",
  "value" : "10"
},{
  "dateTime" : "05/07/17 18:26:00",
  "value" : "10"
},{
  "dateTime" : "05/07/17 20:01:00",
  "value" : "20"
},{
  "dateTime" : "05/07/17 20:17:00",
  "value" : "10"
},{
  "dateTime" : "05/08/17 07:14:00",
  "value" : "10"
},{
  "dateTime" : "05/08/17 08:26:00",
  "value" : "10"
},{
  "dateTime" : "05/08/17 08:30:00",
  "value" : "10"
},{
  "dateTime" : "05/08/17 08:31:00",
  "value" : "10"
},{
  "dateTime" : "05/08/17 08:33:00",
  "value" : "10"
},{
  "dateTime" : "05/08/17 08:35:00",
  "value" : "10"
},{
  "dateTime" : "05/08/17 08:59:00",
  "value" : "10"
},{
  "dateTime" : "05/08/17 09:20:00",
  "value" : "10"
},{
  "dateTime" : "05/08/17 12:15:00",
  "value" : "20"
},{
  "dateTime" : "05/08/17 15:58:00",
  "value" : "20"
},{
  "dateTime" : "05/08/17 16:03:00",
  "value" : "40"
},{
  "dateTime" : "05/08/17 16:04:00",
  "value" : "10"
},{
  "dateTime" : "05/08/17 17:15:00",
  "value" : "20"
},{
  "dateTime" : "05/08/17 17:39:00",
  "value" : "10"
},{
  "dateTime" : "05/08/17 18:05:00",
  "value" : "20"
},{
  "dateTime" : "05/08/17 20:47:00",
  "value" : "10"
},{
  "dateTime" : "05/08/17 21:13:00",
  "value" : "10"
},{
  "dateTime" : "05/08/17 21:15:00",
  "value" : "10"
},{
  "dateTime" : "05/09/17 10:21:00",
  "value" : "10"
},{
  "dateTime" : "05/09/17 10:22:00",
  "value" : "10"
},{
  "dateTime" : "05/09/17 11:10:00",
  "value" : "20"
},{
  "dateTime" : "05/09/17 11:25:00",
  "value" : "10"
},{
  "dateTime" : "05/09/17 11:26:00",
  "value" : "10"
},{
  "dateTime" : "05/09/17 11:34:00",
  "value" : "10"
},{
  "dateTime" : "05/09/17 11:35:00",
  "value" : "10"
},{
  "dateTime" : "05/09/17 11:38:00",
  "value" : "10"
},{
  "dateTime" : "05/09/17 11:39:00",
  "value" : "10"
},{
  "dateTime" : "05/09/17 11:42:00",
  "value" : "10"
},{
  "dateTime" : "05/09/17 11:44:00",
  "value" : "10"
},{
  "dateTime" : "05/09/17 13:57:00",
  "value" : "10"
},{
  "dateTime" : "05/09/17 14:02:00",
  "value" : "10"
},{
  "dateTime" : "05/09/17 18:04:00",
  "value" : "10"
},{
  "dateTime" : "05/09/17 18:23:00",
  "value" : "10"
},{
  "dateTime" : "05/09/17 18:25:00",
  "value" : "20"
},{
  "dateTime" : "05/09/17 18:27:00",
  "value" : "10"
},{
  "dateTime" : "05/09/17 19:43:00",
  "value" : "10"
},{
  "dateTime" : "05/09/17 21:13:00",
  "value" : "10"
},{
  "dateTime" : "05/10/17 06:57:00",
  "value" : "10"
},{
  "dateTime" : "05/10/17 07:01:00",
  "value" : "10"
},{
  "dateTime" : "05/10/17 07:30:00",
  "value" : "10"
},{
  "dateTime" : "05/10/17 07:32:00",
  "value" : "0"
},{
  "dateTime" : "05/10/17 07:34:00",
  "value" : "20"
},{
  "dateTime" : "05/10/17 07:42:00",
  "value" : "10"
},{
  "dateTime" : "05/10/17 07:43:00",
  "value" : "10"
},{
  "dateTime" : "05/10/17 07:46:00",
  "value" : "20"
},{
  "dateTime" : "05/10/17 07:47:00",
  "value" : "10"
},{
  "dateTime" : "05/10/17 07:48:00",
  "value" : "10"
},{
  "dateTime" : "05/10/17 07:49:00",
  "value" : "20"
},{
  "dateTime" : "05/10/17 07:57:00",
  "value" : "10"
},{
  "dateTime" : "05/10/17 07:58:00",
  "value" : "10"
},{
  "dateTime" : "05/10/17 07:59:00",
  "value" : "10"
},{
  "dateTime" : "05/10/17 08:00:00",
  "value" : "10"
},{
  "dateTime" : "05/10/17 08:08:00",
  "value" : "20"
},{
  "dateTime" : "05/10/17 08:10:00",
  "value" : "10"
},{
  "dateTime" : "05/10/17 08:21:00",
  "value" : "10"
},{
  "dateTime" : "05/10/17 08:26:00",
  "value" : "10"
},{
  "dateTime" : "05/10/17 08:27:00",
  "value" : "10"
},{
  "dateTime" : "05/10/17 08:28:00",
  "value" : "40"
},{
  "dateTime" : "05/10/17 08:29:00",
  "value" : "30"
},{
  "dateTime" : "05/10/17 08:30:00",
  "value" : "30"
},{
  "dateTime" : "05/10/17 08:31:00",
  "value" : "10"
},{
  "dateTime" : "05/10/17 08:32:00",
  "value" : "10"
},{
  "dateTime" : "05/10/17 08:37:00",
  "value" : "0"
},{
  "dateTime" : "05/10/17 08:57:00",
  "value" : "20"
},{
  "dateTime" : "05/10/17 13:18:00",
  "value" : "20"
},{
  "dateTime" : "05/10/17 13:20:00",
  "value" : "10"
},{
  "dateTime" : "05/10/17 17:57:00",
  "value" : "0"
},{
  "dateTime" : "05/10/17 17:59:00",
  "value" : "20"
},{
  "dateTime" : "05/10/17 18:08:00",
  "value" : "10"
},{
  "dateTime" : "05/10/17 18:14:00",
  "value" : "30"
},{
  "dateTime" : "05/10/17 18:17:00",
  "value" : "30"
},{
  "dateTime" : "05/10/17 18:24:00",
  "value" : "10"
},{
  "dateTime" : "05/10/17 18:25:00",
  "value" : "10"
},{
  "dateTime" : "05/10/17 18:28:00",
  "value" : "10"
},{
  "dateTime" : "05/10/17 18:29:00",
  "value" : "10"
},{
  "dateTime" : "05/10/17 18:35:00",
  "value" : "10"
},{
  "dateTime" : "05/10/17 18:39:00",
  "value" : "10"
},{
  "dateTime" : "05/10/17 18:41:00",
  "value" : "10"
},{
  "dateTime" : "05/10/17 18:43:00",
  "value" : "10"
},{
  "dateTime" : "05/10/17 18:46:00",
  "value" : "10"
},{
  "dateTime" : "05/10/17 18:57:00",
  "value" : "10"
},{
  "dateTime" : "05/10/17 18:59:00",
  "value" : "10"
},{
  "dateTime" : "05/10/17 19:00:00",
  "value" : "10"
},{
  "dateTime" : "05/11/17 07:15:00",
  "value" : "10"
},{
  "dateTime" : "05/11/17 07:44:00",
  "value" : "10"
},{
  "dateTime" : "05/11/17 08:04:00",
  "value" : "10"
},{
  "dateTime" : "05/11/17 08:35:00",
  "value" : "20"
},{
  "dateTime" : "05/11/17 08:36:00",
  "value" : "10"
},{
  "dateTime" : "05/11/17 08:44:00",
  "value" : "20"
},{
  "dateTime" : "05/11/17 08:45:00",
  "value" : "10"
},{
  "dateTime" : "05/11/17 08:57:00",
  "value" : "10"
},{
  "dateTime" : "05/11/17 09:59:00",
  "value" : "10"
},{
  "dateTime" : "05/11/17 11:00:00",
  "value" : "20"
},{
  "dateTime" : "05/11/17 12:05:00",
  "value" : "10"
},{
  "dateTime" : "05/11/17 12:07:00",
  "value" : "10"
},{
  "dateTime" : "05/11/17 13:29:00",
  "value" : "10"
},{
  "dateTime" : "05/11/17 13:32:00",
  "value" : "10"
},{
  "dateTime" : "05/11/17 14:00:00",
  "value" : "10"
},{
  "dateTime" : "05/11/17 14:02:00",
  "value" : "10"
},{
  "dateTime" : "05/11/17 14:56:00",
  "value" : "10"
},{
  "dateTime" : "05/11/17 15:14:00",
  "value" : "10"
},{
  "dateTime" : "05/11/17 17:12:00",
  "value" : "10"
},{
  "dateTime" : "05/11/17 17:14:00",
  "value" : "10"
},{
  "dateTime" : "05/11/17 20:08:00",
  "value" : "10"
},{
  "dateTime" : "05/11/17 20:34:00",
  "value" : "10"
},{
  "dateTime" : "05/11/17 20:36:00",
  "value" : "10"
},{
  "dateTime" : "05/11/17 20:38:00",
  "value" : "10"
},{
  "dateTime" : "05/11/17 21:06:00",
  "value" : "10"
},{
  "dateTime" : "05/11/17 21:07:00",
  "value" : "10"
},{
  "dateTime" : "05/12/17 01:32:00",
  "value" : "10"
},{
  "dateTime" : "05/12/17 02:17:00",
  "value" : "10"
},{
  "dateTime" : "05/12/17 08:04:00",
  "value" : "10"
},{
  "dateTime" : "05/12/17 08:59:00",
  "value" : "10"
},{
  "dateTime" : "05/12/17 09:03:00",
  "value" : "10"
},{
  "dateTime" : "05/12/17 09:05:00",
  "value" : "10"
},{
  "dateTime" : "05/12/17 09:09:00",
  "value" : "10"
},{
  "dateTime" : "05/12/17 09:31:00",
  "value" : "10"
},{
  "dateTime" : "05/12/17 09:52:00",
  "value" : "20"
},{
  "dateTime" : "05/12/17 09:53:00",
  "value" : "30"
},{
  "dateTime" : "05/12/17 09:54:00",
  "value" : "10"
},{
  "dateTime" : "05/12/17 10:07:00",
  "value" : "10"
},{
  "dateTime" : "05/12/17 10:09:00",
  "value" : "30"
},{
  "dateTime" : "05/12/17 11:01:00",
  "value" : "10"
},{
  "dateTime" : "05/12/17 11:07:00",
  "value" : "10"
},{
  "dateTime" : "05/12/17 13:04:00",
  "value" : "10"
},{
  "dateTime" : "05/12/17 15:11:00",
  "value" : "10"
},{
  "dateTime" : "05/12/17 15:12:00",
  "value" : "10"
},{
  "dateTime" : "05/12/17 15:50:00",
  "value" : "10"
},{
  "dateTime" : "05/12/17 15:58:00",
  "value" : "10"
},{
  "dateTime" : "05/12/17 16:18:00",
  "value" : "10"
},{
  "dateTime" : "05/12/17 16:20:00",
  "value" : "10"
},{
  "dateTime" : "05/12/17 16:21:00",
  "value" : "10"
},{
  "dateTime" : "05/12/17 16:45:00",
  "value" : "0"
},{
  "dateTime" : "05/12/17 16:51:00",
  "value" : "20"
},{
  "dateTime" : "05/12/17 16:52:00",
  "value" : "10"
},{
  "dateTime" : "05/12/17 17:04:00",
  "value" : "0"
},{
  "dateTime" : "05/12/17 17:05:00",
  "value" : "10"
},{
  "dateTime" : "05/12/17 17:06:00",
  "value" : "20"
},{
  "dateTime" : "05/12/17 17:24:00",
  "value" : "10"
},{
  "dateTime" : "05/12/17 17:25:00",
  "value" : "10"
},{
  "dateTime" : "05/12/17 17:28:00",
  "value" : "10"
},{
  "dateTime" : "05/12/17 17:29:00",
  "value" : "10"
},{
  "dateTime" : "05/12/17 17:30:00",
  "value" : "10"
},{
  "dateTime" : "05/12/17 17:31:00",
  "value" : "10"
},{
  "dateTime" : "05/12/17 17:34:00",
  "value" : "10"
},{
  "dateTime" : "05/12/17 17:35:00",
  "value" : "10"
},{
  "dateTime" : "05/12/17 17:36:00",
  "value" : "10"
},{
  "dateTime" : "05/12/17 17:37:00",
  "value" : "10"
},{
  "dateTime" : "05/12/17 17:38:00",
  "value" : "0"
},{
  "dateTime" : "05/12/17 17:39:00",
  "value" : "20"
},{
  "dateTime" : "05/12/17 17:44:00",
  "value" : "20"
},{
  "dateTime" : "05/12/17 17:45:00",
  "value" : "20"
},{
  "dateTime" : "05/12/17 17:46:00",
  "value" : "20"
},{
  "dateTime" : "05/12/17 17:47:00",
  "value" : "10"
},{
  "dateTime" : "05/12/17 19:07:00",
  "value" : "10"
},{
  "dateTime" : "05/13/17 09:30:00",
  "value" : "10"
},{
  "dateTime" : "05/13/17 09:59:00",
  "value" : "10"
},{
  "dateTime" : "05/13/17 10:03:00",
  "value" : "10"
},{
  "dateTime" : "05/13/17 10:05:00",
  "value" : "10"
},{
  "dateTime" : "05/13/17 10:07:00",
  "value" : "10"
},{
  "dateTime" : "05/13/17 10:54:00",
  "value" : "40"
},{
  "dateTime" : "05/13/17 10:55:00",
  "value" : "10"
},{
  "dateTime" : "05/13/17 10:56:00",
  "value" : "10"
},{
  "dateTime" : "05/13/17 11:06:00",
  "value" : "10"
},{
  "dateTime" : "05/13/17 11:09:00",
  "value" : "10"
},{
  "dateTime" : "05/13/17 11:10:00",
  "value" : "10"
},{
  "dateTime" : "05/13/17 17:11:00",
  "value" : "10"
},{
  "dateTime" : "05/14/17 00:09:00",
  "value" : "20"
},{
  "dateTime" : "05/14/17 01:15:00",
  "value" : "10"
},{
  "dateTime" : "05/14/17 14:21:00",
  "value" : "10"
},{
  "dateTime" : "05/14/17 14:22:00",
  "value" : "10"
},{
  "dateTime" : "05/14/17 21:49:00",
  "value" : "10"
},{
  "dateTime" : "05/14/17 22:24:00",
  "value" : "10"
},{
  "dateTime" : "05/14/17 22:39:00",
  "value" : "10"
},{
  "dateTime" : "05/14/17 23:06:00",
  "value" : "10"
},{
  "dateTime" : "05/14/17 23:08:00",
  "value" : "10"
},{
  "dateTime" : "05/14/17 23:10:00",
  "value" : "10"
},{
  "dateTime" : "05/15/17 09:17:00",
  "value" : "10"
},{
  "dateTime" : "05/15/17 09:32:00",
  "value" : "10"
},{
  "dateTime" : "05/15/17 09:54:00",
  "value" : "10"
},{
  "dateTime" : "05/15/17 10:41:00",
  "value" : "10"
},{
  "dateTime" : "05/15/17 10:42:00",
  "value" : "10"
},{
  "dateTime" : "05/15/17 10:43:00",
  "value" : "10"
},{
  "dateTime" : "05/15/17 13:00:00",
  "value" : "20"
},{
  "dateTime" : "05/15/17 13:04:00",
  "value" : "10"
},{
  "dateTime" : "05/15/17 13:11:00",
  "value" : "10"
},{
  "dateTime" : "05/15/17 13:13:00",
  "value" : "10"
},{
  "dateTime" : "05/15/17 15:30:00",
  "value" : "20"
},{
  "dateTime" : "05/15/17 16:13:00",
  "value" : "20"
},{
  "dateTime" : "05/15/17 16:15:00",
  "value" : "10"
},{
  "dateTime" : "05/15/17 16:16:00",
  "value" : "30"
},{
  "dateTime" : "05/15/17 16:17:00",
  "value" : "10"
},{
  "dateTime" : "05/15/17 17:18:00",
  "value" : "10"
},{
  "dateTime" : "05/15/17 17:19:00",
  "value" : "10"
},{
  "dateTime" : "05/15/17 17:28:00",
  "value" : "20"
},{
  "dateTime" : "05/15/17 20:49:00",
  "value" : "10"
},{
  "dateTime" : "05/15/17 21:17:00",
  "value" : "10"
},{
  "dateTime" : "05/15/17 21:18:00",
  "value" : "10"
},{
  "dateTime" : "05/15/17 21:19:00",
  "value" : "10"
},{
  "dateTime" : "05/15/17 22:30:00",
  "value" : "10"
},{
  "dateTime" : "05/16/17 19:07:00",
  "value" : "10"
},{
  "dateTime" : "05/16/17 19:38:00",
  "value" : "10"
},{
  "dateTime" : "05/16/17 19:39:00",
  "value" : "10"
},{
  "dateTime" : "05/16/17 19:40:00",
  "value" : "10"
},{
  "dateTime" : "05/16/17 20:26:00",
  "value" : "10"
},{
  "dateTime" : "05/16/17 23:00:00",
  "value" : "10"
},{
  "dateTime" : "05/17/17 07:30:00",
  "value" : "10"
},{
  "dateTime" : "05/17/17 07:46:00",
  "value" : "10"
},{
  "dateTime" : "05/17/17 08:43:00",
  "value" : "10"
},{
  "dateTime" : "05/17/17 08:44:00",
  "value" : "20"
},{
  "dateTime" : "05/17/17 13:08:00",
  "value" : "10"
},{
  "dateTime" : "05/17/17 13:31:00",
  "value" : "20"
},{
  "dateTime" : "05/17/17 13:32:00",
  "value" : "10"
},{
  "dateTime" : "05/17/17 17:55:00",
  "value" : "10"
},{
  "dateTime" : "05/17/17 17:56:00",
  "value" : "10"
},{
  "dateTime" : "05/17/17 18:54:00",
  "value" : "10"
},{
  "dateTime" : "05/17/17 18:56:00",
  "value" : "10"
},{
  "dateTime" : "05/17/17 21:35:00",
  "value" : "10"
},{
  "dateTime" : "05/18/17 08:03:00",
  "value" : "10"
},{
  "dateTime" : "05/18/17 09:26:00",
  "value" : "10"
},{
  "dateTime" : "05/18/17 09:32:00",
  "value" : "20"
},{
  "dateTime" : "05/18/17 10:02:00",
  "value" : "10"
},{
  "dateTime" : "05/18/17 10:31:00",
  "value" : "40"
},{
  "dateTime" : "05/18/17 10:44:00",
  "value" : "10"
},{
  "dateTime" : "05/18/17 12:02:00",
  "value" : "10"
},{
  "dateTime" : "05/18/17 13:50:00",
  "value" : "10"
},{
  "dateTime" : "05/18/17 13:51:00",
  "value" : "10"
},{
  "dateTime" : "05/18/17 14:02:00",
  "value" : "10"
},{
  "dateTime" : "05/18/17 15:24:00",
  "value" : "10"
},{
  "dateTime" : "05/18/17 15:43:00",
  "value" : "10"
},{
  "dateTime" : "05/18/17 17:00:00",
  "value" : "10"
},{
  "dateTime" : "05/18/17 17:04:00",
  "value" : "10"
},{
  "dateTime" : "05/18/17 19:24:00",
  "value" : "10"
},{
  "dateTime" : "05/18/17 19:34:00",
  "value" : "30"
},{
  "dateTime" : "05/18/17 19:35:00",
  "value" : "10"
},{
  "dateTime" : "05/18/17 19:40:00",
  "value" : "10"
},{
  "dateTime" : "05/18/17 19:42:00",
  "value" : "10"
},{
  "dateTime" : "05/18/17 19:45:00",
  "value" : "10"
},{
  "dateTime" : "05/18/17 19:52:00",
  "value" : "10"
},{
  "dateTime" : "05/18/17 19:53:00",
  "value" : "10"
},{
  "dateTime" : "05/18/17 20:35:00",
  "value" : "10"
},{
  "dateTime" : "05/18/17 20:37:00",
  "value" : "10"
},{
  "dateTime" : "05/19/17 07:39:00",
  "value" : "10"
},{
  "dateTime" : "05/19/17 07:46:00",
  "value" : "10"
},{
  "dateTime" : "05/19/17 08:33:00",
  "value" : "50"
},{
  "dateTime" : "05/19/17 08:34:00",
  "value" : "10"
},{
  "dateTime" : "05/19/17 08:45:00",
  "value" : "10"
},{
  "dateTime" : "05/19/17 09:02:00",
  "value" : "10"
},{
  "dateTime" : "05/19/17 12:58:00",
  "value" : "10"
},{
  "dateTime" : "05/19/17 13:00:00",
  "value" : "10"
},{
  "dateTime" : "05/19/17 18:40:00",
  "value" : "10"
},{
  "dateTime" : "05/19/17 18:57:00",
  "value" : "20"
},{
  "dateTime" : "05/19/17 19:18:00",
  "value" : "10"
},{
  "dateTime" : "05/19/17 19:20:00",
  "value" : "10"
},{
  "dateTime" : "05/19/17 19:56:00",
  "value" : "10"
},{
  "dateTime" : "05/19/17 21:12:00",
  "value" : "20"
},{
  "dateTime" : "05/20/17 07:35:00",
  "value" : "10"
},{
  "dateTime" : "05/20/17 07:38:00",
  "value" : "10"
},{
  "dateTime" : "05/20/17 09:52:00",
  "value" : "10"
},{
  "dateTime" : "05/20/17 11:59:00",
  "value" : "10"
},{
  "dateTime" : "05/20/17 12:23:00",
  "value" : "10"
},{
  "dateTime" : "05/20/17 13:09:00",
  "value" : "20"
},{
  "dateTime" : "05/20/17 13:10:00",
  "value" : "10"
},{
  "dateTime" : "05/20/17 13:49:00",
  "value" : "10"
},{
  "dateTime" : "05/20/17 15:49:00",
  "value" : "10"
},{
  "dateTime" : "05/20/17 16:09:00",
  "value" : "10"
},{
  "dateTime" : "05/20/17 17:15:00",
  "value" : "10"
},{
  "dateTime" : "05/20/17 18:14:00",
  "value" : "10"
},{
  "dateTime" : "05/20/17 18:48:00",
  "value" : "10"
},{
  "dateTime" : "05/20/17 18:56:00",
  "value" : "10"
},{
  "dateTime" : "05/20/17 22:56:00",
  "value" : "10"
},{
  "dateTime" : "05/21/17 00:56:00",
  "value" : "10"
},{
  "dateTime" : "05/21/17 11:34:00",
  "value" : "10"
},{
  "dateTime" : "05/21/17 13:01:00",
  "value" : "20"
},{
  "dateTime" : "05/21/17 13:04:00",
  "value" : "10"
},{
  "dateTime" : "05/21/17 13:58:00",
  "value" : "10"
},{
  "dateTime" : "05/22/17 12:02:00",
  "value" : "10"
},{
  "dateTime" : "05/22/17 12:03:00",
  "value" : "10"
},{
  "dateTime" : "05/22/17 12:52:00",
  "value" : "20"
},{
  "dateTime" : "05/25/17 10:58:00",
  "value" : "10"
},{
  "dateTime" : "05/25/17 13:11:00",
  "value" : "10"
},{
  "dateTime" : "05/25/17 13:12:00",
  "value" : "20"
},{
  "dateTime" : "05/25/17 14:10:00",
  "value" : "10"
},{
  "dateTime" : "05/25/17 14:11:00",
  "value" : "10"
},{
  "dateTime" : "05/25/17 14:17:00",
  "value" : "10"
},{
  "dateTime" : "05/25/17 15:10:00",
  "value" : "10"
},{
  "dateTime" : "05/25/17 15:16:00",
  "value" : "20"
},{
  "dateTime" : "05/25/17 17:08:00",
  "value" : "10"
},{
  "dateTime" : "05/25/17 17:14:00",
  "value" : "10"
},{
  "dateTime" : "05/25/17 17:51:00",
  "value" : "10"
},{
  "dateTime" : "05/25/17 18:12:00",
  "value" : "10"
},{
  "dateTime" : "05/25/17 18:13:00",
  "value" : "10"
},{
  "dateTime" : "05/25/17 18:51:00",
  "value" : "10"
},{
  "dateTime" : "05/26/17 07:29:00",
  "value" : "10"
},{
  "dateTime" : "05/26/17 08:11:00",
  "value" : "10"
},{
  "dateTime" : "05/26/17 08:22:00",
  "value" : "10"
},{
  "dateTime" : "05/26/17 08:29:00",
  "value" : "10"
},{
  "dateTime" : "05/26/17 08:59:00",
  "value" : "10"
},{
  "dateTime" : "05/26/17 09:05:00",
  "value" : "50"
},{
  "dateTime" : "05/26/17 09:06:00",
  "value" : "10"
},{
  "dateTime" : "05/26/17 09:07:00",
  "value" : "10"
},{
  "dateTime" : "05/26/17 09:20:00",
  "value" : "30"
},{
  "dateTime" : "05/26/17 11:09:00",
  "value" : "10"
},{
  "dateTime" : "05/26/17 12:58:00",
  "value" : "10"
},{
  "dateTime" : "05/26/17 13:14:00",
  "value" : "10"
},{
  "dateTime" : "05/26/17 14:51:00",
  "value" : "10"
},{
  "dateTime" : "05/26/17 17:47:00",
  "value" : "10"
},{
  "dateTime" : "05/26/17 17:48:00",
  "value" : "10"
},{
  "dateTime" : "05/26/17 19:20:00",
  "value" : "10"
},{
  "dateTime" : "05/26/17 19:26:00",
  "value" : "10"
},{
  "dateTime" : "05/26/17 21:35:00",
  "value" : "20"
},{
  "dateTime" : "05/27/17 07:03:00",
  "value" : "10"
},{
  "dateTime" : "05/27/17 07:27:00",
  "value" : "10"
},{
  "dateTime" : "05/27/17 09:03:00",
  "value" : "10"
},{
  "dateTime" : "05/27/17 09:05:00",
  "value" : "30"
},{
  "dateTime" : "05/27/17 09:06:00",
  "value" : "10"
},{
  "dateTime" : "05/27/17 09:13:00",
  "value" : "10"
},{
  "dateTime" : "05/27/17 09:16:00",
  "value" : "30"
},{
  "dateTime" : "05/27/17 09:19:00",
  "value" : "10"
},{
  "dateTime" : "05/27/17 09:20:00",
  "value" : "10"
},{
  "dateTime" : "05/27/17 09:57:00",
  "value" : "10"
},{
  "dateTime" : "05/27/17 09:58:00",
  "value" : "10"
},{
  "dateTime" : "05/27/17 11:39:00",
  "value" : "10"
},{
  "dateTime" : "05/27/17 11:49:00",
  "value" : "30"
},{
  "dateTime" : "05/27/17 12:52:00",
  "value" : "10"
},{
  "dateTime" : "05/27/17 14:01:00",
  "value" : "10"
},{
  "dateTime" : "05/27/17 14:02:00",
  "value" : "20"
},{
  "dateTime" : "05/27/17 14:21:00",
  "value" : "10"
},{
  "dateTime" : "05/27/17 14:22:00",
  "value" : "10"
},{
  "dateTime" : "05/27/17 17:31:00",
  "value" : "10"
},{
  "dateTime" : "05/27/17 18:56:00",
  "value" : "20"
},{
  "dateTime" : "05/27/17 21:54:00",
  "value" : "10"
},{
  "dateTime" : "05/27/17 22:03:00",
  "value" : "10"
},{
  "dateTime" : "05/27/17 22:04:00",
  "value" : "20"
},{
  "dateTime" : "05/27/17 22:09:00",
  "value" : "10"
},{
  "dateTime" : "05/27/17 22:10:00",
  "value" : "10"
},{
  "dateTime" : "05/27/17 22:19:00",
  "value" : "10"
},{
  "dateTime" : "05/27/17 23:12:00",
  "value" : "10"
},{
  "dateTime" : "05/27/17 23:16:00",
  "value" : "10"
},{
  "dateTime" : "05/27/17 23:18:00",
  "value" : "10"
},{
  "dateTime" : "05/28/17 10:36:00",
  "value" : "10"
},{
  "dateTime" : "05/28/17 11:29:00",
  "value" : "10"
},{
  "dateTime" : "05/28/17 15:40:00",
  "value" : "10"
},{
  "dateTime" : "05/28/17 16:19:00",
  "value" : "10"
},{
  "dateTime" : "05/28/17 16:28:00",
  "value" : "10"
},{
  "dateTime" : "05/28/17 17:59:00",
  "value" : "10"
}]