[{
  "dateTime" : "03/30/17 00:12:00",
  "value" : "10"
},{
  "dateTime" : "03/30/17 00:51:00",
  "value" : "10"
},{
  "dateTime" : "03/30/17 07:36:00",
  "value" : "10"
},{
  "dateTime" : "03/30/17 08:02:00",
  "value" : "10"
},{
  "dateTime" : "03/30/17 08:59:00",
  "value" : "10"
},{
  "dateTime" : "03/30/17 09:31:00",
  "value" : "10"
},{
  "dateTime" : "03/30/17 09:35:00",
  "value" : "10"
},{
  "dateTime" : "03/30/17 09:50:00",
  "value" : "20"
},{
  "dateTime" : "03/30/17 11:00:00",
  "value" : "10"
},{
  "dateTime" : "03/30/17 11:01:00",
  "value" : "10"
},{
  "dateTime" : "03/30/17 11:07:00",
  "value" : "20"
},{
  "dateTime" : "03/30/17 11:12:00",
  "value" : "20"
},{
  "dateTime" : "03/30/17 11:13:00",
  "value" : "10"
},{
  "dateTime" : "03/30/17 12:01:00",
  "value" : "10"
},{
  "dateTime" : "03/30/17 14:02:00",
  "value" : "20"
},{
  "dateTime" : "03/30/17 14:03:00",
  "value" : "10"
},{
  "dateTime" : "03/30/17 15:06:00",
  "value" : "20"
},{
  "dateTime" : "03/30/17 16:44:00",
  "value" : "10"
},{
  "dateTime" : "03/30/17 17:10:00",
  "value" : "20"
},{
  "dateTime" : "03/30/17 17:11:00",
  "value" : "10"
},{
  "dateTime" : "03/30/17 17:13:00",
  "value" : "10"
},{
  "dateTime" : "03/30/17 17:14:00",
  "value" : "10"
},{
  "dateTime" : "03/30/17 19:47:00",
  "value" : "10"
},{
  "dateTime" : "03/30/17 19:48:00",
  "value" : "10"
},{
  "dateTime" : "03/30/17 20:09:00",
  "value" : "10"
},{
  "dateTime" : "03/30/17 20:36:00",
  "value" : "10"
},{
  "dateTime" : "03/30/17 20:42:00",
  "value" : "10"
},{
  "dateTime" : "03/30/17 20:52:00",
  "value" : "10"
},{
  "dateTime" : "03/30/17 22:14:00",
  "value" : "10"
},{
  "dateTime" : "03/31/17 07:17:00",
  "value" : "10"
},{
  "dateTime" : "03/31/17 08:12:00",
  "value" : "20"
},{
  "dateTime" : "03/31/17 08:13:00",
  "value" : "10"
},{
  "dateTime" : "03/31/17 08:14:00",
  "value" : "10"
},{
  "dateTime" : "03/31/17 08:56:00",
  "value" : "40"
},{
  "dateTime" : "03/31/17 08:57:00",
  "value" : "10"
},{
  "dateTime" : "03/31/17 09:09:00",
  "value" : "30"
},{
  "dateTime" : "03/31/17 09:57:00",
  "value" : "20"
},{
  "dateTime" : "03/31/17 11:05:00",
  "value" : "10"
},{
  "dateTime" : "03/31/17 11:21:00",
  "value" : "10"
},{
  "dateTime" : "03/31/17 11:23:00",
  "value" : "20"
},{
  "dateTime" : "03/31/17 13:04:00",
  "value" : "10"
},{
  "dateTime" : "03/31/17 15:15:00",
  "value" : "10"
},{
  "dateTime" : "03/31/17 15:16:00",
  "value" : "10"
},{
  "dateTime" : "03/31/17 15:51:00",
  "value" : "10"
},{
  "dateTime" : "03/31/17 18:07:00",
  "value" : "10"
},{
  "dateTime" : "03/31/17 20:05:00",
  "value" : "10"
},{
  "dateTime" : "03/31/17 21:40:00",
  "value" : "10"
},{
  "dateTime" : "03/31/17 23:02:00",
  "value" : "10"
},{
  "dateTime" : "03/31/17 23:21:00",
  "value" : "10"
},{
  "dateTime" : "04/01/17 00:20:00",
  "value" : "10"
},{
  "dateTime" : "04/01/17 00:21:00",
  "value" : "20"
},{
  "dateTime" : "04/01/17 09:45:00",
  "value" : "0"
},{
  "dateTime" : "04/01/17 09:49:00",
  "value" : "0"
},{
  "dateTime" : "04/01/17 09:52:00",
  "value" : "0"
},{
  "dateTime" : "04/01/17 10:01:00",
  "value" : "10"
},{
  "dateTime" : "04/01/17 10:02:00",
  "value" : "10"
},{
  "dateTime" : "04/01/17 10:03:00",
  "value" : "30"
},{
  "dateTime" : "04/01/17 10:07:00",
  "value" : "0"
},{
  "dateTime" : "04/01/17 10:11:00",
  "value" : "10"
},{
  "dateTime" : "04/01/17 10:12:00",
  "value" : "0"
},{
  "dateTime" : "04/01/17 10:18:00",
  "value" : "0"
},{
  "dateTime" : "04/01/17 10:23:00",
  "value" : "10"
},{
  "dateTime" : "04/01/17 10:24:00",
  "value" : "10"
},{
  "dateTime" : "04/01/17 10:30:00",
  "value" : "10"
},{
  "dateTime" : "04/01/17 10:33:00",
  "value" : "10"
},{
  "dateTime" : "04/01/17 10:34:00",
  "value" : "20"
},{
  "dateTime" : "04/01/17 10:35:00",
  "value" : "20"
},{
  "dateTime" : "04/01/17 10:36:00",
  "value" : "0"
},{
  "dateTime" : "04/01/17 10:39:00",
  "value" : "30"
},{
  "dateTime" : "04/01/17 10:41:00",
  "value" : "0"
},{
  "dateTime" : "04/01/17 10:44:00",
  "value" : "20"
},{
  "dateTime" : "04/01/17 10:45:00",
  "value" : "20"
},{
  "dateTime" : "04/01/17 10:46:00",
  "value" : "10"
},{
  "dateTime" : "04/01/17 10:57:00",
  "value" : "10"
},{
  "dateTime" : "04/01/17 17:26:00",
  "value" : "10"
},{
  "dateTime" : "04/01/17 17:34:00",
  "value" : "20"
},{
  "dateTime" : "04/01/17 22:56:00",
  "value" : "10"
},{
  "dateTime" : "04/02/17 09:16:00",
  "value" : "10"
},{
  "dateTime" : "04/02/17 09:18:00",
  "value" : "10"
},{
  "dateTime" : "04/02/17 09:55:00",
  "value" : "10"
},{
  "dateTime" : "04/02/17 11:12:00",
  "value" : "10"
},{
  "dateTime" : "04/02/17 13:58:00",
  "value" : "10"
},{
  "dateTime" : "04/02/17 14:22:00",
  "value" : "10"
},{
  "dateTime" : "04/02/17 14:33:00",
  "value" : "10"
},{
  "dateTime" : "04/02/17 14:38:00",
  "value" : "10"
},{
  "dateTime" : "04/02/17 14:50:00",
  "value" : "10"
},{
  "dateTime" : "04/02/17 17:07:00",
  "value" : "20"
},{
  "dateTime" : "04/02/17 18:42:00",
  "value" : "10"
},{
  "dateTime" : "04/02/17 18:47:00",
  "value" : "10"
},{
  "dateTime" : "04/02/17 19:38:00",
  "value" : "10"
},{
  "dateTime" : "04/02/17 21:07:00",
  "value" : "10"
},{
  "dateTime" : "04/02/17 21:42:00",
  "value" : "10"
},{
  "dateTime" : "04/02/17 22:24:00",
  "value" : "10"
},{
  "dateTime" : "04/03/17 09:34:00",
  "value" : "10"
},{
  "dateTime" : "04/03/17 10:14:00",
  "value" : "10"
},{
  "dateTime" : "04/03/17 10:21:00",
  "value" : "10"
},{
  "dateTime" : "04/03/17 10:22:00",
  "value" : "20"
},{
  "dateTime" : "04/03/17 10:37:00",
  "value" : "30"
},{
  "dateTime" : "04/03/17 15:44:00",
  "value" : "20"
},{
  "dateTime" : "04/03/17 15:46:00",
  "value" : "10"
},{
  "dateTime" : "04/03/17 17:09:00",
  "value" : "10"
},{
  "dateTime" : "04/03/17 19:48:00",
  "value" : "10"
},{
  "dateTime" : "04/03/17 19:52:00",
  "value" : "10"
},{
  "dateTime" : "04/03/17 20:28:00",
  "value" : "10"
},{
  "dateTime" : "04/03/17 20:56:00",
  "value" : "10"
},{
  "dateTime" : "04/03/17 21:22:00",
  "value" : "10"
},{
  "dateTime" : "04/04/17 09:31:00",
  "value" : "20"
},{
  "dateTime" : "04/04/17 09:39:00",
  "value" : "10"
},{
  "dateTime" : "04/04/17 10:22:00",
  "value" : "10"
},{
  "dateTime" : "04/04/17 10:29:00",
  "value" : "10"
},{
  "dateTime" : "04/04/17 10:30:00",
  "value" : "40"
},{
  "dateTime" : "04/04/17 10:31:00",
  "value" : "30"
},{
  "dateTime" : "04/04/17 10:32:00",
  "value" : "10"
},{
  "dateTime" : "04/04/17 11:01:00",
  "value" : "10"
},{
  "dateTime" : "04/04/17 11:02:00",
  "value" : "20"
},{
  "dateTime" : "04/04/17 11:03:00",
  "value" : "10"
},{
  "dateTime" : "04/04/17 14:08:00",
  "value" : "10"
},{
  "dateTime" : "04/04/17 14:35:00",
  "value" : "10"
},{
  "dateTime" : "04/04/17 14:48:00",
  "value" : "10"
},{
  "dateTime" : "04/04/17 14:49:00",
  "value" : "10"
},{
  "dateTime" : "04/04/17 14:53:00",
  "value" : "10"
},{
  "dateTime" : "04/04/17 14:54:00",
  "value" : "10"
},{
  "dateTime" : "04/04/17 14:55:00",
  "value" : "10"
},{
  "dateTime" : "04/04/17 14:59:00",
  "value" : "10"
},{
  "dateTime" : "04/04/17 18:19:00",
  "value" : "10"
},{
  "dateTime" : "04/04/17 19:23:00",
  "value" : "10"
},{
  "dateTime" : "04/05/17 08:39:00",
  "value" : "10"
},{
  "dateTime" : "04/05/17 08:44:00",
  "value" : "10"
},{
  "dateTime" : "04/05/17 10:14:00",
  "value" : "10"
},{
  "dateTime" : "04/05/17 11:28:00",
  "value" : "10"
},{
  "dateTime" : "04/05/17 12:59:00",
  "value" : "10"
},{
  "dateTime" : "04/05/17 14:01:00",
  "value" : "10"
},{
  "dateTime" : "04/05/17 15:42:00",
  "value" : "10"
},{
  "dateTime" : "04/05/17 15:49:00",
  "value" : "10"
},{
  "dateTime" : "04/05/17 16:55:00",
  "value" : "10"
},{
  "dateTime" : "04/05/17 19:11:00",
  "value" : "10"
},{
  "dateTime" : "04/05/17 23:32:00",
  "value" : "10"
},{
  "dateTime" : "04/05/17 23:36:00",
  "value" : "10"
},{
  "dateTime" : "04/06/17 00:32:00",
  "value" : "10"
},{
  "dateTime" : "04/06/17 01:59:00",
  "value" : "10"
},{
  "dateTime" : "04/06/17 06:39:00",
  "value" : "10"
},{
  "dateTime" : "04/06/17 07:23:00",
  "value" : "10"
},{
  "dateTime" : "04/06/17 07:29:00",
  "value" : "10"
},{
  "dateTime" : "04/06/17 07:35:00",
  "value" : "10"
},{
  "dateTime" : "04/06/17 08:23:00",
  "value" : "30"
},{
  "dateTime" : "04/06/17 08:24:00",
  "value" : "20"
},{
  "dateTime" : "04/06/17 08:35:00",
  "value" : "10"
},{
  "dateTime" : "04/06/17 10:07:00",
  "value" : "10"
},{
  "dateTime" : "04/06/17 12:16:00",
  "value" : "10"
},{
  "dateTime" : "04/06/17 12:18:00",
  "value" : "10"
},{
  "dateTime" : "04/06/17 12:20:00",
  "value" : "10"
},{
  "dateTime" : "04/06/17 12:21:00",
  "value" : "20"
},{
  "dateTime" : "04/06/17 15:20:00",
  "value" : "10"
},{
  "dateTime" : "04/06/17 18:05:00",
  "value" : "10"
},{
  "dateTime" : "04/06/17 19:56:00",
  "value" : "10"
},{
  "dateTime" : "04/07/17 00:54:00",
  "value" : "20"
},{
  "dateTime" : "04/07/17 00:57:00",
  "value" : "10"
},{
  "dateTime" : "04/07/17 09:44:00",
  "value" : "10"
},{
  "dateTime" : "04/07/17 12:53:00",
  "value" : "20"
},{
  "dateTime" : "04/07/17 12:54:00",
  "value" : "10"
},{
  "dateTime" : "04/07/17 12:56:00",
  "value" : "10"
},{
  "dateTime" : "04/07/17 13:15:00",
  "value" : "10"
},{
  "dateTime" : "04/07/17 13:19:00",
  "value" : "10"
},{
  "dateTime" : "04/07/17 13:33:00",
  "value" : "20"
},{
  "dateTime" : "04/07/17 13:56:00",
  "value" : "10"
},{
  "dateTime" : "04/07/17 13:59:00",
  "value" : "10"
},{
  "dateTime" : "04/07/17 14:04:00",
  "value" : "10"
},{
  "dateTime" : "04/07/17 14:34:00",
  "value" : "10"
},{
  "dateTime" : "04/07/17 16:59:00",
  "value" : "20"
},{
  "dateTime" : "04/07/17 17:11:00",
  "value" : "10"
},{
  "dateTime" : "04/07/17 17:18:00",
  "value" : "10"
},{
  "dateTime" : "04/07/17 17:22:00",
  "value" : "10"
},{
  "dateTime" : "04/07/17 17:23:00",
  "value" : "10"
},{
  "dateTime" : "04/07/17 18:08:00",
  "value" : "20"
},{
  "dateTime" : "04/08/17 00:36:00",
  "value" : "10"
},{
  "dateTime" : "04/08/17 01:47:00",
  "value" : "20"
},{
  "dateTime" : "04/08/17 02:08:00",
  "value" : "10"
},{
  "dateTime" : "04/08/17 02:24:00",
  "value" : "10"
},{
  "dateTime" : "04/08/17 02:34:00",
  "value" : "10"
},{
  "dateTime" : "04/08/17 09:57:00",
  "value" : "10"
},{
  "dateTime" : "04/08/17 11:27:00",
  "value" : "10"
},{
  "dateTime" : "04/08/17 11:28:00",
  "value" : "10"
},{
  "dateTime" : "04/08/17 11:34:00",
  "value" : "10"
},{
  "dateTime" : "04/08/17 11:38:00",
  "value" : "10"
},{
  "dateTime" : "04/08/17 11:49:00",
  "value" : "10"
},{
  "dateTime" : "04/08/17 12:56:00",
  "value" : "10"
},{
  "dateTime" : "04/08/17 16:10:00",
  "value" : "10"
},{
  "dateTime" : "04/08/17 16:16:00",
  "value" : "10"
},{
  "dateTime" : "04/08/17 16:22:00",
  "value" : "10"
},{
  "dateTime" : "04/08/17 16:44:00",
  "value" : "10"
},{
  "dateTime" : "04/08/17 16:49:00",
  "value" : "10"
},{
  "dateTime" : "04/08/17 17:24:00",
  "value" : "20"
},{
  "dateTime" : "04/08/17 17:25:00",
  "value" : "10"
},{
  "dateTime" : "04/08/17 20:48:00",
  "value" : "10"
},{
  "dateTime" : "04/08/17 22:23:00",
  "value" : "10"
},{
  "dateTime" : "04/09/17 09:03:00",
  "value" : "10"
},{
  "dateTime" : "04/09/17 09:10:00",
  "value" : "10"
},{
  "dateTime" : "04/09/17 11:24:00",
  "value" : "10"
},{
  "dateTime" : "04/09/17 12:38:00",
  "value" : "10"
},{
  "dateTime" : "04/09/17 14:51:00",
  "value" : "10"
},{
  "dateTime" : "04/09/17 16:22:00",
  "value" : "10"
},{
  "dateTime" : "04/09/17 16:25:00",
  "value" : "10"
},{
  "dateTime" : "04/09/17 16:32:00",
  "value" : "10"
},{
  "dateTime" : "04/09/17 18:00:00",
  "value" : "10"
},{
  "dateTime" : "04/09/17 18:32:00",
  "value" : "10"
},{
  "dateTime" : "04/09/17 18:41:00",
  "value" : "20"
},{
  "dateTime" : "04/09/17 18:42:00",
  "value" : "10"
},{
  "dateTime" : "04/09/17 18:48:00",
  "value" : "10"
},{
  "dateTime" : "04/09/17 18:51:00",
  "value" : "10"
},{
  "dateTime" : "04/09/17 18:54:00",
  "value" : "10"
},{
  "dateTime" : "04/09/17 18:58:00",
  "value" : "10"
},{
  "dateTime" : "04/09/17 19:00:00",
  "value" : "10"
},{
  "dateTime" : "04/09/17 19:04:00",
  "value" : "10"
},{
  "dateTime" : "04/09/17 19:48:00",
  "value" : "10"
},{
  "dateTime" : "04/10/17 09:48:00",
  "value" : "10"
},{
  "dateTime" : "04/10/17 10:24:00",
  "value" : "10"
},{
  "dateTime" : "04/10/17 10:25:00",
  "value" : "10"
},{
  "dateTime" : "04/10/17 10:32:00",
  "value" : "10"
},{
  "dateTime" : "04/10/17 11:38:00",
  "value" : "10"
},{
  "dateTime" : "04/10/17 13:45:00",
  "value" : "10"
},{
  "dateTime" : "04/10/17 13:46:00",
  "value" : "10"
},{
  "dateTime" : "04/10/17 14:09:00",
  "value" : "10"
},{
  "dateTime" : "04/10/17 14:26:00",
  "value" : "20"
},{
  "dateTime" : "04/10/17 15:05:00",
  "value" : "10"
},{
  "dateTime" : "04/10/17 16:14:00",
  "value" : "20"
},{
  "dateTime" : "04/10/17 17:15:00",
  "value" : "10"
},{
  "dateTime" : "04/10/17 21:07:00",
  "value" : "10"
},{
  "dateTime" : "04/10/17 22:30:00",
  "value" : "20"
},{
  "dateTime" : "04/10/17 22:57:00",
  "value" : "10"
},{
  "dateTime" : "04/11/17 09:04:00",
  "value" : "10"
},{
  "dateTime" : "04/11/17 10:04:00",
  "value" : "10"
},{
  "dateTime" : "04/11/17 10:06:00",
  "value" : "10"
},{
  "dateTime" : "04/11/17 10:42:00",
  "value" : "10"
},{
  "dateTime" : "04/11/17 10:52:00",
  "value" : "30"
},{
  "dateTime" : "04/11/17 10:53:00",
  "value" : "10"
},{
  "dateTime" : "04/11/17 11:01:00",
  "value" : "50"
},{
  "dateTime" : "04/11/17 12:40:00",
  "value" : "10"
},{
  "dateTime" : "04/11/17 12:54:00",
  "value" : "10"
},{
  "dateTime" : "04/11/17 13:27:00",
  "value" : "10"
},{
  "dateTime" : "04/11/17 13:28:00",
  "value" : "10"
},{
  "dateTime" : "04/11/17 13:29:00",
  "value" : "10"
},{
  "dateTime" : "04/11/17 13:30:00",
  "value" : "10"
},{
  "dateTime" : "04/11/17 14:45:00",
  "value" : "10"
},{
  "dateTime" : "04/11/17 16:43:00",
  "value" : "10"
},{
  "dateTime" : "04/12/17 07:33:00",
  "value" : "10"
},{
  "dateTime" : "04/12/17 07:44:00",
  "value" : "10"
},{
  "dateTime" : "04/12/17 08:20:00",
  "value" : "10"
},{
  "dateTime" : "04/12/17 08:35:00",
  "value" : "10"
},{
  "dateTime" : "04/12/17 08:43:00",
  "value" : "10"
},{
  "dateTime" : "04/12/17 08:44:00",
  "value" : "10"
},{
  "dateTime" : "04/12/17 08:48:00",
  "value" : "20"
},{
  "dateTime" : "04/12/17 13:17:00",
  "value" : "20"
},{
  "dateTime" : "04/12/17 13:18:00",
  "value" : "10"
},{
  "dateTime" : "04/12/17 13:19:00",
  "value" : "10"
},{
  "dateTime" : "04/12/17 13:20:00",
  "value" : "10"
},{
  "dateTime" : "04/12/17 13:21:00",
  "value" : "10"
},{
  "dateTime" : "04/12/17 13:26:00",
  "value" : "10"
},{
  "dateTime" : "04/12/17 13:43:00",
  "value" : "20"
},{
  "dateTime" : "04/12/17 13:44:00",
  "value" : "10"
},{
  "dateTime" : "04/12/17 13:46:00",
  "value" : "10"
},{
  "dateTime" : "04/12/17 13:53:00",
  "value" : "10"
},{
  "dateTime" : "04/12/17 13:54:00",
  "value" : "10"
},{
  "dateTime" : "04/12/17 13:55:00",
  "value" : "10"
},{
  "dateTime" : "04/12/17 18:23:00",
  "value" : "10"
},{
  "dateTime" : "04/12/17 18:24:00",
  "value" : "10"
},{
  "dateTime" : "04/12/17 18:26:00",
  "value" : "10"
},{
  "dateTime" : "04/12/17 18:27:00",
  "value" : "20"
},{
  "dateTime" : "04/12/17 18:40:00",
  "value" : "10"
},{
  "dateTime" : "04/12/17 19:14:00",
  "value" : "20"
},{
  "dateTime" : "04/12/17 19:15:00",
  "value" : "10"
},{
  "dateTime" : "04/12/17 19:33:00",
  "value" : "10"
},{
  "dateTime" : "04/12/17 19:40:00",
  "value" : "10"
},{
  "dateTime" : "04/12/17 19:42:00",
  "value" : "10"
},{
  "dateTime" : "04/12/17 19:44:00",
  "value" : "10"
},{
  "dateTime" : "04/13/17 08:21:00",
  "value" : "10"
},{
  "dateTime" : "04/13/17 10:12:00",
  "value" : "10"
},{
  "dateTime" : "04/13/17 10:36:00",
  "value" : "10"
},{
  "dateTime" : "04/13/17 11:57:00",
  "value" : "10"
},{
  "dateTime" : "04/13/17 12:01:00",
  "value" : "10"
},{
  "dateTime" : "04/13/17 12:05:00",
  "value" : "10"
},{
  "dateTime" : "04/13/17 12:16:00",
  "value" : "10"
},{
  "dateTime" : "04/13/17 12:28:00",
  "value" : "10"
},{
  "dateTime" : "04/13/17 12:33:00",
  "value" : "10"
},{
  "dateTime" : "04/13/17 12:36:00",
  "value" : "10"
},{
  "dateTime" : "04/13/17 12:37:00",
  "value" : "10"
},{
  "dateTime" : "04/13/17 12:39:00",
  "value" : "10"
},{
  "dateTime" : "04/13/17 12:41:00",
  "value" : "10"
},{
  "dateTime" : "04/13/17 12:42:00",
  "value" : "10"
},{
  "dateTime" : "04/13/17 12:43:00",
  "value" : "10"
},{
  "dateTime" : "04/13/17 13:00:00",
  "value" : "10"
},{
  "dateTime" : "04/13/17 13:01:00",
  "value" : "10"
},{
  "dateTime" : "04/13/17 14:03:00",
  "value" : "10"
},{
  "dateTime" : "04/13/17 18:55:00",
  "value" : "10"
},{
  "dateTime" : "04/13/17 21:35:00",
  "value" : "10"
},{
  "dateTime" : "04/13/17 21:37:00",
  "value" : "10"
},{
  "dateTime" : "04/14/17 08:33:00",
  "value" : "10"
},{
  "dateTime" : "04/14/17 10:12:00",
  "value" : "10"
},{
  "dateTime" : "04/14/17 11:25:00",
  "value" : "10"
},{
  "dateTime" : "04/14/17 12:22:00",
  "value" : "10"
},{
  "dateTime" : "04/14/17 12:33:00",
  "value" : "10"
},{
  "dateTime" : "04/14/17 14:10:00",
  "value" : "10"
},{
  "dateTime" : "04/14/17 14:12:00",
  "value" : "10"
},{
  "dateTime" : "04/14/17 14:13:00",
  "value" : "20"
},{
  "dateTime" : "04/14/17 16:03:00",
  "value" : "20"
},{
  "dateTime" : "04/14/17 16:07:00",
  "value" : "20"
},{
  "dateTime" : "04/14/17 16:10:00",
  "value" : "10"
},{
  "dateTime" : "04/14/17 17:46:00",
  "value" : "10"
},{
  "dateTime" : "04/14/17 19:28:00",
  "value" : "10"
},{
  "dateTime" : "04/14/17 19:30:00",
  "value" : "20"
},{
  "dateTime" : "04/14/17 19:59:00",
  "value" : "10"
},{
  "dateTime" : "04/14/17 21:03:00",
  "value" : "10"
},{
  "dateTime" : "04/15/17 07:17:00",
  "value" : "10"
},{
  "dateTime" : "04/15/17 08:13:00",
  "value" : "10"
},{
  "dateTime" : "04/15/17 08:37:00",
  "value" : "10"
},{
  "dateTime" : "04/15/17 08:38:00",
  "value" : "10"
},{
  "dateTime" : "04/15/17 08:40:00",
  "value" : "10"
},{
  "dateTime" : "04/15/17 08:53:00",
  "value" : "10"
},{
  "dateTime" : "04/15/17 13:21:00",
  "value" : "10"
},{
  "dateTime" : "04/15/17 13:22:00",
  "value" : "20"
},{
  "dateTime" : "04/15/17 13:26:00",
  "value" : "10"
},{
  "dateTime" : "04/15/17 13:28:00",
  "value" : "10"
},{
  "dateTime" : "04/15/17 13:38:00",
  "value" : "10"
},{
  "dateTime" : "04/15/17 13:45:00",
  "value" : "10"
},{
  "dateTime" : "04/15/17 14:24:00",
  "value" : "10"
},{
  "dateTime" : "04/15/17 14:25:00",
  "value" : "10"
},{
  "dateTime" : "04/15/17 14:26:00",
  "value" : "40"
},{
  "dateTime" : "04/15/17 14:27:00",
  "value" : "10"
},{
  "dateTime" : "04/15/17 14:37:00",
  "value" : "20"
},{
  "dateTime" : "04/15/17 14:38:00",
  "value" : "10"
},{
  "dateTime" : "04/15/17 14:42:00",
  "value" : "10"
},{
  "dateTime" : "04/15/17 14:43:00",
  "value" : "10"
},{
  "dateTime" : "04/15/17 14:44:00",
  "value" : "10"
},{
  "dateTime" : "04/15/17 14:45:00",
  "value" : "20"
},{
  "dateTime" : "04/15/17 14:46:00",
  "value" : "10"
},{
  "dateTime" : "04/15/17 14:48:00",
  "value" : "10"
},{
  "dateTime" : "04/15/17 14:49:00",
  "value" : "10"
},{
  "dateTime" : "04/15/17 14:53:00",
  "value" : "20"
},{
  "dateTime" : "04/15/17 14:54:00",
  "value" : "20"
},{
  "dateTime" : "04/15/17 14:58:00",
  "value" : "10"
},{
  "dateTime" : "04/15/17 14:59:00",
  "value" : "10"
},{
  "dateTime" : "04/15/17 15:00:00",
  "value" : "10"
},{
  "dateTime" : "04/15/17 15:04:00",
  "value" : "30"
},{
  "dateTime" : "04/15/17 15:05:00",
  "value" : "20"
},{
  "dateTime" : "04/15/17 15:07:00",
  "value" : "10"
},{
  "dateTime" : "04/15/17 15:09:00",
  "value" : "20"
},{
  "dateTime" : "04/15/17 15:18:00",
  "value" : "10"
},{
  "dateTime" : "04/15/17 15:19:00",
  "value" : "30"
},{
  "dateTime" : "04/15/17 15:20:00",
  "value" : "40"
},{
  "dateTime" : "04/15/17 15:21:00",
  "value" : "20"
},{
  "dateTime" : "04/15/17 15:22:00",
  "value" : "20"
},{
  "dateTime" : "04/15/17 15:24:00",
  "value" : "10"
},{
  "dateTime" : "04/15/17 15:25:00",
  "value" : "20"
},{
  "dateTime" : "04/15/17 15:39:00",
  "value" : "30"
},{
  "dateTime" : "04/15/17 15:40:00",
  "value" : "30"
},{
  "dateTime" : "04/15/17 15:41:00",
  "value" : "20"
},{
  "dateTime" : "04/15/17 15:42:00",
  "value" : "20"
},{
  "dateTime" : "04/15/17 15:46:00",
  "value" : "30"
},{
  "dateTime" : "04/15/17 15:47:00",
  "value" : "10"
},{
  "dateTime" : "04/15/17 15:49:00",
  "value" : "20"
},{
  "dateTime" : "04/15/17 16:05:00",
  "value" : "20"
},{
  "dateTime" : "04/15/17 16:06:00",
  "value" : "20"
},{
  "dateTime" : "04/15/17 16:09:00",
  "value" : "20"
},{
  "dateTime" : "04/15/17 16:10:00",
  "value" : "10"
},{
  "dateTime" : "04/15/17 16:11:00",
  "value" : "10"
},{
  "dateTime" : "04/15/17 16:12:00",
  "value" : "20"
},{
  "dateTime" : "04/15/17 16:14:00",
  "value" : "10"
},{
  "dateTime" : "04/15/17 16:17:00",
  "value" : "10"
},{
  "dateTime" : "04/15/17 16:28:00",
  "value" : "10"
},{
  "dateTime" : "04/15/17 17:12:00",
  "value" : "50"
},{
  "dateTime" : "04/16/17 09:02:00",
  "value" : "10"
},{
  "dateTime" : "04/16/17 09:40:00",
  "value" : "10"
},{
  "dateTime" : "04/16/17 09:45:00",
  "value" : "10"
},{
  "dateTime" : "04/16/17 09:48:00",
  "value" : "10"
},{
  "dateTime" : "04/16/17 09:55:00",
  "value" : "10"
},{
  "dateTime" : "04/16/17 09:57:00",
  "value" : "10"
},{
  "dateTime" : "04/16/17 10:02:00",
  "value" : "10"
},{
  "dateTime" : "04/16/17 10:04:00",
  "value" : "40"
},{
  "dateTime" : "04/16/17 10:05:00",
  "value" : "40"
},{
  "dateTime" : "04/16/17 10:06:00",
  "value" : "30"
},{
  "dateTime" : "04/16/17 10:07:00",
  "value" : "30"
},{
  "dateTime" : "04/16/17 10:12:00",
  "value" : "10"
},{
  "dateTime" : "04/16/17 10:13:00",
  "value" : "10"
},{
  "dateTime" : "04/16/17 10:14:00",
  "value" : "30"
},{
  "dateTime" : "04/16/17 10:15:00",
  "value" : "30"
},{
  "dateTime" : "04/16/17 10:16:00",
  "value" : "30"
},{
  "dateTime" : "04/16/17 10:17:00",
  "value" : "30"
},{
  "dateTime" : "04/16/17 10:18:00",
  "value" : "20"
},{
  "dateTime" : "04/16/17 10:19:00",
  "value" : "10"
},{
  "dateTime" : "04/16/17 10:21:00",
  "value" : "10"
},{
  "dateTime" : "04/16/17 10:25:00",
  "value" : "20"
},{
  "dateTime" : "04/16/17 10:26:00",
  "value" : "20"
},{
  "dateTime" : "04/16/17 10:27:00",
  "value" : "10"
},{
  "dateTime" : "04/16/17 10:28:00",
  "value" : "10"
},{
  "dateTime" : "04/16/17 10:29:00",
  "value" : "20"
},{
  "dateTime" : "04/16/17 10:30:00",
  "value" : "20"
},{
  "dateTime" : "04/16/17 10:31:00",
  "value" : "10"
},{
  "dateTime" : "04/16/17 10:35:00",
  "value" : "10"
},{
  "dateTime" : "04/16/17 10:36:00",
  "value" : "20"
},{
  "dateTime" : "04/16/17 10:37:00",
  "value" : "10"
},{
  "dateTime" : "04/16/17 10:38:00",
  "value" : "20"
},{
  "dateTime" : "04/16/17 10:58:00",
  "value" : "20"
},{
  "dateTime" : "04/16/17 10:59:00",
  "value" : "10"
},{
  "dateTime" : "04/16/17 11:00:00",
  "value" : "20"
},{
  "dateTime" : "04/16/17 11:01:00",
  "value" : "30"
},{
  "dateTime" : "04/16/17 11:02:00",
  "value" : "30"
},{
  "dateTime" : "04/16/17 11:03:00",
  "value" : "20"
},{
  "dateTime" : "04/16/17 11:04:00",
  "value" : "20"
},{
  "dateTime" : "04/16/17 11:11:00",
  "value" : "10"
},{
  "dateTime" : "04/16/17 11:30:00",
  "value" : "20"
},{
  "dateTime" : "04/16/17 11:33:00",
  "value" : "20"
},{
  "dateTime" : "04/16/17 12:09:00",
  "value" : "10"
},{
  "dateTime" : "04/16/17 12:12:00",
  "value" : "10"
},{
  "dateTime" : "04/16/17 12:13:00",
  "value" : "40"
},{
  "dateTime" : "04/16/17 12:14:00",
  "value" : "10"
},{
  "dateTime" : "04/16/17 12:33:00",
  "value" : "20"
},{
  "dateTime" : "04/16/17 12:34:00",
  "value" : "10"
},{
  "dateTime" : "04/16/17 13:09:00",
  "value" : "10"
},{
  "dateTime" : "04/16/17 13:10:00",
  "value" : "10"
},{
  "dateTime" : "04/16/17 13:11:00",
  "value" : "20"
},{
  "dateTime" : "04/16/17 13:12:00",
  "value" : "20"
},{
  "dateTime" : "04/16/17 13:13:00",
  "value" : "30"
},{
  "dateTime" : "04/16/17 13:14:00",
  "value" : "40"
},{
  "dateTime" : "04/16/17 13:15:00",
  "value" : "20"
},{
  "dateTime" : "04/16/17 13:16:00",
  "value" : "40"
},{
  "dateTime" : "04/16/17 13:24:00",
  "value" : "40"
},{
  "dateTime" : "04/16/17 13:25:00",
  "value" : "40"
},{
  "dateTime" : "04/16/17 13:30:00",
  "value" : "10"
},{
  "dateTime" : "04/16/17 13:32:00",
  "value" : "10"
},{
  "dateTime" : "04/16/17 14:21:00",
  "value" : "10"
},{
  "dateTime" : "04/16/17 14:24:00",
  "value" : "10"
},{
  "dateTime" : "04/16/17 14:26:00",
  "value" : "20"
},{
  "dateTime" : "04/16/17 14:33:00",
  "value" : "10"
},{
  "dateTime" : "04/16/17 15:09:00",
  "value" : "10"
},{
  "dateTime" : "04/16/17 15:43:00",
  "value" : "30"
},{
  "dateTime" : "04/16/17 17:40:00",
  "value" : "30"
},{
  "dateTime" : "04/16/17 17:42:00",
  "value" : "10"
},{
  "dateTime" : "04/16/17 18:45:00",
  "value" : "20"
},{
  "dateTime" : "04/16/17 19:05:00",
  "value" : "20"
},{
  "dateTime" : "04/16/17 19:09:00",
  "value" : "10"
},{
  "dateTime" : "04/16/17 19:10:00",
  "value" : "10"
},{
  "dateTime" : "04/16/17 20:05:00",
  "value" : "20"
},{
  "dateTime" : "04/16/17 20:06:00",
  "value" : "10"
},{
  "dateTime" : "04/17/17 08:04:00",
  "value" : "10"
},{
  "dateTime" : "04/17/17 08:05:00",
  "value" : "20"
},{
  "dateTime" : "04/17/17 10:20:00",
  "value" : "20"
},{
  "dateTime" : "04/17/17 10:42:00",
  "value" : "10"
},{
  "dateTime" : "04/17/17 10:43:00",
  "value" : "30"
},{
  "dateTime" : "04/17/17 10:44:00",
  "value" : "30"
},{
  "dateTime" : "04/17/17 10:45:00",
  "value" : "30"
},{
  "dateTime" : "04/17/17 10:46:00",
  "value" : "40"
},{
  "dateTime" : "04/17/17 10:47:00",
  "value" : "20"
},{
  "dateTime" : "04/17/17 10:49:00",
  "value" : "10"
},{
  "dateTime" : "04/17/17 10:50:00",
  "value" : "30"
},{
  "dateTime" : "04/17/17 10:51:00",
  "value" : "40"
},{
  "dateTime" : "04/17/17 10:52:00",
  "value" : "10"
},{
  "dateTime" : "04/17/17 10:53:00",
  "value" : "10"
},{
  "dateTime" : "04/17/17 10:57:00",
  "value" : "10"
},{
  "dateTime" : "04/17/17 11:00:00",
  "value" : "10"
},{
  "dateTime" : "04/17/17 11:16:00",
  "value" : "10"
},{
  "dateTime" : "04/17/17 11:21:00",
  "value" : "10"
},{
  "dateTime" : "04/17/17 11:25:00",
  "value" : "20"
},{
  "dateTime" : "04/17/17 11:26:00",
  "value" : "20"
},{
  "dateTime" : "04/17/17 11:27:00",
  "value" : "20"
},{
  "dateTime" : "04/17/17 11:28:00",
  "value" : "30"
},{
  "dateTime" : "04/17/17 11:40:00",
  "value" : "10"
},{
  "dateTime" : "04/17/17 11:41:00",
  "value" : "10"
},{
  "dateTime" : "04/17/17 11:42:00",
  "value" : "10"
},{
  "dateTime" : "04/17/17 11:57:00",
  "value" : "10"
},{
  "dateTime" : "04/17/17 12:01:00",
  "value" : "10"
},{
  "dateTime" : "04/17/17 12:04:00",
  "value" : "20"
},{
  "dateTime" : "04/17/17 12:05:00",
  "value" : "10"
},{
  "dateTime" : "04/17/17 12:06:00",
  "value" : "10"
},{
  "dateTime" : "04/17/17 12:14:00",
  "value" : "10"
},{
  "dateTime" : "04/17/17 12:15:00",
  "value" : "20"
},{
  "dateTime" : "04/17/17 12:16:00",
  "value" : "20"
},{
  "dateTime" : "04/17/17 12:17:00",
  "value" : "10"
},{
  "dateTime" : "04/17/17 12:20:00",
  "value" : "10"
},{
  "dateTime" : "04/17/17 12:21:00",
  "value" : "10"
},{
  "dateTime" : "04/17/17 12:22:00",
  "value" : "20"
},{
  "dateTime" : "04/17/17 12:23:00",
  "value" : "20"
},{
  "dateTime" : "04/17/17 12:24:00",
  "value" : "30"
},{
  "dateTime" : "04/17/17 12:25:00",
  "value" : "20"
},{
  "dateTime" : "04/17/17 13:16:00",
  "value" : "20"
},{
  "dateTime" : "04/17/17 13:17:00",
  "value" : "30"
},{
  "dateTime" : "04/17/17 13:18:00",
  "value" : "20"
},{
  "dateTime" : "04/17/17 13:19:00",
  "value" : "20"
},{
  "dateTime" : "04/17/17 13:21:00",
  "value" : "10"
},{
  "dateTime" : "04/17/17 13:24:00",
  "value" : "10"
},{
  "dateTime" : "04/17/17 13:25:00",
  "value" : "20"
},{
  "dateTime" : "04/17/17 13:26:00",
  "value" : "40"
},{
  "dateTime" : "04/17/17 13:27:00",
  "value" : "20"
},{
  "dateTime" : "04/17/17 13:42:00",
  "value" : "10"
},{
  "dateTime" : "04/17/17 13:44:00",
  "value" : "10"
},{
  "dateTime" : "04/17/17 13:45:00",
  "value" : "30"
},{
  "dateTime" : "04/17/17 13:46:00",
  "value" : "10"
},{
  "dateTime" : "04/17/17 13:48:00",
  "value" : "10"
},{
  "dateTime" : "04/17/17 13:49:00",
  "value" : "10"
},{
  "dateTime" : "04/17/17 13:50:00",
  "value" : "10"
},{
  "dateTime" : "04/17/17 13:52:00",
  "value" : "10"
},{
  "dateTime" : "04/17/17 13:54:00",
  "value" : "10"
},{
  "dateTime" : "04/17/17 13:57:00",
  "value" : "10"
},{
  "dateTime" : "04/17/17 13:59:00",
  "value" : "10"
},{
  "dateTime" : "04/17/17 14:04:00",
  "value" : "20"
},{
  "dateTime" : "04/17/17 14:15:00",
  "value" : "10"
},{
  "dateTime" : "04/17/17 14:16:00",
  "value" : "10"
},{
  "dateTime" : "04/17/17 14:20:00",
  "value" : "30"
},{
  "dateTime" : "04/17/17 14:21:00",
  "value" : "10"
},{
  "dateTime" : "04/17/17 14:22:00",
  "value" : "30"
},{
  "dateTime" : "04/17/17 14:23:00",
  "value" : "20"
},{
  "dateTime" : "04/17/17 14:24:00",
  "value" : "10"
},{
  "dateTime" : "04/17/17 14:26:00",
  "value" : "10"
},{
  "dateTime" : "04/17/17 14:28:00",
  "value" : "10"
},{
  "dateTime" : "04/17/17 14:35:00",
  "value" : "10"
},{
  "dateTime" : "04/17/17 14:36:00",
  "value" : "40"
},{
  "dateTime" : "04/17/17 14:37:00",
  "value" : "20"
},{
  "dateTime" : "04/17/17 14:39:00",
  "value" : "20"
},{
  "dateTime" : "04/17/17 14:40:00",
  "value" : "30"
},{
  "dateTime" : "04/17/17 14:41:00",
  "value" : "40"
},{
  "dateTime" : "04/17/17 14:44:00",
  "value" : "10"
},{
  "dateTime" : "04/17/17 14:45:00",
  "value" : "20"
},{
  "dateTime" : "04/17/17 14:46:00",
  "value" : "20"
},{
  "dateTime" : "04/17/17 14:49:00",
  "value" : "10"
},{
  "dateTime" : "04/17/17 15:03:00",
  "value" : "10"
},{
  "dateTime" : "04/17/17 15:10:00",
  "value" : "30"
},{
  "dateTime" : "04/17/17 15:26:00",
  "value" : "10"
},{
  "dateTime" : "04/17/17 15:31:00",
  "value" : "20"
},{
  "dateTime" : "04/17/17 18:05:00",
  "value" : "10"
},{
  "dateTime" : "04/17/17 19:16:00",
  "value" : "10"
},{
  "dateTime" : "04/17/17 22:45:00",
  "value" : "10"
},{
  "dateTime" : "04/18/17 07:16:00",
  "value" : "10"
},{
  "dateTime" : "04/18/17 07:20:00",
  "value" : "10"
},{
  "dateTime" : "04/18/17 07:30:00",
  "value" : "0"
},{
  "dateTime" : "04/18/17 07:36:00",
  "value" : "10"
},{
  "dateTime" : "04/18/17 07:40:00",
  "value" : "10"
},{
  "dateTime" : "04/18/17 07:42:00",
  "value" : "10"
},{
  "dateTime" : "04/18/17 07:46:00",
  "value" : "20"
},{
  "dateTime" : "04/18/17 07:58:00",
  "value" : "10"
},{
  "dateTime" : "04/18/17 07:59:00",
  "value" : "10"
},{
  "dateTime" : "04/18/17 08:00:00",
  "value" : "10"
},{
  "dateTime" : "04/18/17 08:22:00",
  "value" : "10"
},{
  "dateTime" : "04/18/17 08:25:00",
  "value" : "10"
},{
  "dateTime" : "04/18/17 08:26:00",
  "value" : "10"
},{
  "dateTime" : "04/18/17 08:27:00",
  "value" : "40"
},{
  "dateTime" : "04/18/17 08:28:00",
  "value" : "30"
},{
  "dateTime" : "04/18/17 08:33:00",
  "value" : "20"
},{
  "dateTime" : "04/18/17 08:34:00",
  "value" : "0"
},{
  "dateTime" : "04/18/17 08:57:00",
  "value" : "20"
},{
  "dateTime" : "04/18/17 13:22:00",
  "value" : "20"
},{
  "dateTime" : "04/18/17 13:23:00",
  "value" : "20"
},{
  "dateTime" : "04/18/17 17:42:00",
  "value" : "0"
},{
  "dateTime" : "04/18/17 17:44:00",
  "value" : "10"
},{
  "dateTime" : "04/18/17 17:48:00",
  "value" : "10"
},{
  "dateTime" : "04/18/17 17:49:00",
  "value" : "10"
},{
  "dateTime" : "04/18/17 17:51:00",
  "value" : "10"
},{
  "dateTime" : "04/18/17 17:52:00",
  "value" : "10"
},{
  "dateTime" : "04/18/17 17:53:00",
  "value" : "20"
},{
  "dateTime" : "04/18/17 17:54:00",
  "value" : "10"
},{
  "dateTime" : "04/18/17 18:02:00",
  "value" : "10"
},{
  "dateTime" : "04/18/17 18:06:00",
  "value" : "10"
},{
  "dateTime" : "04/18/17 18:09:00",
  "value" : "10"
},{
  "dateTime" : "04/18/17 18:10:00",
  "value" : "10"
},{
  "dateTime" : "04/18/17 18:15:00",
  "value" : "10"
},{
  "dateTime" : "04/18/17 18:19:00",
  "value" : "20"
},{
  "dateTime" : "04/18/17 18:22:00",
  "value" : "10"
},{
  "dateTime" : "04/18/17 18:32:00",
  "value" : "10"
},{
  "dateTime" : "04/18/17 18:34:00",
  "value" : "0"
},{
  "dateTime" : "04/18/17 18:36:00",
  "value" : "10"
},{
  "dateTime" : "04/18/17 18:37:00",
  "value" : "10"
},{
  "dateTime" : "04/19/17 12:52:00",
  "value" : "20"
},{
  "dateTime" : "04/19/17 12:56:00",
  "value" : "10"
},{
  "dateTime" : "04/19/17 13:07:00",
  "value" : "10"
},{
  "dateTime" : "04/19/17 13:14:00",
  "value" : "30"
},{
  "dateTime" : "04/19/17 13:33:00",
  "value" : "10"
},{
  "dateTime" : "04/19/17 14:02:00",
  "value" : "10"
},{
  "dateTime" : "04/19/17 14:04:00",
  "value" : "10"
},{
  "dateTime" : "04/19/17 14:32:00",
  "value" : "10"
},{
  "dateTime" : "04/19/17 15:06:00",
  "value" : "10"
},{
  "dateTime" : "04/19/17 15:07:00",
  "value" : "10"
},{
  "dateTime" : "04/19/17 15:08:00",
  "value" : "10"
},{
  "dateTime" : "04/19/17 15:09:00",
  "value" : "20"
},{
  "dateTime" : "04/19/17 15:14:00",
  "value" : "10"
},{
  "dateTime" : "04/19/17 17:19:00",
  "value" : "10"
},{
  "dateTime" : "04/19/17 18:56:00",
  "value" : "10"
},{
  "dateTime" : "04/19/17 19:00:00",
  "value" : "10"
},{
  "dateTime" : "04/19/17 20:21:00",
  "value" : "10"
},{
  "dateTime" : "04/20/17 07:01:00",
  "value" : "10"
},{
  "dateTime" : "04/20/17 07:32:00",
  "value" : "10"
},{
  "dateTime" : "04/20/17 07:43:00",
  "value" : "10"
},{
  "dateTime" : "04/20/17 07:50:00",
  "value" : "10"
},{
  "dateTime" : "04/20/17 08:28:00",
  "value" : "10"
},{
  "dateTime" : "04/20/17 08:42:00",
  "value" : "20"
},{
  "dateTime" : "04/20/17 08:51:00",
  "value" : "20"
},{
  "dateTime" : "04/20/17 08:55:00",
  "value" : "20"
},{
  "dateTime" : "04/20/17 13:50:00",
  "value" : "10"
},{
  "dateTime" : "04/20/17 13:51:00",
  "value" : "20"
},{
  "dateTime" : "04/20/17 13:52:00",
  "value" : "10"
},{
  "dateTime" : "04/20/17 18:15:00",
  "value" : "10"
},{
  "dateTime" : "04/20/17 18:16:00",
  "value" : "10"
},{
  "dateTime" : "04/20/17 18:17:00",
  "value" : "10"
},{
  "dateTime" : "04/20/17 18:18:00",
  "value" : "10"
},{
  "dateTime" : "04/20/17 18:19:00",
  "value" : "10"
},{
  "dateTime" : "04/20/17 18:36:00",
  "value" : "10"
},{
  "dateTime" : "04/20/17 18:43:00",
  "value" : "10"
},{
  "dateTime" : "04/20/17 19:20:00",
  "value" : "10"
},{
  "dateTime" : "04/20/17 19:21:00",
  "value" : "10"
},{
  "dateTime" : "04/20/17 20:02:00",
  "value" : "10"
},{
  "dateTime" : "04/20/17 20:04:00",
  "value" : "10"
},{
  "dateTime" : "04/21/17 07:01:00",
  "value" : "10"
},{
  "dateTime" : "04/21/17 18:34:00",
  "value" : "10"
},{
  "dateTime" : "04/21/17 18:57:00",
  "value" : "10"
},{
  "dateTime" : "04/21/17 19:04:00",
  "value" : "10"
},{
  "dateTime" : "04/21/17 19:09:00",
  "value" : "10"
},{
  "dateTime" : "04/22/17 00:11:00",
  "value" : "10"
},{
  "dateTime" : "04/22/17 08:52:00",
  "value" : "10"
},{
  "dateTime" : "04/22/17 08:53:00",
  "value" : "10"
},{
  "dateTime" : "04/22/17 09:36:00",
  "value" : "10"
},{
  "dateTime" : "04/22/17 10:11:00",
  "value" : "10"
},{
  "dateTime" : "04/22/17 10:54:00",
  "value" : "10"
},{
  "dateTime" : "04/22/17 19:24:00",
  "value" : "10"
},{
  "dateTime" : "04/22/17 19:28:00",
  "value" : "10"
},{
  "dateTime" : "04/22/17 19:59:00",
  "value" : "10"
},{
  "dateTime" : "04/22/17 20:00:00",
  "value" : "10"
},{
  "dateTime" : "04/22/17 20:01:00",
  "value" : "10"
},{
  "dateTime" : "04/22/17 20:13:00",
  "value" : "10"
},{
  "dateTime" : "04/22/17 20:33:00",
  "value" : "10"
},{
  "dateTime" : "04/22/17 20:34:00",
  "value" : "10"
},{
  "dateTime" : "04/22/17 23:05:00",
  "value" : "10"
},{
  "dateTime" : "04/22/17 23:38:00",
  "value" : "10"
},{
  "dateTime" : "04/22/17 23:39:00",
  "value" : "10"
},{
  "dateTime" : "04/22/17 23:43:00",
  "value" : "20"
},{
  "dateTime" : "04/23/17 08:40:00",
  "value" : "10"
},{
  "dateTime" : "04/23/17 09:16:00",
  "value" : "10"
},{
  "dateTime" : "04/23/17 17:08:00",
  "value" : "10"
},{
  "dateTime" : "04/23/17 17:10:00",
  "value" : "10"
},{
  "dateTime" : "04/23/17 20:58:00",
  "value" : "10"
},{
  "dateTime" : "04/23/17 21:18:00",
  "value" : "10"
},{
  "dateTime" : "04/23/17 21:20:00",
  "value" : "10"
},{
  "dateTime" : "04/23/17 23:27:00",
  "value" : "10"
},{
  "dateTime" : "04/24/17 07:28:00",
  "value" : "10"
},{
  "dateTime" : "04/24/17 07:42:00",
  "value" : "10"
},{
  "dateTime" : "04/24/17 08:03:00",
  "value" : "10"
},{
  "dateTime" : "04/24/17 08:05:00",
  "value" : "10"
},{
  "dateTime" : "04/24/17 08:35:00",
  "value" : "10"
},{
  "dateTime" : "04/24/17 08:47:00",
  "value" : "10"
},{
  "dateTime" : "04/24/17 08:48:00",
  "value" : "20"
},{
  "dateTime" : "04/24/17 09:29:00",
  "value" : "30"
},{
  "dateTime" : "04/24/17 09:31:00",
  "value" : "10"
},{
  "dateTime" : "04/24/17 11:37:00",
  "value" : "10"
},{
  "dateTime" : "04/24/17 11:38:00",
  "value" : "10"
},{
  "dateTime" : "04/24/17 12:49:00",
  "value" : "20"
},{
  "dateTime" : "04/24/17 12:50:00",
  "value" : "10"
},{
  "dateTime" : "04/24/17 12:54:00",
  "value" : "10"
},{
  "dateTime" : "04/24/17 16:12:00",
  "value" : "20"
},{
  "dateTime" : "04/24/17 16:13:00",
  "value" : "10"
},{
  "dateTime" : "04/24/17 19:27:00",
  "value" : "10"
},{
  "dateTime" : "04/24/17 19:28:00",
  "value" : "10"
},{
  "dateTime" : "04/24/17 19:48:00",
  "value" : "10"
},{
  "dateTime" : "04/24/17 20:03:00",
  "value" : "10"
},{
  "dateTime" : "04/24/17 20:09:00",
  "value" : "10"
},{
  "dateTime" : "04/24/17 20:28:00",
  "value" : "10"
},{
  "dateTime" : "04/24/17 20:33:00",
  "value" : "10"
},{
  "dateTime" : "04/25/17 01:29:00",
  "value" : "30"
},{
  "dateTime" : "04/25/17 01:32:00",
  "value" : "10"
},{
  "dateTime" : "04/25/17 07:40:00",
  "value" : "10"
},{
  "dateTime" : "04/25/17 08:09:00",
  "value" : "10"
},{
  "dateTime" : "04/25/17 08:24:00",
  "value" : "20"
},{
  "dateTime" : "04/25/17 08:25:00",
  "value" : "10"
},{
  "dateTime" : "04/25/17 08:26:00",
  "value" : "10"
},{
  "dateTime" : "04/25/17 09:12:00",
  "value" : "40"
},{
  "dateTime" : "04/25/17 09:13:00",
  "value" : "30"
},{
  "dateTime" : "04/25/17 09:30:00",
  "value" : "10"
},{
  "dateTime" : "04/25/17 09:32:00",
  "value" : "10"
},{
  "dateTime" : "04/25/17 09:33:00",
  "value" : "10"
},{
  "dateTime" : "04/25/17 09:34:00",
  "value" : "10"
},{
  "dateTime" : "04/25/17 09:35:00",
  "value" : "10"
},{
  "dateTime" : "04/25/17 09:36:00",
  "value" : "10"
},{
  "dateTime" : "04/25/17 13:17:00",
  "value" : "10"
},{
  "dateTime" : "04/25/17 15:12:00",
  "value" : "10"
},{
  "dateTime" : "04/25/17 16:37:00",
  "value" : "20"
},{
  "dateTime" : "04/25/17 17:09:00",
  "value" : "10"
},{
  "dateTime" : "04/25/17 17:40:00",
  "value" : "10"
},{
  "dateTime" : "04/25/17 17:41:00",
  "value" : "10"
},{
  "dateTime" : "04/25/17 20:02:00",
  "value" : "10"
},{
  "dateTime" : "04/26/17 07:14:00",
  "value" : "10"
},{
  "dateTime" : "04/26/17 07:31:00",
  "value" : "10"
},{
  "dateTime" : "04/26/17 07:46:00",
  "value" : "20"
},{
  "dateTime" : "04/26/17 08:20:00",
  "value" : "10"
},{
  "dateTime" : "04/26/17 08:32:00",
  "value" : "10"
},{
  "dateTime" : "04/26/17 08:41:00",
  "value" : "10"
},{
  "dateTime" : "04/26/17 08:42:00",
  "value" : "10"
},{
  "dateTime" : "04/26/17 08:49:00",
  "value" : "10"
},{
  "dateTime" : "04/26/17 18:05:00",
  "value" : "10"
},{
  "dateTime" : "04/26/17 18:06:00",
  "value" : "10"
},{
  "dateTime" : "04/26/17 18:07:00",
  "value" : "20"
},{
  "dateTime" : "04/26/17 18:09:00",
  "value" : "10"
},{
  "dateTime" : "04/26/17 19:12:00",
  "value" : "10"
},{
  "dateTime" : "04/26/17 19:14:00",
  "value" : "10"
},{
  "dateTime" : "04/27/17 07:15:00",
  "value" : "10"
},{
  "dateTime" : "04/27/17 07:57:00",
  "value" : "10"
},{
  "dateTime" : "04/27/17 07:59:00",
  "value" : "10"
},{
  "dateTime" : "04/27/17 08:01:00",
  "value" : "10"
},{
  "dateTime" : "04/27/17 08:31:00",
  "value" : "10"
},{
  "dateTime" : "04/27/17 08:39:00",
  "value" : "30"
},{
  "dateTime" : "04/27/17 08:40:00",
  "value" : "10"
},{
  "dateTime" : "04/27/17 08:53:00",
  "value" : "10"
},{
  "dateTime" : "04/27/17 10:08:00",
  "value" : "10"
},{
  "dateTime" : "04/27/17 12:37:00",
  "value" : "10"
},{
  "dateTime" : "04/27/17 13:11:00",
  "value" : "20"
},{
  "dateTime" : "04/27/17 13:12:00",
  "value" : "10"
},{
  "dateTime" : "04/27/17 13:20:00",
  "value" : "10"
},{
  "dateTime" : "04/27/17 14:28:00",
  "value" : "10"
},{
  "dateTime" : "04/27/17 14:39:00",
  "value" : "10"
},{
  "dateTime" : "04/27/17 17:28:00",
  "value" : "10"
},{
  "dateTime" : "04/27/17 18:08:00",
  "value" : "10"
},{
  "dateTime" : "04/27/17 18:36:00",
  "value" : "20"
},{
  "dateTime" : "04/27/17 18:37:00",
  "value" : "10"
},{
  "dateTime" : "04/27/17 18:56:00",
  "value" : "10"
},{
  "dateTime" : "04/27/17 19:04:00",
  "value" : "10"
},{
  "dateTime" : "04/27/17 19:58:00",
  "value" : "10"
},{
  "dateTime" : "04/28/17 03:09:00",
  "value" : "10"
},{
  "dateTime" : "04/28/17 03:13:00",
  "value" : "10"
},{
  "dateTime" : "04/28/17 05:04:00",
  "value" : "10"
}]