[{
  "dateTime" : "02/04/16 07:05:00",
  "value" : "10"
},{
  "dateTime" : "02/04/16 07:24:00",
  "value" : "10"
},{
  "dateTime" : "02/04/16 07:26:00",
  "value" : "10"
},{
  "dateTime" : "02/04/16 07:37:00",
  "value" : "10"
},{
  "dateTime" : "02/04/16 07:42:00",
  "value" : "10"
},{
  "dateTime" : "02/04/16 07:43:00",
  "value" : "10"
},{
  "dateTime" : "02/04/16 08:07:00",
  "value" : "10"
},{
  "dateTime" : "02/04/16 08:32:00",
  "value" : "10"
},{
  "dateTime" : "02/04/16 08:40:00",
  "value" : "10"
},{
  "dateTime" : "02/04/16 08:41:00",
  "value" : "20"
},{
  "dateTime" : "02/04/16 13:19:00",
  "value" : "10"
},{
  "dateTime" : "02/04/16 13:20:00",
  "value" : "20"
},{
  "dateTime" : "02/04/16 17:57:00",
  "value" : "10"
},{
  "dateTime" : "02/04/16 17:58:00",
  "value" : "10"
},{
  "dateTime" : "02/04/16 17:59:00",
  "value" : "30"
},{
  "dateTime" : "02/04/16 18:00:00",
  "value" : "10"
},{
  "dateTime" : "02/04/16 18:01:00",
  "value" : "10"
},{
  "dateTime" : "02/04/16 18:14:00",
  "value" : "20"
},{
  "dateTime" : "02/04/16 18:29:00",
  "value" : "10"
},{
  "dateTime" : "02/04/16 19:07:00",
  "value" : "10"
},{
  "dateTime" : "02/04/16 19:08:00",
  "value" : "20"
},{
  "dateTime" : "02/04/16 19:55:00",
  "value" : "10"
},{
  "dateTime" : "02/04/16 20:07:00",
  "value" : "20"
},{
  "dateTime" : "02/05/16 07:44:00",
  "value" : "20"
},{
  "dateTime" : "02/05/16 07:46:00",
  "value" : "10"
},{
  "dateTime" : "02/05/16 08:10:00",
  "value" : "10"
},{
  "dateTime" : "02/05/16 08:24:00",
  "value" : "10"
},{
  "dateTime" : "02/05/16 08:40:00",
  "value" : "10"
},{
  "dateTime" : "02/05/16 08:48:00",
  "value" : "20"
},{
  "dateTime" : "02/05/16 08:49:00",
  "value" : "10"
},{
  "dateTime" : "02/05/16 13:18:00",
  "value" : "10"
},{
  "dateTime" : "02/05/16 13:19:00",
  "value" : "20"
},{
  "dateTime" : "02/05/16 18:08:00",
  "value" : "20"
},{
  "dateTime" : "02/05/16 18:09:00",
  "value" : "10"
},{
  "dateTime" : "02/05/16 18:10:00",
  "value" : "20"
},{
  "dateTime" : "02/05/16 18:24:00",
  "value" : "10"
},{
  "dateTime" : "02/05/16 18:38:00",
  "value" : "10"
},{
  "dateTime" : "02/05/16 19:09:00",
  "value" : "10"
},{
  "dateTime" : "02/05/16 19:11:00",
  "value" : "20"
},{
  "dateTime" : "02/05/16 19:21:00",
  "value" : "10"
},{
  "dateTime" : "02/05/16 20:26:00",
  "value" : "10"
},{
  "dateTime" : "02/05/16 20:51:00",
  "value" : "10"
},{
  "dateTime" : "02/06/16 09:07:00",
  "value" : "20"
},{
  "dateTime" : "02/06/16 09:09:00",
  "value" : "10"
},{
  "dateTime" : "02/06/16 09:10:00",
  "value" : "10"
},{
  "dateTime" : "02/06/16 10:50:00",
  "value" : "10"
},{
  "dateTime" : "02/06/16 12:15:00",
  "value" : "10"
},{
  "dateTime" : "02/06/16 12:59:00",
  "value" : "10"
},{
  "dateTime" : "02/06/16 13:00:00",
  "value" : "10"
},{
  "dateTime" : "02/06/16 14:08:00",
  "value" : "20"
},{
  "dateTime" : "02/06/16 14:24:00",
  "value" : "10"
},{
  "dateTime" : "02/06/16 14:26:00",
  "value" : "10"
},{
  "dateTime" : "02/06/16 14:28:00",
  "value" : "10"
},{
  "dateTime" : "02/06/16 14:31:00",
  "value" : "10"
},{
  "dateTime" : "02/06/16 14:43:00",
  "value" : "10"
},{
  "dateTime" : "02/06/16 15:48:00",
  "value" : "10"
},{
  "dateTime" : "02/06/16 15:50:00",
  "value" : "10"
},{
  "dateTime" : "02/06/16 15:57:00",
  "value" : "10"
},{
  "dateTime" : "02/06/16 16:03:00",
  "value" : "10"
},{
  "dateTime" : "02/06/16 16:11:00",
  "value" : "10"
},{
  "dateTime" : "02/06/16 18:27:00",
  "value" : "10"
},{
  "dateTime" : "02/06/16 22:06:00",
  "value" : "10"
},{
  "dateTime" : "02/06/16 22:46:00",
  "value" : "10"
},{
  "dateTime" : "02/07/16 10:16:00",
  "value" : "10"
},{
  "dateTime" : "02/07/16 10:52:00",
  "value" : "10"
},{
  "dateTime" : "02/07/16 10:53:00",
  "value" : "20"
},{
  "dateTime" : "02/07/16 10:54:00",
  "value" : "10"
},{
  "dateTime" : "02/07/16 10:55:00",
  "value" : "20"
},{
  "dateTime" : "02/07/16 10:56:00",
  "value" : "20"
},{
  "dateTime" : "02/07/16 10:58:00",
  "value" : "10"
},{
  "dateTime" : "02/07/16 11:43:00",
  "value" : "10"
},{
  "dateTime" : "02/07/16 11:46:00",
  "value" : "10"
},{
  "dateTime" : "02/07/16 11:59:00",
  "value" : "10"
},{
  "dateTime" : "02/07/16 12:00:00",
  "value" : "10"
},{
  "dateTime" : "02/07/16 17:12:00",
  "value" : "10"
},{
  "dateTime" : "02/07/16 17:20:00",
  "value" : "10"
},{
  "dateTime" : "02/07/16 17:23:00",
  "value" : "10"
},{
  "dateTime" : "02/07/16 17:24:00",
  "value" : "20"
},{
  "dateTime" : "02/07/16 17:28:00",
  "value" : "10"
},{
  "dateTime" : "02/07/16 19:12:00",
  "value" : "10"
},{
  "dateTime" : "02/07/16 19:14:00",
  "value" : "10"
},{
  "dateTime" : "02/07/16 19:24:00",
  "value" : "20"
},{
  "dateTime" : "02/07/16 19:29:00",
  "value" : "20"
},{
  "dateTime" : "02/07/16 19:31:00",
  "value" : "10"
},{
  "dateTime" : "02/07/16 19:42:00",
  "value" : "10"
},{
  "dateTime" : "02/07/16 19:54:00",
  "value" : "20"
},{
  "dateTime" : "02/08/16 07:02:00",
  "value" : "10"
},{
  "dateTime" : "02/08/16 07:20:00",
  "value" : "10"
},{
  "dateTime" : "02/08/16 07:40:00",
  "value" : "10"
},{
  "dateTime" : "02/08/16 08:09:00",
  "value" : "10"
},{
  "dateTime" : "02/08/16 08:20:00",
  "value" : "10"
},{
  "dateTime" : "02/08/16 08:32:00",
  "value" : "10"
},{
  "dateTime" : "02/08/16 08:39:00",
  "value" : "20"
},{
  "dateTime" : "02/08/16 08:40:00",
  "value" : "20"
},{
  "dateTime" : "02/08/16 13:13:00",
  "value" : "20"
},{
  "dateTime" : "02/08/16 13:14:00",
  "value" : "10"
},{
  "dateTime" : "02/08/16 17:46:00",
  "value" : "10"
},{
  "dateTime" : "02/08/16 17:47:00",
  "value" : "10"
},{
  "dateTime" : "02/08/16 17:59:00",
  "value" : "10"
},{
  "dateTime" : "02/08/16 18:10:00",
  "value" : "10"
},{
  "dateTime" : "02/08/16 18:28:00",
  "value" : "10"
},{
  "dateTime" : "02/08/16 18:34:00",
  "value" : "0"
},{
  "dateTime" : "02/08/16 18:38:00",
  "value" : "0"
},{
  "dateTime" : "02/08/16 18:39:00",
  "value" : "10"
},{
  "dateTime" : "02/08/16 18:42:00",
  "value" : "10"
},{
  "dateTime" : "02/08/16 18:49:00",
  "value" : "10"
},{
  "dateTime" : "02/08/16 18:50:00",
  "value" : "10"
},{
  "dateTime" : "02/08/16 18:54:00",
  "value" : "60"
},{
  "dateTime" : "02/08/16 18:55:00",
  "value" : "10"
},{
  "dateTime" : "02/08/16 18:57:00",
  "value" : "10"
},{
  "dateTime" : "02/08/16 18:58:00",
  "value" : "10"
},{
  "dateTime" : "02/08/16 19:00:00",
  "value" : "10"
},{
  "dateTime" : "02/08/16 19:01:00",
  "value" : "20"
},{
  "dateTime" : "02/08/16 19:04:00",
  "value" : "10"
},{
  "dateTime" : "02/08/16 19:06:00",
  "value" : "10"
},{
  "dateTime" : "02/08/16 19:07:00",
  "value" : "10"
},{
  "dateTime" : "02/08/16 19:08:00",
  "value" : "10"
},{
  "dateTime" : "02/08/16 19:09:00",
  "value" : "10"
},{
  "dateTime" : "02/08/16 19:11:00",
  "value" : "10"
},{
  "dateTime" : "02/08/16 19:13:00",
  "value" : "30"
},{
  "dateTime" : "02/08/16 19:16:00",
  "value" : "10"
},{
  "dateTime" : "02/08/16 19:19:00",
  "value" : "20"
},{
  "dateTime" : "02/08/16 19:24:00",
  "value" : "10"
},{
  "dateTime" : "02/08/16 19:25:00",
  "value" : "20"
},{
  "dateTime" : "02/08/16 19:26:00",
  "value" : "10"
},{
  "dateTime" : "02/08/16 20:42:00",
  "value" : "10"
},{
  "dateTime" : "02/09/16 06:53:00",
  "value" : "10"
},{
  "dateTime" : "02/09/16 07:36:00",
  "value" : "10"
},{
  "dateTime" : "02/09/16 07:38:00",
  "value" : "10"
},{
  "dateTime" : "02/09/16 08:04:00",
  "value" : "10"
},{
  "dateTime" : "02/09/16 08:42:00",
  "value" : "10"
},{
  "dateTime" : "02/09/16 08:48:00",
  "value" : "20"
},{
  "dateTime" : "02/09/16 08:49:00",
  "value" : "20"
},{
  "dateTime" : "02/09/16 13:28:00",
  "value" : "20"
},{
  "dateTime" : "02/09/16 13:29:00",
  "value" : "20"
},{
  "dateTime" : "02/10/16 06:53:00",
  "value" : "10"
},{
  "dateTime" : "02/10/16 07:11:00",
  "value" : "10"
},{
  "dateTime" : "02/10/16 07:44:00",
  "value" : "10"
},{
  "dateTime" : "02/10/16 08:03:00",
  "value" : "10"
},{
  "dateTime" : "02/10/16 08:40:00",
  "value" : "10"
},{
  "dateTime" : "02/10/16 13:24:00",
  "value" : "10"
},{
  "dateTime" : "02/10/16 13:25:00",
  "value" : "10"
},{
  "dateTime" : "02/10/16 13:26:00",
  "value" : "30"
},{
  "dateTime" : "02/10/16 18:06:00",
  "value" : "20"
},{
  "dateTime" : "02/10/16 18:07:00",
  "value" : "10"
},{
  "dateTime" : "02/10/16 18:10:00",
  "value" : "10"
},{
  "dateTime" : "02/10/16 18:14:00",
  "value" : "10"
},{
  "dateTime" : "02/10/16 19:00:00",
  "value" : "10"
},{
  "dateTime" : "02/10/16 20:15:00",
  "value" : "10"
},{
  "dateTime" : "02/10/16 20:26:00",
  "value" : "10"
},{
  "dateTime" : "02/10/16 20:40:00",
  "value" : "10"
},{
  "dateTime" : "02/10/16 21:16:00",
  "value" : "10"
},{
  "dateTime" : "02/11/16 07:28:00",
  "value" : "10"
},{
  "dateTime" : "02/11/16 07:38:00",
  "value" : "10"
},{
  "dateTime" : "02/11/16 08:04:00",
  "value" : "10"
},{
  "dateTime" : "02/11/16 08:18:00",
  "value" : "10"
},{
  "dateTime" : "02/11/16 08:31:00",
  "value" : "10"
},{
  "dateTime" : "02/11/16 08:40:00",
  "value" : "10"
},{
  "dateTime" : "02/11/16 08:41:00",
  "value" : "30"
},{
  "dateTime" : "02/11/16 13:24:00",
  "value" : "10"
},{
  "dateTime" : "02/11/16 13:25:00",
  "value" : "20"
},{
  "dateTime" : "02/11/16 13:26:00",
  "value" : "10"
},{
  "dateTime" : "02/11/16 17:50:00",
  "value" : "10"
},{
  "dateTime" : "02/11/16 17:51:00",
  "value" : "10"
},{
  "dateTime" : "02/11/16 17:53:00",
  "value" : "20"
},{
  "dateTime" : "02/11/16 17:55:00",
  "value" : "10"
},{
  "dateTime" : "02/11/16 18:10:00",
  "value" : "20"
},{
  "dateTime" : "02/11/16 18:25:00",
  "value" : "10"
},{
  "dateTime" : "02/11/16 18:52:00",
  "value" : "10"
},{
  "dateTime" : "02/11/16 18:54:00",
  "value" : "10"
},{
  "dateTime" : "02/11/16 18:56:00",
  "value" : "10"
},{
  "dateTime" : "02/11/16 18:57:00",
  "value" : "10"
},{
  "dateTime" : "02/11/16 19:46:00",
  "value" : "10"
},{
  "dateTime" : "02/11/16 19:52:00",
  "value" : "0"
},{
  "dateTime" : "02/11/16 19:53:00",
  "value" : "0"
},{
  "dateTime" : "02/11/16 19:57:00",
  "value" : "0"
},{
  "dateTime" : "02/11/16 19:58:00",
  "value" : "10"
},{
  "dateTime" : "02/11/16 19:59:00",
  "value" : "20"
},{
  "dateTime" : "02/11/16 20:01:00",
  "value" : "10"
},{
  "dateTime" : "02/11/16 20:02:00",
  "value" : "10"
},{
  "dateTime" : "02/11/16 20:03:00",
  "value" : "20"
},{
  "dateTime" : "02/11/16 20:05:00",
  "value" : "10"
},{
  "dateTime" : "02/11/16 20:06:00",
  "value" : "10"
},{
  "dateTime" : "02/11/16 20:08:00",
  "value" : "10"
},{
  "dateTime" : "02/11/16 20:09:00",
  "value" : "10"
},{
  "dateTime" : "02/11/16 20:11:00",
  "value" : "10"
},{
  "dateTime" : "02/11/16 20:12:00",
  "value" : "10"
},{
  "dateTime" : "02/11/16 20:14:00",
  "value" : "0"
},{
  "dateTime" : "02/11/16 20:17:00",
  "value" : "30"
},{
  "dateTime" : "02/11/16 20:18:00",
  "value" : "10"
},{
  "dateTime" : "02/11/16 20:19:00",
  "value" : "10"
},{
  "dateTime" : "02/11/16 20:22:00",
  "value" : "0"
},{
  "dateTime" : "02/11/16 20:24:00",
  "value" : "10"
},{
  "dateTime" : "02/11/16 20:26:00",
  "value" : "10"
},{
  "dateTime" : "02/11/16 20:28:00",
  "value" : "10"
},{
  "dateTime" : "02/11/16 20:29:00",
  "value" : "20"
},{
  "dateTime" : "02/11/16 20:30:00",
  "value" : "20"
},{
  "dateTime" : "02/11/16 20:31:00",
  "value" : "10"
},{
  "dateTime" : "02/11/16 20:34:00",
  "value" : "0"
},{
  "dateTime" : "02/11/16 20:38:00",
  "value" : "0"
},{
  "dateTime" : "02/11/16 20:40:00",
  "value" : "50"
},{
  "dateTime" : "02/11/16 20:41:00",
  "value" : "10"
},{
  "dateTime" : "02/11/16 20:42:00",
  "value" : "10"
},{
  "dateTime" : "02/11/16 20:44:00",
  "value" : "70"
},{
  "dateTime" : "02/11/16 20:45:00",
  "value" : "10"
},{
  "dateTime" : "02/11/16 20:46:00",
  "value" : "10"
},{
  "dateTime" : "02/11/16 20:48:00",
  "value" : "10"
},{
  "dateTime" : "02/11/16 20:49:00",
  "value" : "20"
},{
  "dateTime" : "02/11/16 20:52:00",
  "value" : "0"
},{
  "dateTime" : "02/11/16 20:56:00",
  "value" : "0"
},{
  "dateTime" : "02/11/16 21:00:00",
  "value" : "10"
},{
  "dateTime" : "02/11/16 21:01:00",
  "value" : "20"
},{
  "dateTime" : "02/11/16 21:05:00",
  "value" : "0"
},{
  "dateTime" : "02/11/16 21:06:00",
  "value" : "10"
},{
  "dateTime" : "02/11/16 21:07:00",
  "value" : "10"
},{
  "dateTime" : "02/11/16 21:08:00",
  "value" : "10"
},{
  "dateTime" : "02/11/16 21:10:00",
  "value" : "10"
},{
  "dateTime" : "02/11/16 21:11:00",
  "value" : "10"
},{
  "dateTime" : "02/11/16 21:12:00",
  "value" : "10"
},{
  "dateTime" : "02/11/16 21:13:00",
  "value" : "10"
},{
  "dateTime" : "02/11/16 21:14:00",
  "value" : "0"
},{
  "dateTime" : "02/11/16 21:19:00",
  "value" : "20"
},{
  "dateTime" : "02/11/16 21:23:00",
  "value" : "10"
},{
  "dateTime" : "02/11/16 21:24:00",
  "value" : "20"
},{
  "dateTime" : "02/11/16 21:25:00",
  "value" : "10"
},{
  "dateTime" : "02/11/16 21:26:00",
  "value" : "30"
},{
  "dateTime" : "02/11/16 21:27:00",
  "value" : "20"
},{
  "dateTime" : "02/11/16 21:30:00",
  "value" : "10"
},{
  "dateTime" : "02/11/16 21:33:00",
  "value" : "0"
},{
  "dateTime" : "02/11/16 23:00:00",
  "value" : "10"
},{
  "dateTime" : "02/11/16 23:01:00",
  "value" : "20"
},{
  "dateTime" : "02/11/16 23:02:00",
  "value" : "20"
},{
  "dateTime" : "02/11/16 23:03:00",
  "value" : "20"
},{
  "dateTime" : "02/11/16 23:24:00",
  "value" : "10"
},{
  "dateTime" : "02/12/16 03:33:00",
  "value" : "10"
},{
  "dateTime" : "02/12/16 06:48:00",
  "value" : "10"
},{
  "dateTime" : "02/12/16 07:23:00",
  "value" : "10"
},{
  "dateTime" : "02/12/16 07:34:00",
  "value" : "10"
},{
  "dateTime" : "02/12/16 08:02:00",
  "value" : "10"
},{
  "dateTime" : "02/12/16 08:37:00",
  "value" : "10"
},{
  "dateTime" : "02/12/16 08:46:00",
  "value" : "20"
},{
  "dateTime" : "02/12/16 08:47:00",
  "value" : "10"
},{
  "dateTime" : "02/12/16 08:57:00",
  "value" : "10"
},{
  "dateTime" : "02/12/16 13:38:00",
  "value" : "10"
},{
  "dateTime" : "02/12/16 13:39:00",
  "value" : "20"
},{
  "dateTime" : "02/12/16 17:48:00",
  "value" : "10"
},{
  "dateTime" : "02/12/16 17:49:00",
  "value" : "10"
},{
  "dateTime" : "02/12/16 17:50:00",
  "value" : "10"
},{
  "dateTime" : "02/12/16 17:51:00",
  "value" : "10"
},{
  "dateTime" : "02/12/16 17:52:00",
  "value" : "10"
},{
  "dateTime" : "02/12/16 18:14:00",
  "value" : "10"
},{
  "dateTime" : "02/12/16 18:15:00",
  "value" : "10"
},{
  "dateTime" : "02/12/16 19:04:00",
  "value" : "10"
},{
  "dateTime" : "02/12/16 19:06:00",
  "value" : "10"
},{
  "dateTime" : "02/12/16 19:09:00",
  "value" : "10"
},{
  "dateTime" : "02/12/16 19:58:00",
  "value" : "10"
},{
  "dateTime" : "02/13/16 11:46:00",
  "value" : "10"
},{
  "dateTime" : "02/13/16 17:29:00",
  "value" : "10"
},{
  "dateTime" : "02/13/16 17:31:00",
  "value" : "10"
},{
  "dateTime" : "02/13/16 18:48:00",
  "value" : "10"
},{
  "dateTime" : "02/13/16 18:51:00",
  "value" : "10"
},{
  "dateTime" : "02/14/16 09:15:00",
  "value" : "10"
},{
  "dateTime" : "02/14/16 10:24:00",
  "value" : "10"
},{
  "dateTime" : "02/14/16 10:28:00",
  "value" : "10"
},{
  "dateTime" : "02/14/16 11:34:00",
  "value" : "10"
},{
  "dateTime" : "02/14/16 11:39:00",
  "value" : "10"
},{
  "dateTime" : "02/14/16 16:58:00",
  "value" : "20"
},{
  "dateTime" : "02/14/16 17:14:00",
  "value" : "10"
},{
  "dateTime" : "02/14/16 17:27:00",
  "value" : "10"
},{
  "dateTime" : "02/14/16 18:09:00",
  "value" : "10"
},{
  "dateTime" : "02/14/16 19:19:00",
  "value" : "10"
},{
  "dateTime" : "02/14/16 20:09:00",
  "value" : "30"
},{
  "dateTime" : "02/14/16 22:42:00",
  "value" : "10"
},{
  "dateTime" : "02/14/16 22:57:00",
  "value" : "10"
},{
  "dateTime" : "02/14/16 23:05:00",
  "value" : "10"
},{
  "dateTime" : "02/14/16 23:10:00",
  "value" : "10"
},{
  "dateTime" : "02/15/16 07:04:00",
  "value" : "10"
},{
  "dateTime" : "02/15/16 07:10:00",
  "value" : "10"
},{
  "dateTime" : "02/15/16 07:37:00",
  "value" : "10"
},{
  "dateTime" : "02/15/16 07:40:00",
  "value" : "10"
},{
  "dateTime" : "02/15/16 08:10:00",
  "value" : "10"
},{
  "dateTime" : "02/15/16 08:22:00",
  "value" : "10"
},{
  "dateTime" : "02/15/16 08:32:00",
  "value" : "10"
},{
  "dateTime" : "02/15/16 08:40:00",
  "value" : "10"
},{
  "dateTime" : "02/15/16 08:41:00",
  "value" : "30"
},{
  "dateTime" : "02/15/16 13:21:00",
  "value" : "10"
},{
  "dateTime" : "02/15/16 13:22:00",
  "value" : "20"
},{
  "dateTime" : "02/15/16 18:06:00",
  "value" : "10"
},{
  "dateTime" : "02/15/16 18:07:00",
  "value" : "10"
},{
  "dateTime" : "02/15/16 18:08:00",
  "value" : "10"
},{
  "dateTime" : "02/15/16 18:09:00",
  "value" : "10"
},{
  "dateTime" : "02/15/16 18:10:00",
  "value" : "10"
},{
  "dateTime" : "02/15/16 18:11:00",
  "value" : "10"
},{
  "dateTime" : "02/15/16 18:25:00",
  "value" : "10"
},{
  "dateTime" : "02/15/16 18:26:00",
  "value" : "20"
},{
  "dateTime" : "02/15/16 18:38:00",
  "value" : "10"
},{
  "dateTime" : "02/15/16 19:07:00",
  "value" : "10"
},{
  "dateTime" : "02/15/16 19:11:00",
  "value" : "10"
},{
  "dateTime" : "02/15/16 19:12:00",
  "value" : "10"
},{
  "dateTime" : "02/15/16 20:05:00",
  "value" : "10"
},{
  "dateTime" : "02/15/16 20:09:00",
  "value" : "10"
},{
  "dateTime" : "02/15/16 20:58:00",
  "value" : "10"
},{
  "dateTime" : "02/16/16 07:31:00",
  "value" : "10"
},{
  "dateTime" : "02/16/16 13:24:00",
  "value" : "20"
},{
  "dateTime" : "02/16/16 13:25:00",
  "value" : "20"
},{
  "dateTime" : "02/16/16 17:30:00",
  "value" : "10"
},{
  "dateTime" : "02/16/16 17:31:00",
  "value" : "10"
},{
  "dateTime" : "02/16/16 17:32:00",
  "value" : "10"
},{
  "dateTime" : "02/16/16 17:33:00",
  "value" : "10"
},{
  "dateTime" : "02/16/16 18:21:00",
  "value" : "20"
},{
  "dateTime" : "02/16/16 18:22:00",
  "value" : "10"
},{
  "dateTime" : "02/16/16 18:38:00",
  "value" : "10"
},{
  "dateTime" : "02/16/16 18:39:00",
  "value" : "10"
},{
  "dateTime" : "02/16/16 18:44:00",
  "value" : "10"
},{
  "dateTime" : "02/16/16 20:02:00",
  "value" : "10"
},{
  "dateTime" : "02/16/16 20:03:00",
  "value" : "10"
},{
  "dateTime" : "02/16/16 20:05:00",
  "value" : "10"
},{
  "dateTime" : "02/16/16 20:06:00",
  "value" : "10"
},{
  "dateTime" : "02/16/16 20:13:00",
  "value" : "20"
},{
  "dateTime" : "02/16/16 20:14:00",
  "value" : "10"
},{
  "dateTime" : "02/16/16 21:51:00",
  "value" : "10"
},{
  "dateTime" : "02/17/16 07:01:00",
  "value" : "10"
},{
  "dateTime" : "02/17/16 07:18:00",
  "value" : "10"
},{
  "dateTime" : "02/17/16 07:36:00",
  "value" : "10"
},{
  "dateTime" : "02/17/16 09:07:00",
  "value" : "20"
},{
  "dateTime" : "02/17/16 09:08:00",
  "value" : "20"
},{
  "dateTime" : "02/17/16 09:09:00",
  "value" : "10"
},{
  "dateTime" : "02/17/16 09:11:00",
  "value" : "10"
},{
  "dateTime" : "02/17/16 13:22:00",
  "value" : "20"
},{
  "dateTime" : "02/17/16 13:23:00",
  "value" : "20"
},{
  "dateTime" : "02/17/16 17:58:00",
  "value" : "20"
},{
  "dateTime" : "02/17/16 17:59:00",
  "value" : "10"
},{
  "dateTime" : "02/17/16 18:01:00",
  "value" : "10"
},{
  "dateTime" : "02/17/16 18:02:00",
  "value" : "10"
},{
  "dateTime" : "02/17/16 20:23:00",
  "value" : "10"
},{
  "dateTime" : "02/17/16 20:25:00",
  "value" : "10"
},{
  "dateTime" : "02/17/16 21:06:00",
  "value" : "10"
},{
  "dateTime" : "02/17/16 22:08:00",
  "value" : "10"
},{
  "dateTime" : "02/18/16 06:52:00",
  "value" : "10"
},{
  "dateTime" : "02/18/16 07:17:00",
  "value" : "10"
},{
  "dateTime" : "02/18/16 07:32:00",
  "value" : "10"
},{
  "dateTime" : "02/18/16 07:35:00",
  "value" : "10"
},{
  "dateTime" : "02/18/16 08:12:00",
  "value" : "10"
},{
  "dateTime" : "02/18/16 08:26:00",
  "value" : "10"
},{
  "dateTime" : "02/18/16 08:34:00",
  "value" : "20"
},{
  "dateTime" : "02/18/16 08:35:00",
  "value" : "10"
},{
  "dateTime" : "02/18/16 08:36:00",
  "value" : "10"
},{
  "dateTime" : "02/18/16 13:38:00",
  "value" : "10"
},{
  "dateTime" : "02/18/16 13:39:00",
  "value" : "20"
},{
  "dateTime" : "02/18/16 13:40:00",
  "value" : "10"
},{
  "dateTime" : "02/18/16 17:52:00",
  "value" : "10"
},{
  "dateTime" : "02/18/16 17:53:00",
  "value" : "20"
},{
  "dateTime" : "02/18/16 17:54:00",
  "value" : "10"
},{
  "dateTime" : "02/18/16 17:55:00",
  "value" : "10"
},{
  "dateTime" : "02/18/16 18:08:00",
  "value" : "10"
},{
  "dateTime" : "02/18/16 18:49:00",
  "value" : "10"
},{
  "dateTime" : "02/18/16 18:50:00",
  "value" : "10"
},{
  "dateTime" : "02/18/16 18:51:00",
  "value" : "10"
},{
  "dateTime" : "02/18/16 19:34:00",
  "value" : "0"
},{
  "dateTime" : "02/18/16 19:35:00",
  "value" : "0"
},{
  "dateTime" : "02/18/16 19:39:00",
  "value" : "10"
},{
  "dateTime" : "02/18/16 19:40:00",
  "value" : "10"
},{
  "dateTime" : "02/18/16 19:41:00",
  "value" : "10"
},{
  "dateTime" : "02/18/16 19:42:00",
  "value" : "10"
},{
  "dateTime" : "02/18/16 19:44:00",
  "value" : "10"
},{
  "dateTime" : "02/18/16 19:45:00",
  "value" : "10"
},{
  "dateTime" : "02/18/16 19:46:00",
  "value" : "10"
},{
  "dateTime" : "02/18/16 19:47:00",
  "value" : "20"
},{
  "dateTime" : "02/18/16 19:48:00",
  "value" : "0"
},{
  "dateTime" : "02/18/16 19:49:00",
  "value" : "10"
},{
  "dateTime" : "02/18/16 19:52:00",
  "value" : "0"
},{
  "dateTime" : "02/18/16 19:55:00",
  "value" : "10"
},{
  "dateTime" : "02/18/16 19:56:00",
  "value" : "10"
},{
  "dateTime" : "02/18/16 20:00:00",
  "value" : "30"
},{
  "dateTime" : "02/18/16 20:01:00",
  "value" : "0"
},{
  "dateTime" : "02/18/16 20:02:00",
  "value" : "10"
},{
  "dateTime" : "02/18/16 20:03:00",
  "value" : "10"
},{
  "dateTime" : "02/18/16 20:05:00",
  "value" : "10"
},{
  "dateTime" : "02/18/16 20:09:00",
  "value" : "10"
},{
  "dateTime" : "02/18/16 20:10:00",
  "value" : "10"
},{
  "dateTime" : "02/18/16 20:11:00",
  "value" : "10"
},{
  "dateTime" : "02/18/16 20:12:00",
  "value" : "10"
},{
  "dateTime" : "02/18/16 20:13:00",
  "value" : "20"
},{
  "dateTime" : "02/18/16 20:15:00",
  "value" : "10"
},{
  "dateTime" : "02/18/16 20:17:00",
  "value" : "0"
},{
  "dateTime" : "02/18/16 20:23:00",
  "value" : "10"
},{
  "dateTime" : "02/18/16 20:26:00",
  "value" : "10"
},{
  "dateTime" : "02/18/16 20:27:00",
  "value" : "10"
},{
  "dateTime" : "02/18/16 20:28:00",
  "value" : "10"
},{
  "dateTime" : "02/18/16 20:29:00",
  "value" : "10"
},{
  "dateTime" : "02/18/16 20:30:00",
  "value" : "10"
},{
  "dateTime" : "02/18/16 20:31:00",
  "value" : "10"
},{
  "dateTime" : "02/18/16 20:39:00",
  "value" : "0"
},{
  "dateTime" : "02/18/16 20:42:00",
  "value" : "20"
},{
  "dateTime" : "02/18/16 20:43:00",
  "value" : "10"
},{
  "dateTime" : "02/18/16 20:47:00",
  "value" : "10"
},{
  "dateTime" : "02/18/16 20:48:00",
  "value" : "10"
},{
  "dateTime" : "02/18/16 20:49:00",
  "value" : "10"
},{
  "dateTime" : "02/18/16 20:50:00",
  "value" : "10"
},{
  "dateTime" : "02/18/16 20:52:00",
  "value" : "0"
},{
  "dateTime" : "02/18/16 20:53:00",
  "value" : "10"
},{
  "dateTime" : "02/18/16 20:54:00",
  "value" : "10"
},{
  "dateTime" : "02/18/16 20:57:00",
  "value" : "0"
},{
  "dateTime" : "02/18/16 20:58:00",
  "value" : "20"
},{
  "dateTime" : "02/18/16 21:00:00",
  "value" : "10"
},{
  "dateTime" : "02/18/16 21:02:00",
  "value" : "0"
},{
  "dateTime" : "02/18/16 21:08:00",
  "value" : "0"
},{
  "dateTime" : "02/18/16 21:12:00",
  "value" : "0"
},{
  "dateTime" : "02/18/16 21:21:00",
  "value" : "10"
},{
  "dateTime" : "02/18/16 21:22:00",
  "value" : "10"
},{
  "dateTime" : "02/18/16 21:26:00",
  "value" : "20"
},{
  "dateTime" : "02/18/16 21:27:00",
  "value" : "10"
},{
  "dateTime" : "02/18/16 21:28:00",
  "value" : "10"
},{
  "dateTime" : "02/18/16 21:53:00",
  "value" : "10"
},{
  "dateTime" : "02/18/16 22:30:00",
  "value" : "10"
},{
  "dateTime" : "02/19/16 06:59:00",
  "value" : "10"
},{
  "dateTime" : "02/19/16 07:02:00",
  "value" : "10"
},{
  "dateTime" : "02/19/16 07:19:00",
  "value" : "10"
},{
  "dateTime" : "02/19/16 07:35:00",
  "value" : "10"
},{
  "dateTime" : "02/19/16 07:36:00",
  "value" : "10"
},{
  "dateTime" : "02/19/16 08:11:00",
  "value" : "10"
},{
  "dateTime" : "02/19/16 08:25:00",
  "value" : "10"
},{
  "dateTime" : "02/19/16 08:33:00",
  "value" : "10"
},{
  "dateTime" : "02/19/16 08:34:00",
  "value" : "20"
},{
  "dateTime" : "02/19/16 08:39:00",
  "value" : "10"
},{
  "dateTime" : "02/19/16 13:25:00",
  "value" : "10"
},{
  "dateTime" : "02/19/16 13:26:00",
  "value" : "20"
},{
  "dateTime" : "02/19/16 18:14:00",
  "value" : "10"
},{
  "dateTime" : "02/19/16 18:59:00",
  "value" : "10"
},{
  "dateTime" : "02/19/16 19:01:00",
  "value" : "10"
},{
  "dateTime" : "02/19/16 19:04:00",
  "value" : "10"
},{
  "dateTime" : "02/19/16 19:37:00",
  "value" : "10"
},{
  "dateTime" : "02/19/16 22:17:00",
  "value" : "10"
},{
  "dateTime" : "02/19/16 22:44:00",
  "value" : "10"
},{
  "dateTime" : "02/20/16 07:41:00",
  "value" : "10"
},{
  "dateTime" : "02/20/16 08:02:00",
  "value" : "10"
},{
  "dateTime" : "02/20/16 09:34:00",
  "value" : "10"
},{
  "dateTime" : "02/20/16 09:48:00",
  "value" : "0"
},{
  "dateTime" : "02/20/16 09:52:00",
  "value" : "10"
},{
  "dateTime" : "02/20/16 09:54:00",
  "value" : "20"
},{
  "dateTime" : "02/20/16 09:55:00",
  "value" : "10"
},{
  "dateTime" : "02/20/16 09:56:00",
  "value" : "0"
},{
  "dateTime" : "02/20/16 09:59:00",
  "value" : "20"
},{
  "dateTime" : "02/20/16 10:07:00",
  "value" : "0"
},{
  "dateTime" : "02/20/16 10:11:00",
  "value" : "10"
},{
  "dateTime" : "02/20/16 10:12:00",
  "value" : "50"
},{
  "dateTime" : "02/20/16 10:13:00",
  "value" : "10"
},{
  "dateTime" : "02/20/16 10:14:00",
  "value" : "10"
},{
  "dateTime" : "02/20/16 10:18:00",
  "value" : "0"
},{
  "dateTime" : "02/20/16 10:22:00",
  "value" : "10"
},{
  "dateTime" : "02/20/16 10:23:00",
  "value" : "10"
},{
  "dateTime" : "02/20/16 10:24:00",
  "value" : "0"
},{
  "dateTime" : "02/20/16 10:26:00",
  "value" : "0"
},{
  "dateTime" : "02/20/16 10:29:00",
  "value" : "0"
},{
  "dateTime" : "02/20/16 10:30:00",
  "value" : "10"
},{
  "dateTime" : "02/20/16 10:31:00",
  "value" : "20"
},{
  "dateTime" : "02/20/16 10:32:00",
  "value" : "0"
},{
  "dateTime" : "02/20/16 10:36:00",
  "value" : "10"
},{
  "dateTime" : "02/20/16 10:37:00",
  "value" : "20"
},{
  "dateTime" : "02/20/16 10:38:00",
  "value" : "0"
},{
  "dateTime" : "02/20/16 10:39:00",
  "value" : "10"
},{
  "dateTime" : "02/20/16 10:43:00",
  "value" : "10"
},{
  "dateTime" : "02/20/16 10:44:00",
  "value" : "10"
},{
  "dateTime" : "02/20/16 10:48:00",
  "value" : "0"
},{
  "dateTime" : "02/20/16 10:49:00",
  "value" : "10"
},{
  "dateTime" : "02/20/16 10:50:00",
  "value" : "10"
},{
  "dateTime" : "02/20/16 10:51:00",
  "value" : "10"
},{
  "dateTime" : "02/20/16 10:52:00",
  "value" : "10"
},{
  "dateTime" : "02/20/16 10:55:00",
  "value" : "0"
},{
  "dateTime" : "02/20/16 10:57:00",
  "value" : "10"
},{
  "dateTime" : "02/20/16 10:58:00",
  "value" : "10"
},{
  "dateTime" : "02/20/16 10:59:00",
  "value" : "20"
},{
  "dateTime" : "02/20/16 11:18:00",
  "value" : "10"
},{
  "dateTime" : "02/20/16 13:23:00",
  "value" : "0"
},{
  "dateTime" : "02/20/16 13:50:00",
  "value" : "10"
},{
  "dateTime" : "02/20/16 17:20:00",
  "value" : "20"
},{
  "dateTime" : "02/20/16 17:53:00",
  "value" : "10"
},{
  "dateTime" : "02/20/16 18:14:00",
  "value" : "10"
},{
  "dateTime" : "02/20/16 20:12:00",
  "value" : "10"
},{
  "dateTime" : "02/20/16 20:48:00",
  "value" : "10"
},{
  "dateTime" : "02/20/16 20:57:00",
  "value" : "10"
},{
  "dateTime" : "02/20/16 21:14:00",
  "value" : "10"
},{
  "dateTime" : "02/20/16 22:48:00",
  "value" : "10"
},{
  "dateTime" : "02/21/16 09:26:00",
  "value" : "10"
},{
  "dateTime" : "02/21/16 10:08:00",
  "value" : "10"
},{
  "dateTime" : "02/21/16 10:13:00",
  "value" : "10"
},{
  "dateTime" : "02/21/16 10:44:00",
  "value" : "10"
},{
  "dateTime" : "02/21/16 11:17:00",
  "value" : "10"
},{
  "dateTime" : "02/21/16 12:15:00",
  "value" : "10"
},{
  "dateTime" : "02/21/16 14:01:00",
  "value" : "10"
},{
  "dateTime" : "02/21/16 14:02:00",
  "value" : "10"
},{
  "dateTime" : "02/21/16 14:13:00",
  "value" : "10"
},{
  "dateTime" : "02/21/16 15:26:00",
  "value" : "10"
},{
  "dateTime" : "02/21/16 17:15:00",
  "value" : "10"
},{
  "dateTime" : "02/21/16 17:25:00",
  "value" : "10"
},{
  "dateTime" : "02/21/16 17:26:00",
  "value" : "20"
},{
  "dateTime" : "02/21/16 19:30:00",
  "value" : "10"
},{
  "dateTime" : "02/21/16 22:38:00",
  "value" : "10"
},{
  "dateTime" : "02/21/16 22:41:00",
  "value" : "10"
},{
  "dateTime" : "02/22/16 09:13:00",
  "value" : "10"
},{
  "dateTime" : "02/22/16 10:39:00",
  "value" : "10"
},{
  "dateTime" : "02/22/16 11:30:00",
  "value" : "10"
},{
  "dateTime" : "02/22/16 11:52:00",
  "value" : "10"
},{
  "dateTime" : "02/22/16 12:22:00",
  "value" : "10"
},{
  "dateTime" : "02/22/16 12:35:00",
  "value" : "10"
},{
  "dateTime" : "02/22/16 12:53:00",
  "value" : "10"
},{
  "dateTime" : "02/22/16 13:48:00",
  "value" : "10"
},{
  "dateTime" : "02/22/16 14:02:00",
  "value" : "10"
},{
  "dateTime" : "02/22/16 14:07:00",
  "value" : "10"
},{
  "dateTime" : "02/22/16 14:23:00",
  "value" : "10"
},{
  "dateTime" : "02/22/16 15:51:00",
  "value" : "10"
},{
  "dateTime" : "02/22/16 16:30:00",
  "value" : "10"
},{
  "dateTime" : "02/22/16 17:03:00",
  "value" : "10"
},{
  "dateTime" : "02/22/16 18:45:00",
  "value" : "10"
},{
  "dateTime" : "02/22/16 18:58:00",
  "value" : "10"
},{
  "dateTime" : "02/22/16 19:01:00",
  "value" : "10"
},{
  "dateTime" : "02/22/16 19:30:00",
  "value" : "10"
},{
  "dateTime" : "02/22/16 20:13:00",
  "value" : "10"
},{
  "dateTime" : "02/22/16 20:26:00",
  "value" : "10"
},{
  "dateTime" : "02/22/16 20:29:00",
  "value" : "10"
},{
  "dateTime" : "02/22/16 20:30:00",
  "value" : "10"
},{
  "dateTime" : "02/22/16 21:59:00",
  "value" : "10"
},{
  "dateTime" : "02/23/16 08:38:00",
  "value" : "10"
},{
  "dateTime" : "02/23/16 10:03:00",
  "value" : "10"
},{
  "dateTime" : "02/23/16 10:07:00",
  "value" : "10"
},{
  "dateTime" : "02/23/16 10:49:00",
  "value" : "20"
},{
  "dateTime" : "02/23/16 11:05:00",
  "value" : "10"
},{
  "dateTime" : "02/23/16 11:07:00",
  "value" : "10"
},{
  "dateTime" : "02/23/16 11:08:00",
  "value" : "10"
},{
  "dateTime" : "02/23/16 11:09:00",
  "value" : "10"
},{
  "dateTime" : "02/23/16 11:11:00",
  "value" : "10"
},{
  "dateTime" : "02/23/16 11:12:00",
  "value" : "10"
},{
  "dateTime" : "02/23/16 11:23:00",
  "value" : "20"
},{
  "dateTime" : "02/23/16 11:30:00",
  "value" : "10"
},{
  "dateTime" : "02/23/16 11:54:00",
  "value" : "20"
},{
  "dateTime" : "02/23/16 12:00:00",
  "value" : "10"
},{
  "dateTime" : "02/23/16 12:08:00",
  "value" : "10"
},{
  "dateTime" : "02/23/16 12:09:00",
  "value" : "10"
},{
  "dateTime" : "02/23/16 13:46:00",
  "value" : "10"
},{
  "dateTime" : "02/23/16 13:47:00",
  "value" : "10"
},{
  "dateTime" : "02/23/16 13:55:00",
  "value" : "10"
},{
  "dateTime" : "02/23/16 14:14:00",
  "value" : "10"
},{
  "dateTime" : "02/23/16 14:45:00",
  "value" : "10"
},{
  "dateTime" : "02/23/16 14:48:00",
  "value" : "10"
},{
  "dateTime" : "02/23/16 14:50:00",
  "value" : "10"
},{
  "dateTime" : "02/23/16 14:51:00",
  "value" : "10"
},{
  "dateTime" : "02/23/16 14:54:00",
  "value" : "20"
},{
  "dateTime" : "02/23/16 15:04:00",
  "value" : "10"
},{
  "dateTime" : "02/23/16 15:12:00",
  "value" : "10"
},{
  "dateTime" : "02/23/16 15:17:00",
  "value" : "10"
},{
  "dateTime" : "02/23/16 16:20:00",
  "value" : "20"
},{
  "dateTime" : "02/23/16 16:21:00",
  "value" : "10"
},{
  "dateTime" : "02/23/16 16:43:00",
  "value" : "10"
},{
  "dateTime" : "02/23/16 16:46:00",
  "value" : "10"
},{
  "dateTime" : "02/23/16 17:24:00",
  "value" : "10"
},{
  "dateTime" : "02/23/16 18:27:00",
  "value" : "10"
},{
  "dateTime" : "02/23/16 18:28:00",
  "value" : "10"
},{
  "dateTime" : "02/23/16 18:29:00",
  "value" : "10"
},{
  "dateTime" : "02/23/16 18:40:00",
  "value" : "10"
},{
  "dateTime" : "02/23/16 19:39:00",
  "value" : "10"
},{
  "dateTime" : "02/23/16 19:46:00",
  "value" : "10"
},{
  "dateTime" : "02/23/16 19:49:00",
  "value" : "20"
},{
  "dateTime" : "02/23/16 19:59:00",
  "value" : "10"
},{
  "dateTime" : "02/23/16 20:29:00",
  "value" : "10"
},{
  "dateTime" : "02/23/16 22:15:00",
  "value" : "10"
},{
  "dateTime" : "02/23/16 22:23:00",
  "value" : "10"
},{
  "dateTime" : "02/24/16 10:14:00",
  "value" : "10"
},{
  "dateTime" : "02/24/16 12:40:00",
  "value" : "10"
},{
  "dateTime" : "02/24/16 15:44:00",
  "value" : "10"
},{
  "dateTime" : "02/24/16 19:57:00",
  "value" : "10"
},{
  "dateTime" : "02/24/16 20:04:00",
  "value" : "10"
},{
  "dateTime" : "02/24/16 20:28:00",
  "value" : "10"
},{
  "dateTime" : "02/24/16 21:45:00",
  "value" : "10"
},{
  "dateTime" : "02/24/16 22:31:00",
  "value" : "10"
},{
  "dateTime" : "02/24/16 22:34:00",
  "value" : "10"
},{
  "dateTime" : "02/25/16 08:46:00",
  "value" : "10"
},{
  "dateTime" : "02/25/16 09:05:00",
  "value" : "10"
},{
  "dateTime" : "02/25/16 09:34:00",
  "value" : "20"
},{
  "dateTime" : "02/25/16 09:41:00",
  "value" : "10"
},{
  "dateTime" : "02/25/16 09:45:00",
  "value" : "10"
},{
  "dateTime" : "02/25/16 09:52:00",
  "value" : "10"
},{
  "dateTime" : "02/25/16 09:58:00",
  "value" : "10"
},{
  "dateTime" : "02/25/16 10:02:00",
  "value" : "10"
},{
  "dateTime" : "02/25/16 10:45:00",
  "value" : "10"
},{
  "dateTime" : "02/25/16 10:53:00",
  "value" : "20"
},{
  "dateTime" : "02/25/16 10:54:00",
  "value" : "10"
},{
  "dateTime" : "02/25/16 11:17:00",
  "value" : "10"
},{
  "dateTime" : "02/25/16 11:18:00",
  "value" : "10"
},{
  "dateTime" : "02/25/16 11:19:00",
  "value" : "10"
},{
  "dateTime" : "02/25/16 11:20:00",
  "value" : "10"
},{
  "dateTime" : "02/25/16 11:21:00",
  "value" : "10"
},{
  "dateTime" : "02/25/16 11:23:00",
  "value" : "10"
},{
  "dateTime" : "02/25/16 11:24:00",
  "value" : "10"
},{
  "dateTime" : "02/25/16 11:28:00",
  "value" : "20"
},{
  "dateTime" : "02/25/16 14:40:00",
  "value" : "10"
},{
  "dateTime" : "02/25/16 15:27:00",
  "value" : "10"
},{
  "dateTime" : "02/25/16 17:00:00",
  "value" : "10"
},{
  "dateTime" : "02/25/16 17:01:00",
  "value" : "10"
},{
  "dateTime" : "02/25/16 17:05:00",
  "value" : "10"
},{
  "dateTime" : "02/25/16 17:16:00",
  "value" : "20"
},{
  "dateTime" : "02/25/16 18:41:00",
  "value" : "10"
},{
  "dateTime" : "02/25/16 18:45:00",
  "value" : "10"
},{
  "dateTime" : "02/25/16 19:03:00",
  "value" : "10"
},{
  "dateTime" : "02/25/16 21:04:00",
  "value" : "10"
},{
  "dateTime" : "02/25/16 21:29:00",
  "value" : "10"
},{
  "dateTime" : "02/25/16 21:48:00",
  "value" : "10"
},{
  "dateTime" : "02/25/16 22:14:00",
  "value" : "10"
},{
  "dateTime" : "02/25/16 22:15:00",
  "value" : "10"
},{
  "dateTime" : "02/25/16 22:18:00",
  "value" : "10"
},{
  "dateTime" : "02/26/16 02:35:00",
  "value" : "10"
},{
  "dateTime" : "02/26/16 07:02:00",
  "value" : "10"
},{
  "dateTime" : "02/26/16 07:16:00",
  "value" : "10"
},{
  "dateTime" : "02/26/16 07:34:00",
  "value" : "10"
},{
  "dateTime" : "02/26/16 08:14:00",
  "value" : "10"
},{
  "dateTime" : "02/26/16 08:24:00",
  "value" : "10"
},{
  "dateTime" : "02/26/16 08:26:00",
  "value" : "10"
},{
  "dateTime" : "02/26/16 08:39:00",
  "value" : "20"
},{
  "dateTime" : "02/26/16 08:40:00",
  "value" : "10"
},{
  "dateTime" : "02/26/16 13:18:00",
  "value" : "20"
},{
  "dateTime" : "02/26/16 13:19:00",
  "value" : "10"
},{
  "dateTime" : "02/26/16 17:48:00",
  "value" : "10"
},{
  "dateTime" : "02/26/16 17:49:00",
  "value" : "20"
},{
  "dateTime" : "02/26/16 17:50:00",
  "value" : "20"
},{
  "dateTime" : "02/26/16 17:51:00",
  "value" : "10"
},{
  "dateTime" : "02/26/16 18:08:00",
  "value" : "20"
},{
  "dateTime" : "02/26/16 18:44:00",
  "value" : "10"
},{
  "dateTime" : "02/26/16 20:34:00",
  "value" : "10"
},{
  "dateTime" : "02/26/16 20:44:00",
  "value" : "20"
},{
  "dateTime" : "02/27/16 08:36:00",
  "value" : "10"
},{
  "dateTime" : "02/27/16 14:05:00",
  "value" : "10"
},{
  "dateTime" : "02/27/16 17:15:00",
  "value" : "10"
},{
  "dateTime" : "02/27/16 17:27:00",
  "value" : "20"
},{
  "dateTime" : "02/27/16 18:30:00",
  "value" : "10"
},{
  "dateTime" : "02/27/16 19:00:00",
  "value" : "10"
},{
  "dateTime" : "02/28/16 08:53:00",
  "value" : "10"
},{
  "dateTime" : "02/28/16 11:46:00",
  "value" : "10"
},{
  "dateTime" : "02/28/16 21:25:00",
  "value" : "10"
},{
  "dateTime" : "02/28/16 22:12:00",
  "value" : "10"
},{
  "dateTime" : "02/29/16 06:53:00",
  "value" : "10"
},{
  "dateTime" : "02/29/16 07:37:00",
  "value" : "10"
},{
  "dateTime" : "02/29/16 07:43:00",
  "value" : "20"
},{
  "dateTime" : "02/29/16 08:27:00",
  "value" : "20"
},{
  "dateTime" : "02/29/16 08:52:00",
  "value" : "10"
},{
  "dateTime" : "02/29/16 09:52:00",
  "value" : "10"
},{
  "dateTime" : "02/29/16 11:04:00",
  "value" : "10"
},{
  "dateTime" : "02/29/16 12:57:00",
  "value" : "10"
},{
  "dateTime" : "02/29/16 14:00:00",
  "value" : "20"
},{
  "dateTime" : "02/29/16 14:32:00",
  "value" : "10"
},{
  "dateTime" : "02/29/16 15:00:00",
  "value" : "10"
},{
  "dateTime" : "02/29/16 15:02:00",
  "value" : "10"
},{
  "dateTime" : "02/29/16 15:04:00",
  "value" : "10"
},{
  "dateTime" : "02/29/16 15:19:00",
  "value" : "10"
},{
  "dateTime" : "02/29/16 16:03:00",
  "value" : "10"
},{
  "dateTime" : "02/29/16 16:20:00",
  "value" : "10"
},{
  "dateTime" : "02/29/16 18:27:00",
  "value" : "10"
},{
  "dateTime" : "02/29/16 18:49:00",
  "value" : "10"
},{
  "dateTime" : "02/29/16 21:21:00",
  "value" : "10"
},{
  "dateTime" : "03/01/16 09:58:00",
  "value" : "10"
},{
  "dateTime" : "03/01/16 10:51:00",
  "value" : "10"
},{
  "dateTime" : "03/01/16 10:54:00",
  "value" : "10"
},{
  "dateTime" : "03/01/16 10:55:00",
  "value" : "10"
},{
  "dateTime" : "03/01/16 11:20:00",
  "value" : "10"
},{
  "dateTime" : "03/01/16 11:45:00",
  "value" : "30"
},{
  "dateTime" : "03/01/16 11:46:00",
  "value" : "10"
},{
  "dateTime" : "03/01/16 11:58:00",
  "value" : "10"
},{
  "dateTime" : "03/01/16 14:08:00",
  "value" : "10"
},{
  "dateTime" : "03/01/16 14:09:00",
  "value" : "40"
},{
  "dateTime" : "03/01/16 15:38:00",
  "value" : "10"
},{
  "dateTime" : "03/01/16 15:46:00",
  "value" : "10"
},{
  "dateTime" : "03/01/16 15:47:00",
  "value" : "10"
},{
  "dateTime" : "03/01/16 15:48:00",
  "value" : "10"
},{
  "dateTime" : "03/01/16 16:51:00",
  "value" : "20"
},{
  "dateTime" : "03/01/16 16:54:00",
  "value" : "10"
},{
  "dateTime" : "03/01/16 16:55:00",
  "value" : "10"
},{
  "dateTime" : "03/01/16 16:57:00",
  "value" : "10"
},{
  "dateTime" : "03/01/16 16:58:00",
  "value" : "10"
},{
  "dateTime" : "03/01/16 17:12:00",
  "value" : "10"
},{
  "dateTime" : "03/01/16 18:15:00",
  "value" : "10"
},{
  "dateTime" : "03/01/16 18:17:00",
  "value" : "10"
},{
  "dateTime" : "03/01/16 18:27:00",
  "value" : "10"
},{
  "dateTime" : "03/01/16 18:28:00",
  "value" : "10"
},{
  "dateTime" : "03/01/16 18:35:00",
  "value" : "10"
},{
  "dateTime" : "03/01/16 19:49:00",
  "value" : "10"
},{
  "dateTime" : "03/01/16 19:52:00",
  "value" : "10"
},{
  "dateTime" : "03/01/16 20:27:00",
  "value" : "10"
},{
  "dateTime" : "03/01/16 20:29:00",
  "value" : "10"
},{
  "dateTime" : "03/01/16 20:31:00",
  "value" : "20"
},{
  "dateTime" : "03/01/16 20:32:00",
  "value" : "10"
},{
  "dateTime" : "03/01/16 20:33:00",
  "value" : "10"
},{
  "dateTime" : "03/01/16 21:00:00",
  "value" : "10"
},{
  "dateTime" : "03/02/16 07:28:00",
  "value" : "10"
},{
  "dateTime" : "03/02/16 07:40:00",
  "value" : "10"
},{
  "dateTime" : "03/02/16 08:21:00",
  "value" : "10"
},{
  "dateTime" : "03/02/16 08:30:00",
  "value" : "20"
},{
  "dateTime" : "03/02/16 08:51:00",
  "value" : "20"
},{
  "dateTime" : "03/02/16 10:55:00",
  "value" : "10"
},{
  "dateTime" : "03/02/16 13:46:00",
  "value" : "10"
},{
  "dateTime" : "03/02/16 14:11:00",
  "value" : "10"
},{
  "dateTime" : "03/02/16 14:12:00",
  "value" : "10"
},{
  "dateTime" : "03/02/16 15:05:00",
  "value" : "10"
},{
  "dateTime" : "03/02/16 15:17:00",
  "value" : "10"
},{
  "dateTime" : "03/02/16 15:36:00",
  "value" : "10"
},{
  "dateTime" : "03/02/16 16:12:00",
  "value" : "10"
},{
  "dateTime" : "03/02/16 16:14:00",
  "value" : "10"
},{
  "dateTime" : "03/02/16 16:16:00",
  "value" : "10"
},{
  "dateTime" : "03/02/16 16:44:00",
  "value" : "10"
},{
  "dateTime" : "03/02/16 16:52:00",
  "value" : "40"
},{
  "dateTime" : "03/02/16 16:55:00",
  "value" : "10"
},{
  "dateTime" : "03/02/16 16:56:00",
  "value" : "10"
},{
  "dateTime" : "03/02/16 16:57:00",
  "value" : "20"
},{
  "dateTime" : "03/02/16 16:59:00",
  "value" : "10"
},{
  "dateTime" : "03/02/16 18:11:00",
  "value" : "10"
},{
  "dateTime" : "03/02/16 18:32:00",
  "value" : "10"
},{
  "dateTime" : "03/02/16 20:11:00",
  "value" : "10"
},{
  "dateTime" : "03/02/16 20:29:00",
  "value" : "10"
},{
  "dateTime" : "03/03/16 07:32:00",
  "value" : "10"
},{
  "dateTime" : "03/03/16 07:33:00",
  "value" : "10"
},{
  "dateTime" : "03/03/16 07:35:00",
  "value" : "10"
},{
  "dateTime" : "03/03/16 08:18:00",
  "value" : "10"
},{
  "dateTime" : "03/03/16 08:24:00",
  "value" : "10"
},{
  "dateTime" : "03/03/16 08:32:00",
  "value" : "20"
},{
  "dateTime" : "03/03/16 08:41:00",
  "value" : "20"
},{
  "dateTime" : "03/03/16 08:42:00",
  "value" : "20"
},{
  "dateTime" : "03/03/16 13:27:00",
  "value" : "10"
},{
  "dateTime" : "03/03/16 13:28:00",
  "value" : "30"
},{
  "dateTime" : "03/03/16 18:05:00",
  "value" : "10"
},{
  "dateTime" : "03/03/16 18:06:00",
  "value" : "20"
},{
  "dateTime" : "03/03/16 18:08:00",
  "value" : "20"
},{
  "dateTime" : "03/03/16 18:21:00",
  "value" : "10"
},{
  "dateTime" : "03/03/16 18:37:00",
  "value" : "10"
},{
  "dateTime" : "03/03/16 19:09:00",
  "value" : "10"
},{
  "dateTime" : "03/03/16 19:10:00",
  "value" : "10"
},{
  "dateTime" : "03/03/16 19:21:00",
  "value" : "10"
},{
  "dateTime" : "03/03/16 19:43:00",
  "value" : "10"
},{
  "dateTime" : "03/03/16 19:51:00",
  "value" : "10"
},{
  "dateTime" : "03/03/16 19:52:00",
  "value" : "20"
},{
  "dateTime" : "03/03/16 21:21:00",
  "value" : "10"
},{
  "dateTime" : "03/03/16 21:45:00",
  "value" : "10"
},{
  "dateTime" : "03/04/16 07:04:00",
  "value" : "10"
},{
  "dateTime" : "03/04/16 07:52:00",
  "value" : "10"
},{
  "dateTime" : "03/04/16 08:18:00",
  "value" : "10"
},{
  "dateTime" : "03/04/16 08:38:00",
  "value" : "20"
},{
  "dateTime" : "03/04/16 08:39:00",
  "value" : "30"
},{
  "dateTime" : "03/04/16 08:40:00",
  "value" : "10"
},{
  "dateTime" : "03/04/16 08:48:00",
  "value" : "10"
},{
  "dateTime" : "03/04/16 08:50:00",
  "value" : "10"
},{
  "dateTime" : "03/04/16 08:54:00",
  "value" : "10"
},{
  "dateTime" : "03/04/16 08:56:00",
  "value" : "10"
},{
  "dateTime" : "03/04/16 08:57:00",
  "value" : "10"
},{
  "dateTime" : "03/04/16 12:48:00",
  "value" : "10"
},{
  "dateTime" : "03/04/16 12:50:00",
  "value" : "10"
},{
  "dateTime" : "03/04/16 13:08:00",
  "value" : "10"
},{
  "dateTime" : "03/04/16 15:01:00",
  "value" : "10"
},{
  "dateTime" : "03/04/16 15:03:00",
  "value" : "10"
},{
  "dateTime" : "03/04/16 15:04:00",
  "value" : "20"
},{
  "dateTime" : "03/04/16 17:51:00",
  "value" : "20"
},{
  "dateTime" : "03/04/16 18:04:00",
  "value" : "10"
},{
  "dateTime" : "03/04/16 20:43:00",
  "value" : "10"
},{
  "dateTime" : "03/04/16 20:44:00",
  "value" : "10"
},{
  "dateTime" : "03/04/16 20:45:00",
  "value" : "10"
},{
  "dateTime" : "03/04/16 21:14:00",
  "value" : "10"
},{
  "dateTime" : "03/04/16 21:24:00",
  "value" : "10"
},{
  "dateTime" : "03/04/16 22:14:00",
  "value" : "10"
},{
  "dateTime" : "03/04/16 22:50:00",
  "value" : "10"
},{
  "dateTime" : "03/04/16 22:51:00",
  "value" : "10"
},{
  "dateTime" : "03/04/16 23:02:00",
  "value" : "10"
},{
  "dateTime" : "03/04/16 23:04:00",
  "value" : "10"
},{
  "dateTime" : "03/04/16 23:31:00",
  "value" : "10"
}]