[{
  "dateTime" : "06/09/15 08:38:00",
  "value" : "10"
},{
  "dateTime" : "06/09/15 08:41:00",
  "value" : "10"
},{
  "dateTime" : "06/09/15 08:59:00",
  "value" : "10"
},{
  "dateTime" : "06/09/15 12:44:00",
  "value" : "10"
},{
  "dateTime" : "06/10/15 08:24:00",
  "value" : "10"
},{
  "dateTime" : "06/10/15 08:49:00",
  "value" : "10"
},{
  "dateTime" : "06/10/15 09:06:00",
  "value" : "10"
},{
  "dateTime" : "06/10/15 09:43:00",
  "value" : "10"
},{
  "dateTime" : "06/10/15 10:03:00",
  "value" : "10"
},{
  "dateTime" : "06/10/15 10:13:00",
  "value" : "10"
},{
  "dateTime" : "06/10/15 10:16:00",
  "value" : "10"
},{
  "dateTime" : "06/10/15 10:59:00",
  "value" : "10"
},{
  "dateTime" : "06/10/15 11:05:00",
  "value" : "10"
},{
  "dateTime" : "06/10/15 11:07:00",
  "value" : "10"
},{
  "dateTime" : "06/10/15 11:10:00",
  "value" : "10"
},{
  "dateTime" : "06/10/15 11:47:00",
  "value" : "10"
},{
  "dateTime" : "06/10/15 12:01:00",
  "value" : "10"
},{
  "dateTime" : "06/10/15 12:22:00",
  "value" : "10"
},{
  "dateTime" : "06/10/15 12:35:00",
  "value" : "10"
},{
  "dateTime" : "06/10/15 13:05:00",
  "value" : "10"
},{
  "dateTime" : "06/10/15 13:13:00",
  "value" : "10"
},{
  "dateTime" : "06/10/15 16:05:00",
  "value" : "10"
},{
  "dateTime" : "06/10/15 17:57:00",
  "value" : "10"
},{
  "dateTime" : "06/10/15 17:59:00",
  "value" : "10"
},{
  "dateTime" : "06/10/15 21:21:00",
  "value" : "10"
},{
  "dateTime" : "06/10/15 21:25:00",
  "value" : "10"
},{
  "dateTime" : "06/11/15 06:54:00",
  "value" : "20"
},{
  "dateTime" : "06/11/15 06:55:00",
  "value" : "10"
},{
  "dateTime" : "06/11/15 07:31:00",
  "value" : "20"
},{
  "dateTime" : "06/11/15 07:34:00",
  "value" : "10"
},{
  "dateTime" : "06/11/15 07:35:00",
  "value" : "20"
},{
  "dateTime" : "06/11/15 07:41:00",
  "value" : "10"
},{
  "dateTime" : "06/11/15 07:42:00",
  "value" : "10"
},{
  "dateTime" : "06/11/15 08:22:00",
  "value" : "10"
},{
  "dateTime" : "06/11/15 11:50:00",
  "value" : "20"
},{
  "dateTime" : "06/11/15 12:38:00",
  "value" : "10"
},{
  "dateTime" : "06/11/15 12:39:00",
  "value" : "10"
},{
  "dateTime" : "06/11/15 12:41:00",
  "value" : "10"
},{
  "dateTime" : "06/11/15 12:42:00",
  "value" : "10"
},{
  "dateTime" : "06/11/15 17:17:00",
  "value" : "10"
},{
  "dateTime" : "06/11/15 18:07:00",
  "value" : "10"
},{
  "dateTime" : "06/11/15 18:44:00",
  "value" : "10"
},{
  "dateTime" : "06/11/15 18:54:00",
  "value" : "10"
},{
  "dateTime" : "06/11/15 21:23:00",
  "value" : "10"
},{
  "dateTime" : "06/12/15 06:28:00",
  "value" : "10"
},{
  "dateTime" : "06/12/15 06:53:00",
  "value" : "10"
},{
  "dateTime" : "06/12/15 06:58:00",
  "value" : "10"
},{
  "dateTime" : "06/12/15 07:30:00",
  "value" : "10"
},{
  "dateTime" : "06/12/15 07:32:00",
  "value" : "10"
},{
  "dateTime" : "06/12/15 07:37:00",
  "value" : "10"
},{
  "dateTime" : "06/12/15 07:38:00",
  "value" : "20"
},{
  "dateTime" : "06/12/15 07:40:00",
  "value" : "10"
},{
  "dateTime" : "06/12/15 07:43:00",
  "value" : "10"
},{
  "dateTime" : "06/12/15 07:44:00",
  "value" : "10"
},{
  "dateTime" : "06/12/15 12:08:00",
  "value" : "10"
},{
  "dateTime" : "06/12/15 12:36:00",
  "value" : "10"
},{
  "dateTime" : "06/12/15 12:37:00",
  "value" : "10"
},{
  "dateTime" : "06/12/15 13:19:00",
  "value" : "10"
},{
  "dateTime" : "06/12/15 13:22:00",
  "value" : "10"
},{
  "dateTime" : "06/12/15 13:23:00",
  "value" : "10"
},{
  "dateTime" : "06/12/15 14:08:00",
  "value" : "10"
},{
  "dateTime" : "06/12/15 14:32:00",
  "value" : "10"
},{
  "dateTime" : "06/12/15 17:42:00",
  "value" : "10"
},{
  "dateTime" : "06/12/15 19:21:00",
  "value" : "10"
},{
  "dateTime" : "06/12/15 23:15:00",
  "value" : "10"
},{
  "dateTime" : "06/12/15 23:21:00",
  "value" : "10"
},{
  "dateTime" : "06/13/15 08:34:00",
  "value" : "10"
},{
  "dateTime" : "06/13/15 09:55:00",
  "value" : "10"
},{
  "dateTime" : "06/13/15 10:52:00",
  "value" : "10"
},{
  "dateTime" : "06/13/15 23:30:00",
  "value" : "10"
},{
  "dateTime" : "06/14/15 11:03:00",
  "value" : "10"
},{
  "dateTime" : "06/14/15 12:34:00",
  "value" : "10"
},{
  "dateTime" : "06/14/15 13:16:00",
  "value" : "10"
},{
  "dateTime" : "06/14/15 17:31:00",
  "value" : "10"
},{
  "dateTime" : "06/14/15 17:32:00",
  "value" : "10"
},{
  "dateTime" : "06/15/15 08:35:00",
  "value" : "10"
},{
  "dateTime" : "06/15/15 09:12:00",
  "value" : "10"
},{
  "dateTime" : "06/15/15 09:51:00",
  "value" : "10"
},{
  "dateTime" : "06/15/15 10:57:00",
  "value" : "10"
},{
  "dateTime" : "06/15/15 11:27:00",
  "value" : "10"
},{
  "dateTime" : "06/15/15 12:02:00",
  "value" : "10"
},{
  "dateTime" : "06/15/15 12:06:00",
  "value" : "10"
},{
  "dateTime" : "06/15/15 12:07:00",
  "value" : "60"
},{
  "dateTime" : "06/15/15 12:11:00",
  "value" : "20"
},{
  "dateTime" : "06/15/15 12:15:00",
  "value" : "10"
},{
  "dateTime" : "06/15/15 12:20:00",
  "value" : "10"
},{
  "dateTime" : "06/15/15 12:23:00",
  "value" : "10"
},{
  "dateTime" : "06/15/15 12:27:00",
  "value" : "10"
},{
  "dateTime" : "06/15/15 12:28:00",
  "value" : "10"
},{
  "dateTime" : "06/15/15 12:30:00",
  "value" : "10"
},{
  "dateTime" : "06/15/15 12:37:00",
  "value" : "10"
},{
  "dateTime" : "06/15/15 17:28:00",
  "value" : "10"
},{
  "dateTime" : "06/15/15 17:29:00",
  "value" : "10"
},{
  "dateTime" : "06/15/15 17:31:00",
  "value" : "10"
},{
  "dateTime" : "06/15/15 19:52:00",
  "value" : "10"
},{
  "dateTime" : "06/15/15 20:04:00",
  "value" : "10"
},{
  "dateTime" : "06/15/15 21:32:00",
  "value" : "10"
},{
  "dateTime" : "06/15/15 22:39:00",
  "value" : "10"
},{
  "dateTime" : "06/16/15 09:02:00",
  "value" : "10"
},{
  "dateTime" : "06/16/15 10:12:00",
  "value" : "10"
},{
  "dateTime" : "06/16/15 13:28:00",
  "value" : "10"
},{
  "dateTime" : "06/16/15 16:03:00",
  "value" : "10"
},{
  "dateTime" : "06/16/15 16:58:00",
  "value" : "10"
},{
  "dateTime" : "06/16/15 17:04:00",
  "value" : "10"
},{
  "dateTime" : "06/16/15 17:06:00",
  "value" : "10"
},{
  "dateTime" : "06/16/15 17:08:00",
  "value" : "10"
},{
  "dateTime" : "06/16/15 17:13:00",
  "value" : "10"
},{
  "dateTime" : "06/16/15 23:44:00",
  "value" : "10"
},{
  "dateTime" : "06/17/15 08:48:00",
  "value" : "10"
},{
  "dateTime" : "06/17/15 09:34:00",
  "value" : "10"
},{
  "dateTime" : "06/17/15 11:12:00",
  "value" : "10"
},{
  "dateTime" : "06/17/15 12:03:00",
  "value" : "10"
},{
  "dateTime" : "06/17/15 13:59:00",
  "value" : "10"
},{
  "dateTime" : "06/17/15 14:09:00",
  "value" : "20"
},{
  "dateTime" : "06/17/15 14:10:00",
  "value" : "20"
},{
  "dateTime" : "06/17/15 14:14:00",
  "value" : "10"
},{
  "dateTime" : "06/17/15 14:15:00",
  "value" : "10"
},{
  "dateTime" : "06/17/15 14:16:00",
  "value" : "10"
},{
  "dateTime" : "06/17/15 14:17:00",
  "value" : "10"
},{
  "dateTime" : "06/17/15 14:19:00",
  "value" : "30"
},{
  "dateTime" : "06/17/15 14:20:00",
  "value" : "20"
},{
  "dateTime" : "06/17/15 14:21:00",
  "value" : "20"
},{
  "dateTime" : "06/17/15 14:28:00",
  "value" : "10"
},{
  "dateTime" : "06/17/15 14:31:00",
  "value" : "10"
},{
  "dateTime" : "06/17/15 14:32:00",
  "value" : "20"
},{
  "dateTime" : "06/17/15 14:34:00",
  "value" : "20"
},{
  "dateTime" : "06/17/15 14:36:00",
  "value" : "20"
},{
  "dateTime" : "06/17/15 14:37:00",
  "value" : "20"
},{
  "dateTime" : "06/17/15 14:39:00",
  "value" : "10"
},{
  "dateTime" : "06/17/15 14:42:00",
  "value" : "0"
},{
  "dateTime" : "06/17/15 14:48:00",
  "value" : "0"
},{
  "dateTime" : "06/17/15 14:49:00",
  "value" : "10"
},{
  "dateTime" : "06/17/15 14:50:00",
  "value" : "10"
},{
  "dateTime" : "06/17/15 14:54:00",
  "value" : "20"
},{
  "dateTime" : "06/17/15 14:55:00",
  "value" : "10"
},{
  "dateTime" : "06/17/15 14:58:00",
  "value" : "10"
},{
  "dateTime" : "06/17/15 15:22:00",
  "value" : "10"
},{
  "dateTime" : "06/17/15 16:21:00",
  "value" : "10"
},{
  "dateTime" : "06/17/15 17:08:00",
  "value" : "10"
},{
  "dateTime" : "06/17/15 17:27:00",
  "value" : "10"
},{
  "dateTime" : "06/17/15 18:00:00",
  "value" : "10"
},{
  "dateTime" : "06/17/15 18:20:00",
  "value" : "20"
},{
  "dateTime" : "06/17/15 18:21:00",
  "value" : "10"
},{
  "dateTime" : "06/17/15 21:57:00",
  "value" : "10"
},{
  "dateTime" : "06/17/15 23:19:00",
  "value" : "10"
},{
  "dateTime" : "06/18/15 10:20:00",
  "value" : "10"
},{
  "dateTime" : "06/18/15 14:00:00",
  "value" : "10"
},{
  "dateTime" : "06/18/15 15:12:00",
  "value" : "10"
},{
  "dateTime" : "06/18/15 15:15:00",
  "value" : "10"
},{
  "dateTime" : "06/18/15 15:21:00",
  "value" : "10"
},{
  "dateTime" : "06/18/15 15:33:00",
  "value" : "20"
},{
  "dateTime" : "06/18/15 15:36:00",
  "value" : "10"
},{
  "dateTime" : "06/18/15 15:38:00",
  "value" : "20"
},{
  "dateTime" : "06/18/15 15:49:00",
  "value" : "10"
},{
  "dateTime" : "06/18/15 15:58:00",
  "value" : "20"
},{
  "dateTime" : "06/18/15 16:03:00",
  "value" : "20"
},{
  "dateTime" : "06/18/15 16:04:00",
  "value" : "10"
},{
  "dateTime" : "06/18/15 16:05:00",
  "value" : "10"
},{
  "dateTime" : "06/18/15 16:08:00",
  "value" : "10"
},{
  "dateTime" : "06/18/15 16:12:00",
  "value" : "10"
},{
  "dateTime" : "06/18/15 17:01:00",
  "value" : "10"
},{
  "dateTime" : "06/18/15 17:41:00",
  "value" : "10"
},{
  "dateTime" : "06/18/15 18:03:00",
  "value" : "10"
},{
  "dateTime" : "06/18/15 19:23:00",
  "value" : "10"
},{
  "dateTime" : "06/18/15 22:54:00",
  "value" : "10"
},{
  "dateTime" : "06/19/15 08:02:00",
  "value" : "10"
},{
  "dateTime" : "06/19/15 09:04:00",
  "value" : "10"
},{
  "dateTime" : "06/19/15 09:42:00",
  "value" : "10"
},{
  "dateTime" : "06/19/15 10:06:00",
  "value" : "10"
},{
  "dateTime" : "06/19/15 10:08:00",
  "value" : "10"
},{
  "dateTime" : "06/19/15 10:59:00",
  "value" : "10"
},{
  "dateTime" : "06/19/15 11:02:00",
  "value" : "10"
},{
  "dateTime" : "06/19/15 11:04:00",
  "value" : "10"
},{
  "dateTime" : "06/19/15 11:29:00",
  "value" : "20"
},{
  "dateTime" : "06/19/15 14:50:00",
  "value" : "10"
},{
  "dateTime" : "06/19/15 15:16:00",
  "value" : "10"
},{
  "dateTime" : "06/19/15 15:17:00",
  "value" : "10"
},{
  "dateTime" : "06/19/15 15:20:00",
  "value" : "10"
},{
  "dateTime" : "06/19/15 15:21:00",
  "value" : "10"
},{
  "dateTime" : "06/19/15 17:18:00",
  "value" : "10"
},{
  "dateTime" : "06/19/15 17:25:00",
  "value" : "10"
},{
  "dateTime" : "06/19/15 18:16:00",
  "value" : "10"
},{
  "dateTime" : "06/19/15 18:27:00",
  "value" : "10"
},{
  "dateTime" : "06/19/15 18:32:00",
  "value" : "10"
},{
  "dateTime" : "06/19/15 18:44:00",
  "value" : "10"
},{
  "dateTime" : "06/19/15 18:50:00",
  "value" : "10"
},{
  "dateTime" : "06/19/15 21:18:00",
  "value" : "10"
},{
  "dateTime" : "06/19/15 23:38:00",
  "value" : "10"
},{
  "dateTime" : "06/20/15 07:35:00",
  "value" : "10"
},{
  "dateTime" : "06/20/15 08:16:00",
  "value" : "10"
},{
  "dateTime" : "06/20/15 08:30:00",
  "value" : "10"
},{
  "dateTime" : "06/20/15 08:34:00",
  "value" : "10"
},{
  "dateTime" : "06/20/15 11:59:00",
  "value" : "10"
},{
  "dateTime" : "06/20/15 12:51:00",
  "value" : "10"
},{
  "dateTime" : "06/20/15 12:54:00",
  "value" : "20"
},{
  "dateTime" : "06/20/15 13:35:00",
  "value" : "10"
},{
  "dateTime" : "06/20/15 14:03:00",
  "value" : "10"
},{
  "dateTime" : "06/20/15 14:06:00",
  "value" : "10"
},{
  "dateTime" : "06/20/15 14:26:00",
  "value" : "10"
},{
  "dateTime" : "06/20/15 15:38:00",
  "value" : "0"
},{
  "dateTime" : "06/20/15 15:39:00",
  "value" : "0"
},{
  "dateTime" : "06/20/15 15:41:00",
  "value" : "0"
},{
  "dateTime" : "06/20/15 15:42:00",
  "value" : "0"
},{
  "dateTime" : "06/20/15 17:24:00",
  "value" : "10"
},{
  "dateTime" : "06/20/15 17:36:00",
  "value" : "10"
},{
  "dateTime" : "06/20/15 22:55:00",
  "value" : "10"
},{
  "dateTime" : "06/20/15 22:56:00",
  "value" : "10"
},{
  "dateTime" : "06/21/15 10:53:00",
  "value" : "10"
},{
  "dateTime" : "06/21/15 13:41:00",
  "value" : "10"
},{
  "dateTime" : "06/21/15 14:15:00",
  "value" : "10"
},{
  "dateTime" : "06/21/15 14:58:00",
  "value" : "10"
},{
  "dateTime" : "06/21/15 14:59:00",
  "value" : "10"
},{
  "dateTime" : "06/21/15 16:29:00",
  "value" : "10"
},{
  "dateTime" : "06/21/15 20:15:00",
  "value" : "10"
},{
  "dateTime" : "06/21/15 23:27:00",
  "value" : "10"
},{
  "dateTime" : "06/21/15 23:33:00",
  "value" : "10"
},{
  "dateTime" : "06/22/15 09:22:00",
  "value" : "10"
},{
  "dateTime" : "06/22/15 10:04:00",
  "value" : "10"
},{
  "dateTime" : "06/22/15 10:17:00",
  "value" : "10"
},{
  "dateTime" : "06/22/15 10:18:00",
  "value" : "10"
},{
  "dateTime" : "06/22/15 10:58:00",
  "value" : "10"
},{
  "dateTime" : "06/22/15 12:54:00",
  "value" : "20"
},{
  "dateTime" : "06/22/15 13:01:00",
  "value" : "10"
},{
  "dateTime" : "06/22/15 14:43:00",
  "value" : "10"
},{
  "dateTime" : "06/22/15 19:35:00",
  "value" : "10"
},{
  "dateTime" : "06/22/15 19:36:00",
  "value" : "10"
},{
  "dateTime" : "06/22/15 19:54:00",
  "value" : "10"
},{
  "dateTime" : "06/23/15 01:39:00",
  "value" : "10"
},{
  "dateTime" : "06/23/15 14:11:00",
  "value" : "0"
},{
  "dateTime" : "06/23/15 14:13:00",
  "value" : "10"
},{
  "dateTime" : "06/23/15 14:14:00",
  "value" : "20"
},{
  "dateTime" : "06/23/15 14:17:00",
  "value" : "20"
},{
  "dateTime" : "06/23/15 14:18:00",
  "value" : "20"
},{
  "dateTime" : "06/23/15 14:19:00",
  "value" : "40"
},{
  "dateTime" : "06/23/15 14:20:00",
  "value" : "10"
},{
  "dateTime" : "06/23/15 14:21:00",
  "value" : "10"
},{
  "dateTime" : "06/23/15 14:22:00",
  "value" : "10"
},{
  "dateTime" : "06/23/15 14:23:00",
  "value" : "10"
},{
  "dateTime" : "06/23/15 14:24:00",
  "value" : "0"
},{
  "dateTime" : "06/23/15 15:19:00",
  "value" : "0"
},{
  "dateTime" : "06/23/15 15:21:00",
  "value" : "10"
},{
  "dateTime" : "06/23/15 15:23:00",
  "value" : "10"
},{
  "dateTime" : "06/23/15 15:25:00",
  "value" : "30"
},{
  "dateTime" : "06/23/15 15:26:00",
  "value" : "20"
},{
  "dateTime" : "06/23/15 15:27:00",
  "value" : "10"
},{
  "dateTime" : "06/23/15 15:30:00",
  "value" : "10"
},{
  "dateTime" : "06/23/15 15:32:00",
  "value" : "10"
},{
  "dateTime" : "06/23/15 15:34:00",
  "value" : "10"
},{
  "dateTime" : "06/23/15 15:35:00",
  "value" : "30"
},{
  "dateTime" : "06/23/15 15:36:00",
  "value" : "0"
},{
  "dateTime" : "06/23/15 15:37:00",
  "value" : "10"
},{
  "dateTime" : "06/23/15 16:39:00",
  "value" : "10"
},{
  "dateTime" : "06/23/15 16:54:00",
  "value" : "10"
},{
  "dateTime" : "06/23/15 16:56:00",
  "value" : "10"
},{
  "dateTime" : "06/23/15 17:43:00",
  "value" : "20"
},{
  "dateTime" : "06/23/15 18:01:00",
  "value" : "10"
},{
  "dateTime" : "06/23/15 20:11:00",
  "value" : "20"
},{
  "dateTime" : "06/23/15 20:13:00",
  "value" : "10"
},{
  "dateTime" : "06/23/15 20:16:00",
  "value" : "20"
},{
  "dateTime" : "06/23/15 20:24:00",
  "value" : "10"
},{
  "dateTime" : "06/23/15 20:25:00",
  "value" : "20"
},{
  "dateTime" : "06/23/15 20:26:00",
  "value" : "10"
},{
  "dateTime" : "06/23/15 20:28:00",
  "value" : "10"
},{
  "dateTime" : "06/23/15 20:44:00",
  "value" : "20"
},{
  "dateTime" : "06/23/15 20:53:00",
  "value" : "20"
},{
  "dateTime" : "06/23/15 21:39:00",
  "value" : "10"
},{
  "dateTime" : "06/23/15 21:43:00",
  "value" : "10"
},{
  "dateTime" : "06/23/15 21:48:00",
  "value" : "10"
},{
  "dateTime" : "06/24/15 13:39:00",
  "value" : "10"
},{
  "dateTime" : "06/24/15 13:41:00",
  "value" : "10"
},{
  "dateTime" : "06/24/15 17:11:00",
  "value" : "10"
},{
  "dateTime" : "06/24/15 19:13:00",
  "value" : "10"
},{
  "dateTime" : "06/25/15 08:23:00",
  "value" : "10"
},{
  "dateTime" : "06/25/15 15:49:00",
  "value" : "10"
},{
  "dateTime" : "06/25/15 16:41:00",
  "value" : "30"
},{
  "dateTime" : "06/25/15 18:39:00",
  "value" : "10"
},{
  "dateTime" : "06/25/15 19:05:00",
  "value" : "10"
},{
  "dateTime" : "06/25/15 20:00:00",
  "value" : "10"
},{
  "dateTime" : "06/25/15 21:24:00",
  "value" : "10"
},{
  "dateTime" : "06/26/15 09:29:00",
  "value" : "10"
},{
  "dateTime" : "06/26/15 10:40:00",
  "value" : "10"
},{
  "dateTime" : "06/26/15 14:26:00",
  "value" : "30"
},{
  "dateTime" : "06/26/15 15:01:00",
  "value" : "10"
},{
  "dateTime" : "06/26/15 15:23:00",
  "value" : "20"
},{
  "dateTime" : "06/26/15 15:37:00",
  "value" : "10"
},{
  "dateTime" : "06/26/15 15:39:00",
  "value" : "10"
},{
  "dateTime" : "06/26/15 15:52:00",
  "value" : "20"
},{
  "dateTime" : "06/26/15 15:55:00",
  "value" : "20"
},{
  "dateTime" : "06/26/15 16:03:00",
  "value" : "10"
},{
  "dateTime" : "06/26/15 16:07:00",
  "value" : "10"
},{
  "dateTime" : "06/26/15 16:08:00",
  "value" : "10"
},{
  "dateTime" : "06/26/15 16:12:00",
  "value" : "10"
},{
  "dateTime" : "06/26/15 16:13:00",
  "value" : "10"
},{
  "dateTime" : "06/26/15 16:14:00",
  "value" : "10"
},{
  "dateTime" : "06/26/15 17:02:00",
  "value" : "10"
},{
  "dateTime" : "06/26/15 17:32:00",
  "value" : "10"
},{
  "dateTime" : "06/26/15 17:41:00",
  "value" : "10"
},{
  "dateTime" : "06/26/15 23:08:00",
  "value" : "10"
},{
  "dateTime" : "06/27/15 00:37:00",
  "value" : "10"
},{
  "dateTime" : "06/27/15 08:02:00",
  "value" : "10"
},{
  "dateTime" : "06/27/15 11:22:00",
  "value" : "10"
},{
  "dateTime" : "06/27/15 12:52:00",
  "value" : "10"
},{
  "dateTime" : "06/27/15 17:20:00",
  "value" : "10"
},{
  "dateTime" : "06/27/15 17:37:00",
  "value" : "10"
},{
  "dateTime" : "06/27/15 17:59:00",
  "value" : "10"
},{
  "dateTime" : "06/27/15 23:02:00",
  "value" : "10"
},{
  "dateTime" : "06/27/15 23:05:00",
  "value" : "10"
},{
  "dateTime" : "06/28/15 00:15:00",
  "value" : "10"
},{
  "dateTime" : "06/28/15 00:18:00",
  "value" : "10"
},{
  "dateTime" : "06/28/15 10:05:00",
  "value" : "10"
},{
  "dateTime" : "06/28/15 11:09:00",
  "value" : "10"
},{
  "dateTime" : "06/28/15 11:13:00",
  "value" : "10"
},{
  "dateTime" : "06/28/15 11:21:00",
  "value" : "10"
},{
  "dateTime" : "06/28/15 11:23:00",
  "value" : "10"
},{
  "dateTime" : "06/28/15 11:39:00",
  "value" : "10"
},{
  "dateTime" : "06/28/15 13:06:00",
  "value" : "10"
},{
  "dateTime" : "06/28/15 14:19:00",
  "value" : "10"
},{
  "dateTime" : "06/28/15 14:28:00",
  "value" : "10"
},{
  "dateTime" : "06/28/15 15:42:00",
  "value" : "10"
},{
  "dateTime" : "06/28/15 23:11:00",
  "value" : "10"
},{
  "dateTime" : "06/29/15 08:15:00",
  "value" : "10"
},{
  "dateTime" : "06/29/15 08:16:00",
  "value" : "10"
},{
  "dateTime" : "06/29/15 08:59:00",
  "value" : "10"
},{
  "dateTime" : "06/29/15 09:00:00",
  "value" : "20"
},{
  "dateTime" : "06/29/15 09:01:00",
  "value" : "10"
},{
  "dateTime" : "06/29/15 09:02:00",
  "value" : "20"
},{
  "dateTime" : "06/29/15 09:55:00",
  "value" : "10"
},{
  "dateTime" : "06/29/15 09:56:00",
  "value" : "10"
},{
  "dateTime" : "06/29/15 10:23:00",
  "value" : "20"
},{
  "dateTime" : "06/29/15 10:47:00",
  "value" : "20"
},{
  "dateTime" : "06/29/15 10:48:00",
  "value" : "20"
},{
  "dateTime" : "06/29/15 10:53:00",
  "value" : "10"
},{
  "dateTime" : "06/29/15 10:54:00",
  "value" : "10"
},{
  "dateTime" : "06/29/15 10:55:00",
  "value" : "10"
},{
  "dateTime" : "06/29/15 10:56:00",
  "value" : "10"
},{
  "dateTime" : "06/29/15 10:57:00",
  "value" : "20"
},{
  "dateTime" : "06/29/15 10:58:00",
  "value" : "10"
},{
  "dateTime" : "06/29/15 10:59:00",
  "value" : "20"
},{
  "dateTime" : "06/29/15 11:01:00",
  "value" : "20"
},{
  "dateTime" : "06/29/15 11:07:00",
  "value" : "10"
},{
  "dateTime" : "06/29/15 11:08:00",
  "value" : "30"
},{
  "dateTime" : "06/29/15 11:09:00",
  "value" : "10"
},{
  "dateTime" : "06/29/15 11:10:00",
  "value" : "10"
},{
  "dateTime" : "06/29/15 11:11:00",
  "value" : "30"
},{
  "dateTime" : "06/29/15 11:13:00",
  "value" : "10"
},{
  "dateTime" : "06/29/15 11:14:00",
  "value" : "20"
},{
  "dateTime" : "06/29/15 11:15:00",
  "value" : "30"
},{
  "dateTime" : "06/29/15 11:16:00",
  "value" : "40"
},{
  "dateTime" : "06/29/15 11:17:00",
  "value" : "20"
},{
  "dateTime" : "06/29/15 11:19:00",
  "value" : "30"
},{
  "dateTime" : "06/29/15 11:20:00",
  "value" : "30"
},{
  "dateTime" : "06/29/15 11:21:00",
  "value" : "40"
},{
  "dateTime" : "06/29/15 11:22:00",
  "value" : "30"
},{
  "dateTime" : "06/29/15 11:23:00",
  "value" : "40"
},{
  "dateTime" : "06/29/15 11:24:00",
  "value" : "20"
},{
  "dateTime" : "06/29/15 11:25:00",
  "value" : "30"
},{
  "dateTime" : "06/29/15 11:26:00",
  "value" : "40"
},{
  "dateTime" : "06/29/15 11:27:00",
  "value" : "30"
},{
  "dateTime" : "06/29/15 11:28:00",
  "value" : "40"
},{
  "dateTime" : "06/29/15 11:29:00",
  "value" : "40"
},{
  "dateTime" : "06/29/15 11:30:00",
  "value" : "40"
},{
  "dateTime" : "06/29/15 11:31:00",
  "value" : "20"
},{
  "dateTime" : "06/29/15 11:34:00",
  "value" : "50"
},{
  "dateTime" : "06/29/15 11:35:00",
  "value" : "10"
},{
  "dateTime" : "06/29/15 11:48:00",
  "value" : "10"
},{
  "dateTime" : "06/29/15 11:49:00",
  "value" : "20"
},{
  "dateTime" : "06/29/15 11:50:00",
  "value" : "10"
},{
  "dateTime" : "06/29/15 11:51:00",
  "value" : "20"
},{
  "dateTime" : "06/29/15 11:53:00",
  "value" : "10"
},{
  "dateTime" : "06/29/15 11:55:00",
  "value" : "10"
},{
  "dateTime" : "06/29/15 11:56:00",
  "value" : "10"
},{
  "dateTime" : "06/29/15 11:57:00",
  "value" : "20"
},{
  "dateTime" : "06/29/15 11:58:00",
  "value" : "10"
},{
  "dateTime" : "06/29/15 11:59:00",
  "value" : "20"
},{
  "dateTime" : "06/29/15 12:00:00",
  "value" : "10"
},{
  "dateTime" : "06/29/15 12:01:00",
  "value" : "10"
},{
  "dateTime" : "06/29/15 12:02:00",
  "value" : "10"
},{
  "dateTime" : "06/29/15 12:09:00",
  "value" : "10"
},{
  "dateTime" : "06/29/15 12:21:00",
  "value" : "20"
},{
  "dateTime" : "06/29/15 12:27:00",
  "value" : "10"
},{
  "dateTime" : "06/29/15 12:28:00",
  "value" : "10"
},{
  "dateTime" : "06/29/15 12:50:00",
  "value" : "10"
},{
  "dateTime" : "06/29/15 12:54:00",
  "value" : "10"
},{
  "dateTime" : "06/29/15 12:55:00",
  "value" : "20"
},{
  "dateTime" : "06/29/15 12:57:00",
  "value" : "20"
},{
  "dateTime" : "06/29/15 12:59:00",
  "value" : "10"
},{
  "dateTime" : "06/29/15 13:11:00",
  "value" : "10"
},{
  "dateTime" : "06/29/15 13:12:00",
  "value" : "10"
},{
  "dateTime" : "06/29/15 13:39:00",
  "value" : "10"
},{
  "dateTime" : "06/29/15 13:40:00",
  "value" : "20"
},{
  "dateTime" : "06/29/15 13:41:00",
  "value" : "10"
},{
  "dateTime" : "06/29/15 13:42:00",
  "value" : "20"
},{
  "dateTime" : "06/29/15 13:43:00",
  "value" : "30"
},{
  "dateTime" : "06/29/15 13:44:00",
  "value" : "50"
},{
  "dateTime" : "06/29/15 13:45:00",
  "value" : "10"
},{
  "dateTime" : "06/29/15 13:51:00",
  "value" : "10"
},{
  "dateTime" : "06/29/15 13:52:00",
  "value" : "20"
},{
  "dateTime" : "06/29/15 13:53:00",
  "value" : "20"
},{
  "dateTime" : "06/29/15 13:54:00",
  "value" : "10"
},{
  "dateTime" : "06/29/15 13:56:00",
  "value" : "10"
},{
  "dateTime" : "06/29/15 14:00:00",
  "value" : "10"
},{
  "dateTime" : "06/29/15 14:01:00",
  "value" : "10"
},{
  "dateTime" : "06/29/15 14:02:00",
  "value" : "10"
},{
  "dateTime" : "06/29/15 14:03:00",
  "value" : "20"
},{
  "dateTime" : "06/29/15 14:04:00",
  "value" : "10"
},{
  "dateTime" : "06/29/15 15:44:00",
  "value" : "10"
},{
  "dateTime" : "06/29/15 15:50:00",
  "value" : "10"
},{
  "dateTime" : "06/29/15 15:52:00",
  "value" : "10"
},{
  "dateTime" : "06/29/15 15:56:00",
  "value" : "20"
},{
  "dateTime" : "06/29/15 16:02:00",
  "value" : "10"
},{
  "dateTime" : "06/29/15 16:57:00",
  "value" : "10"
},{
  "dateTime" : "06/29/15 17:11:00",
  "value" : "20"
},{
  "dateTime" : "06/29/15 17:49:00",
  "value" : "20"
}]