[{
  "dateTime" : "08/02/16 07:07:00",
  "value" : "10"
},{
  "dateTime" : "08/02/16 07:13:00",
  "value" : "10"
},{
  "dateTime" : "08/02/16 07:28:00",
  "value" : "10"
},{
  "dateTime" : "08/02/16 08:03:00",
  "value" : "10"
},{
  "dateTime" : "08/02/16 08:04:00",
  "value" : "10"
},{
  "dateTime" : "08/02/16 08:16:00",
  "value" : "10"
},{
  "dateTime" : "08/02/16 08:50:00",
  "value" : "10"
},{
  "dateTime" : "08/02/16 08:51:00",
  "value" : "30"
},{
  "dateTime" : "08/02/16 08:52:00",
  "value" : "10"
},{
  "dateTime" : "08/02/16 10:05:00",
  "value" : "10"
},{
  "dateTime" : "08/02/16 13:20:00",
  "value" : "10"
},{
  "dateTime" : "08/02/16 13:21:00",
  "value" : "20"
},{
  "dateTime" : "08/02/16 14:41:00",
  "value" : "10"
},{
  "dateTime" : "08/02/16 14:43:00",
  "value" : "10"
},{
  "dateTime" : "08/02/16 16:18:00",
  "value" : "10"
},{
  "dateTime" : "08/02/16 16:21:00",
  "value" : "10"
},{
  "dateTime" : "08/02/16 17:10:00",
  "value" : "20"
},{
  "dateTime" : "08/02/16 19:15:00",
  "value" : "10"
},{
  "dateTime" : "08/02/16 22:27:00",
  "value" : "20"
},{
  "dateTime" : "08/02/16 23:22:00",
  "value" : "10"
},{
  "dateTime" : "08/02/16 23:26:00",
  "value" : "10"
},{
  "dateTime" : "08/02/16 23:30:00",
  "value" : "10"
},{
  "dateTime" : "08/03/16 08:34:00",
  "value" : "10"
},{
  "dateTime" : "08/03/16 08:41:00",
  "value" : "10"
},{
  "dateTime" : "08/03/16 15:23:00",
  "value" : "10"
},{
  "dateTime" : "08/03/16 15:43:00",
  "value" : "10"
},{
  "dateTime" : "08/03/16 15:59:00",
  "value" : "10"
},{
  "dateTime" : "08/03/16 17:36:00",
  "value" : "10"
},{
  "dateTime" : "08/04/16 07:13:00",
  "value" : "10"
},{
  "dateTime" : "08/04/16 07:37:00",
  "value" : "10"
},{
  "dateTime" : "08/04/16 07:42:00",
  "value" : "10"
},{
  "dateTime" : "08/04/16 08:16:00",
  "value" : "10"
},{
  "dateTime" : "08/04/16 08:29:00",
  "value" : "20"
},{
  "dateTime" : "08/04/16 08:34:00",
  "value" : "10"
},{
  "dateTime" : "08/04/16 08:43:00",
  "value" : "50"
},{
  "dateTime" : "08/04/16 08:44:00",
  "value" : "10"
},{
  "dateTime" : "08/04/16 08:45:00",
  "value" : "20"
},{
  "dateTime" : "08/04/16 08:46:00",
  "value" : "10"
},{
  "dateTime" : "08/04/16 08:59:00",
  "value" : "20"
},{
  "dateTime" : "08/04/16 10:00:00",
  "value" : "10"
},{
  "dateTime" : "08/04/16 10:01:00",
  "value" : "10"
},{
  "dateTime" : "08/04/16 10:03:00",
  "value" : "10"
},{
  "dateTime" : "08/04/16 10:25:00",
  "value" : "10"
},{
  "dateTime" : "08/04/16 10:27:00",
  "value" : "10"
},{
  "dateTime" : "08/04/16 12:46:00",
  "value" : "10"
},{
  "dateTime" : "08/04/16 12:50:00",
  "value" : "10"
},{
  "dateTime" : "08/04/16 12:51:00",
  "value" : "20"
},{
  "dateTime" : "08/04/16 13:26:00",
  "value" : "20"
},{
  "dateTime" : "08/04/16 13:27:00",
  "value" : "10"
},{
  "dateTime" : "08/04/16 13:28:00",
  "value" : "20"
},{
  "dateTime" : "08/04/16 13:29:00",
  "value" : "10"
},{
  "dateTime" : "08/04/16 13:33:00",
  "value" : "10"
},{
  "dateTime" : "08/04/16 13:56:00",
  "value" : "10"
},{
  "dateTime" : "08/04/16 13:57:00",
  "value" : "10"
},{
  "dateTime" : "08/04/16 14:02:00",
  "value" : "10"
},{
  "dateTime" : "08/04/16 15:25:00",
  "value" : "10"
},{
  "dateTime" : "08/04/16 15:28:00",
  "value" : "10"
},{
  "dateTime" : "08/04/16 15:29:00",
  "value" : "10"
},{
  "dateTime" : "08/04/16 16:59:00",
  "value" : "20"
},{
  "dateTime" : "08/04/16 18:11:00",
  "value" : "10"
},{
  "dateTime" : "08/04/16 18:31:00",
  "value" : "10"
},{
  "dateTime" : "08/04/16 18:53:00",
  "value" : "10"
},{
  "dateTime" : "08/04/16 18:55:00",
  "value" : "30"
},{
  "dateTime" : "08/04/16 20:59:00",
  "value" : "10"
},{
  "dateTime" : "08/04/16 21:14:00",
  "value" : "10"
},{
  "dateTime" : "08/04/16 21:16:00",
  "value" : "10"
},{
  "dateTime" : "08/04/16 21:18:00",
  "value" : "10"
},{
  "dateTime" : "08/04/16 21:39:00",
  "value" : "10"
},{
  "dateTime" : "08/04/16 22:33:00",
  "value" : "10"
},{
  "dateTime" : "08/04/16 22:45:00",
  "value" : "10"
},{
  "dateTime" : "08/04/16 22:50:00",
  "value" : "10"
},{
  "dateTime" : "08/05/16 07:20:00",
  "value" : "10"
}]