[{
  "dateTime" : "11/06/15 08:33:00",
  "value" : "10"
},{
  "dateTime" : "11/06/15 10:37:00",
  "value" : "10"
},{
  "dateTime" : "11/06/15 11:00:00",
  "value" : "10"
},{
  "dateTime" : "11/06/15 11:08:00",
  "value" : "10"
},{
  "dateTime" : "11/06/15 11:45:00",
  "value" : "10"
},{
  "dateTime" : "11/06/15 11:54:00",
  "value" : "50"
},{
  "dateTime" : "11/06/15 11:55:00",
  "value" : "50"
},{
  "dateTime" : "11/06/15 11:56:00",
  "value" : "30"
},{
  "dateTime" : "11/06/15 12:06:00",
  "value" : "10"
},{
  "dateTime" : "11/06/15 16:59:00",
  "value" : "10"
},{
  "dateTime" : "11/06/15 17:39:00",
  "value" : "20"
},{
  "dateTime" : "11/06/15 17:41:00",
  "value" : "20"
},{
  "dateTime" : "11/06/15 18:29:00",
  "value" : "10"
},{
  "dateTime" : "11/06/15 19:04:00",
  "value" : "10"
},{
  "dateTime" : "11/06/15 21:44:00",
  "value" : "10"
},{
  "dateTime" : "11/06/15 22:56:00",
  "value" : "10"
},{
  "dateTime" : "11/07/15 08:30:00",
  "value" : "10"
},{
  "dateTime" : "11/07/15 10:24:00",
  "value" : "10"
},{
  "dateTime" : "11/07/15 10:28:00",
  "value" : "10"
},{
  "dateTime" : "11/07/15 10:56:00",
  "value" : "10"
},{
  "dateTime" : "11/07/15 12:17:00",
  "value" : "10"
},{
  "dateTime" : "11/07/15 12:39:00",
  "value" : "10"
},{
  "dateTime" : "11/07/15 13:24:00",
  "value" : "10"
},{
  "dateTime" : "11/07/15 13:26:00",
  "value" : "10"
},{
  "dateTime" : "11/07/15 13:46:00",
  "value" : "10"
},{
  "dateTime" : "11/07/15 15:13:00",
  "value" : "10"
},{
  "dateTime" : "11/07/15 16:52:00",
  "value" : "10"
},{
  "dateTime" : "11/07/15 18:01:00",
  "value" : "10"
},{
  "dateTime" : "11/07/15 18:22:00",
  "value" : "10"
},{
  "dateTime" : "11/07/15 18:33:00",
  "value" : "10"
},{
  "dateTime" : "11/07/15 18:36:00",
  "value" : "10"
},{
  "dateTime" : "11/07/15 18:37:00",
  "value" : "0"
},{
  "dateTime" : "11/07/15 18:41:00",
  "value" : "0"
},{
  "dateTime" : "11/07/15 18:42:00",
  "value" : "10"
},{
  "dateTime" : "11/07/15 18:43:00",
  "value" : "20"
},{
  "dateTime" : "11/07/15 18:44:00",
  "value" : "10"
},{
  "dateTime" : "11/07/15 18:45:00",
  "value" : "10"
},{
  "dateTime" : "11/07/15 18:48:00",
  "value" : "10"
},{
  "dateTime" : "11/07/15 18:50:00",
  "value" : "10"
},{
  "dateTime" : "11/07/15 18:52:00",
  "value" : "0"
},{
  "dateTime" : "11/07/15 18:56:00",
  "value" : "0"
},{
  "dateTime" : "11/07/15 18:59:00",
  "value" : "0"
},{
  "dateTime" : "11/07/15 19:02:00",
  "value" : "10"
},{
  "dateTime" : "11/07/15 19:03:00",
  "value" : "0"
},{
  "dateTime" : "11/07/15 19:05:00",
  "value" : "10"
},{
  "dateTime" : "11/07/15 19:07:00",
  "value" : "0"
},{
  "dateTime" : "11/07/15 19:08:00",
  "value" : "10"
},{
  "dateTime" : "11/07/15 19:09:00",
  "value" : "10"
},{
  "dateTime" : "11/07/15 19:11:00",
  "value" : "20"
},{
  "dateTime" : "11/07/15 19:12:00",
  "value" : "20"
},{
  "dateTime" : "11/07/15 19:13:00",
  "value" : "10"
},{
  "dateTime" : "11/07/15 19:14:00",
  "value" : "10"
},{
  "dateTime" : "11/07/15 19:15:00",
  "value" : "10"
},{
  "dateTime" : "11/07/15 19:18:00",
  "value" : "10"
},{
  "dateTime" : "11/07/15 19:21:00",
  "value" : "10"
},{
  "dateTime" : "11/07/15 19:22:00",
  "value" : "10"
},{
  "dateTime" : "11/07/15 19:25:00",
  "value" : "10"
},{
  "dateTime" : "11/07/15 19:54:00",
  "value" : "10"
},{
  "dateTime" : "11/07/15 20:21:00",
  "value" : "10"
},{
  "dateTime" : "11/08/15 09:19:00",
  "value" : "10"
},{
  "dateTime" : "11/08/15 12:27:00",
  "value" : "10"
},{
  "dateTime" : "11/08/15 14:53:00",
  "value" : "10"
},{
  "dateTime" : "11/08/15 15:24:00",
  "value" : "10"
},{
  "dateTime" : "11/08/15 16:32:00",
  "value" : "20"
},{
  "dateTime" : "11/08/15 16:33:00",
  "value" : "10"
},{
  "dateTime" : "11/08/15 16:34:00",
  "value" : "10"
},{
  "dateTime" : "11/08/15 16:35:00",
  "value" : "10"
},{
  "dateTime" : "11/08/15 16:48:00",
  "value" : "10"
},{
  "dateTime" : "11/08/15 16:54:00",
  "value" : "10"
},{
  "dateTime" : "11/08/15 18:13:00",
  "value" : "20"
},{
  "dateTime" : "11/08/15 18:14:00",
  "value" : "10"
},{
  "dateTime" : "11/08/15 21:05:00",
  "value" : "10"
},{
  "dateTime" : "11/08/15 21:52:00",
  "value" : "10"
},{
  "dateTime" : "11/08/15 22:20:00",
  "value" : "10"
},{
  "dateTime" : "11/09/15 09:11:00",
  "value" : "10"
},{
  "dateTime" : "11/09/15 09:17:00",
  "value" : "20"
},{
  "dateTime" : "11/09/15 09:18:00",
  "value" : "10"
},{
  "dateTime" : "11/09/15 09:55:00",
  "value" : "10"
},{
  "dateTime" : "11/09/15 10:04:00",
  "value" : "20"
},{
  "dateTime" : "11/09/15 10:05:00",
  "value" : "30"
},{
  "dateTime" : "11/09/15 10:06:00",
  "value" : "10"
},{
  "dateTime" : "11/09/15 12:06:00",
  "value" : "10"
},{
  "dateTime" : "11/09/15 13:58:00",
  "value" : "10"
},{
  "dateTime" : "11/09/15 17:29:00",
  "value" : "10"
},{
  "dateTime" : "11/09/15 17:32:00",
  "value" : "10"
},{
  "dateTime" : "11/09/15 20:13:00",
  "value" : "10"
},{
  "dateTime" : "11/09/15 20:14:00",
  "value" : "10"
},{
  "dateTime" : "11/10/15 06:17:00",
  "value" : "10"
},{
  "dateTime" : "11/10/15 06:33:00",
  "value" : "10"
},{
  "dateTime" : "11/10/15 06:53:00",
  "value" : "10"
},{
  "dateTime" : "11/10/15 07:33:00",
  "value" : "10"
},{
  "dateTime" : "11/10/15 07:38:00",
  "value" : "50"
},{
  "dateTime" : "11/10/15 07:39:00",
  "value" : "20"
},{
  "dateTime" : "11/10/15 07:46:00",
  "value" : "10"
},{
  "dateTime" : "11/10/15 11:08:00",
  "value" : "10"
},{
  "dateTime" : "11/10/15 11:26:00",
  "value" : "10"
},{
  "dateTime" : "11/10/15 11:54:00",
  "value" : "10"
},{
  "dateTime" : "11/10/15 12:55:00",
  "value" : "10"
},{
  "dateTime" : "11/10/15 14:32:00",
  "value" : "10"
},{
  "dateTime" : "11/10/15 14:33:00",
  "value" : "10"
},{
  "dateTime" : "11/10/15 21:24:00",
  "value" : "10"
},{
  "dateTime" : "11/10/15 21:28:00",
  "value" : "20"
},{
  "dateTime" : "11/10/15 22:10:00",
  "value" : "10"
},{
  "dateTime" : "11/10/15 22:11:00",
  "value" : "10"
},{
  "dateTime" : "11/10/15 22:15:00",
  "value" : "30"
},{
  "dateTime" : "11/10/15 22:22:00",
  "value" : "10"
},{
  "dateTime" : "11/10/15 22:44:00",
  "value" : "10"
},{
  "dateTime" : "11/10/15 23:31:00",
  "value" : "10"
},{
  "dateTime" : "11/10/15 23:33:00",
  "value" : "10"
},{
  "dateTime" : "11/11/15 07:20:00",
  "value" : "10"
},{
  "dateTime" : "11/11/15 08:15:00",
  "value" : "10"
},{
  "dateTime" : "11/11/15 12:34:00",
  "value" : "10"
},{
  "dateTime" : "11/11/15 13:39:00",
  "value" : "10"
},{
  "dateTime" : "11/11/15 15:52:00",
  "value" : "10"
},{
  "dateTime" : "11/11/15 15:53:00",
  "value" : "20"
},{
  "dateTime" : "11/11/15 17:05:00",
  "value" : "10"
},{
  "dateTime" : "11/11/15 18:45:00",
  "value" : "10"
},{
  "dateTime" : "11/11/15 19:36:00",
  "value" : "10"
},{
  "dateTime" : "11/11/15 20:13:00",
  "value" : "10"
},{
  "dateTime" : "11/11/15 20:16:00",
  "value" : "0"
},{
  "dateTime" : "11/11/15 20:20:00",
  "value" : "10"
},{
  "dateTime" : "11/11/15 20:21:00",
  "value" : "20"
},{
  "dateTime" : "11/11/15 20:22:00",
  "value" : "10"
},{
  "dateTime" : "11/11/15 20:24:00",
  "value" : "0"
},{
  "dateTime" : "11/11/15 20:26:00",
  "value" : "30"
},{
  "dateTime" : "11/11/15 20:27:00",
  "value" : "30"
},{
  "dateTime" : "11/11/15 20:28:00",
  "value" : "10"
},{
  "dateTime" : "11/11/15 20:29:00",
  "value" : "10"
},{
  "dateTime" : "11/11/15 20:31:00",
  "value" : "10"
},{
  "dateTime" : "11/11/15 20:32:00",
  "value" : "0"
},{
  "dateTime" : "11/11/15 20:34:00",
  "value" : "10"
},{
  "dateTime" : "11/11/15 20:35:00",
  "value" : "10"
},{
  "dateTime" : "11/11/15 20:36:00",
  "value" : "10"
},{
  "dateTime" : "11/11/15 20:39:00",
  "value" : "10"
},{
  "dateTime" : "11/11/15 20:40:00",
  "value" : "20"
},{
  "dateTime" : "11/11/15 20:43:00",
  "value" : "10"
},{
  "dateTime" : "11/11/15 20:44:00",
  "value" : "10"
},{
  "dateTime" : "11/11/15 20:45:00",
  "value" : "10"
},{
  "dateTime" : "11/11/15 20:47:00",
  "value" : "10"
},{
  "dateTime" : "11/11/15 20:48:00",
  "value" : "10"
},{
  "dateTime" : "11/11/15 20:52:00",
  "value" : "0"
},{
  "dateTime" : "11/11/15 20:55:00",
  "value" : "0"
},{
  "dateTime" : "11/11/15 20:56:00",
  "value" : "0"
},{
  "dateTime" : "11/11/15 20:57:00",
  "value" : "0"
},{
  "dateTime" : "11/11/15 20:58:00",
  "value" : "10"
},{
  "dateTime" : "11/11/15 21:04:00",
  "value" : "20"
},{
  "dateTime" : "11/11/15 21:08:00",
  "value" : "10"
},{
  "dateTime" : "11/11/15 21:10:00",
  "value" : "10"
},{
  "dateTime" : "11/11/15 21:59:00",
  "value" : "10"
},{
  "dateTime" : "11/12/15 07:44:00",
  "value" : "10"
},{
  "dateTime" : "11/12/15 08:44:00",
  "value" : "10"
},{
  "dateTime" : "11/12/15 09:06:00",
  "value" : "10"
},{
  "dateTime" : "11/12/15 10:46:00",
  "value" : "10"
},{
  "dateTime" : "11/12/15 11:05:00",
  "value" : "10"
},{
  "dateTime" : "11/12/15 11:33:00",
  "value" : "20"
},{
  "dateTime" : "11/12/15 12:19:00",
  "value" : "10"
},{
  "dateTime" : "11/12/15 12:25:00",
  "value" : "10"
},{
  "dateTime" : "11/12/15 12:26:00",
  "value" : "10"
},{
  "dateTime" : "11/12/15 12:27:00",
  "value" : "20"
},{
  "dateTime" : "11/12/15 12:44:00",
  "value" : "10"
},{
  "dateTime" : "11/12/15 12:45:00",
  "value" : "10"
},{
  "dateTime" : "11/12/15 12:46:00",
  "value" : "30"
},{
  "dateTime" : "11/12/15 13:19:00",
  "value" : "10"
},{
  "dateTime" : "11/12/15 13:26:00",
  "value" : "10"
},{
  "dateTime" : "11/12/15 13:39:00",
  "value" : "10"
},{
  "dateTime" : "11/12/15 13:40:00",
  "value" : "10"
},{
  "dateTime" : "11/12/15 13:45:00",
  "value" : "10"
},{
  "dateTime" : "11/12/15 14:19:00",
  "value" : "10"
},{
  "dateTime" : "11/12/15 15:14:00",
  "value" : "10"
},{
  "dateTime" : "11/12/15 15:27:00",
  "value" : "10"
},{
  "dateTime" : "11/12/15 17:37:00",
  "value" : "10"
},{
  "dateTime" : "11/12/15 17:41:00",
  "value" : "20"
},{
  "dateTime" : "11/12/15 17:44:00",
  "value" : "10"
},{
  "dateTime" : "11/12/15 18:01:00",
  "value" : "10"
},{
  "dateTime" : "11/12/15 18:15:00",
  "value" : "10"
},{
  "dateTime" : "11/12/15 18:19:00",
  "value" : "10"
},{
  "dateTime" : "11/12/15 18:20:00",
  "value" : "20"
},{
  "dateTime" : "11/12/15 18:49:00",
  "value" : "10"
},{
  "dateTime" : "11/12/15 19:34:00",
  "value" : "10"
},{
  "dateTime" : "11/12/15 20:10:00",
  "value" : "10"
},{
  "dateTime" : "11/12/15 20:48:00",
  "value" : "10"
},{
  "dateTime" : "11/12/15 21:01:00",
  "value" : "10"
},{
  "dateTime" : "11/13/15 08:14:00",
  "value" : "10"
},{
  "dateTime" : "11/13/15 11:09:00",
  "value" : "10"
},{
  "dateTime" : "11/13/15 11:16:00",
  "value" : "10"
},{
  "dateTime" : "11/13/15 11:43:00",
  "value" : "10"
},{
  "dateTime" : "11/13/15 14:54:00",
  "value" : "10"
},{
  "dateTime" : "11/13/15 15:49:00",
  "value" : "10"
},{
  "dateTime" : "11/13/15 15:57:00",
  "value" : "10"
},{
  "dateTime" : "11/13/15 16:00:00",
  "value" : "10"
},{
  "dateTime" : "11/13/15 16:18:00",
  "value" : "10"
},{
  "dateTime" : "11/13/15 16:20:00",
  "value" : "10"
},{
  "dateTime" : "11/13/15 16:31:00",
  "value" : "10"
},{
  "dateTime" : "11/13/15 16:41:00",
  "value" : "10"
},{
  "dateTime" : "11/13/15 17:24:00",
  "value" : "10"
},{
  "dateTime" : "11/13/15 17:28:00",
  "value" : "20"
},{
  "dateTime" : "11/13/15 18:33:00",
  "value" : "10"
},{
  "dateTime" : "11/13/15 18:34:00",
  "value" : "10"
},{
  "dateTime" : "11/13/15 18:36:00",
  "value" : "20"
},{
  "dateTime" : "11/13/15 18:38:00",
  "value" : "10"
},{
  "dateTime" : "11/13/15 18:39:00",
  "value" : "10"
},{
  "dateTime" : "11/13/15 21:45:00",
  "value" : "10"
},{
  "dateTime" : "11/14/15 07:03:00",
  "value" : "10"
},{
  "dateTime" : "11/14/15 10:32:00",
  "value" : "10"
},{
  "dateTime" : "11/14/15 10:54:00",
  "value" : "10"
},{
  "dateTime" : "11/14/15 11:02:00",
  "value" : "10"
},{
  "dateTime" : "11/14/15 11:08:00",
  "value" : "10"
},{
  "dateTime" : "11/14/15 11:09:00",
  "value" : "20"
},{
  "dateTime" : "11/14/15 11:50:00",
  "value" : "10"
},{
  "dateTime" : "11/14/15 11:59:00",
  "value" : "10"
},{
  "dateTime" : "11/14/15 14:34:00",
  "value" : "10"
},{
  "dateTime" : "11/14/15 14:44:00",
  "value" : "10"
},{
  "dateTime" : "11/14/15 15:33:00",
  "value" : "10"
},{
  "dateTime" : "11/14/15 15:59:00",
  "value" : "0"
},{
  "dateTime" : "11/14/15 16:03:00",
  "value" : "10"
},{
  "dateTime" : "11/14/15 16:04:00",
  "value" : "10"
},{
  "dateTime" : "11/14/15 16:06:00",
  "value" : "10"
},{
  "dateTime" : "11/14/15 16:07:00",
  "value" : "10"
},{
  "dateTime" : "11/14/15 16:08:00",
  "value" : "20"
},{
  "dateTime" : "11/14/15 16:09:00",
  "value" : "30"
},{
  "dateTime" : "11/14/15 16:11:00",
  "value" : "10"
},{
  "dateTime" : "11/14/15 16:13:00",
  "value" : "10"
},{
  "dateTime" : "11/14/15 16:14:00",
  "value" : "10"
},{
  "dateTime" : "11/14/15 16:15:00",
  "value" : "0"
},{
  "dateTime" : "11/14/15 16:16:00",
  "value" : "10"
},{
  "dateTime" : "11/14/15 16:17:00",
  "value" : "10"
},{
  "dateTime" : "11/14/15 16:18:00",
  "value" : "10"
},{
  "dateTime" : "11/14/15 16:19:00",
  "value" : "10"
},{
  "dateTime" : "11/14/15 16:20:00",
  "value" : "10"
},{
  "dateTime" : "11/14/15 16:21:00",
  "value" : "10"
},{
  "dateTime" : "11/14/15 16:22:00",
  "value" : "10"
},{
  "dateTime" : "11/14/15 16:24:00",
  "value" : "20"
},{
  "dateTime" : "11/14/15 16:28:00",
  "value" : "10"
},{
  "dateTime" : "11/14/15 16:32:00",
  "value" : "0"
},{
  "dateTime" : "11/14/15 16:33:00",
  "value" : "0"
},{
  "dateTime" : "11/14/15 16:40:00",
  "value" : "30"
},{
  "dateTime" : "11/14/15 16:42:00",
  "value" : "10"
},{
  "dateTime" : "11/14/15 16:45:00",
  "value" : "10"
},{
  "dateTime" : "11/14/15 16:46:00",
  "value" : "10"
},{
  "dateTime" : "11/14/15 16:47:00",
  "value" : "20"
},{
  "dateTime" : "11/14/15 16:48:00",
  "value" : "10"
},{
  "dateTime" : "11/14/15 17:28:00",
  "value" : "10"
},{
  "dateTime" : "11/14/15 17:56:00",
  "value" : "10"
},{
  "dateTime" : "11/14/15 18:06:00",
  "value" : "10"
},{
  "dateTime" : "11/14/15 18:34:00",
  "value" : "10"
},{
  "dateTime" : "11/14/15 18:35:00",
  "value" : "20"
},{
  "dateTime" : "11/14/15 18:38:00",
  "value" : "10"
},{
  "dateTime" : "11/14/15 18:39:00",
  "value" : "10"
},{
  "dateTime" : "11/14/15 18:45:00",
  "value" : "10"
},{
  "dateTime" : "11/14/15 18:57:00",
  "value" : "10"
},{
  "dateTime" : "11/14/15 19:03:00",
  "value" : "10"
},{
  "dateTime" : "11/14/15 19:05:00",
  "value" : "10"
},{
  "dateTime" : "11/14/15 19:23:00",
  "value" : "10"
},{
  "dateTime" : "11/14/15 19:27:00",
  "value" : "10"
},{
  "dateTime" : "11/14/15 19:32:00",
  "value" : "10"
},{
  "dateTime" : "11/14/15 19:34:00",
  "value" : "10"
},{
  "dateTime" : "11/14/15 19:53:00",
  "value" : "10"
},{
  "dateTime" : "11/14/15 19:58:00",
  "value" : "10"
},{
  "dateTime" : "11/14/15 20:42:00",
  "value" : "10"
},{
  "dateTime" : "11/14/15 20:46:00",
  "value" : "10"
},{
  "dateTime" : "11/15/15 00:55:00",
  "value" : "10"
},{
  "dateTime" : "11/15/15 00:57:00",
  "value" : "10"
},{
  "dateTime" : "11/15/15 00:59:00",
  "value" : "10"
},{
  "dateTime" : "11/15/15 01:25:00",
  "value" : "10"
},{
  "dateTime" : "11/15/15 08:57:00",
  "value" : "20"
},{
  "dateTime" : "11/15/15 09:13:00",
  "value" : "10"
},{
  "dateTime" : "11/15/15 09:19:00",
  "value" : "10"
},{
  "dateTime" : "11/15/15 09:47:00",
  "value" : "10"
},{
  "dateTime" : "11/15/15 10:57:00",
  "value" : "10"
},{
  "dateTime" : "11/15/15 11:08:00",
  "value" : "10"
},{
  "dateTime" : "11/15/15 11:37:00",
  "value" : "10"
},{
  "dateTime" : "11/15/15 11:50:00",
  "value" : "10"
},{
  "dateTime" : "11/15/15 11:58:00",
  "value" : "10"
},{
  "dateTime" : "11/15/15 12:00:00",
  "value" : "10"
},{
  "dateTime" : "11/15/15 13:15:00",
  "value" : "10"
},{
  "dateTime" : "11/15/15 13:23:00",
  "value" : "20"
},{
  "dateTime" : "11/15/15 17:33:00",
  "value" : "10"
},{
  "dateTime" : "11/15/15 18:20:00",
  "value" : "10"
},{
  "dateTime" : "11/15/15 18:27:00",
  "value" : "10"
},{
  "dateTime" : "11/15/15 19:41:00",
  "value" : "20"
},{
  "dateTime" : "11/15/15 19:43:00",
  "value" : "10"
},{
  "dateTime" : "11/15/15 19:44:00",
  "value" : "10"
},{
  "dateTime" : "11/15/15 19:46:00",
  "value" : "10"
},{
  "dateTime" : "11/15/15 19:48:00",
  "value" : "10"
},{
  "dateTime" : "11/15/15 19:50:00",
  "value" : "10"
},{
  "dateTime" : "11/16/15 07:22:00",
  "value" : "10"
},{
  "dateTime" : "11/16/15 09:26:00",
  "value" : "10"
},{
  "dateTime" : "11/16/15 09:48:00",
  "value" : "10"
},{
  "dateTime" : "11/16/15 10:46:00",
  "value" : "10"
},{
  "dateTime" : "11/16/15 10:47:00",
  "value" : "10"
},{
  "dateTime" : "11/16/15 10:48:00",
  "value" : "10"
},{
  "dateTime" : "11/16/15 10:50:00",
  "value" : "10"
},{
  "dateTime" : "11/16/15 11:29:00",
  "value" : "10"
},{
  "dateTime" : "11/16/15 11:30:00",
  "value" : "10"
},{
  "dateTime" : "11/16/15 12:30:00",
  "value" : "10"
},{
  "dateTime" : "11/16/15 12:31:00",
  "value" : "20"
},{
  "dateTime" : "11/16/15 13:01:00",
  "value" : "10"
},{
  "dateTime" : "11/16/15 13:18:00",
  "value" : "10"
},{
  "dateTime" : "11/16/15 14:19:00",
  "value" : "10"
},{
  "dateTime" : "11/16/15 14:26:00",
  "value" : "10"
},{
  "dateTime" : "11/16/15 14:58:00",
  "value" : "10"
},{
  "dateTime" : "11/16/15 16:14:00",
  "value" : "10"
},{
  "dateTime" : "11/16/15 16:17:00",
  "value" : "0"
},{
  "dateTime" : "11/16/15 16:19:00",
  "value" : "10"
},{
  "dateTime" : "11/16/15 16:20:00",
  "value" : "20"
},{
  "dateTime" : "11/16/15 16:21:00",
  "value" : "0"
},{
  "dateTime" : "11/16/15 16:25:00",
  "value" : "60"
},{
  "dateTime" : "11/16/15 16:27:00",
  "value" : "10"
},{
  "dateTime" : "11/16/15 16:29:00",
  "value" : "10"
},{
  "dateTime" : "11/16/15 16:31:00",
  "value" : "10"
},{
  "dateTime" : "11/16/15 16:32:00",
  "value" : "10"
},{
  "dateTime" : "11/16/15 16:33:00",
  "value" : "0"
},{
  "dateTime" : "11/16/15 16:34:00",
  "value" : "10"
},{
  "dateTime" : "11/16/15 16:35:00",
  "value" : "10"
},{
  "dateTime" : "11/16/15 16:36:00",
  "value" : "20"
},{
  "dateTime" : "11/16/15 16:38:00",
  "value" : "10"
},{
  "dateTime" : "11/16/15 16:39:00",
  "value" : "10"
},{
  "dateTime" : "11/16/15 16:40:00",
  "value" : "20"
},{
  "dateTime" : "11/16/15 16:41:00",
  "value" : "10"
},{
  "dateTime" : "11/16/15 16:43:00",
  "value" : "0"
},{
  "dateTime" : "11/16/15 16:47:00",
  "value" : "0"
},{
  "dateTime" : "11/16/15 16:50:00",
  "value" : "0"
},{
  "dateTime" : "11/16/15 16:57:00",
  "value" : "10"
},{
  "dateTime" : "11/16/15 16:58:00",
  "value" : "10"
},{
  "dateTime" : "11/16/15 17:02:00",
  "value" : "10"
},{
  "dateTime" : "11/16/15 17:04:00",
  "value" : "20"
},{
  "dateTime" : "11/16/15 17:05:00",
  "value" : "10"
},{
  "dateTime" : "11/16/15 18:25:00",
  "value" : "10"
},{
  "dateTime" : "11/16/15 18:32:00",
  "value" : "10"
},{
  "dateTime" : "11/16/15 23:06:00",
  "value" : "10"
},{
  "dateTime" : "11/17/15 08:10:00",
  "value" : "10"
},{
  "dateTime" : "11/17/15 08:24:00",
  "value" : "10"
},{
  "dateTime" : "11/17/15 09:59:00",
  "value" : "10"
},{
  "dateTime" : "11/17/15 13:13:00",
  "value" : "10"
},{
  "dateTime" : "11/17/15 15:05:00",
  "value" : "10"
},{
  "dateTime" : "11/17/15 15:25:00",
  "value" : "20"
},{
  "dateTime" : "11/17/15 15:38:00",
  "value" : "10"
},{
  "dateTime" : "11/17/15 15:43:00",
  "value" : "10"
},{
  "dateTime" : "11/17/15 15:44:00",
  "value" : "20"
},{
  "dateTime" : "11/17/15 16:45:00",
  "value" : "20"
},{
  "dateTime" : "11/17/15 16:46:00",
  "value" : "10"
},{
  "dateTime" : "11/17/15 17:28:00",
  "value" : "10"
},{
  "dateTime" : "11/17/15 17:31:00",
  "value" : "10"
},{
  "dateTime" : "11/17/15 19:48:00",
  "value" : "10"
},{
  "dateTime" : "11/17/15 21:21:00",
  "value" : "10"
},{
  "dateTime" : "11/17/15 21:24:00",
  "value" : "10"
},{
  "dateTime" : "11/17/15 21:51:00",
  "value" : "10"
},{
  "dateTime" : "11/18/15 07:00:00",
  "value" : "10"
},{
  "dateTime" : "11/18/15 07:14:00",
  "value" : "10"
},{
  "dateTime" : "11/18/15 07:17:00",
  "value" : "10"
},{
  "dateTime" : "11/18/15 07:18:00",
  "value" : "10"
},{
  "dateTime" : "11/18/15 08:00:00",
  "value" : "10"
},{
  "dateTime" : "11/18/15 08:16:00",
  "value" : "10"
},{
  "dateTime" : "11/18/15 08:17:00",
  "value" : "10"
},{
  "dateTime" : "11/18/15 08:50:00",
  "value" : "20"
},{
  "dateTime" : "11/18/15 08:51:00",
  "value" : "20"
},{
  "dateTime" : "11/18/15 17:32:00",
  "value" : "20"
},{
  "dateTime" : "11/18/15 17:33:00",
  "value" : "10"
},{
  "dateTime" : "11/18/15 17:34:00",
  "value" : "10"
},{
  "dateTime" : "11/18/15 17:35:00",
  "value" : "10"
},{
  "dateTime" : "11/18/15 17:49:00",
  "value" : "20"
},{
  "dateTime" : "11/18/15 18:03:00",
  "value" : "10"
},{
  "dateTime" : "11/18/15 18:34:00",
  "value" : "20"
},{
  "dateTime" : "11/18/15 20:16:00",
  "value" : "10"
},{
  "dateTime" : "11/18/15 22:16:00",
  "value" : "20"
},{
  "dateTime" : "11/19/15 06:25:00",
  "value" : "10"
},{
  "dateTime" : "11/19/15 06:43:00",
  "value" : "10"
},{
  "dateTime" : "11/19/15 06:57:00",
  "value" : "10"
},{
  "dateTime" : "11/19/15 07:08:00",
  "value" : "10"
},{
  "dateTime" : "11/19/15 07:23:00",
  "value" : "10"
},{
  "dateTime" : "11/19/15 08:51:00",
  "value" : "10"
},{
  "dateTime" : "11/19/15 08:52:00",
  "value" : "10"
},{
  "dateTime" : "11/19/15 13:29:00",
  "value" : "10"
},{
  "dateTime" : "11/19/15 13:30:00",
  "value" : "10"
},{
  "dateTime" : "11/19/15 15:00:00",
  "value" : "10"
},{
  "dateTime" : "11/19/15 17:56:00",
  "value" : "10"
},{
  "dateTime" : "11/19/15 20:45:00",
  "value" : "10"
},{
  "dateTime" : "11/19/15 21:00:00",
  "value" : "10"
},{
  "dateTime" : "11/19/15 21:11:00",
  "value" : "10"
},{
  "dateTime" : "11/19/15 21:29:00",
  "value" : "10"
},{
  "dateTime" : "11/19/15 21:31:00",
  "value" : "10"
},{
  "dateTime" : "11/19/15 22:57:00",
  "value" : "10"
},{
  "dateTime" : "11/20/15 06:41:00",
  "value" : "10"
},{
  "dateTime" : "11/20/15 06:51:00",
  "value" : "10"
},{
  "dateTime" : "11/20/15 07:26:00",
  "value" : "10"
},{
  "dateTime" : "11/20/15 07:37:00",
  "value" : "10"
},{
  "dateTime" : "11/20/15 08:29:00",
  "value" : "10"
},{
  "dateTime" : "11/20/15 08:40:00",
  "value" : "20"
},{
  "dateTime" : "11/20/15 08:41:00",
  "value" : "10"
},{
  "dateTime" : "11/20/15 13:36:00",
  "value" : "10"
},{
  "dateTime" : "11/20/15 13:37:00",
  "value" : "10"
},{
  "dateTime" : "11/20/15 13:38:00",
  "value" : "10"
},{
  "dateTime" : "11/20/15 15:50:00",
  "value" : "10"
},{
  "dateTime" : "11/20/15 16:57:00",
  "value" : "10"
},{
  "dateTime" : "11/20/15 18:42:00",
  "value" : "10"
},{
  "dateTime" : "11/20/15 19:53:00",
  "value" : "20"
},{
  "dateTime" : "11/20/15 21:06:00",
  "value" : "10"
},{
  "dateTime" : "11/20/15 21:26:00",
  "value" : "10"
},{
  "dateTime" : "11/20/15 21:27:00",
  "value" : "10"
},{
  "dateTime" : "11/21/15 08:11:00",
  "value" : "10"
},{
  "dateTime" : "11/21/15 09:06:00",
  "value" : "10"
},{
  "dateTime" : "11/21/15 10:01:00",
  "value" : "10"
},{
  "dateTime" : "11/21/15 10:21:00",
  "value" : "20"
},{
  "dateTime" : "11/21/15 10:22:00",
  "value" : "10"
},{
  "dateTime" : "11/21/15 10:24:00",
  "value" : "20"
},{
  "dateTime" : "11/21/15 10:33:00",
  "value" : "10"
},{
  "dateTime" : "11/21/15 10:35:00",
  "value" : "20"
},{
  "dateTime" : "11/21/15 10:37:00",
  "value" : "10"
},{
  "dateTime" : "11/21/15 10:47:00",
  "value" : "10"
},{
  "dateTime" : "11/21/15 10:57:00",
  "value" : "10"
},{
  "dateTime" : "11/21/15 10:59:00",
  "value" : "20"
},{
  "dateTime" : "11/21/15 11:02:00",
  "value" : "10"
},{
  "dateTime" : "11/21/15 11:22:00",
  "value" : "10"
},{
  "dateTime" : "11/21/15 12:06:00",
  "value" : "10"
},{
  "dateTime" : "11/21/15 12:40:00",
  "value" : "20"
},{
  "dateTime" : "11/21/15 12:43:00",
  "value" : "20"
},{
  "dateTime" : "11/21/15 12:44:00",
  "value" : "0"
},{
  "dateTime" : "11/21/15 12:48:00",
  "value" : "10"
},{
  "dateTime" : "11/21/15 12:50:00",
  "value" : "10"
},{
  "dateTime" : "11/21/15 12:52:00",
  "value" : "10"
},{
  "dateTime" : "11/21/15 12:53:00",
  "value" : "10"
},{
  "dateTime" : "11/21/15 12:54:00",
  "value" : "20"
},{
  "dateTime" : "11/21/15 12:56:00",
  "value" : "10"
},{
  "dateTime" : "11/21/15 12:57:00",
  "value" : "10"
},{
  "dateTime" : "11/21/15 12:59:00",
  "value" : "20"
},{
  "dateTime" : "11/21/15 13:00:00",
  "value" : "10"
},{
  "dateTime" : "11/21/15 13:01:00",
  "value" : "0"
},{
  "dateTime" : "11/21/15 13:05:00",
  "value" : "0"
},{
  "dateTime" : "11/21/15 13:09:00",
  "value" : "0"
},{
  "dateTime" : "11/21/15 13:13:00",
  "value" : "10"
},{
  "dateTime" : "11/21/15 13:14:00",
  "value" : "10"
},{
  "dateTime" : "11/21/15 13:17:00",
  "value" : "10"
},{
  "dateTime" : "11/21/15 13:22:00",
  "value" : "0"
},{
  "dateTime" : "11/21/15 13:26:00",
  "value" : "10"
},{
  "dateTime" : "11/21/15 13:28:00",
  "value" : "20"
},{
  "dateTime" : "11/21/15 13:30:00",
  "value" : "10"
},{
  "dateTime" : "11/21/15 13:31:00",
  "value" : "10"
},{
  "dateTime" : "11/21/15 13:32:00",
  "value" : "10"
},{
  "dateTime" : "11/21/15 13:34:00",
  "value" : "0"
},{
  "dateTime" : "11/21/15 13:38:00",
  "value" : "30"
},{
  "dateTime" : "11/21/15 13:39:00",
  "value" : "30"
},{
  "dateTime" : "11/21/15 13:43:00",
  "value" : "20"
},{
  "dateTime" : "11/21/15 13:44:00",
  "value" : "30"
},{
  "dateTime" : "11/21/15 13:45:00",
  "value" : "10"
},{
  "dateTime" : "11/21/15 13:47:00",
  "value" : "0"
},{
  "dateTime" : "11/21/15 13:48:00",
  "value" : "10"
},{
  "dateTime" : "11/21/15 13:49:00",
  "value" : "10"
},{
  "dateTime" : "11/21/15 13:50:00",
  "value" : "20"
},{
  "dateTime" : "11/21/15 13:51:00",
  "value" : "10"
},{
  "dateTime" : "11/21/15 13:54:00",
  "value" : "20"
},{
  "dateTime" : "11/21/15 13:55:00",
  "value" : "10"
},{
  "dateTime" : "11/21/15 13:56:00",
  "value" : "10"
},{
  "dateTime" : "11/21/15 13:58:00",
  "value" : "10"
},{
  "dateTime" : "11/21/15 13:59:00",
  "value" : "10"
},{
  "dateTime" : "11/21/15 14:00:00",
  "value" : "0"
},{
  "dateTime" : "11/21/15 14:03:00",
  "value" : "20"
},{
  "dateTime" : "11/21/15 14:04:00",
  "value" : "0"
},{
  "dateTime" : "11/21/15 14:10:00",
  "value" : "10"
},{
  "dateTime" : "11/21/15 14:12:00",
  "value" : "0"
},{
  "dateTime" : "11/21/15 14:32:00",
  "value" : "30"
},{
  "dateTime" : "11/21/15 14:36:00",
  "value" : "20"
},{
  "dateTime" : "11/21/15 14:37:00",
  "value" : "20"
},{
  "dateTime" : "11/21/15 14:38:00",
  "value" : "10"
},{
  "dateTime" : "11/21/15 16:51:00",
  "value" : "20"
},{
  "dateTime" : "11/21/15 16:52:00",
  "value" : "10"
},{
  "dateTime" : "11/21/15 17:27:00",
  "value" : "10"
},{
  "dateTime" : "11/21/15 18:02:00",
  "value" : "10"
},{
  "dateTime" : "11/21/15 20:27:00",
  "value" : "10"
},{
  "dateTime" : "11/22/15 09:23:00",
  "value" : "10"
},{
  "dateTime" : "11/22/15 10:13:00",
  "value" : "10"
},{
  "dateTime" : "11/22/15 10:22:00",
  "value" : "10"
},{
  "dateTime" : "11/22/15 10:23:00",
  "value" : "10"
},{
  "dateTime" : "11/22/15 11:25:00",
  "value" : "20"
},{
  "dateTime" : "11/22/15 16:08:00",
  "value" : "10"
},{
  "dateTime" : "11/22/15 16:17:00",
  "value" : "10"
},{
  "dateTime" : "11/22/15 17:25:00",
  "value" : "10"
},{
  "dateTime" : "11/22/15 17:27:00",
  "value" : "10"
},{
  "dateTime" : "11/22/15 17:49:00",
  "value" : "10"
},{
  "dateTime" : "11/22/15 18:27:00",
  "value" : "20"
},{
  "dateTime" : "11/22/15 21:17:00",
  "value" : "10"
},{
  "dateTime" : "11/22/15 21:24:00",
  "value" : "10"
},{
  "dateTime" : "11/22/15 22:43:00",
  "value" : "10"
},{
  "dateTime" : "11/23/15 06:50:00",
  "value" : "10"
},{
  "dateTime" : "11/23/15 07:29:00",
  "value" : "20"
},{
  "dateTime" : "11/23/15 07:30:00",
  "value" : "10"
},{
  "dateTime" : "11/23/15 07:31:00",
  "value" : "10"
},{
  "dateTime" : "11/23/15 08:03:00",
  "value" : "10"
},{
  "dateTime" : "11/23/15 13:03:00",
  "value" : "20"
},{
  "dateTime" : "11/23/15 13:04:00",
  "value" : "10"
},{
  "dateTime" : "11/23/15 17:30:00",
  "value" : "10"
},{
  "dateTime" : "11/23/15 18:37:00",
  "value" : "10"
},{
  "dateTime" : "11/23/15 18:39:00",
  "value" : "10"
},{
  "dateTime" : "11/23/15 20:06:00",
  "value" : "10"
},{
  "dateTime" : "11/24/15 07:08:00",
  "value" : "10"
},{
  "dateTime" : "11/24/15 07:38:00",
  "value" : "10"
},{
  "dateTime" : "11/24/15 07:43:00",
  "value" : "10"
},{
  "dateTime" : "11/24/15 17:08:00",
  "value" : "10"
},{
  "dateTime" : "11/24/15 17:09:00",
  "value" : "10"
},{
  "dateTime" : "11/24/15 19:45:00",
  "value" : "10"
},{
  "dateTime" : "11/24/15 19:47:00",
  "value" : "10"
},{
  "dateTime" : "11/24/15 20:20:00",
  "value" : "10"
},{
  "dateTime" : "11/25/15 06:51:00",
  "value" : "10"
},{
  "dateTime" : "11/25/15 07:14:00",
  "value" : "10"
},{
  "dateTime" : "11/25/15 07:29:00",
  "value" : "10"
},{
  "dateTime" : "11/25/15 08:09:00",
  "value" : "10"
},{
  "dateTime" : "11/25/15 08:13:00",
  "value" : "10"
},{
  "dateTime" : "11/25/15 08:24:00",
  "value" : "10"
},{
  "dateTime" : "11/25/15 08:26:00",
  "value" : "10"
},{
  "dateTime" : "11/25/15 08:27:00",
  "value" : "10"
},{
  "dateTime" : "11/25/15 08:35:00",
  "value" : "10"
},{
  "dateTime" : "11/25/15 08:36:00",
  "value" : "10"
},{
  "dateTime" : "11/25/15 08:37:00",
  "value" : "10"
},{
  "dateTime" : "11/25/15 08:38:00",
  "value" : "10"
},{
  "dateTime" : "11/25/15 14:05:00",
  "value" : "20"
},{
  "dateTime" : "11/25/15 14:08:00",
  "value" : "20"
},{
  "dateTime" : "11/25/15 14:09:00",
  "value" : "10"
},{
  "dateTime" : "11/25/15 17:00:00",
  "value" : "10"
},{
  "dateTime" : "11/25/15 17:58:00",
  "value" : "10"
},{
  "dateTime" : "11/25/15 17:59:00",
  "value" : "10"
},{
  "dateTime" : "11/25/15 18:00:00",
  "value" : "10"
},{
  "dateTime" : "11/25/15 18:50:00",
  "value" : "20"
},{
  "dateTime" : "11/25/15 18:52:00",
  "value" : "10"
},{
  "dateTime" : "11/25/15 18:53:00",
  "value" : "20"
},{
  "dateTime" : "11/25/15 19:12:00",
  "value" : "10"
},{
  "dateTime" : "11/26/15 07:09:00",
  "value" : "10"
},{
  "dateTime" : "11/26/15 07:25:00",
  "value" : "10"
},{
  "dateTime" : "11/26/15 07:29:00",
  "value" : "10"
},{
  "dateTime" : "11/26/15 08:36:00",
  "value" : "10"
},{
  "dateTime" : "11/26/15 11:58:00",
  "value" : "20"
},{
  "dateTime" : "11/26/15 11:59:00",
  "value" : "20"
},{
  "dateTime" : "11/26/15 12:00:00",
  "value" : "10"
},{
  "dateTime" : "11/26/15 12:02:00",
  "value" : "10"
},{
  "dateTime" : "11/26/15 17:06:00",
  "value" : "10"
},{
  "dateTime" : "11/26/15 19:16:00",
  "value" : "10"
},{
  "dateTime" : "11/26/15 19:19:00",
  "value" : "10"
},{
  "dateTime" : "11/26/15 20:17:00",
  "value" : "20"
},{
  "dateTime" : "11/26/15 20:26:00",
  "value" : "10"
},{
  "dateTime" : "11/26/15 20:27:00",
  "value" : "20"
},{
  "dateTime" : "11/26/15 21:18:00",
  "value" : "10"
},{
  "dateTime" : "11/26/15 21:32:00",
  "value" : "10"
},{
  "dateTime" : "11/26/15 22:58:00",
  "value" : "10"
},{
  "dateTime" : "11/26/15 23:01:00",
  "value" : "10"
},{
  "dateTime" : "11/26/15 23:04:00",
  "value" : "10"
},{
  "dateTime" : "11/27/15 06:56:00",
  "value" : "10"
},{
  "dateTime" : "11/27/15 07:25:00",
  "value" : "10"
},{
  "dateTime" : "11/27/15 07:26:00",
  "value" : "10"
},{
  "dateTime" : "11/27/15 07:27:00",
  "value" : "10"
},{
  "dateTime" : "11/27/15 07:49:00",
  "value" : "10"
},{
  "dateTime" : "11/27/15 08:09:00",
  "value" : "10"
},{
  "dateTime" : "11/27/15 08:23:00",
  "value" : "20"
},{
  "dateTime" : "11/27/15 08:33:00",
  "value" : "10"
},{
  "dateTime" : "11/27/15 08:34:00",
  "value" : "10"
},{
  "dateTime" : "11/27/15 08:35:00",
  "value" : "10"
},{
  "dateTime" : "11/27/15 08:42:00",
  "value" : "10"
},{
  "dateTime" : "11/27/15 13:47:00",
  "value" : "10"
},{
  "dateTime" : "11/27/15 13:50:00",
  "value" : "10"
},{
  "dateTime" : "11/27/15 13:52:00",
  "value" : "20"
},{
  "dateTime" : "11/27/15 15:33:00",
  "value" : "10"
},{
  "dateTime" : "11/27/15 16:00:00",
  "value" : "20"
},{
  "dateTime" : "11/27/15 16:28:00",
  "value" : "10"
},{
  "dateTime" : "11/27/15 17:00:00",
  "value" : "10"
},{
  "dateTime" : "11/27/15 18:35:00",
  "value" : "30"
},{
  "dateTime" : "11/27/15 18:40:00",
  "value" : "20"
},{
  "dateTime" : "11/27/15 18:58:00",
  "value" : "10"
},{
  "dateTime" : "11/27/15 20:17:00",
  "value" : "10"
},{
  "dateTime" : "11/27/15 20:41:00",
  "value" : "10"
},{
  "dateTime" : "11/28/15 00:10:00",
  "value" : "10"
},{
  "dateTime" : "11/28/15 09:05:00",
  "value" : "10"
},{
  "dateTime" : "11/28/15 09:23:00",
  "value" : "10"
},{
  "dateTime" : "11/28/15 10:27:00",
  "value" : "10"
},{
  "dateTime" : "11/28/15 10:40:00",
  "value" : "10"
},{
  "dateTime" : "11/28/15 10:46:00",
  "value" : "10"
},{
  "dateTime" : "11/28/15 11:14:00",
  "value" : "10"
},{
  "dateTime" : "11/28/15 11:35:00",
  "value" : "10"
},{
  "dateTime" : "11/28/15 11:48:00",
  "value" : "10"
},{
  "dateTime" : "11/28/15 12:14:00",
  "value" : "10"
},{
  "dateTime" : "11/28/15 12:36:00",
  "value" : "10"
},{
  "dateTime" : "11/28/15 13:36:00",
  "value" : "10"
},{
  "dateTime" : "11/28/15 14:21:00",
  "value" : "10"
},{
  "dateTime" : "11/28/15 16:04:00",
  "value" : "10"
},{
  "dateTime" : "11/28/15 19:12:00",
  "value" : "10"
},{
  "dateTime" : "11/28/15 22:34:00",
  "value" : "10"
},{
  "dateTime" : "11/29/15 10:34:00",
  "value" : "10"
},{
  "dateTime" : "11/29/15 10:57:00",
  "value" : "10"
},{
  "dateTime" : "11/29/15 14:16:00",
  "value" : "30"
},{
  "dateTime" : "11/29/15 17:13:00",
  "value" : "10"
},{
  "dateTime" : "11/29/15 17:27:00",
  "value" : "10"
},{
  "dateTime" : "11/29/15 17:28:00",
  "value" : "10"
},{
  "dateTime" : "11/29/15 17:32:00",
  "value" : "10"
},{
  "dateTime" : "11/29/15 17:49:00",
  "value" : "10"
},{
  "dateTime" : "11/29/15 17:52:00",
  "value" : "10"
},{
  "dateTime" : "11/29/15 18:21:00",
  "value" : "10"
},{
  "dateTime" : "11/29/15 22:59:00",
  "value" : "10"
},{
  "dateTime" : "11/29/15 23:00:00",
  "value" : "10"
},{
  "dateTime" : "11/29/15 23:42:00",
  "value" : "20"
},{
  "dateTime" : "11/29/15 23:44:00",
  "value" : "10"
},{
  "dateTime" : "11/30/15 06:50:00",
  "value" : "10"
},{
  "dateTime" : "11/30/15 06:51:00",
  "value" : "10"
},{
  "dateTime" : "11/30/15 08:45:00",
  "value" : "10"
},{
  "dateTime" : "11/30/15 08:46:00",
  "value" : "10"
},{
  "dateTime" : "11/30/15 17:12:00",
  "value" : "10"
},{
  "dateTime" : "11/30/15 17:18:00",
  "value" : "10"
},{
  "dateTime" : "11/30/15 20:55:00",
  "value" : "10"
},{
  "dateTime" : "11/30/15 20:59:00",
  "value" : "10"
},{
  "dateTime" : "11/30/15 21:00:00",
  "value" : "10"
},{
  "dateTime" : "12/01/15 07:03:00",
  "value" : "10"
},{
  "dateTime" : "12/01/15 07:28:00",
  "value" : "10"
},{
  "dateTime" : "12/01/15 08:10:00",
  "value" : "10"
},{
  "dateTime" : "12/01/15 08:23:00",
  "value" : "10"
},{
  "dateTime" : "12/01/15 08:25:00",
  "value" : "10"
},{
  "dateTime" : "12/01/15 08:33:00",
  "value" : "10"
},{
  "dateTime" : "12/01/15 08:34:00",
  "value" : "20"
},{
  "dateTime" : "12/01/15 08:42:00",
  "value" : "10"
},{
  "dateTime" : "12/01/15 08:43:00",
  "value" : "10"
},{
  "dateTime" : "12/01/15 13:10:00",
  "value" : "10"
},{
  "dateTime" : "12/01/15 13:14:00",
  "value" : "20"
},{
  "dateTime" : "12/01/15 13:15:00",
  "value" : "20"
},{
  "dateTime" : "12/01/15 17:22:00",
  "value" : "10"
},{
  "dateTime" : "12/01/15 17:24:00",
  "value" : "10"
},{
  "dateTime" : "12/01/15 17:25:00",
  "value" : "10"
},{
  "dateTime" : "12/01/15 17:26:00",
  "value" : "20"
},{
  "dateTime" : "12/01/15 17:27:00",
  "value" : "10"
},{
  "dateTime" : "12/01/15 17:50:00",
  "value" : "10"
},{
  "dateTime" : "12/01/15 18:14:00",
  "value" : "10"
},{
  "dateTime" : "12/01/15 18:16:00",
  "value" : "20"
},{
  "dateTime" : "12/01/15 18:17:00",
  "value" : "10"
},{
  "dateTime" : "12/01/15 18:21:00",
  "value" : "10"
},{
  "dateTime" : "12/01/15 18:26:00",
  "value" : "20"
},{
  "dateTime" : "12/01/15 18:31:00",
  "value" : "10"
},{
  "dateTime" : "12/01/15 19:42:00",
  "value" : "10"
},{
  "dateTime" : "12/01/15 19:43:00",
  "value" : "10"
},{
  "dateTime" : "12/01/15 19:45:00",
  "value" : "20"
},{
  "dateTime" : "12/01/15 19:47:00",
  "value" : "10"
},{
  "dateTime" : "12/01/15 19:49:00",
  "value" : "10"
},{
  "dateTime" : "12/01/15 22:01:00",
  "value" : "10"
},{
  "dateTime" : "12/02/15 06:53:00",
  "value" : "10"
},{
  "dateTime" : "12/02/15 07:34:00",
  "value" : "20"
},{
  "dateTime" : "12/02/15 13:00:00",
  "value" : "10"
},{
  "dateTime" : "12/02/15 13:01:00",
  "value" : "10"
},{
  "dateTime" : "12/02/15 13:02:00",
  "value" : "10"
},{
  "dateTime" : "12/02/15 17:55:00",
  "value" : "10"
},{
  "dateTime" : "12/02/15 17:56:00",
  "value" : "10"
},{
  "dateTime" : "12/02/15 17:57:00",
  "value" : "10"
},{
  "dateTime" : "12/02/15 17:59:00",
  "value" : "10"
},{
  "dateTime" : "12/02/15 18:47:00",
  "value" : "10"
},{
  "dateTime" : "12/02/15 19:49:00",
  "value" : "10"
},{
  "dateTime" : "12/03/15 00:12:00",
  "value" : "10"
},{
  "dateTime" : "12/03/15 00:17:00",
  "value" : "20"
},{
  "dateTime" : "12/03/15 02:46:00",
  "value" : "10"
},{
  "dateTime" : "12/03/15 07:15:00",
  "value" : "20"
},{
  "dateTime" : "12/03/15 07:27:00",
  "value" : "10"
},{
  "dateTime" : "12/03/15 07:30:00",
  "value" : "10"
},{
  "dateTime" : "12/03/15 07:35:00",
  "value" : "10"
},{
  "dateTime" : "12/03/15 07:36:00",
  "value" : "10"
},{
  "dateTime" : "12/03/15 08:03:00",
  "value" : "10"
},{
  "dateTime" : "12/03/15 08:29:00",
  "value" : "10"
},{
  "dateTime" : "12/03/15 08:37:00",
  "value" : "10"
},{
  "dateTime" : "12/03/15 08:38:00",
  "value" : "20"
},{
  "dateTime" : "12/03/15 08:41:00",
  "value" : "10"
},{
  "dateTime" : "12/03/15 13:09:00",
  "value" : "10"
},{
  "dateTime" : "12/03/15 13:10:00",
  "value" : "10"
},{
  "dateTime" : "12/03/15 13:11:00",
  "value" : "20"
},{
  "dateTime" : "12/03/15 17:21:00",
  "value" : "10"
},{
  "dateTime" : "12/03/15 17:24:00",
  "value" : "10"
},{
  "dateTime" : "12/03/15 17:25:00",
  "value" : "20"
},{
  "dateTime" : "12/03/15 17:27:00",
  "value" : "10"
},{
  "dateTime" : "12/03/15 17:28:00",
  "value" : "20"
},{
  "dateTime" : "12/03/15 17:39:00",
  "value" : "10"
},{
  "dateTime" : "12/03/15 17:44:00",
  "value" : "20"
},{
  "dateTime" : "12/03/15 17:53:00",
  "value" : "20"
},{
  "dateTime" : "12/03/15 18:21:00",
  "value" : "10"
},{
  "dateTime" : "12/03/15 18:22:00",
  "value" : "10"
},{
  "dateTime" : "12/03/15 18:23:00",
  "value" : "20"
},{
  "dateTime" : "12/03/15 18:25:00",
  "value" : "10"
},{
  "dateTime" : "12/03/15 20:39:00",
  "value" : "20"
},{
  "dateTime" : "12/03/15 21:01:00",
  "value" : "10"
},{
  "dateTime" : "12/03/15 21:15:00",
  "value" : "20"
},{
  "dateTime" : "12/03/15 21:18:00",
  "value" : "10"
},{
  "dateTime" : "12/03/15 21:28:00",
  "value" : "10"
},{
  "dateTime" : "12/03/15 21:30:00",
  "value" : "10"
},{
  "dateTime" : "12/03/15 22:20:00",
  "value" : "20"
},{
  "dateTime" : "12/04/15 06:53:00",
  "value" : "10"
},{
  "dateTime" : "12/04/15 07:15:00",
  "value" : "10"
},{
  "dateTime" : "12/04/15 07:30:00",
  "value" : "10"
},{
  "dateTime" : "12/04/15 07:34:00",
  "value" : "20"
},{
  "dateTime" : "12/04/15 07:35:00",
  "value" : "10"
},{
  "dateTime" : "12/04/15 08:21:00",
  "value" : "10"
},{
  "dateTime" : "12/04/15 08:22:00",
  "value" : "10"
},{
  "dateTime" : "12/04/15 08:30:00",
  "value" : "10"
},{
  "dateTime" : "12/04/15 08:31:00",
  "value" : "20"
},{
  "dateTime" : "12/04/15 08:32:00",
  "value" : "20"
},{
  "dateTime" : "12/04/15 13:19:00",
  "value" : "20"
},{
  "dateTime" : "12/04/15 13:20:00",
  "value" : "10"
},{
  "dateTime" : "12/04/15 17:48:00",
  "value" : "10"
},{
  "dateTime" : "12/04/15 17:49:00",
  "value" : "10"
},{
  "dateTime" : "12/04/15 17:51:00",
  "value" : "10"
},{
  "dateTime" : "12/04/15 17:52:00",
  "value" : "10"
},{
  "dateTime" : "12/04/15 17:53:00",
  "value" : "10"
},{
  "dateTime" : "12/04/15 18:08:00",
  "value" : "10"
},{
  "dateTime" : "12/04/15 18:51:00",
  "value" : "10"
},{
  "dateTime" : "12/04/15 19:16:00",
  "value" : "0"
},{
  "dateTime" : "12/04/15 19:19:00",
  "value" : "10"
},{
  "dateTime" : "12/04/15 19:21:00",
  "value" : "10"
},{
  "dateTime" : "12/04/15 19:22:00",
  "value" : "10"
},{
  "dateTime" : "12/04/15 19:23:00",
  "value" : "20"
},{
  "dateTime" : "12/04/15 19:24:00",
  "value" : "10"
},{
  "dateTime" : "12/04/15 19:26:00",
  "value" : "0"
},{
  "dateTime" : "12/04/15 19:30:00",
  "value" : "60"
},{
  "dateTime" : "12/04/15 19:31:00",
  "value" : "0"
},{
  "dateTime" : "12/04/15 19:33:00",
  "value" : "10"
},{
  "dateTime" : "12/04/15 19:35:00",
  "value" : "10"
},{
  "dateTime" : "12/04/15 19:38:00",
  "value" : "10"
},{
  "dateTime" : "12/04/15 19:39:00",
  "value" : "10"
},{
  "dateTime" : "12/04/15 19:40:00",
  "value" : "0"
},{
  "dateTime" : "12/04/15 19:42:00",
  "value" : "10"
},{
  "dateTime" : "12/04/15 19:43:00",
  "value" : "10"
},{
  "dateTime" : "12/04/15 19:44:00",
  "value" : "10"
},{
  "dateTime" : "12/04/15 19:45:00",
  "value" : "10"
},{
  "dateTime" : "12/04/15 19:46:00",
  "value" : "10"
},{
  "dateTime" : "12/04/15 19:47:00",
  "value" : "10"
},{
  "dateTime" : "12/04/15 19:48:00",
  "value" : "20"
},{
  "dateTime" : "12/04/15 19:50:00",
  "value" : "0"
},{
  "dateTime" : "12/04/15 19:54:00",
  "value" : "0"
},{
  "dateTime" : "12/04/15 19:57:00",
  "value" : "0"
},{
  "dateTime" : "12/04/15 20:14:00",
  "value" : "10"
},{
  "dateTime" : "12/04/15 20:21:00",
  "value" : "20"
},{
  "dateTime" : "12/04/15 20:22:00",
  "value" : "10"
},{
  "dateTime" : "12/04/15 20:24:00",
  "value" : "10"
},{
  "dateTime" : "12/04/15 20:55:00",
  "value" : "10"
},{
  "dateTime" : "12/05/15 07:27:00",
  "value" : "10"
},{
  "dateTime" : "12/05/15 10:54:00",
  "value" : "0"
},{
  "dateTime" : "12/05/15 12:40:00",
  "value" : "10"
},{
  "dateTime" : "12/05/15 18:12:00",
  "value" : "10"
},{
  "dateTime" : "12/05/15 18:20:00",
  "value" : "10"
},{
  "dateTime" : "12/05/15 18:24:00",
  "value" : "10"
},{
  "dateTime" : "12/05/15 20:12:00",
  "value" : "10"
},{
  "dateTime" : "12/05/15 20:44:00",
  "value" : "10"
},{
  "dateTime" : "12/05/15 20:46:00",
  "value" : "10"
},{
  "dateTime" : "12/05/15 20:47:00",
  "value" : "10"
},{
  "dateTime" : "12/05/15 21:11:00",
  "value" : "10"
},{
  "dateTime" : "12/05/15 21:50:00",
  "value" : "10"
}]