[{
  "dateTime" : "05/29/17 06:58:00",
  "value" : "10"
},{
  "dateTime" : "05/29/17 07:38:00",
  "value" : "10"
},{
  "dateTime" : "05/29/17 08:54:00",
  "value" : "20"
},{
  "dateTime" : "05/29/17 13:11:00",
  "value" : "10"
},{
  "dateTime" : "05/29/17 13:13:00",
  "value" : "10"
},{
  "dateTime" : "05/29/17 13:29:00",
  "value" : "10"
},{
  "dateTime" : "05/29/17 13:30:00",
  "value" : "10"
},{
  "dateTime" : "05/29/17 13:31:00",
  "value" : "20"
},{
  "dateTime" : "05/29/17 17:46:00",
  "value" : "10"
},{
  "dateTime" : "05/29/17 17:47:00",
  "value" : "10"
},{
  "dateTime" : "05/29/17 17:48:00",
  "value" : "10"
},{
  "dateTime" : "05/29/17 17:49:00",
  "value" : "10"
},{
  "dateTime" : "05/29/17 18:31:00",
  "value" : "10"
},{
  "dateTime" : "05/29/17 18:33:00",
  "value" : "10"
},{
  "dateTime" : "05/30/17 12:01:00",
  "value" : "10"
},{
  "dateTime" : "05/30/17 12:09:00",
  "value" : "10"
},{
  "dateTime" : "05/30/17 12:16:00",
  "value" : "10"
},{
  "dateTime" : "05/30/17 12:33:00",
  "value" : "10"
},{
  "dateTime" : "05/30/17 12:35:00",
  "value" : "10"
},{
  "dateTime" : "05/30/17 13:19:00",
  "value" : "20"
},{
  "dateTime" : "05/30/17 13:37:00",
  "value" : "20"
},{
  "dateTime" : "05/30/17 13:38:00",
  "value" : "10"
},{
  "dateTime" : "05/30/17 14:57:00",
  "value" : "10"
},{
  "dateTime" : "05/30/17 14:58:00",
  "value" : "10"
},{
  "dateTime" : "05/30/17 16:12:00",
  "value" : "10"
},{
  "dateTime" : "05/30/17 16:13:00",
  "value" : "20"
},{
  "dateTime" : "05/30/17 16:52:00",
  "value" : "10"
},{
  "dateTime" : "05/30/17 16:53:00",
  "value" : "20"
},{
  "dateTime" : "05/30/17 16:55:00",
  "value" : "10"
},{
  "dateTime" : "05/30/17 17:01:00",
  "value" : "10"
},{
  "dateTime" : "05/30/17 17:03:00",
  "value" : "10"
},{
  "dateTime" : "05/30/17 17:37:00",
  "value" : "10"
},{
  "dateTime" : "05/31/17 07:17:00",
  "value" : "10"
},{
  "dateTime" : "05/31/17 07:28:00",
  "value" : "10"
},{
  "dateTime" : "05/31/17 08:56:00",
  "value" : "20"
},{
  "dateTime" : "05/31/17 14:32:00",
  "value" : "10"
},{
  "dateTime" : "05/31/17 14:34:00",
  "value" : "10"
},{
  "dateTime" : "05/31/17 14:35:00",
  "value" : "20"
},{
  "dateTime" : "05/31/17 17:35:00",
  "value" : "10"
},{
  "dateTime" : "05/31/17 17:36:00",
  "value" : "20"
},{
  "dateTime" : "05/31/17 17:39:00",
  "value" : "10"
},{
  "dateTime" : "05/31/17 19:03:00",
  "value" : "10"
},{
  "dateTime" : "05/31/17 19:27:00",
  "value" : "10"
},{
  "dateTime" : "05/31/17 19:28:00",
  "value" : "10"
},{
  "dateTime" : "05/31/17 19:40:00",
  "value" : "10"
},{
  "dateTime" : "05/31/17 20:05:00",
  "value" : "10"
},{
  "dateTime" : "05/31/17 20:10:00",
  "value" : "20"
},{
  "dateTime" : "06/01/17 00:46:00",
  "value" : "10"
},{
  "dateTime" : "06/01/17 09:19:00",
  "value" : "0"
},{
  "dateTime" : "06/01/17 09:23:00",
  "value" : "0"
},{
  "dateTime" : "06/01/17 09:24:00",
  "value" : "10"
},{
  "dateTime" : "06/01/17 09:25:00",
  "value" : "20"
},{
  "dateTime" : "06/01/17 09:26:00",
  "value" : "0"
},{
  "dateTime" : "06/01/17 09:38:00",
  "value" : "0"
},{
  "dateTime" : "06/01/17 09:40:00",
  "value" : "0"
},{
  "dateTime" : "06/01/17 09:42:00",
  "value" : "10"
},{
  "dateTime" : "06/01/17 09:43:00",
  "value" : "40"
},{
  "dateTime" : "06/01/17 09:44:00",
  "value" : "10"
},{
  "dateTime" : "06/01/17 09:46:00",
  "value" : "10"
},{
  "dateTime" : "06/01/17 09:48:00",
  "value" : "10"
},{
  "dateTime" : "06/01/17 09:49:00",
  "value" : "10"
},{
  "dateTime" : "06/01/17 09:51:00",
  "value" : "0"
},{
  "dateTime" : "06/01/17 09:53:00",
  "value" : "10"
},{
  "dateTime" : "06/01/17 09:54:00",
  "value" : "10"
},{
  "dateTime" : "06/01/17 09:56:00",
  "value" : "0"
},{
  "dateTime" : "06/01/17 09:57:00",
  "value" : "0"
},{
  "dateTime" : "06/01/17 09:59:00",
  "value" : "0"
},{
  "dateTime" : "06/01/17 10:00:00",
  "value" : "20"
},{
  "dateTime" : "06/01/17 10:01:00",
  "value" : "10"
},{
  "dateTime" : "06/01/17 10:04:00",
  "value" : "10"
},{
  "dateTime" : "06/01/17 10:05:00",
  "value" : "10"
},{
  "dateTime" : "06/01/17 10:06:00",
  "value" : "10"
},{
  "dateTime" : "06/01/17 10:07:00",
  "value" : "10"
},{
  "dateTime" : "06/01/17 10:09:00",
  "value" : "0"
},{
  "dateTime" : "06/01/17 10:10:00",
  "value" : "10"
},{
  "dateTime" : "06/01/17 10:12:00",
  "value" : "20"
},{
  "dateTime" : "06/01/17 10:13:00",
  "value" : "10"
},{
  "dateTime" : "06/01/17 10:15:00",
  "value" : "0"
},{
  "dateTime" : "06/01/17 10:16:00",
  "value" : "0"
},{
  "dateTime" : "06/01/17 10:19:00",
  "value" : "20"
},{
  "dateTime" : "06/01/17 10:21:00",
  "value" : "10"
},{
  "dateTime" : "06/01/17 10:26:00",
  "value" : "20"
},{
  "dateTime" : "06/01/17 10:27:00",
  "value" : "10"
},{
  "dateTime" : "06/01/17 12:39:00",
  "value" : "10"
},{
  "dateTime" : "06/01/17 12:40:00",
  "value" : "10"
},{
  "dateTime" : "06/01/17 14:11:00",
  "value" : "10"
},{
  "dateTime" : "06/01/17 14:41:00",
  "value" : "10"
},{
  "dateTime" : "06/01/17 15:34:00",
  "value" : "10"
},{
  "dateTime" : "06/02/17 11:09:00",
  "value" : "10"
},{
  "dateTime" : "06/02/17 11:33:00",
  "value" : "10"
},{
  "dateTime" : "06/02/17 16:38:00",
  "value" : "10"
},{
  "dateTime" : "06/02/17 16:39:00",
  "value" : "10"
},{
  "dateTime" : "06/02/17 17:39:00",
  "value" : "10"
},{
  "dateTime" : "06/02/17 19:44:00",
  "value" : "10"
},{
  "dateTime" : "06/02/17 19:46:00",
  "value" : "10"
},{
  "dateTime" : "06/02/17 19:49:00",
  "value" : "10"
},{
  "dateTime" : "06/02/17 19:51:00",
  "value" : "10"
},{
  "dateTime" : "06/03/17 00:17:00",
  "value" : "10"
},{
  "dateTime" : "06/03/17 00:33:00",
  "value" : "20"
},{
  "dateTime" : "06/03/17 00:34:00",
  "value" : "10"
},{
  "dateTime" : "06/03/17 00:36:00",
  "value" : "10"
},{
  "dateTime" : "06/03/17 00:37:00",
  "value" : "10"
},{
  "dateTime" : "06/03/17 07:22:00",
  "value" : "10"
},{
  "dateTime" : "06/04/17 12:08:00",
  "value" : "10"
},{
  "dateTime" : "06/04/17 12:09:00",
  "value" : "10"
},{
  "dateTime" : "06/04/17 12:10:00",
  "value" : "10"
},{
  "dateTime" : "06/04/17 12:13:00",
  "value" : "20"
},{
  "dateTime" : "06/04/17 12:16:00",
  "value" : "20"
},{
  "dateTime" : "06/04/17 12:51:00",
  "value" : "10"
},{
  "dateTime" : "06/04/17 13:40:00",
  "value" : "10"
},{
  "dateTime" : "06/04/17 13:41:00",
  "value" : "10"
},{
  "dateTime" : "06/04/17 14:30:00",
  "value" : "10"
},{
  "dateTime" : "06/04/17 14:36:00",
  "value" : "10"
},{
  "dateTime" : "06/04/17 15:02:00",
  "value" : "10"
},{
  "dateTime" : "06/04/17 15:03:00",
  "value" : "10"
},{
  "dateTime" : "06/04/17 22:14:00",
  "value" : "0"
},{
  "dateTime" : "06/04/17 22:15:00",
  "value" : "0"
},{
  "dateTime" : "06/04/17 22:25:00",
  "value" : "20"
},{
  "dateTime" : "06/04/17 22:26:00",
  "value" : "30"
},{
  "dateTime" : "06/04/17 22:27:00",
  "value" : "10"
},{
  "dateTime" : "06/04/17 22:32:00",
  "value" : "0"
},{
  "dateTime" : "06/04/17 22:35:00",
  "value" : "10"
},{
  "dateTime" : "06/04/17 22:36:00",
  "value" : "0"
},{
  "dateTime" : "06/04/17 22:37:00",
  "value" : "0"
},{
  "dateTime" : "06/04/17 22:38:00",
  "value" : "10"
},{
  "dateTime" : "06/04/17 22:39:00",
  "value" : "20"
},{
  "dateTime" : "06/04/17 22:41:00",
  "value" : "0"
},{
  "dateTime" : "06/04/17 22:43:00",
  "value" : "10"
},{
  "dateTime" : "06/04/17 22:44:00",
  "value" : "10"
},{
  "dateTime" : "06/04/17 22:46:00",
  "value" : "0"
},{
  "dateTime" : "06/04/17 22:47:00",
  "value" : "20"
},{
  "dateTime" : "06/04/17 22:48:00",
  "value" : "10"
},{
  "dateTime" : "06/04/17 22:50:00",
  "value" : "0"
},{
  "dateTime" : "06/04/17 22:52:00",
  "value" : "20"
},{
  "dateTime" : "06/04/17 22:54:00",
  "value" : "0"
},{
  "dateTime" : "06/04/17 22:57:00",
  "value" : "10"
},{
  "dateTime" : "06/04/17 22:58:00",
  "value" : "20"
},{
  "dateTime" : "06/05/17 07:33:00",
  "value" : "10"
},{
  "dateTime" : "06/05/17 09:49:00",
  "value" : "10"
},{
  "dateTime" : "06/05/17 10:45:00",
  "value" : "10"
},{
  "dateTime" : "06/05/17 10:47:00",
  "value" : "10"
},{
  "dateTime" : "06/05/17 10:54:00",
  "value" : "20"
},{
  "dateTime" : "06/05/17 10:55:00",
  "value" : "10"
},{
  "dateTime" : "06/05/17 11:32:00",
  "value" : "10"
},{
  "dateTime" : "06/05/17 11:37:00",
  "value" : "10"
},{
  "dateTime" : "06/05/17 11:38:00",
  "value" : "30"
},{
  "dateTime" : "06/05/17 11:39:00",
  "value" : "20"
},{
  "dateTime" : "06/05/17 11:46:00",
  "value" : "10"
},{
  "dateTime" : "06/05/17 11:51:00",
  "value" : "10"
},{
  "dateTime" : "06/05/17 11:54:00",
  "value" : "10"
},{
  "dateTime" : "06/05/17 11:55:00",
  "value" : "20"
},{
  "dateTime" : "06/05/17 18:17:00",
  "value" : "10"
},{
  "dateTime" : "06/05/17 18:55:00",
  "value" : "10"
},{
  "dateTime" : "06/05/17 18:56:00",
  "value" : "10"
},{
  "dateTime" : "06/05/17 18:59:00",
  "value" : "10"
},{
  "dateTime" : "06/05/17 21:53:00",
  "value" : "10"
},{
  "dateTime" : "06/05/17 21:54:00",
  "value" : "10"
},{
  "dateTime" : "06/05/17 22:07:00",
  "value" : "10"
},{
  "dateTime" : "06/05/17 22:09:00",
  "value" : "10"
},{
  "dateTime" : "06/05/17 22:22:00",
  "value" : "10"
},{
  "dateTime" : "06/05/17 23:20:00",
  "value" : "10"
},{
  "dateTime" : "06/05/17 23:31:00",
  "value" : "20"
},{
  "dateTime" : "06/05/17 23:38:00",
  "value" : "10"
},{
  "dateTime" : "06/06/17 11:06:00",
  "value" : "10"
},{
  "dateTime" : "06/06/17 11:07:00",
  "value" : "10"
},{
  "dateTime" : "06/06/17 11:45:00",
  "value" : "10"
},{
  "dateTime" : "06/06/17 11:56:00",
  "value" : "10"
},{
  "dateTime" : "06/06/17 11:57:00",
  "value" : "30"
},{
  "dateTime" : "06/06/17 12:04:00",
  "value" : "10"
},{
  "dateTime" : "06/06/17 12:06:00",
  "value" : "10"
},{
  "dateTime" : "06/06/17 12:07:00",
  "value" : "10"
},{
  "dateTime" : "06/06/17 12:09:00",
  "value" : "10"
},{
  "dateTime" : "06/06/17 12:18:00",
  "value" : "20"
},{
  "dateTime" : "06/06/17 12:20:00",
  "value" : "10"
},{
  "dateTime" : "06/06/17 12:22:00",
  "value" : "10"
},{
  "dateTime" : "06/06/17 16:19:00",
  "value" : "20"
},{
  "dateTime" : "06/06/17 16:37:00",
  "value" : "20"
},{
  "dateTime" : "06/06/17 16:38:00",
  "value" : "20"
},{
  "dateTime" : "06/06/17 16:41:00",
  "value" : "10"
},{
  "dateTime" : "06/06/17 17:01:00",
  "value" : "10"
},{
  "dateTime" : "06/06/17 17:04:00",
  "value" : "10"
},{
  "dateTime" : "06/06/17 17:05:00",
  "value" : "10"
},{
  "dateTime" : "06/06/17 17:06:00",
  "value" : "10"
},{
  "dateTime" : "06/06/17 20:01:00",
  "value" : "20"
},{
  "dateTime" : "06/06/17 20:35:00",
  "value" : "10"
},{
  "dateTime" : "06/06/17 20:36:00",
  "value" : "20"
},{
  "dateTime" : "06/06/17 20:43:00",
  "value" : "10"
},{
  "dateTime" : "06/06/17 21:32:00",
  "value" : "10"
},{
  "dateTime" : "06/06/17 22:03:00",
  "value" : "10"
},{
  "dateTime" : "06/07/17 07:08:00",
  "value" : "10"
},{
  "dateTime" : "06/07/17 07:41:00",
  "value" : "10"
},{
  "dateTime" : "06/07/17 07:44:00",
  "value" : "10"
},{
  "dateTime" : "06/07/17 07:48:00",
  "value" : "10"
},{
  "dateTime" : "06/07/17 08:28:00",
  "value" : "10"
},{
  "dateTime" : "06/07/17 08:42:00",
  "value" : "10"
},{
  "dateTime" : "06/07/17 08:50:00",
  "value" : "20"
},{
  "dateTime" : "06/07/17 08:55:00",
  "value" : "20"
},{
  "dateTime" : "06/07/17 13:24:00",
  "value" : "10"
},{
  "dateTime" : "06/07/17 13:25:00",
  "value" : "10"
},{
  "dateTime" : "06/07/17 13:26:00",
  "value" : "20"
},{
  "dateTime" : "06/08/17 17:35:00",
  "value" : "10"
},{
  "dateTime" : "06/08/17 17:36:00",
  "value" : "20"
},{
  "dateTime" : "06/08/17 17:37:00",
  "value" : "10"
},{
  "dateTime" : "06/08/17 17:39:00",
  "value" : "10"
},{
  "dateTime" : "06/08/17 17:59:00",
  "value" : "20"
},{
  "dateTime" : "06/08/17 18:40:00",
  "value" : "10"
},{
  "dateTime" : "06/08/17 18:42:00",
  "value" : "10"
},{
  "dateTime" : "06/09/17 08:57:00",
  "value" : "10"
},{
  "dateTime" : "06/09/17 11:21:00",
  "value" : "10"
},{
  "dateTime" : "06/09/17 12:22:00",
  "value" : "10"
},{
  "dateTime" : "06/09/17 13:32:00",
  "value" : "10"
},{
  "dateTime" : "06/09/17 16:21:00",
  "value" : "10"
},{
  "dateTime" : "06/09/17 17:44:00",
  "value" : "10"
},{
  "dateTime" : "06/10/17 08:23:00",
  "value" : "10"
},{
  "dateTime" : "06/10/17 08:30:00",
  "value" : "10"
},{
  "dateTime" : "06/10/17 08:40:00",
  "value" : "10"
},{
  "dateTime" : "06/10/17 09:04:00",
  "value" : "10"
},{
  "dateTime" : "06/10/17 09:35:00",
  "value" : "10"
},{
  "dateTime" : "06/10/17 12:00:00",
  "value" : "10"
},{
  "dateTime" : "06/10/17 13:31:00",
  "value" : "10"
},{
  "dateTime" : "06/10/17 13:32:00",
  "value" : "10"
},{
  "dateTime" : "06/10/17 13:52:00",
  "value" : "10"
},{
  "dateTime" : "06/10/17 14:57:00",
  "value" : "10"
},{
  "dateTime" : "06/10/17 17:28:00",
  "value" : "10"
},{
  "dateTime" : "06/10/17 17:42:00",
  "value" : "10"
},{
  "dateTime" : "06/11/17 00:22:00",
  "value" : "10"
},{
  "dateTime" : "06/11/17 09:23:00",
  "value" : "10"
},{
  "dateTime" : "06/11/17 10:55:00",
  "value" : "10"
},{
  "dateTime" : "06/11/17 12:53:00",
  "value" : "10"
},{
  "dateTime" : "06/11/17 16:27:00",
  "value" : "10"
},{
  "dateTime" : "06/11/17 20:19:00",
  "value" : "10"
},{
  "dateTime" : "06/13/17 07:55:00",
  "value" : "10"
},{
  "dateTime" : "06/13/17 08:02:00",
  "value" : "10"
},{
  "dateTime" : "06/13/17 08:25:00",
  "value" : "10"
},{
  "dateTime" : "06/13/17 08:44:00",
  "value" : "20"
},{
  "dateTime" : "06/13/17 08:45:00",
  "value" : "30"
},{
  "dateTime" : "06/13/17 08:47:00",
  "value" : "10"
},{
  "dateTime" : "06/13/17 08:59:00",
  "value" : "30"
},{
  "dateTime" : "06/13/17 09:00:00",
  "value" : "20"
},{
  "dateTime" : "06/13/17 11:15:00",
  "value" : "20"
},{
  "dateTime" : "06/13/17 12:53:00",
  "value" : "10"
},{
  "dateTime" : "06/13/17 12:57:00",
  "value" : "10"
},{
  "dateTime" : "06/13/17 19:09:00",
  "value" : "10"
},{
  "dateTime" : "06/13/17 19:37:00",
  "value" : "10"
},{
  "dateTime" : "06/13/17 19:39:00",
  "value" : "10"
},{
  "dateTime" : "06/13/17 20:22:00",
  "value" : "10"
},{
  "dateTime" : "06/14/17 06:17:00",
  "value" : "10"
},{
  "dateTime" : "06/14/17 06:42:00",
  "value" : "10"
},{
  "dateTime" : "06/14/17 06:44:00",
  "value" : "10"
},{
  "dateTime" : "06/14/17 06:47:00",
  "value" : "10"
},{
  "dateTime" : "06/14/17 06:48:00",
  "value" : "20"
},{
  "dateTime" : "06/14/17 10:51:00",
  "value" : "10"
},{
  "dateTime" : "06/14/17 10:59:00",
  "value" : "10"
},{
  "dateTime" : "06/14/17 11:33:00",
  "value" : "40"
},{
  "dateTime" : "06/14/17 12:26:00",
  "value" : "10"
},{
  "dateTime" : "06/14/17 12:27:00",
  "value" : "10"
},{
  "dateTime" : "06/14/17 12:30:00",
  "value" : "0"
},{
  "dateTime" : "06/14/17 12:32:00",
  "value" : "10"
},{
  "dateTime" : "06/14/17 12:37:00",
  "value" : "10"
},{
  "dateTime" : "06/14/17 12:55:00",
  "value" : "10"
},{
  "dateTime" : "06/14/17 13:00:00",
  "value" : "10"
},{
  "dateTime" : "06/14/17 13:09:00",
  "value" : "10"
},{
  "dateTime" : "06/14/17 13:11:00",
  "value" : "10"
},{
  "dateTime" : "06/14/17 13:12:00",
  "value" : "0"
},{
  "dateTime" : "06/14/17 16:12:00",
  "value" : "10"
},{
  "dateTime" : "06/15/17 09:49:00",
  "value" : "10"
},{
  "dateTime" : "06/15/17 10:29:00",
  "value" : "10"
},{
  "dateTime" : "06/15/17 10:38:00",
  "value" : "10"
},{
  "dateTime" : "06/15/17 11:22:00",
  "value" : "10"
},{
  "dateTime" : "06/15/17 11:29:00",
  "value" : "40"
},{
  "dateTime" : "06/15/17 11:30:00",
  "value" : "20"
},{
  "dateTime" : "06/15/17 14:11:00",
  "value" : "20"
},{
  "dateTime" : "06/15/17 14:27:00",
  "value" : "10"
},{
  "dateTime" : "06/15/17 18:06:00",
  "value" : "20"
},{
  "dateTime" : "06/15/17 18:25:00",
  "value" : "10"
},{
  "dateTime" : "06/15/17 18:33:00",
  "value" : "10"
},{
  "dateTime" : "06/15/17 18:37:00",
  "value" : "10"
},{
  "dateTime" : "06/16/17 12:12:00",
  "value" : "10"
},{
  "dateTime" : "06/16/17 12:13:00",
  "value" : "20"
},{
  "dateTime" : "06/16/17 18:38:00",
  "value" : "10"
},{
  "dateTime" : "06/16/17 22:34:00",
  "value" : "10"
},{
  "dateTime" : "06/17/17 09:45:00",
  "value" : "10"
},{
  "dateTime" : "06/17/17 09:47:00",
  "value" : "10"
},{
  "dateTime" : "06/17/17 12:58:00",
  "value" : "10"
},{
  "dateTime" : "06/17/17 16:24:00",
  "value" : "10"
},{
  "dateTime" : "06/17/17 18:18:00",
  "value" : "20"
},{
  "dateTime" : "06/18/17 11:18:00",
  "value" : "10"
},{
  "dateTime" : "06/18/17 17:20:00",
  "value" : "10"
},{
  "dateTime" : "06/18/17 17:49:00",
  "value" : "10"
},{
  "dateTime" : "06/18/17 21:14:00",
  "value" : "10"
},{
  "dateTime" : "06/19/17 07:26:00",
  "value" : "10"
},{
  "dateTime" : "06/19/17 07:34:00",
  "value" : "10"
},{
  "dateTime" : "06/19/17 07:46:00",
  "value" : "10"
},{
  "dateTime" : "06/19/17 08:50:00",
  "value" : "10"
},{
  "dateTime" : "06/19/17 08:51:00",
  "value" : "10"
},{
  "dateTime" : "06/19/17 13:00:00",
  "value" : "10"
},{
  "dateTime" : "06/19/17 13:01:00",
  "value" : "10"
},{
  "dateTime" : "06/19/17 13:27:00",
  "value" : "20"
},{
  "dateTime" : "06/19/17 13:28:00",
  "value" : "20"
},{
  "dateTime" : "06/19/17 17:45:00",
  "value" : "10"
},{
  "dateTime" : "06/19/17 17:46:00",
  "value" : "10"
},{
  "dateTime" : "06/19/17 17:47:00",
  "value" : "10"
},{
  "dateTime" : "06/19/17 17:51:00",
  "value" : "10"
},{
  "dateTime" : "06/19/17 18:34:00",
  "value" : "10"
},{
  "dateTime" : "06/19/17 18:35:00",
  "value" : "10"
},{
  "dateTime" : "06/19/17 20:19:00",
  "value" : "10"
},{
  "dateTime" : "06/19/17 20:48:00",
  "value" : "10"
},{
  "dateTime" : "06/19/17 23:10:00",
  "value" : "10"
},{
  "dateTime" : "06/20/17 07:16:00",
  "value" : "10"
},{
  "dateTime" : "06/20/17 08:54:00",
  "value" : "10"
},{
  "dateTime" : "06/20/17 09:33:00",
  "value" : "10"
},{
  "dateTime" : "06/20/17 09:35:00",
  "value" : "10"
},{
  "dateTime" : "06/20/17 09:44:00",
  "value" : "30"
},{
  "dateTime" : "06/20/17 09:45:00",
  "value" : "20"
},{
  "dateTime" : "06/20/17 09:55:00",
  "value" : "10"
},{
  "dateTime" : "06/20/17 12:24:00",
  "value" : "20"
},{
  "dateTime" : "06/20/17 12:34:00",
  "value" : "10"
},{
  "dateTime" : "06/20/17 12:38:00",
  "value" : "20"
},{
  "dateTime" : "06/20/17 14:36:00",
  "value" : "10"
},{
  "dateTime" : "06/20/17 14:38:00",
  "value" : "10"
},{
  "dateTime" : "06/20/17 17:20:00",
  "value" : "10"
},{
  "dateTime" : "06/20/17 17:28:00",
  "value" : "10"
},{
  "dateTime" : "06/20/17 17:34:00",
  "value" : "10"
},{
  "dateTime" : "06/20/17 17:35:00",
  "value" : "10"
},{
  "dateTime" : "06/20/17 17:42:00",
  "value" : "10"
},{
  "dateTime" : "06/20/17 17:43:00",
  "value" : "20"
},{
  "dateTime" : "06/20/17 17:44:00",
  "value" : "20"
},{
  "dateTime" : "06/20/17 21:06:00",
  "value" : "10"
},{
  "dateTime" : "06/20/17 21:07:00",
  "value" : "30"
},{
  "dateTime" : "06/20/17 21:38:00",
  "value" : "10"
},{
  "dateTime" : "06/20/17 21:39:00",
  "value" : "10"
},{
  "dateTime" : "06/21/17 07:20:00",
  "value" : "10"
},{
  "dateTime" : "06/21/17 08:40:00",
  "value" : "10"
},{
  "dateTime" : "06/21/17 08:55:00",
  "value" : "10"
},{
  "dateTime" : "06/21/17 09:16:00",
  "value" : "10"
},{
  "dateTime" : "06/21/17 09:19:00",
  "value" : "10"
},{
  "dateTime" : "06/21/17 10:09:00",
  "value" : "10"
},{
  "dateTime" : "06/21/17 10:23:00",
  "value" : "20"
},{
  "dateTime" : "06/21/17 10:24:00",
  "value" : "20"
},{
  "dateTime" : "06/21/17 10:33:00",
  "value" : "10"
},{
  "dateTime" : "06/21/17 11:16:00",
  "value" : "10"
},{
  "dateTime" : "06/21/17 11:32:00",
  "value" : "10"
},{
  "dateTime" : "06/21/17 11:37:00",
  "value" : "10"
},{
  "dateTime" : "06/21/17 11:43:00",
  "value" : "10"
},{
  "dateTime" : "06/21/17 15:06:00",
  "value" : "20"
},{
  "dateTime" : "06/21/17 15:42:00",
  "value" : "10"
},{
  "dateTime" : "06/21/17 15:43:00",
  "value" : "10"
},{
  "dateTime" : "06/21/17 21:34:00",
  "value" : "10"
},{
  "dateTime" : "06/21/17 21:38:00",
  "value" : "10"
},{
  "dateTime" : "06/21/17 22:03:00",
  "value" : "10"
},{
  "dateTime" : "06/21/17 22:05:00",
  "value" : "10"
},{
  "dateTime" : "06/21/17 22:15:00",
  "value" : "10"
},{
  "dateTime" : "06/21/17 22:16:00",
  "value" : "10"
},{
  "dateTime" : "06/21/17 22:57:00",
  "value" : "10"
},{
  "dateTime" : "06/21/17 22:59:00",
  "value" : "10"
},{
  "dateTime" : "06/22/17 07:25:00",
  "value" : "10"
},{
  "dateTime" : "06/22/17 08:50:00",
  "value" : "10"
},{
  "dateTime" : "06/22/17 09:22:00",
  "value" : "10"
},{
  "dateTime" : "06/22/17 09:40:00",
  "value" : "10"
},{
  "dateTime" : "06/22/17 09:41:00",
  "value" : "10"
},{
  "dateTime" : "06/22/17 09:50:00",
  "value" : "20"
},{
  "dateTime" : "06/22/17 13:48:00",
  "value" : "10"
},{
  "dateTime" : "06/22/17 15:35:00",
  "value" : "10"
},{
  "dateTime" : "06/22/17 21:06:00",
  "value" : "10"
},{
  "dateTime" : "06/22/17 22:03:00",
  "value" : "10"
},{
  "dateTime" : "06/22/17 22:05:00",
  "value" : "10"
},{
  "dateTime" : "06/22/17 22:28:00",
  "value" : "10"
},{
  "dateTime" : "06/22/17 22:49:00",
  "value" : "20"
},{
  "dateTime" : "06/22/17 22:51:00",
  "value" : "10"
},{
  "dateTime" : "06/22/17 22:53:00",
  "value" : "10"
},{
  "dateTime" : "06/22/17 22:55:00",
  "value" : "20"
},{
  "dateTime" : "06/22/17 23:15:00",
  "value" : "10"
},{
  "dateTime" : "06/22/17 23:30:00",
  "value" : "20"
},{
  "dateTime" : "06/22/17 23:39:00",
  "value" : "10"
},{
  "dateTime" : "06/22/17 23:47:00",
  "value" : "10"
},{
  "dateTime" : "06/22/17 23:55:00",
  "value" : "10"
},{
  "dateTime" : "06/23/17 00:19:00",
  "value" : "10"
},{
  "dateTime" : "06/23/17 00:39:00",
  "value" : "10"
},{
  "dateTime" : "06/23/17 00:42:00",
  "value" : "10"
},{
  "dateTime" : "06/23/17 05:02:00",
  "value" : "10"
},{
  "dateTime" : "06/23/17 05:06:00",
  "value" : "10"
},{
  "dateTime" : "06/23/17 06:19:00",
  "value" : "10"
},{
  "dateTime" : "06/23/17 06:29:00",
  "value" : "10"
},{
  "dateTime" : "06/23/17 06:47:00",
  "value" : "10"
},{
  "dateTime" : "06/23/17 10:16:00",
  "value" : "10"
},{
  "dateTime" : "06/23/17 11:25:00",
  "value" : "10"
},{
  "dateTime" : "06/23/17 12:12:00",
  "value" : "10"
},{
  "dateTime" : "06/23/17 13:01:00",
  "value" : "10"
},{
  "dateTime" : "06/23/17 13:02:00",
  "value" : "10"
},{
  "dateTime" : "06/23/17 13:19:00",
  "value" : "10"
},{
  "dateTime" : "06/23/17 13:20:00",
  "value" : "20"
},{
  "dateTime" : "06/23/17 13:22:00",
  "value" : "10"
},{
  "dateTime" : "06/23/17 13:40:00",
  "value" : "20"
},{
  "dateTime" : "06/23/17 13:41:00",
  "value" : "10"
},{
  "dateTime" : "06/23/17 13:46:00",
  "value" : "10"
},{
  "dateTime" : "06/23/17 13:47:00",
  "value" : "10"
},{
  "dateTime" : "06/23/17 13:48:00",
  "value" : "20"
},{
  "dateTime" : "06/23/17 13:49:00",
  "value" : "20"
},{
  "dateTime" : "06/23/17 13:51:00",
  "value" : "10"
},{
  "dateTime" : "06/23/17 13:52:00",
  "value" : "10"
},{
  "dateTime" : "06/23/17 14:03:00",
  "value" : "10"
},{
  "dateTime" : "06/23/17 14:04:00",
  "value" : "10"
},{
  "dateTime" : "06/23/17 14:06:00",
  "value" : "10"
},{
  "dateTime" : "06/23/17 14:08:00",
  "value" : "10"
},{
  "dateTime" : "06/23/17 14:15:00",
  "value" : "20"
},{
  "dateTime" : "06/23/17 14:16:00",
  "value" : "30"
},{
  "dateTime" : "06/23/17 14:17:00",
  "value" : "40"
},{
  "dateTime" : "06/23/17 14:19:00",
  "value" : "20"
},{
  "dateTime" : "06/23/17 14:50:00",
  "value" : "20"
},{
  "dateTime" : "06/23/17 14:52:00",
  "value" : "10"
},{
  "dateTime" : "06/23/17 15:11:00",
  "value" : "10"
},{
  "dateTime" : "06/23/17 15:21:00",
  "value" : "10"
},{
  "dateTime" : "06/23/17 15:23:00",
  "value" : "20"
},{
  "dateTime" : "06/23/17 15:24:00",
  "value" : "10"
},{
  "dateTime" : "06/23/17 15:29:00",
  "value" : "10"
},{
  "dateTime" : "06/23/17 16:16:00",
  "value" : "20"
},{
  "dateTime" : "06/23/17 16:17:00",
  "value" : "10"
},{
  "dateTime" : "06/23/17 16:18:00",
  "value" : "20"
},{
  "dateTime" : "06/23/17 16:19:00",
  "value" : "10"
},{
  "dateTime" : "06/23/17 16:22:00",
  "value" : "10"
},{
  "dateTime" : "06/23/17 16:33:00",
  "value" : "10"
},{
  "dateTime" : "06/23/17 16:43:00",
  "value" : "20"
},{
  "dateTime" : "06/23/17 16:44:00",
  "value" : "20"
},{
  "dateTime" : "06/23/17 16:45:00",
  "value" : "10"
},{
  "dateTime" : "06/23/17 16:49:00",
  "value" : "10"
},{
  "dateTime" : "06/23/17 16:56:00",
  "value" : "10"
},{
  "dateTime" : "06/23/17 17:00:00",
  "value" : "60"
},{
  "dateTime" : "06/23/17 17:01:00",
  "value" : "30"
},{
  "dateTime" : "06/23/17 17:02:00",
  "value" : "20"
},{
  "dateTime" : "06/23/17 17:05:00",
  "value" : "10"
},{
  "dateTime" : "06/23/17 17:06:00",
  "value" : "10"
},{
  "dateTime" : "06/23/17 17:08:00",
  "value" : "30"
},{
  "dateTime" : "06/23/17 17:11:00",
  "value" : "10"
},{
  "dateTime" : "06/23/17 17:12:00",
  "value" : "10"
},{
  "dateTime" : "06/23/17 17:15:00",
  "value" : "20"
},{
  "dateTime" : "06/23/17 17:16:00",
  "value" : "20"
},{
  "dateTime" : "06/23/17 17:25:00",
  "value" : "20"
},{
  "dateTime" : "06/23/17 17:26:00",
  "value" : "20"
},{
  "dateTime" : "06/23/17 17:27:00",
  "value" : "10"
},{
  "dateTime" : "06/23/17 17:28:00",
  "value" : "10"
},{
  "dateTime" : "06/23/17 17:39:00",
  "value" : "10"
},{
  "dateTime" : "06/23/17 17:40:00",
  "value" : "20"
},{
  "dateTime" : "06/23/17 17:45:00",
  "value" : "10"
},{
  "dateTime" : "06/23/17 17:51:00",
  "value" : "20"
},{
  "dateTime" : "06/23/17 18:32:00",
  "value" : "10"
},{
  "dateTime" : "06/23/17 19:56:00",
  "value" : "10"
},{
  "dateTime" : "06/23/17 21:23:00",
  "value" : "10"
},{
  "dateTime" : "06/24/17 09:40:00",
  "value" : "10"
},{
  "dateTime" : "06/24/17 09:43:00",
  "value" : "10"
},{
  "dateTime" : "06/24/17 09:47:00",
  "value" : "10"
},{
  "dateTime" : "06/24/17 09:49:00",
  "value" : "10"
},{
  "dateTime" : "06/24/17 10:11:00",
  "value" : "10"
},{
  "dateTime" : "06/24/17 10:20:00",
  "value" : "10"
},{
  "dateTime" : "06/24/17 10:25:00",
  "value" : "30"
},{
  "dateTime" : "06/24/17 10:26:00",
  "value" : "10"
},{
  "dateTime" : "06/24/17 10:27:00",
  "value" : "10"
},{
  "dateTime" : "06/24/17 10:31:00",
  "value" : "20"
},{
  "dateTime" : "06/24/17 10:32:00",
  "value" : "10"
},{
  "dateTime" : "06/24/17 10:33:00",
  "value" : "20"
},{
  "dateTime" : "06/24/17 10:34:00",
  "value" : "10"
},{
  "dateTime" : "06/24/17 10:35:00",
  "value" : "20"
},{
  "dateTime" : "06/24/17 10:36:00",
  "value" : "10"
},{
  "dateTime" : "06/24/17 10:37:00",
  "value" : "10"
},{
  "dateTime" : "06/24/17 10:38:00",
  "value" : "10"
},{
  "dateTime" : "06/24/17 10:40:00",
  "value" : "10"
},{
  "dateTime" : "06/24/17 10:43:00",
  "value" : "10"
},{
  "dateTime" : "06/24/17 10:55:00",
  "value" : "20"
},{
  "dateTime" : "06/24/17 11:06:00",
  "value" : "10"
},{
  "dateTime" : "06/24/17 11:07:00",
  "value" : "10"
},{
  "dateTime" : "06/24/17 11:18:00",
  "value" : "10"
},{
  "dateTime" : "06/24/17 11:19:00",
  "value" : "10"
},{
  "dateTime" : "06/24/17 11:20:00",
  "value" : "10"
},{
  "dateTime" : "06/24/17 11:30:00",
  "value" : "20"
},{
  "dateTime" : "06/24/17 11:31:00",
  "value" : "10"
},{
  "dateTime" : "06/24/17 11:32:00",
  "value" : "50"
},{
  "dateTime" : "06/24/17 11:54:00",
  "value" : "10"
},{
  "dateTime" : "06/24/17 11:55:00",
  "value" : "10"
},{
  "dateTime" : "06/24/17 12:08:00",
  "value" : "10"
},{
  "dateTime" : "06/24/17 13:41:00",
  "value" : "10"
},{
  "dateTime" : "06/24/17 16:20:00",
  "value" : "10"
},{
  "dateTime" : "06/24/17 16:21:00",
  "value" : "10"
},{
  "dateTime" : "06/24/17 16:43:00",
  "value" : "10"
},{
  "dateTime" : "06/24/17 16:50:00",
  "value" : "10"
},{
  "dateTime" : "06/24/17 16:51:00",
  "value" : "10"
},{
  "dateTime" : "06/24/17 16:52:00",
  "value" : "10"
},{
  "dateTime" : "06/24/17 16:55:00",
  "value" : "10"
},{
  "dateTime" : "06/24/17 16:56:00",
  "value" : "10"
},{
  "dateTime" : "06/24/17 16:58:00",
  "value" : "10"
},{
  "dateTime" : "06/24/17 17:00:00",
  "value" : "10"
},{
  "dateTime" : "06/24/17 17:01:00",
  "value" : "10"
},{
  "dateTime" : "06/24/17 17:15:00",
  "value" : "10"
},{
  "dateTime" : "06/24/17 17:18:00",
  "value" : "10"
},{
  "dateTime" : "06/24/17 20:13:00",
  "value" : "10"
},{
  "dateTime" : "06/24/17 20:14:00",
  "value" : "20"
},{
  "dateTime" : "06/24/17 20:18:00",
  "value" : "10"
},{
  "dateTime" : "06/24/17 20:33:00",
  "value" : "10"
},{
  "dateTime" : "06/25/17 09:49:00",
  "value" : "10"
},{
  "dateTime" : "06/25/17 10:41:00",
  "value" : "30"
},{
  "dateTime" : "06/25/17 10:46:00",
  "value" : "10"
},{
  "dateTime" : "06/25/17 10:48:00",
  "value" : "10"
},{
  "dateTime" : "06/25/17 11:24:00",
  "value" : "10"
},{
  "dateTime" : "06/25/17 11:27:00",
  "value" : "10"
},{
  "dateTime" : "06/25/17 12:20:00",
  "value" : "10"
},{
  "dateTime" : "06/25/17 13:00:00",
  "value" : "10"
},{
  "dateTime" : "06/25/17 14:40:00",
  "value" : "10"
},{
  "dateTime" : "06/25/17 14:41:00",
  "value" : "10"
},{
  "dateTime" : "06/25/17 14:42:00",
  "value" : "10"
},{
  "dateTime" : "06/25/17 14:51:00",
  "value" : "10"
},{
  "dateTime" : "06/25/17 16:08:00",
  "value" : "10"
},{
  "dateTime" : "06/25/17 16:13:00",
  "value" : "20"
},{
  "dateTime" : "06/25/17 16:17:00",
  "value" : "20"
},{
  "dateTime" : "06/25/17 16:18:00",
  "value" : "10"
},{
  "dateTime" : "06/25/17 16:19:00",
  "value" : "10"
},{
  "dateTime" : "06/25/17 16:20:00",
  "value" : "10"
},{
  "dateTime" : "06/25/17 16:21:00",
  "value" : "20"
},{
  "dateTime" : "06/25/17 16:24:00",
  "value" : "10"
},{
  "dateTime" : "06/25/17 16:28:00",
  "value" : "10"
},{
  "dateTime" : "06/25/17 16:29:00",
  "value" : "10"
},{
  "dateTime" : "06/25/17 16:30:00",
  "value" : "10"
},{
  "dateTime" : "06/25/17 16:33:00",
  "value" : "20"
},{
  "dateTime" : "06/25/17 16:47:00",
  "value" : "10"
},{
  "dateTime" : "06/25/17 16:54:00",
  "value" : "30"
},{
  "dateTime" : "06/25/17 16:56:00",
  "value" : "10"
},{
  "dateTime" : "06/25/17 16:57:00",
  "value" : "10"
},{
  "dateTime" : "06/25/17 16:59:00",
  "value" : "10"
},{
  "dateTime" : "06/25/17 17:01:00",
  "value" : "20"
},{
  "dateTime" : "06/25/17 17:03:00",
  "value" : "10"
},{
  "dateTime" : "06/25/17 17:04:00",
  "value" : "30"
},{
  "dateTime" : "06/25/17 17:05:00",
  "value" : "30"
},{
  "dateTime" : "06/25/17 17:06:00",
  "value" : "20"
},{
  "dateTime" : "06/25/17 17:07:00",
  "value" : "40"
},{
  "dateTime" : "06/25/17 17:08:00",
  "value" : "20"
},{
  "dateTime" : "06/25/17 17:09:00",
  "value" : "20"
},{
  "dateTime" : "06/25/17 17:19:00",
  "value" : "10"
},{
  "dateTime" : "06/25/17 17:21:00",
  "value" : "10"
},{
  "dateTime" : "06/25/17 17:24:00",
  "value" : "10"
},{
  "dateTime" : "06/25/17 17:27:00",
  "value" : "20"
},{
  "dateTime" : "06/25/17 17:28:00",
  "value" : "80"
},{
  "dateTime" : "06/25/17 18:37:00",
  "value" : "10"
},{
  "dateTime" : "06/25/17 18:55:00",
  "value" : "10"
},{
  "dateTime" : "06/26/17 06:58:00",
  "value" : "20"
},{
  "dateTime" : "06/26/17 07:21:00",
  "value" : "20"
},{
  "dateTime" : "06/26/17 07:29:00",
  "value" : "20"
},{
  "dateTime" : "06/26/17 08:42:00",
  "value" : "10"
},{
  "dateTime" : "06/26/17 08:44:00",
  "value" : "10"
},{
  "dateTime" : "06/26/17 08:45:00",
  "value" : "10"
},{
  "dateTime" : "06/26/17 08:47:00",
  "value" : "10"
},{
  "dateTime" : "06/26/17 08:49:00",
  "value" : "20"
},{
  "dateTime" : "06/26/17 08:50:00",
  "value" : "30"
},{
  "dateTime" : "06/26/17 08:58:00",
  "value" : "10"
},{
  "dateTime" : "06/26/17 09:01:00",
  "value" : "10"
},{
  "dateTime" : "06/26/17 09:02:00",
  "value" : "20"
},{
  "dateTime" : "06/26/17 09:04:00",
  "value" : "40"
},{
  "dateTime" : "06/26/17 09:06:00",
  "value" : "10"
},{
  "dateTime" : "06/26/17 10:13:00",
  "value" : "10"
},{
  "dateTime" : "06/26/17 10:15:00",
  "value" : "10"
},{
  "dateTime" : "06/26/17 10:16:00",
  "value" : "20"
},{
  "dateTime" : "06/26/17 10:54:00",
  "value" : "10"
},{
  "dateTime" : "06/26/17 10:55:00",
  "value" : "10"
},{
  "dateTime" : "06/26/17 12:40:00",
  "value" : "20"
},{
  "dateTime" : "06/26/17 12:41:00",
  "value" : "20"
},{
  "dateTime" : "06/26/17 12:52:00",
  "value" : "10"
},{
  "dateTime" : "06/26/17 14:15:00",
  "value" : "10"
},{
  "dateTime" : "06/26/17 17:08:00",
  "value" : "10"
},{
  "dateTime" : "06/26/17 17:50:00",
  "value" : "10"
},{
  "dateTime" : "06/26/17 17:57:00",
  "value" : "10"
},{
  "dateTime" : "06/26/17 18:40:00",
  "value" : "10"
},{
  "dateTime" : "06/26/17 18:42:00",
  "value" : "10"
},{
  "dateTime" : "06/26/17 18:44:00",
  "value" : "10"
},{
  "dateTime" : "06/27/17 08:05:00",
  "value" : "10"
},{
  "dateTime" : "06/27/17 08:18:00",
  "value" : "10"
},{
  "dateTime" : "06/27/17 08:47:00",
  "value" : "10"
},{
  "dateTime" : "06/27/17 12:17:00",
  "value" : "10"
},{
  "dateTime" : "06/27/17 12:26:00",
  "value" : "10"
},{
  "dateTime" : "06/27/17 12:34:00",
  "value" : "10"
},{
  "dateTime" : "06/27/17 12:35:00",
  "value" : "10"
},{
  "dateTime" : "06/27/17 12:36:00",
  "value" : "10"
},{
  "dateTime" : "06/27/17 13:17:00",
  "value" : "10"
},{
  "dateTime" : "06/27/17 13:57:00",
  "value" : "20"
},{
  "dateTime" : "06/27/17 13:59:00",
  "value" : "10"
},{
  "dateTime" : "06/27/17 14:19:00",
  "value" : "10"
},{
  "dateTime" : "06/27/17 14:21:00",
  "value" : "10"
},{
  "dateTime" : "06/27/17 15:05:00",
  "value" : "30"
},{
  "dateTime" : "06/27/17 15:08:00",
  "value" : "10"
},{
  "dateTime" : "06/27/17 15:53:00",
  "value" : "10"
},{
  "dateTime" : "06/27/17 15:58:00",
  "value" : "10"
},{
  "dateTime" : "06/27/17 15:59:00",
  "value" : "10"
},{
  "dateTime" : "06/27/17 16:00:00",
  "value" : "10"
},{
  "dateTime" : "06/27/17 16:01:00",
  "value" : "10"
},{
  "dateTime" : "06/27/17 16:02:00",
  "value" : "40"
},{
  "dateTime" : "06/27/17 16:29:00",
  "value" : "10"
},{
  "dateTime" : "06/27/17 16:33:00",
  "value" : "40"
},{
  "dateTime" : "06/27/17 16:44:00",
  "value" : "10"
},{
  "dateTime" : "06/27/17 16:45:00",
  "value" : "10"
}]