[{
  "dateTime" : "07/29/16 10:06:00",
  "value" : "10"
},{
  "dateTime" : "07/29/16 11:14:00",
  "value" : "10"
},{
  "dateTime" : "07/29/16 11:15:00",
  "value" : "10"
},{
  "dateTime" : "07/29/16 11:35:00",
  "value" : "20"
},{
  "dateTime" : "07/29/16 11:54:00",
  "value" : "10"
},{
  "dateTime" : "07/29/16 13:02:00",
  "value" : "20"
},{
  "dateTime" : "07/29/16 13:05:00",
  "value" : "10"
},{
  "dateTime" : "07/29/16 13:33:00",
  "value" : "10"
},{
  "dateTime" : "07/29/16 13:40:00",
  "value" : "10"
},{
  "dateTime" : "07/29/16 14:00:00",
  "value" : "10"
},{
  "dateTime" : "07/29/16 16:50:00",
  "value" : "20"
},{
  "dateTime" : "07/29/16 17:13:00",
  "value" : "10"
},{
  "dateTime" : "07/29/16 17:14:00",
  "value" : "20"
},{
  "dateTime" : "07/29/16 17:53:00",
  "value" : "20"
},{
  "dateTime" : "07/29/16 18:12:00",
  "value" : "20"
},{
  "dateTime" : "07/29/16 18:15:00",
  "value" : "10"
},{
  "dateTime" : "07/29/16 18:17:00",
  "value" : "10"
},{
  "dateTime" : "07/29/16 20:07:00",
  "value" : "10"
},{
  "dateTime" : "07/29/16 20:09:00",
  "value" : "10"
},{
  "dateTime" : "07/29/16 20:21:00",
  "value" : "10"
},{
  "dateTime" : "07/29/16 21:40:00",
  "value" : "10"
},{
  "dateTime" : "07/29/16 21:55:00",
  "value" : "10"
},{
  "dateTime" : "07/29/16 21:56:00",
  "value" : "20"
},{
  "dateTime" : "07/29/16 23:23:00",
  "value" : "10"
},{
  "dateTime" : "07/29/16 23:24:00",
  "value" : "10"
},{
  "dateTime" : "07/29/16 23:25:00",
  "value" : "10"
},{
  "dateTime" : "07/30/16 12:03:00",
  "value" : "10"
},{
  "dateTime" : "07/30/16 15:12:00",
  "value" : "10"
},{
  "dateTime" : "07/30/16 16:44:00",
  "value" : "10"
},{
  "dateTime" : "07/31/16 10:13:00",
  "value" : "10"
},{
  "dateTime" : "07/31/16 10:32:00",
  "value" : "10"
},{
  "dateTime" : "07/31/16 10:35:00",
  "value" : "10"
},{
  "dateTime" : "07/31/16 10:44:00",
  "value" : "20"
},{
  "dateTime" : "07/31/16 10:56:00",
  "value" : "10"
},{
  "dateTime" : "07/31/16 10:57:00",
  "value" : "10"
},{
  "dateTime" : "07/31/16 11:15:00",
  "value" : "10"
},{
  "dateTime" : "07/31/16 14:53:00",
  "value" : "10"
},{
  "dateTime" : "07/31/16 17:05:00",
  "value" : "10"
},{
  "dateTime" : "07/31/16 19:59:00",
  "value" : "0"
},{
  "dateTime" : "07/31/16 20:18:00",
  "value" : "0"
},{
  "dateTime" : "07/31/16 20:20:00",
  "value" : "10"
},{
  "dateTime" : "07/31/16 20:37:00",
  "value" : "10"
},{
  "dateTime" : "07/31/16 21:32:00",
  "value" : "10"
},{
  "dateTime" : "07/31/16 22:38:00",
  "value" : "10"
},{
  "dateTime" : "07/31/16 22:39:00",
  "value" : "10"
},{
  "dateTime" : "08/01/16 06:53:00",
  "value" : "10"
},{
  "dateTime" : "08/01/16 07:21:00",
  "value" : "0"
},{
  "dateTime" : "08/01/16 07:23:00",
  "value" : "10"
},{
  "dateTime" : "08/01/16 07:24:00",
  "value" : "10"
},{
  "dateTime" : "08/01/16 07:27:00",
  "value" : "10"
},{
  "dateTime" : "08/01/16 07:28:00",
  "value" : "20"
},{
  "dateTime" : "08/01/16 07:29:00",
  "value" : "10"
},{
  "dateTime" : "08/01/16 07:30:00",
  "value" : "10"
},{
  "dateTime" : "08/01/16 07:31:00",
  "value" : "20"
},{
  "dateTime" : "08/01/16 07:32:00",
  "value" : "10"
},{
  "dateTime" : "08/01/16 07:33:00",
  "value" : "10"
},{
  "dateTime" : "08/01/16 07:34:00",
  "value" : "10"
},{
  "dateTime" : "08/01/16 07:36:00",
  "value" : "10"
},{
  "dateTime" : "08/01/16 07:37:00",
  "value" : "10"
},{
  "dateTime" : "08/01/16 07:38:00",
  "value" : "20"
},{
  "dateTime" : "08/01/16 07:39:00",
  "value" : "10"
},{
  "dateTime" : "08/01/16 07:40:00",
  "value" : "10"
},{
  "dateTime" : "08/01/16 07:41:00",
  "value" : "20"
},{
  "dateTime" : "08/01/16 07:45:00",
  "value" : "10"
},{
  "dateTime" : "08/01/16 07:46:00",
  "value" : "0"
},{
  "dateTime" : "08/01/16 07:49:00",
  "value" : "10"
},{
  "dateTime" : "08/01/16 07:50:00",
  "value" : "20"
},{
  "dateTime" : "08/01/16 07:52:00",
  "value" : "20"
},{
  "dateTime" : "08/01/16 07:53:00",
  "value" : "10"
},{
  "dateTime" : "08/01/16 07:54:00",
  "value" : "10"
},{
  "dateTime" : "08/01/16 07:58:00",
  "value" : "10"
},{
  "dateTime" : "08/01/16 07:59:00",
  "value" : "20"
},{
  "dateTime" : "08/01/16 08:01:00",
  "value" : "10"
},{
  "dateTime" : "08/01/16 08:02:00",
  "value" : "10"
},{
  "dateTime" : "08/01/16 08:09:00",
  "value" : "0"
},{
  "dateTime" : "08/01/16 08:10:00",
  "value" : "10"
},{
  "dateTime" : "08/01/16 08:12:00",
  "value" : "20"
},{
  "dateTime" : "08/01/16 08:13:00",
  "value" : "20"
},{
  "dateTime" : "08/01/16 08:14:00",
  "value" : "10"
},{
  "dateTime" : "08/01/16 08:15:00",
  "value" : "10"
},{
  "dateTime" : "08/01/16 08:16:00",
  "value" : "30"
},{
  "dateTime" : "08/01/16 08:17:00",
  "value" : "20"
},{
  "dateTime" : "08/01/16 08:18:00",
  "value" : "30"
},{
  "dateTime" : "08/01/16 08:19:00",
  "value" : "60"
},{
  "dateTime" : "08/01/16 08:20:00",
  "value" : "40"
},{
  "dateTime" : "08/01/16 08:21:00",
  "value" : "10"
},{
  "dateTime" : "08/01/16 08:25:00",
  "value" : "0"
},{
  "dateTime" : "08/01/16 08:51:00",
  "value" : "20"
},{
  "dateTime" : "08/01/16 13:27:00",
  "value" : "20"
},{
  "dateTime" : "08/01/16 13:28:00",
  "value" : "10"
},{
  "dateTime" : "08/01/16 18:04:00",
  "value" : "0"
},{
  "dateTime" : "08/01/16 18:06:00",
  "value" : "10"
},{
  "dateTime" : "08/01/16 18:07:00",
  "value" : "20"
},{
  "dateTime" : "08/01/16 18:11:00",
  "value" : "0"
},{
  "dateTime" : "08/01/16 18:12:00",
  "value" : "10"
},{
  "dateTime" : "08/01/16 18:13:00",
  "value" : "20"
},{
  "dateTime" : "08/01/16 18:15:00",
  "value" : "10"
},{
  "dateTime" : "08/01/16 18:16:00",
  "value" : "20"
},{
  "dateTime" : "08/01/16 18:17:00",
  "value" : "10"
},{
  "dateTime" : "08/01/16 18:20:00",
  "value" : "10"
},{
  "dateTime" : "08/01/16 18:22:00",
  "value" : "30"
},{
  "dateTime" : "08/01/16 18:23:00",
  "value" : "20"
},{
  "dateTime" : "08/01/16 18:24:00",
  "value" : "10"
},{
  "dateTime" : "08/01/16 18:26:00",
  "value" : "30"
},{
  "dateTime" : "08/01/16 18:27:00",
  "value" : "20"
},{
  "dateTime" : "08/01/16 18:29:00",
  "value" : "10"
},{
  "dateTime" : "08/01/16 18:33:00",
  "value" : "0"
},{
  "dateTime" : "08/01/16 18:34:00",
  "value" : "10"
},{
  "dateTime" : "08/01/16 18:35:00",
  "value" : "10"
},{
  "dateTime" : "08/01/16 18:36:00",
  "value" : "10"
},{
  "dateTime" : "08/01/16 18:37:00",
  "value" : "10"
},{
  "dateTime" : "08/01/16 18:38:00",
  "value" : "10"
},{
  "dateTime" : "08/01/16 18:40:00",
  "value" : "0"
},{
  "dateTime" : "08/01/16 18:41:00",
  "value" : "10"
},{
  "dateTime" : "08/01/16 18:48:00",
  "value" : "20"
},{
  "dateTime" : "08/01/16 18:53:00",
  "value" : "10"
},{
  "dateTime" : "08/01/16 18:54:00",
  "value" : "10"
},{
  "dateTime" : "08/01/16 18:56:00",
  "value" : "10"
},{
  "dateTime" : "08/01/16 18:59:00",
  "value" : "10"
},{
  "dateTime" : "08/01/16 19:00:00",
  "value" : "0"
},{
  "dateTime" : "08/01/16 19:02:00",
  "value" : "10"
},{
  "dateTime" : "08/01/16 19:05:00",
  "value" : "0"
},{
  "dateTime" : "08/01/16 19:07:00",
  "value" : "10"
},{
  "dateTime" : "08/01/16 19:08:00",
  "value" : "10"
},{
  "dateTime" : "08/01/16 19:13:00",
  "value" : "10"
},{
  "dateTime" : "08/01/16 19:14:00",
  "value" : "10"
},{
  "dateTime" : "08/01/16 19:16:00",
  "value" : "10"
},{
  "dateTime" : "08/01/16 20:07:00",
  "value" : "10"
},{
  "dateTime" : "08/01/16 20:09:00",
  "value" : "10"
},{
  "dateTime" : "08/01/16 20:10:00",
  "value" : "10"
}]