[{
  "dateTime" : "06/03/16 08:59:00",
  "value" : "10"
},{
  "dateTime" : "06/03/16 09:06:00",
  "value" : "10"
},{
  "dateTime" : "06/03/16 10:50:00",
  "value" : "10"
},{
  "dateTime" : "06/03/16 11:03:00",
  "value" : "10"
},{
  "dateTime" : "06/03/16 11:11:00",
  "value" : "10"
},{
  "dateTime" : "06/03/16 11:14:00",
  "value" : "30"
},{
  "dateTime" : "06/03/16 11:28:00",
  "value" : "20"
},{
  "dateTime" : "06/03/16 11:29:00",
  "value" : "40"
},{
  "dateTime" : "06/03/16 11:30:00",
  "value" : "30"
},{
  "dateTime" : "06/03/16 14:42:00",
  "value" : "20"
},{
  "dateTime" : "06/03/16 14:54:00",
  "value" : "10"
},{
  "dateTime" : "06/03/16 15:01:00",
  "value" : "20"
},{
  "dateTime" : "06/03/16 15:14:00",
  "value" : "10"
},{
  "dateTime" : "06/03/16 17:51:00",
  "value" : "10"
},{
  "dateTime" : "06/03/16 19:32:00",
  "value" : "10"
},{
  "dateTime" : "06/03/16 19:33:00",
  "value" : "10"
},{
  "dateTime" : "06/03/16 19:34:00",
  "value" : "10"
},{
  "dateTime" : "06/03/16 19:37:00",
  "value" : "10"
},{
  "dateTime" : "06/03/16 19:38:00",
  "value" : "10"
},{
  "dateTime" : "06/03/16 20:05:00",
  "value" : "10"
},{
  "dateTime" : "06/03/16 21:59:00",
  "value" : "10"
},{
  "dateTime" : "06/03/16 23:14:00",
  "value" : "10"
},{
  "dateTime" : "06/04/16 00:04:00",
  "value" : "10"
},{
  "dateTime" : "06/04/16 07:02:00",
  "value" : "10"
}]