[{
  "dateTime" : "06/02/16 14:11:00",
  "value" : "0"
},{
  "dateTime" : "06/02/16 14:12:00",
  "value" : "0"
},{
  "dateTime" : "06/02/16 14:13:00",
  "value" : "0"
},{
  "dateTime" : "06/02/16 14:14:00",
  "value" : "0"
},{
  "dateTime" : "06/02/16 14:16:00",
  "value" : "0"
},{
  "dateTime" : "06/02/16 14:17:00",
  "value" : "0"
},{
  "dateTime" : "06/02/16 14:18:00",
  "value" : "0"
},{
  "dateTime" : "06/02/16 14:19:00",
  "value" : "0"
},{
  "dateTime" : "06/02/16 14:21:00",
  "value" : "0"
},{
  "dateTime" : "06/02/16 14:22:00",
  "value" : "0"
},{
  "dateTime" : "06/02/16 14:25:00",
  "value" : "0"
},{
  "dateTime" : "06/02/16 14:26:00",
  "value" : "0"
},{
  "dateTime" : "06/02/16 15:04:00",
  "value" : "0"
},{
  "dateTime" : "06/02/16 16:05:00",
  "value" : "0"
},{
  "dateTime" : "06/02/16 16:37:00",
  "value" : "0"
},{
  "dateTime" : "06/02/16 16:51:00",
  "value" : "0"
},{
  "dateTime" : "06/02/16 17:15:00",
  "value" : "0"
},{
  "dateTime" : "06/02/16 18:02:00",
  "value" : "0"
},{
  "dateTime" : "06/02/16 20:26:00",
  "value" : "0"
},{
  "dateTime" : "06/02/16 20:45:00",
  "value" : "0"
},{
  "dateTime" : "06/02/16 20:46:00",
  "value" : "0"
},{
  "dateTime" : "06/02/16 21:01:00",
  "value" : "0"
},{
  "dateTime" : "06/02/16 21:02:00",
  "value" : "500"
},{
  "dateTime" : "06/02/16 22:05:00",
  "value" : "0"
},{
  "dateTime" : "06/02/16 22:15:00",
  "value" : "0"
},{
  "dateTime" : "06/02/16 22:31:00",
  "value" : "0"
},{
  "dateTime" : "06/02/16 22:35:00",
  "value" : "0"
},{
  "dateTime" : "06/02/16 22:37:00",
  "value" : "0"
},{
  "dateTime" : "06/02/16 22:38:00",
  "value" : "0"
},{
  "dateTime" : "06/02/16 22:39:00",
  "value" : "0"
},{
  "dateTime" : "06/02/16 22:41:00",
  "value" : "0"
},{
  "dateTime" : "06/02/16 22:43:00",
  "value" : "0"
},{
  "dateTime" : "06/02/16 22:44:00",
  "value" : "0"
},{
  "dateTime" : "06/02/16 22:47:00",
  "value" : "0"
},{
  "dateTime" : "06/02/16 22:49:00",
  "value" : "0"
},{
  "dateTime" : "06/02/16 22:50:00",
  "value" : "0"
},{
  "dateTime" : "06/02/16 22:51:00",
  "value" : "0"
},{
  "dateTime" : "06/02/16 22:52:00",
  "value" : "0"
},{
  "dateTime" : "06/02/16 22:54:00",
  "value" : "0"
},{
  "dateTime" : "06/02/16 22:55:00",
  "value" : "0"
},{
  "dateTime" : "06/02/16 22:56:00",
  "value" : "0"
},{
  "dateTime" : "06/02/16 22:58:00",
  "value" : "0"
},{
  "dateTime" : "06/02/16 22:59:00",
  "value" : "2080"
},{
  "dateTime" : "06/02/16 23:00:00",
  "value" : "0"
},{
  "dateTime" : "06/02/16 23:01:00",
  "value" : "570"
},{
  "dateTime" : "06/02/16 23:02:00",
  "value" : "860"
},{
  "dateTime" : "06/02/16 23:03:00",
  "value" : "0"
},{
  "dateTime" : "06/02/16 23:04:00",
  "value" : "0"
},{
  "dateTime" : "06/02/16 23:05:00",
  "value" : "0"
},{
  "dateTime" : "06/02/16 23:06:00",
  "value" : "2510"
},{
  "dateTime" : "06/02/16 23:07:00",
  "value" : "1720"
},{
  "dateTime" : "06/02/16 23:08:00",
  "value" : "640"
},{
  "dateTime" : "06/02/16 23:09:00",
  "value" : "0"
},{
  "dateTime" : "06/02/16 23:10:00",
  "value" : "0"
},{
  "dateTime" : "06/02/16 23:11:00",
  "value" : "0"
},{
  "dateTime" : "06/02/16 23:12:00",
  "value" : "0"
},{
  "dateTime" : "06/02/16 23:14:00",
  "value" : "0"
},{
  "dateTime" : "06/02/16 23:15:00",
  "value" : "0"
},{
  "dateTime" : "06/02/16 23:16:00",
  "value" : "0"
},{
  "dateTime" : "06/02/16 23:18:00",
  "value" : "0"
},{
  "dateTime" : "06/02/16 23:20:00",
  "value" : "0"
},{
  "dateTime" : "06/02/16 23:21:00",
  "value" : "0"
},{
  "dateTime" : "06/02/16 23:23:00",
  "value" : "0"
},{
  "dateTime" : "06/02/16 23:24:00",
  "value" : "2940"
},{
  "dateTime" : "06/02/16 23:25:00",
  "value" : "930"
},{
  "dateTime" : "06/02/16 23:26:00",
  "value" : "3660"
},{
  "dateTime" : "06/02/16 23:27:00",
  "value" : "1930"
},{
  "dateTime" : "06/02/16 23:28:00",
  "value" : "0"
},{
  "dateTime" : "06/02/16 23:29:00",
  "value" : "0"
},{
  "dateTime" : "06/02/16 23:30:00",
  "value" : "710"
},{
  "dateTime" : "06/02/16 23:31:00",
  "value" : "0"
},{
  "dateTime" : "06/02/16 23:32:00",
  "value" : "0"
},{
  "dateTime" : "06/02/16 23:43:00",
  "value" : "0"
},{
  "dateTime" : "06/02/16 23:44:00",
  "value" : "2510"
},{
  "dateTime" : "06/02/16 23:45:00",
  "value" : "0"
},{
  "dateTime" : "06/02/16 23:46:00",
  "value" : "3660"
},{
  "dateTime" : "06/02/16 23:47:00",
  "value" : "2800"
},{
  "dateTime" : "06/02/16 23:48:00",
  "value" : "1430"
},{
  "dateTime" : "06/02/16 23:49:00",
  "value" : "860"
},{
  "dateTime" : "06/02/16 23:50:00",
  "value" : "500"
},{
  "dateTime" : "06/02/16 23:51:00",
  "value" : "2290"
},{
  "dateTime" : "06/02/16 23:52:00",
  "value" : "2800"
},{
  "dateTime" : "06/02/16 23:53:00",
  "value" : "1500"
},{
  "dateTime" : "06/02/16 23:54:00",
  "value" : "1360"
},{
  "dateTime" : "06/02/16 23:55:00",
  "value" : "0"
},{
  "dateTime" : "06/02/16 23:56:00",
  "value" : "430"
},{
  "dateTime" : "06/02/16 23:57:00",
  "value" : "3010"
},{
  "dateTime" : "06/02/16 23:58:00",
  "value" : "5310"
},{
  "dateTime" : "06/02/16 23:59:00",
  "value" : "1720"
},{
  "dateTime" : "06/03/16 00:00:00",
  "value" : "1930"
},{
  "dateTime" : "06/03/16 00:01:00",
  "value" : "1220"
},{
  "dateTime" : "06/03/16 00:02:00",
  "value" : "1860"
},{
  "dateTime" : "06/03/16 00:03:00",
  "value" : "280"
},{
  "dateTime" : "06/03/16 00:04:00",
  "value" : "280"
},{
  "dateTime" : "06/03/16 00:05:00",
  "value" : "0"
},{
  "dateTime" : "06/03/16 00:06:00",
  "value" : "780"
},{
  "dateTime" : "06/03/16 00:07:00",
  "value" : "0"
},{
  "dateTime" : "06/03/16 00:08:00",
  "value" : "0"
},{
  "dateTime" : "06/03/16 00:09:00",
  "value" : "0"
},{
  "dateTime" : "06/03/16 00:10:00",
  "value" : "0"
},{
  "dateTime" : "06/03/16 00:11:00",
  "value" : "780"
},{
  "dateTime" : "06/03/16 00:12:00",
  "value" : "710"
},{
  "dateTime" : "06/03/16 00:13:00",
  "value" : "350"
},{
  "dateTime" : "06/03/16 00:14:00",
  "value" : "0"
},{
  "dateTime" : "06/03/16 00:15:00",
  "value" : "0"
},{
  "dateTime" : "06/03/16 00:16:00",
  "value" : "0"
},{
  "dateTime" : "06/03/16 00:17:00",
  "value" : "710"
},{
  "dateTime" : "06/03/16 00:18:00",
  "value" : "0"
},{
  "dateTime" : "06/03/16 00:19:00",
  "value" : "0"
},{
  "dateTime" : "06/03/16 00:20:00",
  "value" : "0"
},{
  "dateTime" : "06/03/16 00:21:00",
  "value" : "0"
},{
  "dateTime" : "06/03/16 00:22:00",
  "value" : "0"
},{
  "dateTime" : "06/03/16 00:23:00",
  "value" : "0"
},{
  "dateTime" : "06/03/16 00:24:00",
  "value" : "0"
},{
  "dateTime" : "06/03/16 00:25:00",
  "value" : "0"
},{
  "dateTime" : "06/03/16 00:26:00",
  "value" : "0"
},{
  "dateTime" : "06/03/16 00:27:00",
  "value" : "0"
},{
  "dateTime" : "06/03/16 00:28:00",
  "value" : "0"
},{
  "dateTime" : "06/03/16 00:29:00",
  "value" : "710"
},{
  "dateTime" : "06/03/16 00:30:00",
  "value" : "640"
},{
  "dateTime" : "06/03/16 00:31:00",
  "value" : "710"
},{
  "dateTime" : "06/03/16 00:32:00",
  "value" : "0"
},{
  "dateTime" : "06/03/16 00:33:00",
  "value" : "430"
},{
  "dateTime" : "06/03/16 00:34:00",
  "value" : "0"
},{
  "dateTime" : "06/03/16 00:35:00",
  "value" : "0"
},{
  "dateTime" : "06/03/16 00:36:00",
  "value" : "0"
},{
  "dateTime" : "06/03/16 00:37:00",
  "value" : "0"
},{
  "dateTime" : "06/03/16 00:38:00",
  "value" : "0"
},{
  "dateTime" : "06/03/16 00:39:00",
  "value" : "0"
},{
  "dateTime" : "06/03/16 00:40:00",
  "value" : "710"
},{
  "dateTime" : "06/03/16 00:41:00",
  "value" : "0"
},{
  "dateTime" : "06/03/16 00:42:00",
  "value" : "0"
},{
  "dateTime" : "06/03/16 00:43:00",
  "value" : "0"
},{
  "dateTime" : "06/03/16 00:44:00",
  "value" : "350"
},{
  "dateTime" : "06/03/16 00:45:00",
  "value" : "0"
},{
  "dateTime" : "06/03/16 00:46:00",
  "value" : "0"
},{
  "dateTime" : "06/03/16 00:47:00",
  "value" : "0"
},{
  "dateTime" : "06/03/16 00:48:00",
  "value" : "500"
},{
  "dateTime" : "06/03/16 00:49:00",
  "value" : "0"
},{
  "dateTime" : "06/03/16 00:50:00",
  "value" : "1290"
},{
  "dateTime" : "06/03/16 00:51:00",
  "value" : "0"
},{
  "dateTime" : "06/03/16 00:52:00",
  "value" : "0"
},{
  "dateTime" : "06/03/16 00:53:00",
  "value" : "1140"
},{
  "dateTime" : "06/03/16 00:54:00",
  "value" : "1790"
},{
  "dateTime" : "06/03/16 00:55:00",
  "value" : "0"
},{
  "dateTime" : "06/03/16 00:56:00",
  "value" : "500"
},{
  "dateTime" : "06/03/16 00:57:00",
  "value" : "500"
},{
  "dateTime" : "06/03/16 00:58:00",
  "value" : "500"
},{
  "dateTime" : "06/03/16 00:59:00",
  "value" : "710"
},{
  "dateTime" : "06/03/16 01:00:00",
  "value" : "3730"
},{
  "dateTime" : "06/03/16 01:01:00",
  "value" : "5600"
},{
  "dateTime" : "06/03/16 01:02:00",
  "value" : "7610"
},{
  "dateTime" : "06/03/16 01:03:00",
  "value" : "9830"
},{
  "dateTime" : "06/03/16 01:04:00",
  "value" : "5490"
},{
  "dateTime" : "06/03/16 01:05:00",
  "value" : "8750"
},{
  "dateTime" : "06/03/16 01:06:00",
  "value" : "8900"
},{
  "dateTime" : "06/03/16 01:07:00",
  "value" : "9330"
},{
  "dateTime" : "06/03/16 01:08:00",
  "value" : "11160"
},{
  "dateTime" : "06/03/16 01:09:00",
  "value" : "9190"
},{
  "dateTime" : "06/03/16 01:10:00",
  "value" : "8900"
},{
  "dateTime" : "06/03/16 01:11:00",
  "value" : "7180"
},{
  "dateTime" : "06/03/16 01:12:00",
  "value" : "5950"
},{
  "dateTime" : "06/03/16 01:13:00",
  "value" : "8970"
},{
  "dateTime" : "06/03/16 01:14:00",
  "value" : "6530"
},{
  "dateTime" : "06/03/16 01:15:00",
  "value" : "0"
},{
  "dateTime" : "06/03/16 01:16:00",
  "value" : "0"
},{
  "dateTime" : "06/03/16 01:17:00",
  "value" : "0"
},{
  "dateTime" : "06/03/16 01:19:00",
  "value" : "780"
},{
  "dateTime" : "06/03/16 01:20:00",
  "value" : "0"
},{
  "dateTime" : "06/03/16 01:22:00",
  "value" : "0"
},{
  "dateTime" : "06/03/16 01:23:00",
  "value" : "0"
},{
  "dateTime" : "06/03/16 01:24:00",
  "value" : "0"
},{
  "dateTime" : "06/03/16 01:25:00",
  "value" : "0"
},{
  "dateTime" : "06/03/16 01:26:00",
  "value" : "0"
},{
  "dateTime" : "06/03/16 01:27:00",
  "value" : "0"
},{
  "dateTime" : "06/03/16 01:28:00",
  "value" : "4160"
},{
  "dateTime" : "06/03/16 01:29:00",
  "value" : "7750"
},{
  "dateTime" : "06/03/16 01:30:00",
  "value" : "8180"
},{
  "dateTime" : "06/03/16 01:31:00",
  "value" : "8320"
},{
  "dateTime" : "06/03/16 01:32:00",
  "value" : "8320"
},{
  "dateTime" : "06/03/16 01:33:00",
  "value" : "8970"
},{
  "dateTime" : "06/03/16 01:34:00",
  "value" : "6100"
},{
  "dateTime" : "06/03/16 01:35:00",
  "value" : "0"
},{
  "dateTime" : "06/03/16 01:36:00",
  "value" : "0"
},{
  "dateTime" : "06/03/16 01:37:00",
  "value" : "0"
},{
  "dateTime" : "06/03/16 01:38:00",
  "value" : "0"
},{
  "dateTime" : "06/03/16 01:40:00",
  "value" : "0"
},{
  "dateTime" : "06/03/16 01:41:00",
  "value" : "4880"
},{
  "dateTime" : "06/03/16 01:42:00",
  "value" : "6960"
},{
  "dateTime" : "06/03/16 01:43:00",
  "value" : "4660"
},{
  "dateTime" : "06/03/16 01:44:00",
  "value" : "780"
},{
  "dateTime" : "06/03/16 01:45:00",
  "value" : "0"
},{
  "dateTime" : "06/03/16 01:46:00",
  "value" : "0"
},{
  "dateTime" : "06/03/16 01:47:00",
  "value" : "0"
},{
  "dateTime" : "06/03/16 01:48:00",
  "value" : "0"
},{
  "dateTime" : "06/03/16 01:49:00",
  "value" : "0"
},{
  "dateTime" : "06/03/16 01:50:00",
  "value" : "0"
},{
  "dateTime" : "06/03/16 01:51:00",
  "value" : "0"
},{
  "dateTime" : "06/03/16 01:52:00",
  "value" : "0"
},{
  "dateTime" : "06/03/16 01:53:00",
  "value" : "0"
},{
  "dateTime" : "06/03/16 01:54:00",
  "value" : "0"
},{
  "dateTime" : "06/03/16 01:55:00",
  "value" : "0"
},{
  "dateTime" : "06/03/16 01:58:00",
  "value" : "0"
},{
  "dateTime" : "06/03/16 01:59:00",
  "value" : "0"
},{
  "dateTime" : "06/03/16 02:01:00",
  "value" : "0"
},{
  "dateTime" : "06/03/16 02:02:00",
  "value" : "780"
},{
  "dateTime" : "06/03/16 02:05:00",
  "value" : "0"
},{
  "dateTime" : "06/03/16 02:06:00",
  "value" : "0"
},{
  "dateTime" : "06/03/16 02:07:00",
  "value" : "0"
},{
  "dateTime" : "06/03/16 02:08:00",
  "value" : "0"
},{
  "dateTime" : "06/03/16 02:10:00",
  "value" : "0"
},{
  "dateTime" : "06/03/16 02:11:00",
  "value" : "0"
},{
  "dateTime" : "06/03/16 02:12:00",
  "value" : "0"
},{
  "dateTime" : "06/03/16 02:13:00",
  "value" : "0"
},{
  "dateTime" : "06/03/16 02:14:00",
  "value" : "0"
},{
  "dateTime" : "06/03/16 02:19:00",
  "value" : "0"
},{
  "dateTime" : "06/03/16 02:20:00",
  "value" : "0"
},{
  "dateTime" : "06/03/16 02:21:00",
  "value" : "0"
},{
  "dateTime" : "06/03/16 02:26:00",
  "value" : "0"
},{
  "dateTime" : "06/03/16 02:28:00",
  "value" : "0"
},{
  "dateTime" : "06/03/16 02:29:00",
  "value" : "0"
},{
  "dateTime" : "06/03/16 02:30:00",
  "value" : "0"
},{
  "dateTime" : "06/03/16 02:31:00",
  "value" : "0"
},{
  "dateTime" : "06/03/16 02:32:00",
  "value" : "0"
},{
  "dateTime" : "06/03/16 02:33:00",
  "value" : "0"
},{
  "dateTime" : "06/03/16 02:34:00",
  "value" : "0"
},{
  "dateTime" : "06/03/16 02:37:00",
  "value" : "0"
},{
  "dateTime" : "06/03/16 02:40:00",
  "value" : "0"
},{
  "dateTime" : "06/03/16 02:41:00",
  "value" : "0"
},{
  "dateTime" : "06/03/16 02:43:00",
  "value" : "0"
},{
  "dateTime" : "06/03/16 02:44:00",
  "value" : "0"
},{
  "dateTime" : "06/03/16 02:45:00",
  "value" : "0"
},{
  "dateTime" : "06/03/16 02:47:00",
  "value" : "0"
},{
  "dateTime" : "06/03/16 02:48:00",
  "value" : "0"
},{
  "dateTime" : "06/03/16 02:50:00",
  "value" : "0"
},{
  "dateTime" : "06/03/16 02:52:00",
  "value" : "0"
},{
  "dateTime" : "06/03/16 02:55:00",
  "value" : "0"
},{
  "dateTime" : "06/03/16 02:56:00",
  "value" : "0"
},{
  "dateTime" : "06/03/16 02:58:00",
  "value" : "0"
},{
  "dateTime" : "06/03/16 02:59:00",
  "value" : "0"
},{
  "dateTime" : "06/03/16 03:00:00",
  "value" : "0"
},{
  "dateTime" : "06/03/16 03:01:00",
  "value" : "0"
},{
  "dateTime" : "06/03/16 03:03:00",
  "value" : "0"
},{
  "dateTime" : "06/03/16 03:04:00",
  "value" : "430"
},{
  "dateTime" : "06/03/16 03:05:00",
  "value" : "0"
},{
  "dateTime" : "06/03/16 03:06:00",
  "value" : "0"
},{
  "dateTime" : "06/03/16 03:07:00",
  "value" : "0"
},{
  "dateTime" : "06/03/16 03:08:00",
  "value" : "0"
},{
  "dateTime" : "06/03/16 03:09:00",
  "value" : "0"
},{
  "dateTime" : "06/03/16 03:12:00",
  "value" : "0"
},{
  "dateTime" : "06/03/16 03:13:00",
  "value" : "0"
},{
  "dateTime" : "06/03/16 03:14:00",
  "value" : "0"
},{
  "dateTime" : "06/03/16 03:15:00",
  "value" : "1500"
},{
  "dateTime" : "06/03/16 03:16:00",
  "value" : "6960"
},{
  "dateTime" : "06/03/16 03:17:00",
  "value" : "1720"
},{
  "dateTime" : "06/03/16 03:18:00",
  "value" : "0"
},{
  "dateTime" : "06/03/16 03:19:00",
  "value" : "0"
},{
  "dateTime" : "06/03/16 03:20:00",
  "value" : "0"
},{
  "dateTime" : "06/03/16 03:21:00",
  "value" : "0"
},{
  "dateTime" : "06/03/16 03:22:00",
  "value" : "0"
},{
  "dateTime" : "06/03/16 03:23:00",
  "value" : "0"
},{
  "dateTime" : "06/03/16 03:24:00",
  "value" : "0"
},{
  "dateTime" : "06/03/16 03:26:00",
  "value" : "500"
},{
  "dateTime" : "06/03/16 03:27:00",
  "value" : "0"
},{
  "dateTime" : "06/03/16 03:28:00",
  "value" : "0"
},{
  "dateTime" : "06/03/16 03:29:00",
  "value" : "0"
},{
  "dateTime" : "06/03/16 03:30:00",
  "value" : "0"
},{
  "dateTime" : "06/03/16 03:31:00",
  "value" : "0"
},{
  "dateTime" : "06/03/16 03:32:00",
  "value" : "0"
},{
  "dateTime" : "06/03/16 03:33:00",
  "value" : "0"
},{
  "dateTime" : "06/03/16 03:34:00",
  "value" : "0"
},{
  "dateTime" : "06/03/16 03:35:00",
  "value" : "0"
},{
  "dateTime" : "06/03/16 03:37:00",
  "value" : "0"
},{
  "dateTime" : "06/03/16 03:42:00",
  "value" : "0"
},{
  "dateTime" : "06/03/16 03:44:00",
  "value" : "0"
},{
  "dateTime" : "06/03/16 03:45:00",
  "value" : "0"
},{
  "dateTime" : "06/03/16 03:46:00",
  "value" : "0"
},{
  "dateTime" : "06/03/16 03:47:00",
  "value" : "0"
},{
  "dateTime" : "06/03/16 03:48:00",
  "value" : "0"
},{
  "dateTime" : "06/03/16 03:49:00",
  "value" : "0"
},{
  "dateTime" : "06/03/16 03:50:00",
  "value" : "0"
},{
  "dateTime" : "06/03/16 03:51:00",
  "value" : "0"
},{
  "dateTime" : "06/03/16 03:54:00",
  "value" : "0"
},{
  "dateTime" : "06/03/16 03:55:00",
  "value" : "0"
},{
  "dateTime" : "06/03/16 03:56:00",
  "value" : "0"
},{
  "dateTime" : "06/03/16 03:58:00",
  "value" : "430"
},{
  "dateTime" : "06/03/16 04:00:00",
  "value" : "0"
},{
  "dateTime" : "06/03/16 04:02:00",
  "value" : "0"
},{
  "dateTime" : "06/03/16 04:03:00",
  "value" : "0"
},{
  "dateTime" : "06/03/16 04:05:00",
  "value" : "0"
},{
  "dateTime" : "06/03/16 04:06:00",
  "value" : "0"
},{
  "dateTime" : "06/03/16 04:07:00",
  "value" : "640"
},{
  "dateTime" : "06/03/16 04:08:00",
  "value" : "0"
},{
  "dateTime" : "06/03/16 04:09:00",
  "value" : "4160"
},{
  "dateTime" : "06/03/16 04:10:00",
  "value" : "1000"
},{
  "dateTime" : "06/03/16 04:11:00",
  "value" : "5810"
},{
  "dateTime" : "06/03/16 04:12:00",
  "value" : "7610"
},{
  "dateTime" : "06/03/16 04:13:00",
  "value" : "5450"
},{
  "dateTime" : "06/03/16 04:14:00",
  "value" : "2010"
},{
  "dateTime" : "06/03/16 04:15:00",
  "value" : "70"
},{
  "dateTime" : "06/03/16 04:18:00",
  "value" : "0"
},{
  "dateTime" : "06/03/16 04:20:00",
  "value" : "0"
},{
  "dateTime" : "06/03/16 04:21:00",
  "value" : "9260"
},{
  "dateTime" : "06/03/16 04:22:00",
  "value" : "9330"
},{
  "dateTime" : "06/03/16 04:23:00",
  "value" : "6890"
},{
  "dateTime" : "06/03/16 04:24:00",
  "value" : "3940"
},{
  "dateTime" : "06/03/16 04:25:00",
  "value" : "1570"
},{
  "dateTime" : "06/03/16 04:26:00",
  "value" : "0"
},{
  "dateTime" : "06/03/16 04:28:00",
  "value" : "0"
},{
  "dateTime" : "06/03/16 04:29:00",
  "value" : "0"
},{
  "dateTime" : "06/03/16 04:30:00",
  "value" : "0"
},{
  "dateTime" : "06/03/16 04:31:00",
  "value" : "0"
},{
  "dateTime" : "06/03/16 04:32:00",
  "value" : "0"
},{
  "dateTime" : "06/03/16 04:33:00",
  "value" : "0"
},{
  "dateTime" : "06/03/16 04:34:00",
  "value" : "0"
},{
  "dateTime" : "06/03/16 04:35:00",
  "value" : "640"
},{
  "dateTime" : "06/03/16 04:36:00",
  "value" : "1500"
},{
  "dateTime" : "06/03/16 04:37:00",
  "value" : "0"
},{
  "dateTime" : "06/03/16 04:38:00",
  "value" : "0"
},{
  "dateTime" : "06/03/16 04:39:00",
  "value" : "1790"
},{
  "dateTime" : "06/03/16 04:40:00",
  "value" : "3590"
},{
  "dateTime" : "06/03/16 04:41:00",
  "value" : "7820"
},{
  "dateTime" : "06/03/16 04:42:00",
  "value" : "7320"
},{
  "dateTime" : "06/03/16 04:43:00",
  "value" : "4660"
},{
  "dateTime" : "06/03/16 04:44:00",
  "value" : "8040"
},{
  "dateTime" : "06/03/16 04:45:00",
  "value" : "4810"
},{
  "dateTime" : "06/03/16 04:46:00",
  "value" : "2440"
},{
  "dateTime" : "06/03/16 04:47:00",
  "value" : "0"
},{
  "dateTime" : "06/03/16 04:48:00",
  "value" : "5020"
},{
  "dateTime" : "06/03/16 04:49:00",
  "value" : "7530"
},{
  "dateTime" : "06/03/16 04:50:00",
  "value" : "5380"
},{
  "dateTime" : "06/03/16 04:51:00",
  "value" : "0"
},{
  "dateTime" : "06/03/16 04:52:00",
  "value" : "0"
},{
  "dateTime" : "06/03/16 04:53:00",
  "value" : "780"
},{
  "dateTime" : "06/03/16 04:54:00",
  "value" : "2440"
},{
  "dateTime" : "06/03/16 04:55:00",
  "value" : "0"
},{
  "dateTime" : "06/03/16 04:56:00",
  "value" : "1070"
},{
  "dateTime" : "06/03/16 04:57:00",
  "value" : "3510"
},{
  "dateTime" : "06/03/16 04:58:00",
  "value" : "6600"
},{
  "dateTime" : "06/03/16 04:59:00",
  "value" : "5090"
},{
  "dateTime" : "06/03/16 05:00:00",
  "value" : "7530"
},{
  "dateTime" : "06/03/16 05:01:00",
  "value" : "7320"
},{
  "dateTime" : "06/03/16 05:02:00",
  "value" : "6960"
},{
  "dateTime" : "06/03/16 05:03:00",
  "value" : "5090"
},{
  "dateTime" : "06/03/16 05:04:00",
  "value" : "7180"
},{
  "dateTime" : "06/03/16 05:05:00",
  "value" : "3510"
},{
  "dateTime" : "06/03/16 05:06:00",
  "value" : "0"
},{
  "dateTime" : "06/03/16 05:07:00",
  "value" : "570"
},{
  "dateTime" : "06/03/16 05:08:00",
  "value" : "5520"
},{
  "dateTime" : "06/03/16 05:09:00",
  "value" : "1140"
},{
  "dateTime" : "06/03/16 05:10:00",
  "value" : "0"
},{
  "dateTime" : "06/03/16 05:12:00",
  "value" : "0"
},{
  "dateTime" : "06/03/16 05:13:00",
  "value" : "0"
},{
  "dateTime" : "06/03/16 05:14:00",
  "value" : "1430"
},{
  "dateTime" : "06/03/16 05:15:00",
  "value" : "0"
},{
  "dateTime" : "06/03/16 05:16:00",
  "value" : "0"
},{
  "dateTime" : "06/03/16 05:17:00",
  "value" : "0"
},{
  "dateTime" : "06/03/16 05:18:00",
  "value" : "0"
},{
  "dateTime" : "06/03/16 05:19:00",
  "value" : "0"
},{
  "dateTime" : "06/03/16 05:20:00",
  "value" : "0"
},{
  "dateTime" : "06/03/16 05:21:00",
  "value" : "0"
},{
  "dateTime" : "06/03/16 05:22:00",
  "value" : "0"
},{
  "dateTime" : "06/03/16 05:23:00",
  "value" : "0"
},{
  "dateTime" : "06/03/16 05:24:00",
  "value" : "0"
},{
  "dateTime" : "06/03/16 05:25:00",
  "value" : "0"
},{
  "dateTime" : "06/03/16 05:26:00",
  "value" : "0"
},{
  "dateTime" : "06/03/16 05:27:00",
  "value" : "0"
},{
  "dateTime" : "06/03/16 05:28:00",
  "value" : "0"
},{
  "dateTime" : "06/03/16 05:29:00",
  "value" : "0"
},{
  "dateTime" : "06/03/16 05:30:00",
  "value" : "0"
},{
  "dateTime" : "06/03/16 05:31:00",
  "value" : "0"
},{
  "dateTime" : "06/03/16 05:32:00",
  "value" : "0"
},{
  "dateTime" : "06/03/16 05:33:00",
  "value" : "0"
},{
  "dateTime" : "06/03/16 05:34:00",
  "value" : "640"
},{
  "dateTime" : "06/03/16 05:35:00",
  "value" : "0"
},{
  "dateTime" : "06/03/16 05:36:00",
  "value" : "0"
},{
  "dateTime" : "06/03/16 05:37:00",
  "value" : "0"
},{
  "dateTime" : "06/03/16 05:38:00",
  "value" : "0"
},{
  "dateTime" : "06/03/16 05:39:00",
  "value" : "0"
},{
  "dateTime" : "06/03/16 05:40:00",
  "value" : "0"
},{
  "dateTime" : "06/03/16 05:41:00",
  "value" : "0"
},{
  "dateTime" : "06/03/16 05:42:00",
  "value" : "570"
},{
  "dateTime" : "06/03/16 05:43:00",
  "value" : "0"
},{
  "dateTime" : "06/03/16 05:44:00",
  "value" : "0"
},{
  "dateTime" : "06/03/16 05:45:00",
  "value" : "0"
},{
  "dateTime" : "06/03/16 05:46:00",
  "value" : "0"
},{
  "dateTime" : "06/03/16 05:47:00",
  "value" : "0"
},{
  "dateTime" : "06/03/16 05:51:00",
  "value" : "0"
},{
  "dateTime" : "06/03/16 05:52:00",
  "value" : "0"
},{
  "dateTime" : "06/03/16 05:53:00",
  "value" : "0"
},{
  "dateTime" : "06/03/16 05:54:00",
  "value" : "0"
},{
  "dateTime" : "06/03/16 05:55:00",
  "value" : "0"
},{
  "dateTime" : "06/03/16 05:56:00",
  "value" : "0"
},{
  "dateTime" : "06/03/16 05:57:00",
  "value" : "0"
},{
  "dateTime" : "06/03/16 05:58:00",
  "value" : "0"
},{
  "dateTime" : "06/03/16 05:59:00",
  "value" : "0"
},{
  "dateTime" : "06/03/16 06:00:00",
  "value" : "0"
},{
  "dateTime" : "06/03/16 06:01:00",
  "value" : "0"
},{
  "dateTime" : "06/03/16 06:02:00",
  "value" : "7960"
},{
  "dateTime" : "06/03/16 06:03:00",
  "value" : "780"
},{
  "dateTime" : "06/03/16 06:04:00",
  "value" : "570"
},{
  "dateTime" : "06/03/16 06:05:00",
  "value" : "3440"
},{
  "dateTime" : "06/03/16 06:06:00",
  "value" : "70"
},{
  "dateTime" : "06/03/16 06:07:00",
  "value" : "0"
},{
  "dateTime" : "06/03/16 06:08:00",
  "value" : "0"
},{
  "dateTime" : "06/03/16 06:10:00",
  "value" : "0"
},{
  "dateTime" : "06/03/16 06:12:00",
  "value" : "0"
},{
  "dateTime" : "06/03/16 06:13:00",
  "value" : "640"
},{
  "dateTime" : "06/03/16 06:14:00",
  "value" : "1360"
},{
  "dateTime" : "06/03/16 06:15:00",
  "value" : "0"
},{
  "dateTime" : "06/03/16 06:16:00",
  "value" : "0"
},{
  "dateTime" : "06/03/16 06:17:00",
  "value" : "0"
},{
  "dateTime" : "06/03/16 06:18:00",
  "value" : "0"
},{
  "dateTime" : "06/03/16 06:19:00",
  "value" : "0"
},{
  "dateTime" : "06/03/16 06:20:00",
  "value" : "0"
},{
  "dateTime" : "06/03/16 06:21:00",
  "value" : "0"
},{
  "dateTime" : "06/03/16 06:22:00",
  "value" : "0"
},{
  "dateTime" : "06/03/16 06:23:00",
  "value" : "0"
},{
  "dateTime" : "06/03/16 06:24:00",
  "value" : "0"
},{
  "dateTime" : "06/03/16 06:25:00",
  "value" : "0"
},{
  "dateTime" : "06/03/16 06:26:00",
  "value" : "0"
},{
  "dateTime" : "06/03/16 06:27:00",
  "value" : "0"
},{
  "dateTime" : "06/03/16 06:28:00",
  "value" : "0"
},{
  "dateTime" : "06/03/16 06:29:00",
  "value" : "0"
},{
  "dateTime" : "06/03/16 06:30:00",
  "value" : "0"
},{
  "dateTime" : "06/03/16 06:31:00",
  "value" : "0"
},{
  "dateTime" : "06/03/16 06:32:00",
  "value" : "0"
},{
  "dateTime" : "06/03/16 06:33:00",
  "value" : "0"
},{
  "dateTime" : "06/03/16 06:34:00",
  "value" : "0"
},{
  "dateTime" : "06/03/16 06:35:00",
  "value" : "0"
},{
  "dateTime" : "06/03/16 06:36:00",
  "value" : "0"
},{
  "dateTime" : "06/03/16 06:37:00",
  "value" : "0"
},{
  "dateTime" : "06/03/16 06:38:00",
  "value" : "0"
},{
  "dateTime" : "06/03/16 06:39:00",
  "value" : "0"
},{
  "dateTime" : "06/03/16 06:40:00",
  "value" : "0"
},{
  "dateTime" : "06/03/16 06:41:00",
  "value" : "0"
},{
  "dateTime" : "06/03/16 06:42:00",
  "value" : "0"
},{
  "dateTime" : "06/03/16 06:43:00",
  "value" : "0"
},{
  "dateTime" : "06/03/16 06:44:00",
  "value" : "0"
},{
  "dateTime" : "06/03/16 06:45:00",
  "value" : "0"
},{
  "dateTime" : "06/03/16 06:46:00",
  "value" : "0"
},{
  "dateTime" : "06/03/16 06:47:00",
  "value" : "0"
},{
  "dateTime" : "06/03/16 06:48:00",
  "value" : "0"
},{
  "dateTime" : "06/03/16 06:49:00",
  "value" : "0"
},{
  "dateTime" : "06/03/16 06:53:00",
  "value" : "0"
},{
  "dateTime" : "06/03/16 06:54:00",
  "value" : "0"
},{
  "dateTime" : "06/03/16 06:55:00",
  "value" : "0"
},{
  "dateTime" : "06/03/16 06:56:00",
  "value" : "0"
},{
  "dateTime" : "06/03/16 06:58:00",
  "value" : "0"
},{
  "dateTime" : "06/03/16 06:59:00",
  "value" : "0"
},{
  "dateTime" : "06/03/16 07:00:00",
  "value" : "0"
},{
  "dateTime" : "06/03/16 07:01:00",
  "value" : "0"
},{
  "dateTime" : "06/03/16 07:02:00",
  "value" : "0"
},{
  "dateTime" : "06/03/16 07:04:00",
  "value" : "0"
},{
  "dateTime" : "06/03/16 07:06:00",
  "value" : "0"
},{
  "dateTime" : "06/03/16 07:07:00",
  "value" : "0"
},{
  "dateTime" : "06/03/16 07:08:00",
  "value" : "0"
},{
  "dateTime" : "06/03/16 07:09:00",
  "value" : "0"
},{
  "dateTime" : "06/03/16 07:10:00",
  "value" : "0"
},{
  "dateTime" : "06/03/16 07:11:00",
  "value" : "0"
},{
  "dateTime" : "06/03/16 07:12:00",
  "value" : "0"
},{
  "dateTime" : "06/03/16 07:14:00",
  "value" : "0"
},{
  "dateTime" : "06/03/16 07:16:00",
  "value" : "0"
},{
  "dateTime" : "06/03/16 07:17:00",
  "value" : "0"
},{
  "dateTime" : "06/03/16 07:18:00",
  "value" : "0"
},{
  "dateTime" : "06/03/16 07:19:00",
  "value" : "0"
},{
  "dateTime" : "06/03/16 07:20:00",
  "value" : "0"
},{
  "dateTime" : "06/03/16 07:23:00",
  "value" : "0"
},{
  "dateTime" : "06/03/16 07:24:00",
  "value" : "0"
},{
  "dateTime" : "06/03/16 07:25:00",
  "value" : "0"
},{
  "dateTime" : "06/03/16 07:26:00",
  "value" : "0"
},{
  "dateTime" : "06/03/16 07:27:00",
  "value" : "0"
},{
  "dateTime" : "06/03/16 07:29:00",
  "value" : "0"
},{
  "dateTime" : "06/03/16 07:30:00",
  "value" : "0"
},{
  "dateTime" : "06/03/16 07:31:00",
  "value" : "0"
},{
  "dateTime" : "06/03/16 07:32:00",
  "value" : "0"
},{
  "dateTime" : "06/03/16 07:33:00",
  "value" : "710"
},{
  "dateTime" : "06/03/16 07:37:00",
  "value" : "0"
},{
  "dateTime" : "06/03/16 07:38:00",
  "value" : "0"
},{
  "dateTime" : "06/03/16 07:39:00",
  "value" : "2010"
},{
  "dateTime" : "06/03/16 07:40:00",
  "value" : "2440"
},{
  "dateTime" : "06/03/16 07:41:00",
  "value" : "6670"
},{
  "dateTime" : "06/03/16 07:42:00",
  "value" : "8610"
},{
  "dateTime" : "06/03/16 07:43:00",
  "value" : "2800"
},{
  "dateTime" : "06/03/16 07:48:00",
  "value" : "0"
},{
  "dateTime" : "06/03/16 07:50:00",
  "value" : "1500"
},{
  "dateTime" : "06/03/16 07:51:00",
  "value" : "6240"
},{
  "dateTime" : "06/03/16 07:52:00",
  "value" : "5020"
},{
  "dateTime" : "06/03/16 07:53:00",
  "value" : "1360"
},{
  "dateTime" : "06/03/16 07:54:00",
  "value" : "0"
},{
  "dateTime" : "06/03/16 07:55:00",
  "value" : "1650"
},{
  "dateTime" : "06/03/16 07:56:00",
  "value" : "570"
},{
  "dateTime" : "06/03/16 07:57:00",
  "value" : "0"
},{
  "dateTime" : "06/03/16 07:58:00",
  "value" : "0"
},{
  "dateTime" : "06/03/16 07:59:00",
  "value" : "0"
},{
  "dateTime" : "06/03/16 08:00:00",
  "value" : "0"
},{
  "dateTime" : "06/03/16 08:01:00",
  "value" : "500"
},{
  "dateTime" : "06/03/16 08:02:00",
  "value" : "280"
},{
  "dateTime" : "06/03/16 08:03:00",
  "value" : "0"
},{
  "dateTime" : "06/03/16 08:04:00",
  "value" : "430"
},{
  "dateTime" : "06/03/16 08:05:00",
  "value" : "0"
},{
  "dateTime" : "06/03/16 08:06:00",
  "value" : "0"
},{
  "dateTime" : "06/03/16 08:07:00",
  "value" : "0"
},{
  "dateTime" : "06/03/16 08:08:00",
  "value" : "570"
},{
  "dateTime" : "06/03/16 08:09:00",
  "value" : "0"
},{
  "dateTime" : "06/03/16 08:10:00",
  "value" : "570"
},{
  "dateTime" : "06/03/16 08:11:00",
  "value" : "4300"
},{
  "dateTime" : "06/03/16 08:12:00",
  "value" : "7750"
},{
  "dateTime" : "06/03/16 08:13:00",
  "value" : "8110"
},{
  "dateTime" : "06/03/16 08:14:00",
  "value" : "8830"
},{
  "dateTime" : "06/03/16 08:15:00",
  "value" : "3590"
},{
  "dateTime" : "06/03/16 08:16:00",
  "value" : "8250"
},{
  "dateTime" : "06/03/16 08:17:00",
  "value" : "8320"
},{
  "dateTime" : "06/03/16 08:18:00",
  "value" : "1860"
},{
  "dateTime" : "06/03/16 08:19:00",
  "value" : "0"
},{
  "dateTime" : "06/03/16 08:20:00",
  "value" : "0"
},{
  "dateTime" : "06/03/16 08:23:00",
  "value" : "0"
},{
  "dateTime" : "06/03/16 08:24:00",
  "value" : "0"
},{
  "dateTime" : "06/03/16 08:25:00",
  "value" : "0"
},{
  "dateTime" : "06/03/16 08:26:00",
  "value" : "0"
},{
  "dateTime" : "06/03/16 08:27:00",
  "value" : "0"
},{
  "dateTime" : "06/03/16 08:28:00",
  "value" : "0"
},{
  "dateTime" : "06/03/16 08:29:00",
  "value" : "0"
},{
  "dateTime" : "06/03/16 08:30:00",
  "value" : "1720"
},{
  "dateTime" : "06/03/16 08:31:00",
  "value" : "0"
},{
  "dateTime" : "06/03/16 08:32:00",
  "value" : "0"
},{
  "dateTime" : "06/03/16 08:33:00",
  "value" : "1570"
},{
  "dateTime" : "06/03/16 08:34:00",
  "value" : "570"
},{
  "dateTime" : "06/03/16 08:35:00",
  "value" : "0"
},{
  "dateTime" : "06/03/16 08:36:00",
  "value" : "0"
},{
  "dateTime" : "06/03/16 08:37:00",
  "value" : "0"
},{
  "dateTime" : "06/03/16 08:39:00",
  "value" : "710"
},{
  "dateTime" : "06/03/16 08:42:00",
  "value" : "0"
},{
  "dateTime" : "06/03/16 08:43:00",
  "value" : "0"
},{
  "dateTime" : "06/03/16 08:44:00",
  "value" : "0"
},{
  "dateTime" : "06/03/16 08:45:00",
  "value" : "0"
},{
  "dateTime" : "06/03/16 08:46:00",
  "value" : "0"
},{
  "dateTime" : "06/03/16 08:47:00",
  "value" : "0"
},{
  "dateTime" : "06/03/16 08:48:00",
  "value" : "0"
},{
  "dateTime" : "06/03/16 08:49:00",
  "value" : "0"
},{
  "dateTime" : "06/03/16 08:50:00",
  "value" : "0"
},{
  "dateTime" : "06/03/16 08:51:00",
  "value" : "0"
},{
  "dateTime" : "06/03/16 08:52:00",
  "value" : "0"
},{
  "dateTime" : "06/03/16 08:53:00",
  "value" : "0"
},{
  "dateTime" : "06/03/16 08:54:00",
  "value" : "0"
},{
  "dateTime" : "06/03/16 08:55:00",
  "value" : "0"
},{
  "dateTime" : "06/03/16 08:56:00",
  "value" : "0"
},{
  "dateTime" : "06/03/16 08:57:00",
  "value" : "0"
},{
  "dateTime" : "06/03/16 08:58:00",
  "value" : "0"
},{
  "dateTime" : "06/03/16 08:59:00",
  "value" : "0"
},{
  "dateTime" : "06/03/16 09:00:00",
  "value" : "0"
},{
  "dateTime" : "06/03/16 09:01:00",
  "value" : "0"
},{
  "dateTime" : "06/03/16 09:02:00",
  "value" : "0"
},{
  "dateTime" : "06/03/16 09:03:00",
  "value" : "0"
},{
  "dateTime" : "06/03/16 09:04:00",
  "value" : "0"
},{
  "dateTime" : "06/03/16 09:05:00",
  "value" : "0"
},{
  "dateTime" : "06/03/16 09:06:00",
  "value" : "0"
},{
  "dateTime" : "06/03/16 09:07:00",
  "value" : "0"
},{
  "dateTime" : "06/03/16 09:08:00",
  "value" : "0"
},{
  "dateTime" : "06/03/16 09:09:00",
  "value" : "0"
},{
  "dateTime" : "06/03/16 09:10:00",
  "value" : "0"
},{
  "dateTime" : "06/03/16 09:11:00",
  "value" : "0"
},{
  "dateTime" : "06/03/16 09:12:00",
  "value" : "0"
},{
  "dateTime" : "06/03/16 09:13:00",
  "value" : "0"
},{
  "dateTime" : "06/03/16 09:14:00",
  "value" : "0"
},{
  "dateTime" : "06/03/16 09:15:00",
  "value" : "0"
},{
  "dateTime" : "06/03/16 09:16:00",
  "value" : "500"
},{
  "dateTime" : "06/03/16 09:17:00",
  "value" : "0"
},{
  "dateTime" : "06/03/16 09:18:00",
  "value" : "0"
},{
  "dateTime" : "06/03/16 09:19:00",
  "value" : "0"
},{
  "dateTime" : "06/03/16 09:20:00",
  "value" : "0"
},{
  "dateTime" : "06/03/16 09:21:00",
  "value" : "1070"
},{
  "dateTime" : "06/03/16 09:22:00",
  "value" : "4300"
},{
  "dateTime" : "06/03/16 09:23:00",
  "value" : "7180"
},{
  "dateTime" : "06/03/16 09:24:00",
  "value" : "6670"
},{
  "dateTime" : "06/03/16 09:25:00",
  "value" : "5520"
},{
  "dateTime" : "06/03/16 09:26:00",
  "value" : "7320"
},{
  "dateTime" : "06/03/16 09:27:00",
  "value" : "5520"
},{
  "dateTime" : "06/03/16 09:28:00",
  "value" : "1930"
},{
  "dateTime" : "06/03/16 09:29:00",
  "value" : "0"
},{
  "dateTime" : "06/03/16 09:30:00",
  "value" : "1500"
},{
  "dateTime" : "06/03/16 09:31:00",
  "value" : "8540"
},{
  "dateTime" : "06/03/16 09:32:00",
  "value" : "7100"
},{
  "dateTime" : "06/03/16 09:33:00",
  "value" : "7960"
},{
  "dateTime" : "06/03/16 09:34:00",
  "value" : "8040"
},{
  "dateTime" : "06/03/16 09:35:00",
  "value" : "8470"
},{
  "dateTime" : "06/03/16 09:36:00",
  "value" : "6100"
},{
  "dateTime" : "06/03/16 09:37:00",
  "value" : "7180"
},{
  "dateTime" : "06/03/16 09:38:00",
  "value" : "3080"
},{
  "dateTime" : "06/03/16 09:39:00",
  "value" : "0"
},{
  "dateTime" : "06/03/16 09:40:00",
  "value" : "0"
},{
  "dateTime" : "06/03/16 09:41:00",
  "value" : "0"
},{
  "dateTime" : "06/03/16 09:42:00",
  "value" : "0"
},{
  "dateTime" : "06/03/16 09:44:00",
  "value" : "0"
},{
  "dateTime" : "06/03/16 09:45:00",
  "value" : "0"
},{
  "dateTime" : "06/03/16 09:46:00",
  "value" : "500"
},{
  "dateTime" : "06/03/16 09:47:00",
  "value" : "4300"
},{
  "dateTime" : "06/03/16 09:48:00",
  "value" : "0"
},{
  "dateTime" : "06/03/16 09:49:00",
  "value" : "0"
},{
  "dateTime" : "06/03/16 09:53:00",
  "value" : "350"
},{
  "dateTime" : "06/03/16 09:54:00",
  "value" : "2940"
},{
  "dateTime" : "06/03/16 09:55:00",
  "value" : "4520"
},{
  "dateTime" : "06/03/16 09:56:00",
  "value" : "1430"
},{
  "dateTime" : "06/03/16 09:57:00",
  "value" : "0"
},{
  "dateTime" : "06/03/16 09:58:00",
  "value" : "3870"
},{
  "dateTime" : "06/03/16 09:59:00",
  "value" : "0"
},{
  "dateTime" : "06/03/16 10:00:00",
  "value" : "0"
},{
  "dateTime" : "06/03/16 10:01:00",
  "value" : "0"
},{
  "dateTime" : "06/03/16 10:02:00",
  "value" : "0"
},{
  "dateTime" : "06/03/16 10:03:00",
  "value" : "7100"
},{
  "dateTime" : "06/03/16 10:04:00",
  "value" : "9040"
},{
  "dateTime" : "06/03/16 10:05:00",
  "value" : "5810"
},{
  "dateTime" : "06/03/16 10:06:00",
  "value" : "1360"
},{
  "dateTime" : "06/03/16 10:07:00",
  "value" : "0"
},{
  "dateTime" : "06/03/16 10:08:00",
  "value" : "2800"
},{
  "dateTime" : "06/03/16 10:09:00",
  "value" : "8830"
},{
  "dateTime" : "06/03/16 10:10:00",
  "value" : "9040"
},{
  "dateTime" : "06/03/16 10:11:00",
  "value" : "8830"
},{
  "dateTime" : "06/03/16 10:12:00",
  "value" : "3010"
},{
  "dateTime" : "06/03/16 10:13:00",
  "value" : "1430"
},{
  "dateTime" : "06/03/16 10:14:00",
  "value" : "1290"
},{
  "dateTime" : "06/03/16 10:15:00",
  "value" : "0"
},{
  "dateTime" : "06/03/16 10:16:00",
  "value" : "0"
},{
  "dateTime" : "06/03/16 10:17:00",
  "value" : "0"
},{
  "dateTime" : "06/03/16 10:18:00",
  "value" : "0"
},{
  "dateTime" : "06/03/16 10:19:00",
  "value" : "430"
},{
  "dateTime" : "06/03/16 10:20:00",
  "value" : "500"
},{
  "dateTime" : "06/03/16 10:21:00",
  "value" : "430"
},{
  "dateTime" : "06/03/16 10:22:00",
  "value" : "0"
},{
  "dateTime" : "06/03/16 10:23:00",
  "value" : "7890"
},{
  "dateTime" : "06/03/16 10:24:00",
  "value" : "4730"
},{
  "dateTime" : "06/03/16 10:25:00",
  "value" : "2510"
},{
  "dateTime" : "06/03/16 10:26:00",
  "value" : "5450"
},{
  "dateTime" : "06/03/16 10:27:00",
  "value" : "0"
},{
  "dateTime" : "06/03/16 10:28:00",
  "value" : "0"
},{
  "dateTime" : "06/03/16 10:29:00",
  "value" : "0"
},{
  "dateTime" : "06/03/16 10:30:00",
  "value" : "280"
},{
  "dateTime" : "06/03/16 10:31:00",
  "value" : "0"
},{
  "dateTime" : "06/03/16 10:32:00",
  "value" : "0"
},{
  "dateTime" : "06/03/16 10:33:00",
  "value" : "570"
},{
  "dateTime" : "06/03/16 10:34:00",
  "value" : "0"
},{
  "dateTime" : "06/03/16 10:35:00",
  "value" : "0"
},{
  "dateTime" : "06/03/16 10:36:00",
  "value" : "860"
},{
  "dateTime" : "06/03/16 10:37:00",
  "value" : "640"
},{
  "dateTime" : "06/03/16 10:38:00",
  "value" : "430"
},{
  "dateTime" : "06/03/16 10:39:00",
  "value" : "570"
},{
  "dateTime" : "06/03/16 10:40:00",
  "value" : "0"
},{
  "dateTime" : "06/03/16 10:41:00",
  "value" : "570"
},{
  "dateTime" : "06/03/16 10:42:00",
  "value" : "0"
},{
  "dateTime" : "06/03/16 10:43:00",
  "value" : "0"
},{
  "dateTime" : "06/03/16 10:44:00",
  "value" : "430"
},{
  "dateTime" : "06/03/16 10:45:00",
  "value" : "0"
},{
  "dateTime" : "06/03/16 10:46:00",
  "value" : "0"
},{
  "dateTime" : "06/03/16 10:47:00",
  "value" : "0"
},{
  "dateTime" : "06/03/16 10:48:00",
  "value" : "0"
},{
  "dateTime" : "06/03/16 10:49:00",
  "value" : "0"
},{
  "dateTime" : "06/03/16 10:50:00",
  "value" : "0"
},{
  "dateTime" : "06/03/16 10:51:00",
  "value" : "0"
},{
  "dateTime" : "06/03/16 10:52:00",
  "value" : "0"
},{
  "dateTime" : "06/03/16 10:53:00",
  "value" : "280"
},{
  "dateTime" : "06/03/16 10:54:00",
  "value" : "0"
},{
  "dateTime" : "06/03/16 10:55:00",
  "value" : "0"
},{
  "dateTime" : "06/03/16 10:56:00",
  "value" : "0"
},{
  "dateTime" : "06/03/16 10:57:00",
  "value" : "0"
},{
  "dateTime" : "06/03/16 10:58:00",
  "value" : "0"
},{
  "dateTime" : "06/03/16 10:59:00",
  "value" : "0"
},{
  "dateTime" : "06/03/16 11:00:00",
  "value" : "0"
},{
  "dateTime" : "06/03/16 11:01:00",
  "value" : "0"
},{
  "dateTime" : "06/03/16 11:02:00",
  "value" : "0"
},{
  "dateTime" : "06/03/16 11:03:00",
  "value" : "0"
},{
  "dateTime" : "06/03/16 11:04:00",
  "value" : "0"
},{
  "dateTime" : "06/03/16 11:05:00",
  "value" : "0"
},{
  "dateTime" : "06/03/16 11:06:00",
  "value" : "0"
},{
  "dateTime" : "06/03/16 11:07:00",
  "value" : "0"
},{
  "dateTime" : "06/03/16 11:08:00",
  "value" : "0"
},{
  "dateTime" : "06/03/16 11:09:00",
  "value" : "500"
},{
  "dateTime" : "06/03/16 11:10:00",
  "value" : "0"
},{
  "dateTime" : "06/03/16 11:11:00",
  "value" : "0"
},{
  "dateTime" : "06/03/16 11:12:00",
  "value" : "500"
},{
  "dateTime" : "06/03/16 11:13:00",
  "value" : "0"
},{
  "dateTime" : "06/03/16 11:14:00",
  "value" : "0"
},{
  "dateTime" : "06/03/16 11:15:00",
  "value" : "0"
},{
  "dateTime" : "06/03/16 11:16:00",
  "value" : "0"
},{
  "dateTime" : "06/03/16 11:17:00",
  "value" : "0"
},{
  "dateTime" : "06/03/16 11:18:00",
  "value" : "0"
},{
  "dateTime" : "06/03/16 11:19:00",
  "value" : "0"
},{
  "dateTime" : "06/03/16 11:20:00",
  "value" : "0"
},{
  "dateTime" : "06/03/16 11:21:00",
  "value" : "570"
},{
  "dateTime" : "06/03/16 11:23:00",
  "value" : "860"
},{
  "dateTime" : "06/03/16 11:24:00",
  "value" : "0"
},{
  "dateTime" : "06/03/16 11:25:00",
  "value" : "0"
},{
  "dateTime" : "06/03/16 11:28:00",
  "value" : "280"
},{
  "dateTime" : "06/03/16 11:29:00",
  "value" : "0"
},{
  "dateTime" : "06/03/16 11:30:00",
  "value" : "780"
},{
  "dateTime" : "06/03/16 11:31:00",
  "value" : "1220"
},{
  "dateTime" : "06/03/16 11:32:00",
  "value" : "0"
},{
  "dateTime" : "06/03/16 11:33:00",
  "value" : "640"
},{
  "dateTime" : "06/03/16 11:34:00",
  "value" : "5880"
},{
  "dateTime" : "06/03/16 11:35:00",
  "value" : "6390"
},{
  "dateTime" : "06/03/16 11:36:00",
  "value" : "7320"
},{
  "dateTime" : "06/03/16 11:37:00",
  "value" : "1360"
},{
  "dateTime" : "06/03/16 11:38:00",
  "value" : "0"
},{
  "dateTime" : "06/03/16 11:39:00",
  "value" : "0"
},{
  "dateTime" : "06/03/16 11:40:00",
  "value" : "0"
},{
  "dateTime" : "06/03/16 11:41:00",
  "value" : "0"
},{
  "dateTime" : "06/03/16 11:42:00",
  "value" : "0"
},{
  "dateTime" : "06/03/16 11:43:00",
  "value" : "0"
},{
  "dateTime" : "06/03/16 11:44:00",
  "value" : "0"
},{
  "dateTime" : "06/03/16 11:45:00",
  "value" : "0"
},{
  "dateTime" : "06/03/16 11:46:00",
  "value" : "5160"
},{
  "dateTime" : "06/03/16 11:47:00",
  "value" : "6740"
},{
  "dateTime" : "06/03/16 11:48:00",
  "value" : "7890"
},{
  "dateTime" : "06/03/16 11:49:00",
  "value" : "5670"
},{
  "dateTime" : "06/03/16 11:50:00",
  "value" : "1860"
},{
  "dateTime" : "06/03/16 11:51:00",
  "value" : "640"
},{
  "dateTime" : "06/03/16 11:53:00",
  "value" : "0"
},{
  "dateTime" : "06/03/16 11:54:00",
  "value" : "0"
},{
  "dateTime" : "06/03/16 11:55:00",
  "value" : "0"
},{
  "dateTime" : "06/03/16 11:56:00",
  "value" : "0"
},{
  "dateTime" : "06/03/16 11:57:00",
  "value" : "4880"
},{
  "dateTime" : "06/03/16 11:58:00",
  "value" : "2220"
},{
  "dateTime" : "06/03/16 11:59:00",
  "value" : "3870"
},{
  "dateTime" : "06/03/16 12:00:00",
  "value" : "2010"
},{
  "dateTime" : "06/03/16 12:01:00",
  "value" : "2220"
},{
  "dateTime" : "06/03/16 12:02:00",
  "value" : "2650"
},{
  "dateTime" : "06/03/16 12:03:00",
  "value" : "2220"
},{
  "dateTime" : "06/03/16 12:04:00",
  "value" : "2080"
},{
  "dateTime" : "06/03/16 12:05:00",
  "value" : "2800"
},{
  "dateTime" : "06/03/16 12:06:00",
  "value" : "3440"
},{
  "dateTime" : "06/03/16 12:07:00",
  "value" : "1500"
},{
  "dateTime" : "06/03/16 12:08:00",
  "value" : "2010"
},{
  "dateTime" : "06/03/16 12:09:00",
  "value" : "3590"
},{
  "dateTime" : "06/03/16 12:10:00",
  "value" : "1790"
},{
  "dateTime" : "06/03/16 12:11:00",
  "value" : "2290"
},{
  "dateTime" : "06/03/16 12:12:00",
  "value" : "2220"
},{
  "dateTime" : "06/03/16 12:13:00",
  "value" : "3080"
},{
  "dateTime" : "06/03/16 12:14:00",
  "value" : "1570"
},{
  "dateTime" : "06/03/16 12:15:00",
  "value" : "0"
},{
  "dateTime" : "06/03/16 12:16:00",
  "value" : "1860"
},{
  "dateTime" : "06/03/16 12:17:00",
  "value" : "0"
},{
  "dateTime" : "06/03/16 12:18:00",
  "value" : "430"
},{
  "dateTime" : "06/03/16 12:19:00",
  "value" : "0"
},{
  "dateTime" : "06/03/16 12:20:00",
  "value" : "2220"
},{
  "dateTime" : "06/03/16 12:21:00",
  "value" : "1290"
},{
  "dateTime" : "06/03/16 12:22:00",
  "value" : "3870"
},{
  "dateTime" : "06/03/16 12:23:00",
  "value" : "5160"
},{
  "dateTime" : "06/03/16 12:24:00",
  "value" : "4370"
},{
  "dateTime" : "06/03/16 12:25:00",
  "value" : "5670"
},{
  "dateTime" : "06/03/16 12:26:00",
  "value" : "2510"
},{
  "dateTime" : "06/03/16 12:27:00",
  "value" : "1140"
},{
  "dateTime" : "06/03/16 12:28:00",
  "value" : "1430"
},{
  "dateTime" : "06/03/16 12:29:00",
  "value" : "1650"
},{
  "dateTime" : "06/03/16 12:30:00",
  "value" : "1220"
},{
  "dateTime" : "06/03/16 12:31:00",
  "value" : "1430"
},{
  "dateTime" : "06/03/16 12:32:00",
  "value" : "860"
},{
  "dateTime" : "06/03/16 12:33:00",
  "value" : "3940"
},{
  "dateTime" : "06/03/16 12:34:00",
  "value" : "4090"
},{
  "dateTime" : "06/03/16 12:35:00",
  "value" : "3590"
},{
  "dateTime" : "06/03/16 12:36:00",
  "value" : "2360"
},{
  "dateTime" : "06/03/16 12:37:00",
  "value" : "3800"
},{
  "dateTime" : "06/03/16 12:38:00",
  "value" : "2150"
},{
  "dateTime" : "06/03/16 12:39:00",
  "value" : "3010"
},{
  "dateTime" : "06/03/16 12:40:00",
  "value" : "280"
},{
  "dateTime" : "06/03/16 12:41:00",
  "value" : "2080"
},{
  "dateTime" : "06/03/16 12:42:00",
  "value" : "2150"
},{
  "dateTime" : "06/03/16 12:43:00",
  "value" : "0"
},{
  "dateTime" : "06/03/16 12:44:00",
  "value" : "4880"
},{
  "dateTime" : "06/03/16 12:45:00",
  "value" : "860"
},{
  "dateTime" : "06/03/16 12:46:00",
  "value" : "3370"
},{
  "dateTime" : "06/03/16 12:47:00",
  "value" : "3010"
},{
  "dateTime" : "06/03/16 12:48:00",
  "value" : "0"
},{
  "dateTime" : "06/03/16 12:49:00",
  "value" : "860"
},{
  "dateTime" : "06/03/16 12:50:00",
  "value" : "430"
},{
  "dateTime" : "06/03/16 12:51:00",
  "value" : "4020"
},{
  "dateTime" : "06/03/16 12:52:00",
  "value" : "2870"
},{
  "dateTime" : "06/03/16 12:53:00",
  "value" : "3010"
},{
  "dateTime" : "06/03/16 12:54:00",
  "value" : "4950"
},{
  "dateTime" : "06/03/16 12:55:00",
  "value" : "4300"
},{
  "dateTime" : "06/03/16 12:56:00",
  "value" : "4590"
},{
  "dateTime" : "06/03/16 12:57:00",
  "value" : "4160"
},{
  "dateTime" : "06/03/16 12:58:00",
  "value" : "2940"
},{
  "dateTime" : "06/03/16 12:59:00",
  "value" : "0"
},{
  "dateTime" : "06/03/16 13:00:00",
  "value" : "4230"
},{
  "dateTime" : "06/03/16 13:01:00",
  "value" : "210"
},{
  "dateTime" : "06/03/16 13:02:00",
  "value" : "0"
},{
  "dateTime" : "06/03/16 13:12:00",
  "value" : "1140"
},{
  "dateTime" : "06/03/16 13:13:00",
  "value" : "6390"
},{
  "dateTime" : "06/03/16 13:14:00",
  "value" : "6530"
},{
  "dateTime" : "06/03/16 13:15:00",
  "value" : "2220"
},{
  "dateTime" : "06/03/16 13:16:00",
  "value" : "0"
},{
  "dateTime" : "06/03/16 13:17:00",
  "value" : "280"
},{
  "dateTime" : "06/03/16 13:18:00",
  "value" : "0"
},{
  "dateTime" : "06/03/16 13:19:00",
  "value" : "0"
},{
  "dateTime" : "06/03/16 13:20:00",
  "value" : "0"
},{
  "dateTime" : "06/03/16 13:21:00",
  "value" : "0"
},{
  "dateTime" : "06/03/16 13:22:00",
  "value" : "0"
},{
  "dateTime" : "06/03/16 13:23:00",
  "value" : "0"
},{
  "dateTime" : "06/03/16 13:24:00",
  "value" : "1140"
},{
  "dateTime" : "06/03/16 13:25:00",
  "value" : "0"
},{
  "dateTime" : "06/03/16 13:26:00",
  "value" : "0"
},{
  "dateTime" : "06/03/16 13:28:00",
  "value" : "0"
},{
  "dateTime" : "06/03/16 13:29:00",
  "value" : "0"
},{
  "dateTime" : "06/03/16 13:30:00",
  "value" : "0"
},{
  "dateTime" : "06/03/16 13:31:00",
  "value" : "0"
},{
  "dateTime" : "06/03/16 13:32:00",
  "value" : "0"
},{
  "dateTime" : "06/03/16 13:33:00",
  "value" : "0"
},{
  "dateTime" : "06/03/16 13:34:00",
  "value" : "0"
},{
  "dateTime" : "06/03/16 13:35:00",
  "value" : "0"
},{
  "dateTime" : "06/03/16 13:36:00",
  "value" : "0"
},{
  "dateTime" : "06/03/16 13:37:00",
  "value" : "0"
},{
  "dateTime" : "06/03/16 13:38:00",
  "value" : "0"
},{
  "dateTime" : "06/03/16 13:39:00",
  "value" : "0"
},{
  "dateTime" : "06/03/16 13:40:00",
  "value" : "0"
},{
  "dateTime" : "06/03/16 13:41:00",
  "value" : "0"
},{
  "dateTime" : "06/03/16 13:42:00",
  "value" : "0"
},{
  "dateTime" : "06/03/16 13:43:00",
  "value" : "0"
},{
  "dateTime" : "06/03/16 13:44:00",
  "value" : "0"
},{
  "dateTime" : "06/03/16 13:45:00",
  "value" : "0"
},{
  "dateTime" : "06/03/16 13:46:00",
  "value" : "0"
},{
  "dateTime" : "06/03/16 13:47:00",
  "value" : "0"
},{
  "dateTime" : "06/03/16 13:49:00",
  "value" : "780"
},{
  "dateTime" : "06/03/16 13:50:00",
  "value" : "1000"
},{
  "dateTime" : "06/03/16 13:51:00",
  "value" : "1360"
},{
  "dateTime" : "06/03/16 13:52:00",
  "value" : "2800"
},{
  "dateTime" : "06/03/16 13:53:00",
  "value" : "2440"
},{
  "dateTime" : "06/03/16 13:54:00",
  "value" : "860"
},{
  "dateTime" : "06/03/16 13:55:00",
  "value" : "1000"
},{
  "dateTime" : "06/03/16 13:56:00",
  "value" : "0"
},{
  "dateTime" : "06/03/16 14:04:00",
  "value" : "930"
},{
  "dateTime" : "06/03/16 14:05:00",
  "value" : "0"
},{
  "dateTime" : "06/03/16 14:06:00",
  "value" : "2360"
},{
  "dateTime" : "06/03/16 14:07:00",
  "value" : "3370"
},{
  "dateTime" : "06/03/16 14:08:00",
  "value" : "2010"
},{
  "dateTime" : "06/03/16 14:09:00",
  "value" : "570"
},{
  "dateTime" : "06/03/16 14:14:00",
  "value" : "0"
},{
  "dateTime" : "06/03/16 14:32:00",
  "value" : "0"
},{
  "dateTime" : "06/03/16 14:42:00",
  "value" : "0"
},{
  "dateTime" : "06/03/16 14:45:00",
  "value" : "0"
},{
  "dateTime" : "06/03/16 15:05:00",
  "value" : "0"
},{
  "dateTime" : "06/03/16 15:06:00",
  "value" : "0"
},{
  "dateTime" : "06/03/16 15:08:00",
  "value" : "0"
},{
  "dateTime" : "06/03/16 15:09:00",
  "value" : "0"
},{
  "dateTime" : "06/03/16 15:10:00",
  "value" : "0"
},{
  "dateTime" : "06/03/16 15:11:00",
  "value" : "0"
},{
  "dateTime" : "06/03/16 15:12:00",
  "value" : "0"
},{
  "dateTime" : "06/03/16 15:13:00",
  "value" : "0"
},{
  "dateTime" : "06/03/16 15:14:00",
  "value" : "0"
},{
  "dateTime" : "06/03/16 15:15:00",
  "value" : "0"
},{
  "dateTime" : "06/03/16 15:16:00",
  "value" : "0"
},{
  "dateTime" : "06/03/16 15:17:00",
  "value" : "0"
},{
  "dateTime" : "06/03/16 15:18:00",
  "value" : "0"
},{
  "dateTime" : "06/03/16 15:19:00",
  "value" : "0"
},{
  "dateTime" : "06/03/16 15:20:00",
  "value" : "0"
},{
  "dateTime" : "06/03/16 15:23:00",
  "value" : "0"
},{
  "dateTime" : "06/03/16 15:24:00",
  "value" : "0"
},{
  "dateTime" : "06/03/16 15:25:00",
  "value" : "0"
},{
  "dateTime" : "06/03/16 15:26:00",
  "value" : "0"
},{
  "dateTime" : "06/03/16 15:27:00",
  "value" : "0"
},{
  "dateTime" : "06/03/16 15:28:00",
  "value" : "0"
},{
  "dateTime" : "06/03/16 15:29:00",
  "value" : "0"
},{
  "dateTime" : "06/03/16 15:30:00",
  "value" : "0"
},{
  "dateTime" : "06/03/16 15:31:00",
  "value" : "0"
},{
  "dateTime" : "06/03/16 15:32:00",
  "value" : "0"
},{
  "dateTime" : "06/03/16 15:33:00",
  "value" : "0"
},{
  "dateTime" : "06/03/16 15:34:00",
  "value" : "0"
},{
  "dateTime" : "06/03/16 15:35:00",
  "value" : "0"
},{
  "dateTime" : "06/03/16 15:36:00",
  "value" : "0"
},{
  "dateTime" : "06/03/16 15:37:00",
  "value" : "570"
},{
  "dateTime" : "06/03/16 15:38:00",
  "value" : "0"
},{
  "dateTime" : "06/03/16 15:39:00",
  "value" : "0"
},{
  "dateTime" : "06/03/16 15:40:00",
  "value" : "0"
},{
  "dateTime" : "06/03/16 15:41:00",
  "value" : "0"
},{
  "dateTime" : "06/03/16 15:42:00",
  "value" : "0"
},{
  "dateTime" : "06/03/16 15:43:00",
  "value" : "0"
},{
  "dateTime" : "06/03/16 15:44:00",
  "value" : "0"
},{
  "dateTime" : "06/03/16 15:45:00",
  "value" : "0"
},{
  "dateTime" : "06/03/16 15:46:00",
  "value" : "0"
},{
  "dateTime" : "06/03/16 15:47:00",
  "value" : "0"
},{
  "dateTime" : "06/03/16 15:48:00",
  "value" : "0"
},{
  "dateTime" : "06/03/16 15:49:00",
  "value" : "0"
},{
  "dateTime" : "06/03/16 15:50:00",
  "value" : "0"
},{
  "dateTime" : "06/03/16 15:51:00",
  "value" : "0"
},{
  "dateTime" : "06/03/16 15:52:00",
  "value" : "0"
},{
  "dateTime" : "06/03/16 15:54:00",
  "value" : "0"
},{
  "dateTime" : "06/03/16 15:55:00",
  "value" : "0"
},{
  "dateTime" : "06/03/16 15:56:00",
  "value" : "0"
},{
  "dateTime" : "06/03/16 15:58:00",
  "value" : "0"
},{
  "dateTime" : "06/03/16 15:59:00",
  "value" : "0"
},{
  "dateTime" : "06/03/16 16:00:00",
  "value" : "0"
},{
  "dateTime" : "06/03/16 16:01:00",
  "value" : "0"
},{
  "dateTime" : "06/03/16 16:02:00",
  "value" : "0"
},{
  "dateTime" : "06/03/16 16:10:00",
  "value" : "0"
},{
  "dateTime" : "06/03/16 16:13:00",
  "value" : "0"
},{
  "dateTime" : "06/03/16 16:14:00",
  "value" : "0"
},{
  "dateTime" : "06/03/16 16:21:00",
  "value" : "0"
},{
  "dateTime" : "06/03/16 16:25:00",
  "value" : "0"
},{
  "dateTime" : "06/03/16 16:26:00",
  "value" : "0"
},{
  "dateTime" : "06/03/16 18:00:00",
  "value" : "0"
},{
  "dateTime" : "06/03/16 18:45:00",
  "value" : "0"
},{
  "dateTime" : "06/03/16 19:08:00",
  "value" : "0"
},{
  "dateTime" : "06/03/16 19:19:00",
  "value" : "0"
},{
  "dateTime" : "06/03/16 19:36:00",
  "value" : "0"
},{
  "dateTime" : "06/03/16 20:46:00",
  "value" : "280"
},{
  "dateTime" : "06/03/16 20:52:00",
  "value" : "1220"
},{
  "dateTime" : "06/03/16 20:53:00",
  "value" : "0"
},{
  "dateTime" : "06/03/16 20:54:00",
  "value" : "0"
},{
  "dateTime" : "06/03/16 20:55:00",
  "value" : "0"
},{
  "dateTime" : "06/03/16 20:56:00",
  "value" : "570"
},{
  "dateTime" : "06/03/16 20:57:00",
  "value" : "1220"
},{
  "dateTime" : "06/03/16 20:58:00",
  "value" : "1430"
},{
  "dateTime" : "06/03/16 20:59:00",
  "value" : "1070"
},{
  "dateTime" : "06/03/16 21:00:00",
  "value" : "640"
},{
  "dateTime" : "06/03/16 21:01:00",
  "value" : "0"
},{
  "dateTime" : "06/03/16 21:02:00",
  "value" : "4090"
},{
  "dateTime" : "06/03/16 21:03:00",
  "value" : "2720"
},{
  "dateTime" : "06/03/16 21:04:00",
  "value" : "710"
},{
  "dateTime" : "06/03/16 21:05:00",
  "value" : "1290"
},{
  "dateTime" : "06/03/16 21:06:00",
  "value" : "2720"
},{
  "dateTime" : "06/03/16 21:07:00",
  "value" : "0"
},{
  "dateTime" : "06/03/16 21:08:00",
  "value" : "1070"
},{
  "dateTime" : "06/03/16 21:09:00",
  "value" : "2650"
},{
  "dateTime" : "06/05/16 07:06:00",
  "value" : "0"
},{
  "dateTime" : "06/05/16 07:52:00",
  "value" : "0"
},{
  "dateTime" : "06/06/16 10:14:00",
  "value" : "0"
},{
  "dateTime" : "06/08/16 03:40:00",
  "value" : "14509"
},{
  "dateTime" : "06/08/16 03:41:00",
  "value" : "14509"
},{
  "dateTime" : "06/08/16 03:42:00",
  "value" : "14509"
},{
  "dateTime" : "06/08/16 03:43:00",
  "value" : "14509"
},{
  "dateTime" : "06/08/16 03:44:00",
  "value" : "14509"
},{
  "dateTime" : "06/08/16 03:45:00",
  "value" : "14514"
},{
  "dateTime" : "06/08/16 04:06:00",
  "value" : "22797"
},{
  "dateTime" : "06/08/16 04:07:00",
  "value" : "22797"
},{
  "dateTime" : "06/08/16 04:08:00",
  "value" : "22797"
},{
  "dateTime" : "06/08/16 04:09:00",
  "value" : "22797"
},{
  "dateTime" : "06/08/16 04:10:00",
  "value" : "22797"
},{
  "dateTime" : "06/08/16 04:11:00",
  "value" : "22797"
},{
  "dateTime" : "06/08/16 04:12:00",
  "value" : "22797"
},{
  "dateTime" : "06/08/16 04:13:00",
  "value" : "22797"
},{
  "dateTime" : "06/08/16 04:14:00",
  "value" : "22797"
},{
  "dateTime" : "06/08/16 04:15:00",
  "value" : "22797"
},{
  "dateTime" : "06/08/16 04:16:00",
  "value" : "22797"
},{
  "dateTime" : "06/08/16 04:17:00",
  "value" : "22797"
},{
  "dateTime" : "06/08/16 04:18:00",
  "value" : "22797"
},{
  "dateTime" : "06/08/16 04:19:00",
  "value" : "22797"
},{
  "dateTime" : "06/08/16 04:20:00",
  "value" : "22797"
},{
  "dateTime" : "06/08/16 04:21:00",
  "value" : "22797"
},{
  "dateTime" : "06/08/16 04:22:00",
  "value" : "22797"
},{
  "dateTime" : "06/08/16 04:23:00",
  "value" : "22797"
},{
  "dateTime" : "06/08/16 04:24:00",
  "value" : "22797"
},{
  "dateTime" : "06/08/16 04:25:00",
  "value" : "22797"
},{
  "dateTime" : "06/08/16 04:26:00",
  "value" : "22797"
},{
  "dateTime" : "06/08/16 04:27:00",
  "value" : "22797"
},{
  "dateTime" : "06/08/16 04:28:00",
  "value" : "22797"
},{
  "dateTime" : "06/08/16 04:29:00",
  "value" : "22797"
},{
  "dateTime" : "06/08/16 04:30:00",
  "value" : "22797"
},{
  "dateTime" : "06/08/16 04:31:00",
  "value" : "22797"
},{
  "dateTime" : "06/08/16 04:32:00",
  "value" : "22797"
},{
  "dateTime" : "06/08/16 04:33:00",
  "value" : "22797"
},{
  "dateTime" : "06/08/16 04:34:00",
  "value" : "22797"
},{
  "dateTime" : "06/08/16 04:35:00",
  "value" : "22797"
},{
  "dateTime" : "06/08/16 04:36:00",
  "value" : "22797"
},{
  "dateTime" : "06/08/16 04:37:00",
  "value" : "22797"
},{
  "dateTime" : "06/08/16 04:38:00",
  "value" : "22826"
},{
  "dateTime" : "06/12/16 09:33:00",
  "value" : "24109"
},{
  "dateTime" : "06/12/16 09:34:00",
  "value" : "24109"
},{
  "dateTime" : "06/12/16 09:35:00",
  "value" : "24109"
},{
  "dateTime" : "06/12/16 09:36:00",
  "value" : "24109"
},{
  "dateTime" : "06/12/16 09:37:00",
  "value" : "24109"
},{
  "dateTime" : "06/12/16 09:38:00",
  "value" : "24109"
},{
  "dateTime" : "06/12/16 09:39:00",
  "value" : "24109"
},{
  "dateTime" : "06/12/16 09:40:00",
  "value" : "24109"
},{
  "dateTime" : "06/12/16 09:41:00",
  "value" : "24109"
},{
  "dateTime" : "06/12/16 09:42:00",
  "value" : "24109"
},{
  "dateTime" : "06/12/16 09:43:00",
  "value" : "24109"
},{
  "dateTime" : "06/12/16 09:44:00",
  "value" : "24109"
},{
  "dateTime" : "06/12/16 09:45:00",
  "value" : "24109"
},{
  "dateTime" : "06/12/16 09:46:00",
  "value" : "24109"
},{
  "dateTime" : "06/12/16 09:47:00",
  "value" : "24109"
},{
  "dateTime" : "06/12/16 09:48:00",
  "value" : "24109"
},{
  "dateTime" : "06/12/16 09:49:00",
  "value" : "24109"
},{
  "dateTime" : "06/12/16 09:50:00",
  "value" : "24109"
},{
  "dateTime" : "06/12/16 09:51:00",
  "value" : "24109"
},{
  "dateTime" : "06/12/16 09:52:00",
  "value" : "24109"
},{
  "dateTime" : "06/12/16 09:53:00",
  "value" : "24109"
},{
  "dateTime" : "06/12/16 09:54:00",
  "value" : "24109"
},{
  "dateTime" : "06/12/16 09:55:00",
  "value" : "24109"
},{
  "dateTime" : "06/12/16 09:56:00",
  "value" : "24109"
},{
  "dateTime" : "06/12/16 09:57:00",
  "value" : "24109"
},{
  "dateTime" : "06/12/16 09:58:00",
  "value" : "24109"
},{
  "dateTime" : "06/12/16 09:59:00",
  "value" : "24109"
},{
  "dateTime" : "06/12/16 10:00:00",
  "value" : "24109"
},{
  "dateTime" : "06/12/16 10:01:00",
  "value" : "24109"
},{
  "dateTime" : "06/12/16 10:02:00",
  "value" : "24109"
},{
  "dateTime" : "06/12/16 10:03:00",
  "value" : "24109"
},{
  "dateTime" : "06/12/16 10:04:00",
  "value" : "24109"
},{
  "dateTime" : "06/12/16 10:05:00",
  "value" : "24109"
},{
  "dateTime" : "06/12/16 10:06:00",
  "value" : "24109"
},{
  "dateTime" : "06/12/16 10:07:00",
  "value" : "24109"
},{
  "dateTime" : "06/12/16 10:08:00",
  "value" : "24109"
},{
  "dateTime" : "06/12/16 10:09:00",
  "value" : "24109"
},{
  "dateTime" : "06/12/16 10:10:00",
  "value" : "24109"
},{
  "dateTime" : "06/12/16 10:11:00",
  "value" : "24109"
},{
  "dateTime" : "06/12/16 10:12:00",
  "value" : "24109"
},{
  "dateTime" : "06/12/16 10:13:00",
  "value" : "24109"
},{
  "dateTime" : "06/12/16 10:14:00",
  "value" : "24109"
},{
  "dateTime" : "06/12/16 10:15:00",
  "value" : "24109"
},{
  "dateTime" : "06/12/16 10:16:00",
  "value" : "24109"
},{
  "dateTime" : "06/12/16 10:17:00",
  "value" : "24109"
},{
  "dateTime" : "06/12/16 10:18:00",
  "value" : "24109"
},{
  "dateTime" : "06/12/16 10:19:00",
  "value" : "24109"
},{
  "dateTime" : "06/12/16 10:20:00",
  "value" : "24109"
},{
  "dateTime" : "06/12/16 10:21:00",
  "value" : "24109"
},{
  "dateTime" : "06/12/16 10:22:00",
  "value" : "24109"
},{
  "dateTime" : "06/12/16 10:23:00",
  "value" : "24109"
},{
  "dateTime" : "06/12/16 10:24:00",
  "value" : "24109"
},{
  "dateTime" : "06/12/16 10:25:00",
  "value" : "24109"
},{
  "dateTime" : "06/12/16 10:26:00",
  "value" : "24109"
},{
  "dateTime" : "06/12/16 10:27:00",
  "value" : "24109"
},{
  "dateTime" : "06/12/16 10:28:00",
  "value" : "24109"
},{
  "dateTime" : "06/12/16 10:29:00",
  "value" : "24109"
},{
  "dateTime" : "06/12/16 10:30:00",
  "value" : "24109"
},{
  "dateTime" : "06/12/16 10:31:00",
  "value" : "24109"
},{
  "dateTime" : "06/12/16 10:32:00",
  "value" : "24109"
},{
  "dateTime" : "06/12/16 10:33:00",
  "value" : "24109"
},{
  "dateTime" : "06/12/16 10:34:00",
  "value" : "24109"
},{
  "dateTime" : "06/12/16 10:35:00",
  "value" : "24109"
},{
  "dateTime" : "06/12/16 10:36:00",
  "value" : "24133"
},{
  "dateTime" : "06/15/16 03:40:00",
  "value" : "6570"
},{
  "dateTime" : "06/15/16 03:41:00",
  "value" : "6570"
},{
  "dateTime" : "06/15/16 03:42:00",
  "value" : "6570"
},{
  "dateTime" : "06/15/16 03:43:00",
  "value" : "6570"
},{
  "dateTime" : "06/15/16 03:44:00",
  "value" : "6570"
},{
  "dateTime" : "06/15/16 03:45:00",
  "value" : "6570"
},{
  "dateTime" : "06/15/16 03:46:00",
  "value" : "6570"
},{
  "dateTime" : "06/15/16 03:47:00",
  "value" : "6570"
},{
  "dateTime" : "06/15/16 03:48:00",
  "value" : "6570"
},{
  "dateTime" : "06/15/16 03:49:00",
  "value" : "6570"
},{
  "dateTime" : "06/15/16 03:50:00",
  "value" : "6570"
},{
  "dateTime" : "06/15/16 03:51:00",
  "value" : "6570"
},{
  "dateTime" : "06/15/16 03:52:00",
  "value" : "6580"
},{
  "dateTime" : "06/15/16 03:57:00",
  "value" : "25978"
},{
  "dateTime" : "06/15/16 03:58:00",
  "value" : "25978"
},{
  "dateTime" : "06/15/16 03:59:00",
  "value" : "25978"
},{
  "dateTime" : "06/15/16 04:00:00",
  "value" : "25978"
},{
  "dateTime" : "06/15/16 04:01:00",
  "value" : "25978"
},{
  "dateTime" : "06/15/16 04:02:00",
  "value" : "25978"
},{
  "dateTime" : "06/15/16 04:03:00",
  "value" : "25978"
},{
  "dateTime" : "06/15/16 04:04:00",
  "value" : "25978"
},{
  "dateTime" : "06/15/16 04:05:00",
  "value" : "25978"
},{
  "dateTime" : "06/15/16 04:06:00",
  "value" : "25978"
},{
  "dateTime" : "06/15/16 04:07:00",
  "value" : "25978"
},{
  "dateTime" : "06/15/16 04:08:00",
  "value" : "25978"
},{
  "dateTime" : "06/15/16 04:09:00",
  "value" : "25978"
},{
  "dateTime" : "06/15/16 04:10:00",
  "value" : "25978"
},{
  "dateTime" : "06/15/16 04:11:00",
  "value" : "25978"
},{
  "dateTime" : "06/15/16 04:12:00",
  "value" : "25978"
},{
  "dateTime" : "06/15/16 04:13:00",
  "value" : "25978"
},{
  "dateTime" : "06/15/16 04:14:00",
  "value" : "25978"
},{
  "dateTime" : "06/15/16 04:15:00",
  "value" : "25978"
},{
  "dateTime" : "06/15/16 04:16:00",
  "value" : "25978"
},{
  "dateTime" : "06/15/16 04:17:00",
  "value" : "25978"
},{
  "dateTime" : "06/15/16 04:18:00",
  "value" : "25978"
},{
  "dateTime" : "06/15/16 04:19:00",
  "value" : "25978"
},{
  "dateTime" : "06/15/16 04:20:00",
  "value" : "25978"
},{
  "dateTime" : "06/15/16 04:21:00",
  "value" : "25978"
},{
  "dateTime" : "06/15/16 04:22:00",
  "value" : "25989"
},{
  "dateTime" : "06/15/16 05:33:00",
  "value" : "23800"
},{
  "dateTime" : "06/15/16 05:34:00",
  "value" : "23800"
},{
  "dateTime" : "06/15/16 05:35:00",
  "value" : "23800"
},{
  "dateTime" : "06/15/16 05:36:00",
  "value" : "23800"
},{
  "dateTime" : "07/02/16 06:29:00",
  "value" : "25101"
},{
  "dateTime" : "07/02/16 06:30:00",
  "value" : "25101"
},{
  "dateTime" : "07/02/16 06:31:00",
  "value" : "25101"
},{
  "dateTime" : "07/02/16 06:32:00",
  "value" : "25101"
},{
  "dateTime" : "07/02/16 06:33:00",
  "value" : "25101"
},{
  "dateTime" : "07/02/16 06:34:00",
  "value" : "25101"
},{
  "dateTime" : "07/02/16 06:35:00",
  "value" : "25101"
},{
  "dateTime" : "07/02/16 06:36:00",
  "value" : "25101"
},{
  "dateTime" : "07/02/16 06:37:00",
  "value" : "25101"
},{
  "dateTime" : "07/02/16 06:38:00",
  "value" : "25101"
},{
  "dateTime" : "07/02/16 06:39:00",
  "value" : "25101"
},{
  "dateTime" : "07/02/16 06:40:00",
  "value" : "25101"
},{
  "dateTime" : "07/02/16 06:41:00",
  "value" : "25101"
},{
  "dateTime" : "07/02/16 06:42:00",
  "value" : "25101"
},{
  "dateTime" : "07/02/16 06:43:00",
  "value" : "25101"
},{
  "dateTime" : "07/02/16 06:44:00",
  "value" : "25101"
},{
  "dateTime" : "07/02/16 06:45:00",
  "value" : "25101"
},{
  "dateTime" : "07/02/16 06:46:00",
  "value" : "25101"
},{
  "dateTime" : "07/02/16 06:47:00",
  "value" : "25101"
},{
  "dateTime" : "07/02/16 06:48:00",
  "value" : "25101"
},{
  "dateTime" : "07/02/16 06:49:00",
  "value" : "25101"
},{
  "dateTime" : "07/02/16 06:50:00",
  "value" : "25101"
},{
  "dateTime" : "07/02/16 06:51:00",
  "value" : "25101"
},{
  "dateTime" : "07/02/16 06:52:00",
  "value" : "25101"
},{
  "dateTime" : "07/02/16 06:53:00",
  "value" : "25101"
},{
  "dateTime" : "07/02/16 06:54:00",
  "value" : "25101"
},{
  "dateTime" : "07/02/16 06:55:00",
  "value" : "25101"
},{
  "dateTime" : "07/02/16 06:56:00",
  "value" : "25101"
},{
  "dateTime" : "07/02/16 06:57:00",
  "value" : "25101"
},{
  "dateTime" : "07/02/16 06:58:00",
  "value" : "25101"
},{
  "dateTime" : "07/02/16 06:59:00",
  "value" : "25101"
},{
  "dateTime" : "07/02/16 07:00:00",
  "value" : "25101"
},{
  "dateTime" : "07/02/16 07:01:00",
  "value" : "25101"
},{
  "dateTime" : "07/02/16 07:02:00",
  "value" : "25101"
},{
  "dateTime" : "07/02/16 07:03:00",
  "value" : "25101"
},{
  "dateTime" : "07/02/16 07:04:00",
  "value" : "25101"
},{
  "dateTime" : "07/02/16 07:05:00",
  "value" : "25101"
},{
  "dateTime" : "07/02/16 07:06:00",
  "value" : "25101"
},{
  "dateTime" : "07/02/16 07:07:00",
  "value" : "25101"
},{
  "dateTime" : "07/02/16 07:08:00",
  "value" : "25101"
},{
  "dateTime" : "07/02/16 07:09:00",
  "value" : "25101"
},{
  "dateTime" : "07/02/16 07:10:00",
  "value" : "25101"
},{
  "dateTime" : "07/02/16 07:11:00",
  "value" : "25101"
},{
  "dateTime" : "07/02/16 07:12:00",
  "value" : "25101"
},{
  "dateTime" : "07/02/16 07:13:00",
  "value" : "25101"
},{
  "dateTime" : "07/02/16 07:14:00",
  "value" : "25101"
},{
  "dateTime" : "07/02/16 07:15:00",
  "value" : "25101"
},{
  "dateTime" : "07/02/16 07:16:00",
  "value" : "25101"
},{
  "dateTime" : "07/02/16 07:17:00",
  "value" : "25101"
},{
  "dateTime" : "07/02/16 07:18:00",
  "value" : "25101"
},{
  "dateTime" : "07/02/16 07:19:00",
  "value" : "25101"
},{
  "dateTime" : "07/02/16 07:20:00",
  "value" : "25101"
},{
  "dateTime" : "07/02/16 07:21:00",
  "value" : "25101"
},{
  "dateTime" : "07/02/16 07:22:00",
  "value" : "25101"
},{
  "dateTime" : "07/02/16 07:23:00",
  "value" : "25101"
},{
  "dateTime" : "07/02/16 07:24:00",
  "value" : "25101"
},{
  "dateTime" : "07/02/16 07:25:00",
  "value" : "25101"
},{
  "dateTime" : "07/02/16 07:26:00",
  "value" : "25101"
},{
  "dateTime" : "07/02/16 07:27:00",
  "value" : "25101"
},{
  "dateTime" : "07/02/16 07:28:00",
  "value" : "25101"
},{
  "dateTime" : "07/02/16 07:29:00",
  "value" : "25101"
},{
  "dateTime" : "07/02/16 07:30:00",
  "value" : "25101"
},{
  "dateTime" : "07/02/16 07:31:00",
  "value" : "25101"
},{
  "dateTime" : "07/02/16 07:32:00",
  "value" : "25101"
},{
  "dateTime" : "07/02/16 07:33:00",
  "value" : "25101"
},{
  "dateTime" : "07/02/16 07:34:00",
  "value" : "25101"
},{
  "dateTime" : "07/02/16 07:35:00",
  "value" : "25101"
},{
  "dateTime" : "07/02/16 07:36:00",
  "value" : "25101"
},{
  "dateTime" : "07/02/16 07:37:00",
  "value" : "25101"
},{
  "dateTime" : "07/02/16 07:38:00",
  "value" : "25101"
},{
  "dateTime" : "07/02/16 07:39:00",
  "value" : "25101"
},{
  "dateTime" : "07/02/16 07:40:00",
  "value" : "25101"
},{
  "dateTime" : "07/02/16 07:41:00",
  "value" : "25101"
},{
  "dateTime" : "07/02/16 07:42:00",
  "value" : "25101"
},{
  "dateTime" : "07/02/16 07:43:00",
  "value" : "25101"
},{
  "dateTime" : "07/02/16 07:44:00",
  "value" : "25101"
},{
  "dateTime" : "07/02/16 07:45:00",
  "value" : "25101"
},{
  "dateTime" : "07/02/16 07:46:00",
  "value" : "25101"
},{
  "dateTime" : "07/02/16 07:47:00",
  "value" : "25101"
},{
  "dateTime" : "07/02/16 07:48:00",
  "value" : "25101"
},{
  "dateTime" : "07/02/16 07:49:00",
  "value" : "25101"
},{
  "dateTime" : "07/02/16 07:50:00",
  "value" : "25101"
},{
  "dateTime" : "07/02/16 07:51:00",
  "value" : "25101"
},{
  "dateTime" : "07/02/16 07:52:00",
  "value" : "25101"
},{
  "dateTime" : "07/02/16 07:53:00",
  "value" : "25101"
},{
  "dateTime" : "07/02/16 07:54:00",
  "value" : "25175"
}]