[{
  "dateTime" : "01/07/17 07:59:00",
  "value" : "24949"
},{
  "dateTime" : "01/07/17 08:00:00",
  "value" : "24949"
},{
  "dateTime" : "01/07/17 08:01:00",
  "value" : "24949"
},{
  "dateTime" : "01/07/17 08:02:00",
  "value" : "24949"
},{
  "dateTime" : "01/07/17 08:03:00",
  "value" : "24949"
},{
  "dateTime" : "01/07/17 08:04:00",
  "value" : "24949"
},{
  "dateTime" : "01/07/17 08:05:00",
  "value" : "24949"
},{
  "dateTime" : "01/07/17 08:06:00",
  "value" : "24949"
},{
  "dateTime" : "01/07/17 08:07:00",
  "value" : "24949"
},{
  "dateTime" : "01/07/17 08:08:00",
  "value" : "24949"
},{
  "dateTime" : "01/07/17 08:09:00",
  "value" : "24949"
},{
  "dateTime" : "01/07/17 08:10:00",
  "value" : "24949"
},{
  "dateTime" : "01/07/17 08:11:00",
  "value" : "24949"
},{
  "dateTime" : "01/07/17 08:12:00",
  "value" : "24949"
},{
  "dateTime" : "01/07/17 08:13:00",
  "value" : "24949"
},{
  "dateTime" : "01/07/17 08:14:00",
  "value" : "24949"
},{
  "dateTime" : "01/07/17 08:15:00",
  "value" : "24949"
},{
  "dateTime" : "01/07/17 08:16:00",
  "value" : "24949"
},{
  "dateTime" : "01/07/17 08:17:00",
  "value" : "24949"
},{
  "dateTime" : "01/07/17 08:18:00",
  "value" : "24949"
},{
  "dateTime" : "01/07/17 08:19:00",
  "value" : "24949"
},{
  "dateTime" : "01/07/17 08:20:00",
  "value" : "24949"
},{
  "dateTime" : "01/07/17 08:21:00",
  "value" : "24949"
},{
  "dateTime" : "01/07/17 08:22:00",
  "value" : "24949"
},{
  "dateTime" : "01/07/17 08:23:00",
  "value" : "24949"
},{
  "dateTime" : "01/07/17 08:24:00",
  "value" : "24949"
},{
  "dateTime" : "01/07/17 08:25:00",
  "value" : "24949"
},{
  "dateTime" : "01/07/17 08:26:00",
  "value" : "24949"
},{
  "dateTime" : "01/07/17 08:27:00",
  "value" : "24949"
},{
  "dateTime" : "01/07/17 08:28:00",
  "value" : "24949"
},{
  "dateTime" : "01/07/17 08:29:00",
  "value" : "24949"
},{
  "dateTime" : "01/07/17 08:30:00",
  "value" : "24950"
},{
  "dateTime" : "01/15/17 04:25:00",
  "value" : "22029"
},{
  "dateTime" : "01/15/17 04:26:00",
  "value" : "22029"
},{
  "dateTime" : "01/15/17 04:27:00",
  "value" : "22029"
},{
  "dateTime" : "01/15/17 04:28:00",
  "value" : "22029"
},{
  "dateTime" : "01/15/17 04:29:00",
  "value" : "22029"
},{
  "dateTime" : "01/15/17 04:30:00",
  "value" : "22029"
},{
  "dateTime" : "01/15/17 04:31:00",
  "value" : "22029"
},{
  "dateTime" : "01/15/17 04:32:00",
  "value" : "22029"
},{
  "dateTime" : "01/15/17 04:33:00",
  "value" : "22029"
},{
  "dateTime" : "01/15/17 04:34:00",
  "value" : "22029"
},{
  "dateTime" : "01/15/17 04:35:00",
  "value" : "22029"
},{
  "dateTime" : "01/15/17 04:36:00",
  "value" : "22029"
},{
  "dateTime" : "01/15/17 04:37:00",
  "value" : "22029"
},{
  "dateTime" : "01/15/17 04:38:00",
  "value" : "22029"
},{
  "dateTime" : "01/15/17 04:39:00",
  "value" : "22029"
},{
  "dateTime" : "01/15/17 04:40:00",
  "value" : "22029"
},{
  "dateTime" : "01/15/17 04:41:00",
  "value" : "22029"
},{
  "dateTime" : "01/15/17 04:42:00",
  "value" : "22029"
},{
  "dateTime" : "01/15/17 04:43:00",
  "value" : "22029"
},{
  "dateTime" : "01/15/17 04:44:00",
  "value" : "22029"
},{
  "dateTime" : "01/15/17 04:45:00",
  "value" : "22029"
},{
  "dateTime" : "01/15/17 04:46:00",
  "value" : "22029"
},{
  "dateTime" : "01/15/17 04:47:00",
  "value" : "22029"
},{
  "dateTime" : "01/15/17 04:48:00",
  "value" : "22029"
},{
  "dateTime" : "01/15/17 04:49:00",
  "value" : "22029"
},{
  "dateTime" : "01/15/17 04:50:00",
  "value" : "22029"
},{
  "dateTime" : "01/15/17 04:51:00",
  "value" : "22029"
},{
  "dateTime" : "01/15/17 04:52:00",
  "value" : "22029"
},{
  "dateTime" : "01/15/17 04:53:00",
  "value" : "22029"
},{
  "dateTime" : "01/15/17 04:54:00",
  "value" : "22029"
},{
  "dateTime" : "01/15/17 04:55:00",
  "value" : "22029"
},{
  "dateTime" : "01/15/17 04:56:00",
  "value" : "22029"
},{
  "dateTime" : "01/15/17 04:57:00",
  "value" : "22029"
},{
  "dateTime" : "01/15/17 04:58:00",
  "value" : "22029"
},{
  "dateTime" : "01/15/17 04:59:00",
  "value" : "22029"
},{
  "dateTime" : "01/15/17 05:00:00",
  "value" : "22029"
},{
  "dateTime" : "01/15/17 05:01:00",
  "value" : "22029"
},{
  "dateTime" : "01/15/17 05:02:00",
  "value" : "22029"
},{
  "dateTime" : "01/15/17 05:03:00",
  "value" : "22029"
},{
  "dateTime" : "01/15/17 05:04:00",
  "value" : "22029"
},{
  "dateTime" : "01/15/17 05:05:00",
  "value" : "22029"
},{
  "dateTime" : "01/15/17 05:06:00",
  "value" : "22029"
},{
  "dateTime" : "01/15/17 05:07:00",
  "value" : "22029"
},{
  "dateTime" : "01/15/17 05:08:00",
  "value" : "22029"
},{
  "dateTime" : "01/15/17 05:09:00",
  "value" : "22029"
},{
  "dateTime" : "01/15/17 05:10:00",
  "value" : "22029"
},{
  "dateTime" : "01/15/17 05:11:00",
  "value" : "22029"
},{
  "dateTime" : "01/15/17 05:12:00",
  "value" : "22029"
},{
  "dateTime" : "01/15/17 05:13:00",
  "value" : "22029"
},{
  "dateTime" : "01/15/17 05:14:00",
  "value" : "22029"
},{
  "dateTime" : "01/15/17 05:15:00",
  "value" : "22029"
},{
  "dateTime" : "01/15/17 05:16:00",
  "value" : "22029"
},{
  "dateTime" : "01/15/17 05:17:00",
  "value" : "22029"
},{
  "dateTime" : "01/15/17 05:18:00",
  "value" : "22029"
},{
  "dateTime" : "01/15/17 05:19:00",
  "value" : "22029"
},{
  "dateTime" : "01/15/17 05:20:00",
  "value" : "22029"
},{
  "dateTime" : "01/15/17 05:21:00",
  "value" : "22029"
},{
  "dateTime" : "01/15/17 05:22:00",
  "value" : "22029"
},{
  "dateTime" : "01/15/17 05:23:00",
  "value" : "22029"
},{
  "dateTime" : "01/15/17 05:24:00",
  "value" : "22029"
},{
  "dateTime" : "01/15/17 05:25:00",
  "value" : "22029"
},{
  "dateTime" : "01/15/17 05:26:00",
  "value" : "22029"
},{
  "dateTime" : "01/15/17 05:27:00",
  "value" : "22029"
},{
  "dateTime" : "01/15/17 05:28:00",
  "value" : "22029"
},{
  "dateTime" : "01/15/17 05:29:00",
  "value" : "22029"
},{
  "dateTime" : "01/15/17 05:30:00",
  "value" : "22029"
},{
  "dateTime" : "01/15/17 05:31:00",
  "value" : "22029"
},{
  "dateTime" : "01/15/17 05:32:00",
  "value" : "22029"
},{
  "dateTime" : "01/15/17 05:33:00",
  "value" : "22029"
},{
  "dateTime" : "01/15/17 05:34:00",
  "value" : "22029"
},{
  "dateTime" : "01/15/17 05:35:00",
  "value" : "22029"
},{
  "dateTime" : "01/15/17 05:36:00",
  "value" : "22029"
},{
  "dateTime" : "01/15/17 05:37:00",
  "value" : "22029"
},{
  "dateTime" : "01/15/17 05:38:00",
  "value" : "22029"
},{
  "dateTime" : "01/15/17 05:39:00",
  "value" : "22029"
},{
  "dateTime" : "01/15/17 05:40:00",
  "value" : "22029"
},{
  "dateTime" : "01/15/17 05:41:00",
  "value" : "22029"
},{
  "dateTime" : "01/15/17 05:42:00",
  "value" : "22029"
},{
  "dateTime" : "01/15/17 05:43:00",
  "value" : "22029"
},{
  "dateTime" : "01/15/17 05:44:00",
  "value" : "22029"
},{
  "dateTime" : "01/15/17 05:45:00",
  "value" : "22029"
},{
  "dateTime" : "01/15/17 05:46:00",
  "value" : "22029"
},{
  "dateTime" : "01/15/17 05:47:00",
  "value" : "22029"
},{
  "dateTime" : "01/15/17 05:48:00",
  "value" : "22029"
},{
  "dateTime" : "01/15/17 05:49:00",
  "value" : "22029"
},{
  "dateTime" : "01/15/17 05:50:00",
  "value" : "22029"
},{
  "dateTime" : "01/15/17 05:51:00",
  "value" : "22029"
},{
  "dateTime" : "01/15/17 05:52:00",
  "value" : "22029"
},{
  "dateTime" : "01/15/17 05:53:00",
  "value" : "22029"
},{
  "dateTime" : "01/15/17 05:54:00",
  "value" : "22029"
},{
  "dateTime" : "01/15/17 05:55:00",
  "value" : "22029"
},{
  "dateTime" : "01/15/17 05:56:00",
  "value" : "22029"
},{
  "dateTime" : "01/15/17 05:57:00",
  "value" : "22029"
},{
  "dateTime" : "01/15/17 05:58:00",
  "value" : "22029"
},{
  "dateTime" : "01/15/17 05:59:00",
  "value" : "22029"
},{
  "dateTime" : "01/15/17 06:00:00",
  "value" : "22029"
},{
  "dateTime" : "01/15/17 06:01:00",
  "value" : "22056"
},{
  "dateTime" : "01/16/17 07:36:00",
  "value" : "20804"
},{
  "dateTime" : "01/16/17 07:37:00",
  "value" : "20804"
},{
  "dateTime" : "01/16/17 07:38:00",
  "value" : "20804"
},{
  "dateTime" : "01/16/17 07:39:00",
  "value" : "20804"
},{
  "dateTime" : "01/16/17 07:40:00",
  "value" : "20804"
},{
  "dateTime" : "01/16/17 07:41:00",
  "value" : "20804"
},{
  "dateTime" : "01/16/17 07:42:00",
  "value" : "20804"
},{
  "dateTime" : "01/16/17 07:43:00",
  "value" : "20811"
},{
  "dateTime" : "01/16/17 07:48:00",
  "value" : "16250"
},{
  "dateTime" : "01/16/17 07:49:00",
  "value" : "16250"
},{
  "dateTime" : "01/16/17 07:50:00",
  "value" : "16250"
},{
  "dateTime" : "01/16/17 07:51:00",
  "value" : "16250"
},{
  "dateTime" : "01/16/17 07:52:00",
  "value" : "16250"
},{
  "dateTime" : "01/16/17 07:53:00",
  "value" : "16250"
},{
  "dateTime" : "01/16/17 07:54:00",
  "value" : "16250"
},{
  "dateTime" : "01/16/17 07:55:00",
  "value" : "16250"
},{
  "dateTime" : "01/16/17 07:56:00",
  "value" : "16250"
},{
  "dateTime" : "01/16/17 07:57:00",
  "value" : "16250"
},{
  "dateTime" : "01/16/17 07:58:00",
  "value" : "16250"
},{
  "dateTime" : "01/16/17 07:59:00",
  "value" : "16250"
},{
  "dateTime" : "01/16/17 08:00:00",
  "value" : "16250"
},{
  "dateTime" : "01/16/17 08:01:00",
  "value" : "16250"
},{
  "dateTime" : "01/16/17 08:02:00",
  "value" : "16250"
},{
  "dateTime" : "01/16/17 08:03:00",
  "value" : "16250"
},{
  "dateTime" : "01/16/17 08:04:00",
  "value" : "16250"
},{
  "dateTime" : "01/16/17 08:05:00",
  "value" : "16250"
},{
  "dateTime" : "01/16/17 08:06:00",
  "value" : "16250"
},{
  "dateTime" : "01/16/17 08:07:00",
  "value" : "16250"
},{
  "dateTime" : "01/16/17 08:08:00",
  "value" : "16250"
},{
  "dateTime" : "01/16/17 08:09:00",
  "value" : "16250"
},{
  "dateTime" : "01/16/17 08:10:00",
  "value" : "16250"
},{
  "dateTime" : "01/16/17 08:11:00",
  "value" : "16250"
},{
  "dateTime" : "01/16/17 08:12:00",
  "value" : "16250"
},{
  "dateTime" : "01/16/17 08:13:00",
  "value" : "16250"
},{
  "dateTime" : "01/16/17 08:14:00",
  "value" : "16250"
},{
  "dateTime" : "01/16/17 08:15:00",
  "value" : "16250"
},{
  "dateTime" : "01/16/17 08:16:00",
  "value" : "16250"
},{
  "dateTime" : "01/16/17 08:17:00",
  "value" : "16250"
},{
  "dateTime" : "01/16/17 08:18:00",
  "value" : "16250"
},{
  "dateTime" : "01/16/17 08:19:00",
  "value" : "16250"
},{
  "dateTime" : "01/16/17 08:20:00",
  "value" : "16250"
},{
  "dateTime" : "01/16/17 08:21:00",
  "value" : "16250"
},{
  "dateTime" : "01/16/17 08:22:00",
  "value" : "16250"
},{
  "dateTime" : "01/16/17 08:23:00",
  "value" : "16279"
},{
  "dateTime" : "01/24/17 20:29:00",
  "value" : "36450"
},{
  "dateTime" : "01/24/17 20:30:00",
  "value" : "36450"
},{
  "dateTime" : "01/24/17 20:31:00",
  "value" : "36450"
},{
  "dateTime" : "01/24/17 20:32:00",
  "value" : "36450"
},{
  "dateTime" : "01/24/17 20:33:00",
  "value" : "36450"
},{
  "dateTime" : "01/24/17 20:34:00",
  "value" : "36450"
},{
  "dateTime" : "01/24/17 20:35:00",
  "value" : "36450"
},{
  "dateTime" : "01/24/17 20:36:00",
  "value" : "36450"
},{
  "dateTime" : "01/24/17 20:37:00",
  "value" : "36450"
},{
  "dateTime" : "01/24/17 20:38:00",
  "value" : "36450"
},{
  "dateTime" : "01/24/17 20:39:00",
  "value" : "36450"
},{
  "dateTime" : "01/24/17 20:40:00",
  "value" : "36450"
},{
  "dateTime" : "01/24/17 20:41:00",
  "value" : "36450"
},{
  "dateTime" : "01/24/17 20:42:00",
  "value" : "36450"
},{
  "dateTime" : "01/24/17 20:43:00",
  "value" : "36450"
},{
  "dateTime" : "01/24/17 20:44:00",
  "value" : "36450"
},{
  "dateTime" : "01/24/17 20:45:00",
  "value" : "36450"
},{
  "dateTime" : "01/24/17 20:46:00",
  "value" : "36450"
},{
  "dateTime" : "01/24/17 20:47:00",
  "value" : "36450"
},{
  "dateTime" : "01/24/17 20:48:00",
  "value" : "36450"
},{
  "dateTime" : "01/24/17 20:49:00",
  "value" : "36450"
},{
  "dateTime" : "01/24/17 20:50:00",
  "value" : "36450"
},{
  "dateTime" : "01/24/17 20:51:00",
  "value" : "36450"
},{
  "dateTime" : "01/24/17 20:52:00",
  "value" : "36450"
},{
  "dateTime" : "01/24/17 20:53:00",
  "value" : "36450"
},{
  "dateTime" : "01/24/17 20:54:00",
  "value" : "36450"
},{
  "dateTime" : "01/24/17 20:55:00",
  "value" : "36450"
},{
  "dateTime" : "01/24/17 20:56:00",
  "value" : "36450"
},{
  "dateTime" : "01/24/17 20:57:00",
  "value" : "36450"
},{
  "dateTime" : "01/24/17 20:58:00",
  "value" : "36450"
},{
  "dateTime" : "01/24/17 20:59:00",
  "value" : "36450"
},{
  "dateTime" : "01/24/17 21:00:00",
  "value" : "36450"
},{
  "dateTime" : "01/24/17 21:01:00",
  "value" : "36450"
},{
  "dateTime" : "01/24/17 21:02:00",
  "value" : "36450"
},{
  "dateTime" : "01/24/17 21:03:00",
  "value" : "36450"
},{
  "dateTime" : "01/24/17 21:04:00",
  "value" : "36450"
},{
  "dateTime" : "01/24/17 21:05:00",
  "value" : "36450"
},{
  "dateTime" : "01/24/17 21:06:00",
  "value" : "36450"
},{
  "dateTime" : "01/24/17 21:07:00",
  "value" : "36450"
},{
  "dateTime" : "01/24/17 21:08:00",
  "value" : "36450"
},{
  "dateTime" : "01/24/17 21:09:00",
  "value" : "36450"
},{
  "dateTime" : "01/24/17 21:10:00",
  "value" : "36450"
},{
  "dateTime" : "01/24/17 21:11:00",
  "value" : "36450"
},{
  "dateTime" : "01/24/17 21:12:00",
  "value" : "36450"
},{
  "dateTime" : "01/24/17 21:13:00",
  "value" : "36450"
},{
  "dateTime" : "01/24/17 21:14:00",
  "value" : "36450"
},{
  "dateTime" : "01/24/17 21:15:00",
  "value" : "36450"
},{
  "dateTime" : "01/24/17 21:16:00",
  "value" : "36450"
},{
  "dateTime" : "01/24/17 21:17:00",
  "value" : "36450"
},{
  "dateTime" : "01/24/17 21:18:00",
  "value" : "36450"
},{
  "dateTime" : "01/24/17 21:19:00",
  "value" : "36450"
},{
  "dateTime" : "01/24/17 21:20:00",
  "value" : "36450"
},{
  "dateTime" : "01/24/17 21:21:00",
  "value" : "36450"
},{
  "dateTime" : "01/24/17 21:22:00",
  "value" : "36450"
},{
  "dateTime" : "01/24/17 21:23:00",
  "value" : "36450"
},{
  "dateTime" : "01/24/17 21:24:00",
  "value" : "36450"
},{
  "dateTime" : "01/24/17 21:25:00",
  "value" : "36450"
},{
  "dateTime" : "01/24/17 21:26:00",
  "value" : "36450"
},{
  "dateTime" : "01/24/17 21:27:00",
  "value" : "36500"
},{
  "dateTime" : "01/27/17 23:36:00",
  "value" : "16233"
},{
  "dateTime" : "01/27/17 23:37:00",
  "value" : "16233"
},{
  "dateTime" : "01/27/17 23:38:00",
  "value" : "16233"
},{
  "dateTime" : "01/27/17 23:39:00",
  "value" : "16233"
},{
  "dateTime" : "01/27/17 23:40:00",
  "value" : "16233"
},{
  "dateTime" : "01/27/17 23:41:00",
  "value" : "16233"
},{
  "dateTime" : "01/27/17 23:42:00",
  "value" : "16233"
},{
  "dateTime" : "01/27/17 23:43:00",
  "value" : "16233"
},{
  "dateTime" : "01/27/17 23:44:00",
  "value" : "16233"
},{
  "dateTime" : "01/27/17 23:45:00",
  "value" : "16233"
},{
  "dateTime" : "01/27/17 23:46:00",
  "value" : "16233"
},{
  "dateTime" : "01/27/17 23:47:00",
  "value" : "16233"
},{
  "dateTime" : "01/27/17 23:48:00",
  "value" : "16233"
},{
  "dateTime" : "01/27/17 23:49:00",
  "value" : "16233"
},{
  "dateTime" : "01/27/17 23:50:00",
  "value" : "16233"
},{
  "dateTime" : "01/27/17 23:51:00",
  "value" : "16233"
},{
  "dateTime" : "01/27/17 23:52:00",
  "value" : "16233"
},{
  "dateTime" : "01/27/17 23:53:00",
  "value" : "16233"
},{
  "dateTime" : "01/27/17 23:54:00",
  "value" : "16233"
},{
  "dateTime" : "01/27/17 23:55:00",
  "value" : "16233"
},{
  "dateTime" : "01/27/17 23:56:00",
  "value" : "16233"
},{
  "dateTime" : "01/27/17 23:57:00",
  "value" : "16233"
},{
  "dateTime" : "01/27/17 23:58:00",
  "value" : "16233"
},{
  "dateTime" : "01/27/17 23:59:00",
  "value" : "16233"
},{
  "dateTime" : "01/28/17 00:00:00",
  "value" : "16233"
},{
  "dateTime" : "01/28/17 00:01:00",
  "value" : "16233"
},{
  "dateTime" : "01/28/17 00:02:00",
  "value" : "16233"
},{
  "dateTime" : "01/28/17 00:03:00",
  "value" : "16233"
},{
  "dateTime" : "01/28/17 00:04:00",
  "value" : "16233"
},{
  "dateTime" : "01/28/17 00:05:00",
  "value" : "16233"
},{
  "dateTime" : "01/28/17 00:06:00",
  "value" : "16233"
},{
  "dateTime" : "01/28/17 00:07:00",
  "value" : "16233"
},{
  "dateTime" : "01/28/17 00:08:00",
  "value" : "16233"
},{
  "dateTime" : "01/28/17 00:09:00",
  "value" : "16233"
},{
  "dateTime" : "01/28/17 00:10:00",
  "value" : "16233"
},{
  "dateTime" : "01/28/17 00:11:00",
  "value" : "16254"
},{
  "dateTime" : "01/28/17 00:13:00",
  "value" : "22832"
},{
  "dateTime" : "01/28/17 00:14:00",
  "value" : "22832"
},{
  "dateTime" : "01/28/17 00:15:00",
  "value" : "22832"
},{
  "dateTime" : "01/28/17 00:16:00",
  "value" : "22832"
},{
  "dateTime" : "01/28/17 00:17:00",
  "value" : "22832"
},{
  "dateTime" : "01/28/17 00:18:00",
  "value" : "22832"
},{
  "dateTime" : "01/28/17 00:19:00",
  "value" : "22832"
},{
  "dateTime" : "01/28/17 00:20:00",
  "value" : "22835"
}]