[{
  "dateTime" : "12/04/21 00:00:00",
  "value" : "0"
},{
  "dateTime" : "12/05/21 00:00:00",
  "value" : "0"
},{
  "dateTime" : "12/06/21 00:00:00",
  "value" : "0"
},{
  "dateTime" : "12/07/21 00:00:00",
  "value" : "0"
},{
  "dateTime" : "12/08/21 00:00:00",
  "value" : "0"
},{
  "dateTime" : "12/09/21 00:00:00",
  "value" : "0"
},{
  "dateTime" : "12/10/21 00:00:00",
  "value" : "0"
},{
  "dateTime" : "12/11/21 00:00:00",
  "value" : "0"
},{
  "dateTime" : "12/12/21 00:00:00",
  "value" : "0"
},{
  "dateTime" : "12/13/21 00:00:00",
  "value" : "0"
},{
  "dateTime" : "12/14/21 00:00:00",
  "value" : "0"
},{
  "dateTime" : "12/15/21 00:00:00",
  "value" : "0"
},{
  "dateTime" : "12/16/21 00:00:00",
  "value" : "0"
},{
  "dateTime" : "12/17/21 00:00:00",
  "value" : "0"
},{
  "dateTime" : "12/18/21 00:00:00",
  "value" : "0"
},{
  "dateTime" : "12/19/21 00:00:00",
  "value" : "0"
},{
  "dateTime" : "12/20/21 00:00:00",
  "value" : "0"
},{
  "dateTime" : "12/21/21 00:00:00",
  "value" : "0"
},{
  "dateTime" : "12/22/21 00:00:00",
  "value" : "0"
},{
  "dateTime" : "12/23/21 00:00:00",
  "value" : "0"
},{
  "dateTime" : "12/24/21 00:00:00",
  "value" : "0"
},{
  "dateTime" : "12/25/21 00:00:00",
  "value" : "0"
},{
  "dateTime" : "12/26/21 00:00:00",
  "value" : "0"
},{
  "dateTime" : "12/27/21 00:00:00",
  "value" : "0"
},{
  "dateTime" : "12/28/21 00:00:00",
  "value" : "0"
},{
  "dateTime" : "12/29/21 00:00:00",
  "value" : "0"
},{
  "dateTime" : "12/30/21 00:00:00",
  "value" : "0"
},{
  "dateTime" : "12/31/21 00:00:00",
  "value" : "0"
},{
  "dateTime" : "01/01/22 00:00:00",
  "value" : "0"
},{
  "dateTime" : "01/02/22 00:00:00",
  "value" : "0"
}]