[{
  "dateTime" : "02/28/17 00:00:00",
  "value" : "252"
},{
  "dateTime" : "03/01/17 00:00:00",
  "value" : "94"
},{
  "dateTime" : "03/02/17 00:00:00",
  "value" : "249"
},{
  "dateTime" : "03/03/17 00:00:00",
  "value" : "282"
},{
  "dateTime" : "03/04/17 00:00:00",
  "value" : "332"
},{
  "dateTime" : "03/05/17 00:00:00",
  "value" : "89"
},{
  "dateTime" : "03/06/17 00:00:00",
  "value" : "264"
},{
  "dateTime" : "03/07/17 00:00:00",
  "value" : "302"
},{
  "dateTime" : "03/08/17 00:00:00",
  "value" : "173"
},{
  "dateTime" : "03/09/17 00:00:00",
  "value" : "250"
},{
  "dateTime" : "03/10/17 00:00:00",
  "value" : "210"
},{
  "dateTime" : "03/11/17 00:00:00",
  "value" : "193"
},{
  "dateTime" : "03/12/17 00:00:00",
  "value" : "94"
},{
  "dateTime" : "03/13/17 00:00:00",
  "value" : "190"
},{
  "dateTime" : "03/14/17 00:00:00",
  "value" : "182"
},{
  "dateTime" : "03/15/17 00:00:00",
  "value" : "157"
},{
  "dateTime" : "03/16/17 00:00:00",
  "value" : "225"
},{
  "dateTime" : "03/17/17 00:00:00",
  "value" : "185"
},{
  "dateTime" : "03/18/17 00:00:00",
  "value" : "145"
},{
  "dateTime" : "03/19/17 00:00:00",
  "value" : "132"
},{
  "dateTime" : "03/20/17 00:00:00",
  "value" : "220"
},{
  "dateTime" : "03/21/17 00:00:00",
  "value" : "87"
},{
  "dateTime" : "03/22/17 00:00:00",
  "value" : "155"
},{
  "dateTime" : "03/23/17 00:00:00",
  "value" : "245"
},{
  "dateTime" : "03/24/17 00:00:00",
  "value" : "226"
},{
  "dateTime" : "03/25/17 00:00:00",
  "value" : "254"
},{
  "dateTime" : "03/26/17 00:00:00",
  "value" : "213"
},{
  "dateTime" : "03/27/17 00:00:00",
  "value" : "217"
},{
  "dateTime" : "03/28/17 00:00:00",
  "value" : "156"
},{
  "dateTime" : "03/29/17 00:00:00",
  "value" : "126"
}]