[{
  "dateTime" : "04/13/20 00:00:00",
  "value" : "0"
},{
  "dateTime" : "04/14/20 00:00:00",
  "value" : "0"
},{
  "dateTime" : "04/15/20 00:00:00",
  "value" : "0"
},{
  "dateTime" : "04/16/20 00:00:00",
  "value" : "0"
},{
  "dateTime" : "04/17/20 00:00:00",
  "value" : "0"
},{
  "dateTime" : "04/18/20 00:00:00",
  "value" : "0"
},{
  "dateTime" : "04/19/20 00:00:00",
  "value" : "0"
},{
  "dateTime" : "04/20/20 00:00:00",
  "value" : "0"
},{
  "dateTime" : "04/21/20 00:00:00",
  "value" : "0"
},{
  "dateTime" : "04/22/20 00:00:00",
  "value" : "0"
},{
  "dateTime" : "04/23/20 00:00:00",
  "value" : "0"
},{
  "dateTime" : "04/24/20 00:00:00",
  "value" : "0"
},{
  "dateTime" : "04/25/20 00:00:00",
  "value" : "0"
},{
  "dateTime" : "04/26/20 00:00:00",
  "value" : "0"
},{
  "dateTime" : "04/27/20 00:00:00",
  "value" : "0"
},{
  "dateTime" : "04/28/20 00:00:00",
  "value" : "0"
},{
  "dateTime" : "04/29/20 00:00:00",
  "value" : "0"
},{
  "dateTime" : "04/30/20 00:00:00",
  "value" : "0"
},{
  "dateTime" : "05/01/20 00:00:00",
  "value" : "0"
},{
  "dateTime" : "05/02/20 00:00:00",
  "value" : "0"
},{
  "dateTime" : "05/03/20 00:00:00",
  "value" : "0"
},{
  "dateTime" : "05/04/20 00:00:00",
  "value" : "0"
},{
  "dateTime" : "05/05/20 00:00:00",
  "value" : "0"
},{
  "dateTime" : "05/06/20 00:00:00",
  "value" : "0"
},{
  "dateTime" : "05/07/20 00:00:00",
  "value" : "0"
},{
  "dateTime" : "05/08/20 00:00:00",
  "value" : "0"
},{
  "dateTime" : "05/09/20 00:00:00",
  "value" : "0"
},{
  "dateTime" : "05/10/20 00:00:00",
  "value" : "0"
},{
  "dateTime" : "05/11/20 00:00:00",
  "value" : "0"
},{
  "dateTime" : "05/12/20 00:00:00",
  "value" : "0"
}]