[{
  "dateTime" : "01/05/16 00:00:00",
  "value" : "310"
},{
  "dateTime" : "01/06/16 00:00:00",
  "value" : "203"
},{
  "dateTime" : "01/07/16 00:00:00",
  "value" : "312"
},{
  "dateTime" : "01/08/16 00:00:00",
  "value" : "360"
},{
  "dateTime" : "01/09/16 00:00:00",
  "value" : "218"
},{
  "dateTime" : "01/10/16 00:00:00",
  "value" : "178"
},{
  "dateTime" : "01/11/16 00:00:00",
  "value" : "206"
},{
  "dateTime" : "01/12/16 00:00:00",
  "value" : "246"
},{
  "dateTime" : "01/13/16 00:00:00",
  "value" : "158"
},{
  "dateTime" : "01/14/16 00:00:00",
  "value" : "209"
},{
  "dateTime" : "01/15/16 00:00:00",
  "value" : "172"
},{
  "dateTime" : "01/16/16 00:00:00",
  "value" : "236"
},{
  "dateTime" : "01/17/16 00:00:00",
  "value" : "378"
},{
  "dateTime" : "01/18/16 00:00:00",
  "value" : "162"
},{
  "dateTime" : "01/19/16 00:00:00",
  "value" : "154"
},{
  "dateTime" : "01/20/16 00:00:00",
  "value" : "200"
},{
  "dateTime" : "01/21/16 00:00:00",
  "value" : "154"
},{
  "dateTime" : "01/22/16 00:00:00",
  "value" : "141"
},{
  "dateTime" : "01/23/16 00:00:00",
  "value" : "469"
},{
  "dateTime" : "01/24/16 00:00:00",
  "value" : "470"
},{
  "dateTime" : "01/25/16 00:00:00",
  "value" : "185"
},{
  "dateTime" : "01/26/16 00:00:00",
  "value" : "473"
},{
  "dateTime" : "01/27/16 00:00:00",
  "value" : "204"
},{
  "dateTime" : "01/28/16 00:00:00",
  "value" : "144"
},{
  "dateTime" : "01/29/16 00:00:00",
  "value" : "89"
},{
  "dateTime" : "01/30/16 00:00:00",
  "value" : "376"
},{
  "dateTime" : "01/31/16 00:00:00",
  "value" : "321"
},{
  "dateTime" : "02/01/16 00:00:00",
  "value" : "159"
},{
  "dateTime" : "02/02/16 00:00:00",
  "value" : "210"
},{
  "dateTime" : "02/03/16 00:00:00",
  "value" : "178"
}]