[{
  "dateTime" : "04/04/16 00:00:00",
  "value" : "204"
},{
  "dateTime" : "04/05/16 00:00:00",
  "value" : "344"
},{
  "dateTime" : "04/06/16 00:00:00",
  "value" : "222"
},{
  "dateTime" : "04/07/16 00:00:00",
  "value" : "196"
},{
  "dateTime" : "04/08/16 00:00:00",
  "value" : "295"
},{
  "dateTime" : "04/09/16 00:00:00",
  "value" : "161"
},{
  "dateTime" : "04/10/16 00:00:00",
  "value" : "204"
},{
  "dateTime" : "04/11/16 00:00:00",
  "value" : "149"
},{
  "dateTime" : "04/12/16 00:00:00",
  "value" : "228"
},{
  "dateTime" : "04/13/16 00:00:00",
  "value" : "228"
},{
  "dateTime" : "04/14/16 00:00:00",
  "value" : "179"
},{
  "dateTime" : "04/15/16 00:00:00",
  "value" : "314"
},{
  "dateTime" : "04/16/16 00:00:00",
  "value" : "158"
},{
  "dateTime" : "04/17/16 00:00:00",
  "value" : "153"
},{
  "dateTime" : "04/18/16 00:00:00",
  "value" : "210"
},{
  "dateTime" : "04/19/16 00:00:00",
  "value" : "230"
},{
  "dateTime" : "04/20/16 00:00:00",
  "value" : "298"
},{
  "dateTime" : "04/21/16 00:00:00",
  "value" : "122"
},{
  "dateTime" : "04/22/16 00:00:00",
  "value" : "258"
},{
  "dateTime" : "04/23/16 00:00:00",
  "value" : "158"
},{
  "dateTime" : "04/24/16 00:00:00",
  "value" : "113"
},{
  "dateTime" : "04/25/16 00:00:00",
  "value" : "130"
},{
  "dateTime" : "04/26/16 00:00:00",
  "value" : "172"
},{
  "dateTime" : "04/27/16 00:00:00",
  "value" : "251"
},{
  "dateTime" : "04/28/16 00:00:00",
  "value" : "142"
},{
  "dateTime" : "04/29/16 00:00:00",
  "value" : "209"
},{
  "dateTime" : "04/30/16 00:00:00",
  "value" : "135"
},{
  "dateTime" : "05/01/16 00:00:00",
  "value" : "0"
},{
  "dateTime" : "05/02/16 00:00:00",
  "value" : "93"
},{
  "dateTime" : "05/03/16 00:00:00",
  "value" : "0"
}]