[{
  "dateTime" : "02/02/22 00:00:00",
  "value" : "0"
},{
  "dateTime" : "02/03/22 00:00:00",
  "value" : "0"
},{
  "dateTime" : "02/04/22 00:00:00",
  "value" : "0"
},{
  "dateTime" : "02/05/22 00:00:00",
  "value" : "0"
},{
  "dateTime" : "02/06/22 00:00:00",
  "value" : "0"
},{
  "dateTime" : "02/07/22 00:00:00",
  "value" : "0"
},{
  "dateTime" : "02/08/22 00:00:00",
  "value" : "0"
},{
  "dateTime" : "02/09/22 00:00:00",
  "value" : "0"
},{
  "dateTime" : "02/10/22 00:00:00",
  "value" : "0"
},{
  "dateTime" : "02/11/22 00:00:00",
  "value" : "0"
},{
  "dateTime" : "02/12/22 00:00:00",
  "value" : "0"
},{
  "dateTime" : "02/13/22 00:00:00",
  "value" : "0"
},{
  "dateTime" : "02/14/22 00:00:00",
  "value" : "0"
},{
  "dateTime" : "02/15/22 00:00:00",
  "value" : "0"
},{
  "dateTime" : "02/16/22 00:00:00",
  "value" : "0"
},{
  "dateTime" : "02/17/22 00:00:00",
  "value" : "0"
},{
  "dateTime" : "02/18/22 00:00:00",
  "value" : "0"
},{
  "dateTime" : "02/19/22 00:00:00",
  "value" : "0"
},{
  "dateTime" : "02/20/22 00:00:00",
  "value" : "0"
},{
  "dateTime" : "02/21/22 00:00:00",
  "value" : "0"
},{
  "dateTime" : "02/22/22 00:00:00",
  "value" : "0"
},{
  "dateTime" : "02/23/22 00:00:00",
  "value" : "0"
},{
  "dateTime" : "02/24/22 00:00:00",
  "value" : "0"
},{
  "dateTime" : "02/25/22 00:00:00",
  "value" : "0"
},{
  "dateTime" : "02/26/22 00:00:00",
  "value" : "0"
},{
  "dateTime" : "02/27/22 00:00:00",
  "value" : "0"
},{
  "dateTime" : "02/28/22 00:00:00",
  "value" : "0"
},{
  "dateTime" : "03/01/22 00:00:00",
  "value" : "0"
},{
  "dateTime" : "03/02/22 00:00:00",
  "value" : "0"
},{
  "dateTime" : "03/03/22 00:00:00",
  "value" : "0"
}]