[{
  "dateTime" : "01/14/20 00:00:00",
  "value" : "0"
},{
  "dateTime" : "01/15/20 00:00:00",
  "value" : "0"
},{
  "dateTime" : "01/16/20 00:00:00",
  "value" : "0"
},{
  "dateTime" : "01/17/20 00:00:00",
  "value" : "0"
},{
  "dateTime" : "01/18/20 00:00:00",
  "value" : "0"
},{
  "dateTime" : "01/19/20 00:00:00",
  "value" : "0"
},{
  "dateTime" : "01/20/20 00:00:00",
  "value" : "0"
},{
  "dateTime" : "01/21/20 00:00:00",
  "value" : "0"
},{
  "dateTime" : "01/22/20 00:00:00",
  "value" : "0"
},{
  "dateTime" : "01/23/20 00:00:00",
  "value" : "0"
},{
  "dateTime" : "01/24/20 00:00:00",
  "value" : "0"
},{
  "dateTime" : "01/25/20 00:00:00",
  "value" : "0"
},{
  "dateTime" : "01/26/20 00:00:00",
  "value" : "0"
},{
  "dateTime" : "01/27/20 00:00:00",
  "value" : "0"
},{
  "dateTime" : "01/28/20 00:00:00",
  "value" : "0"
},{
  "dateTime" : "01/29/20 00:00:00",
  "value" : "0"
},{
  "dateTime" : "01/30/20 00:00:00",
  "value" : "0"
},{
  "dateTime" : "01/31/20 00:00:00",
  "value" : "0"
},{
  "dateTime" : "02/01/20 00:00:00",
  "value" : "0"
},{
  "dateTime" : "02/02/20 00:00:00",
  "value" : "0"
},{
  "dateTime" : "02/03/20 00:00:00",
  "value" : "0"
},{
  "dateTime" : "02/04/20 00:00:00",
  "value" : "0"
},{
  "dateTime" : "02/05/20 00:00:00",
  "value" : "0"
},{
  "dateTime" : "02/06/20 00:00:00",
  "value" : "0"
},{
  "dateTime" : "02/07/20 00:00:00",
  "value" : "0"
},{
  "dateTime" : "02/08/20 00:00:00",
  "value" : "0"
},{
  "dateTime" : "02/09/20 00:00:00",
  "value" : "0"
},{
  "dateTime" : "02/10/20 00:00:00",
  "value" : "0"
},{
  "dateTime" : "02/11/20 00:00:00",
  "value" : "0"
},{
  "dateTime" : "02/12/20 00:00:00",
  "value" : "0"
}]