[{
  "dateTime" : "09/10/20 00:00:00",
  "value" : "0"
},{
  "dateTime" : "09/11/20 00:00:00",
  "value" : "0"
},{
  "dateTime" : "09/12/20 00:00:00",
  "value" : "0"
},{
  "dateTime" : "09/13/20 00:00:00",
  "value" : "0"
},{
  "dateTime" : "09/14/20 00:00:00",
  "value" : "0"
},{
  "dateTime" : "09/15/20 00:00:00",
  "value" : "0"
},{
  "dateTime" : "09/16/20 00:00:00",
  "value" : "0"
},{
  "dateTime" : "09/17/20 00:00:00",
  "value" : "0"
},{
  "dateTime" : "09/18/20 00:00:00",
  "value" : "0"
},{
  "dateTime" : "09/19/20 00:00:00",
  "value" : "0"
},{
  "dateTime" : "09/20/20 00:00:00",
  "value" : "0"
},{
  "dateTime" : "09/21/20 00:00:00",
  "value" : "0"
},{
  "dateTime" : "09/22/20 00:00:00",
  "value" : "0"
},{
  "dateTime" : "09/23/20 00:00:00",
  "value" : "0"
},{
  "dateTime" : "09/24/20 00:00:00",
  "value" : "0"
},{
  "dateTime" : "09/25/20 00:00:00",
  "value" : "0"
},{
  "dateTime" : "09/26/20 00:00:00",
  "value" : "0"
},{
  "dateTime" : "09/27/20 00:00:00",
  "value" : "0"
},{
  "dateTime" : "09/28/20 00:00:00",
  "value" : "0"
},{
  "dateTime" : "09/29/20 00:00:00",
  "value" : "0"
},{
  "dateTime" : "09/30/20 00:00:00",
  "value" : "0"
},{
  "dateTime" : "10/01/20 00:00:00",
  "value" : "0"
},{
  "dateTime" : "10/02/20 00:00:00",
  "value" : "0"
},{
  "dateTime" : "10/03/20 00:00:00",
  "value" : "0"
},{
  "dateTime" : "10/04/20 00:00:00",
  "value" : "0"
},{
  "dateTime" : "10/05/20 00:00:00",
  "value" : "0"
},{
  "dateTime" : "10/06/20 00:00:00",
  "value" : "0"
},{
  "dateTime" : "10/07/20 00:00:00",
  "value" : "0"
},{
  "dateTime" : "10/08/20 00:00:00",
  "value" : "0"
},{
  "dateTime" : "10/09/20 00:00:00",
  "value" : "0"
}]