[{
  "dateTime" : "02/18/19 00:00:00",
  "value" : "0"
},{
  "dateTime" : "02/19/19 00:00:00",
  "value" : "0"
},{
  "dateTime" : "02/20/19 00:00:00",
  "value" : "0"
},{
  "dateTime" : "02/21/19 00:00:00",
  "value" : "0"
},{
  "dateTime" : "02/22/19 00:00:00",
  "value" : "0"
},{
  "dateTime" : "02/23/19 00:00:00",
  "value" : "0"
},{
  "dateTime" : "02/24/19 00:00:00",
  "value" : "0"
},{
  "dateTime" : "02/25/19 00:00:00",
  "value" : "0"
},{
  "dateTime" : "02/26/19 00:00:00",
  "value" : "0"
},{
  "dateTime" : "02/27/19 00:00:00",
  "value" : "0"
},{
  "dateTime" : "02/28/19 00:00:00",
  "value" : "0"
},{
  "dateTime" : "03/01/19 00:00:00",
  "value" : "0"
},{
  "dateTime" : "03/02/19 00:00:00",
  "value" : "0"
},{
  "dateTime" : "03/03/19 00:00:00",
  "value" : "0"
},{
  "dateTime" : "03/04/19 00:00:00",
  "value" : "0"
},{
  "dateTime" : "03/05/19 00:00:00",
  "value" : "0"
},{
  "dateTime" : "03/06/19 00:00:00",
  "value" : "0"
},{
  "dateTime" : "03/07/19 00:00:00",
  "value" : "0"
},{
  "dateTime" : "03/08/19 00:00:00",
  "value" : "0"
},{
  "dateTime" : "03/09/19 00:00:00",
  "value" : "0"
},{
  "dateTime" : "03/10/19 00:00:00",
  "value" : "0"
},{
  "dateTime" : "03/11/19 00:00:00",
  "value" : "0"
},{
  "dateTime" : "03/12/19 00:00:00",
  "value" : "0"
},{
  "dateTime" : "03/13/19 00:00:00",
  "value" : "0"
},{
  "dateTime" : "03/14/19 00:00:00",
  "value" : "0"
},{
  "dateTime" : "03/15/19 00:00:00",
  "value" : "0"
},{
  "dateTime" : "03/16/19 00:00:00",
  "value" : "0"
},{
  "dateTime" : "03/17/19 00:00:00",
  "value" : "0"
},{
  "dateTime" : "03/18/19 00:00:00",
  "value" : "0"
},{
  "dateTime" : "03/19/19 00:00:00",
  "value" : "0"
}]