[{
  "dateTime" : "12/15/19 00:00:00",
  "value" : "0"
},{
  "dateTime" : "12/16/19 00:00:00",
  "value" : "0"
},{
  "dateTime" : "12/17/19 00:00:00",
  "value" : "0"
},{
  "dateTime" : "12/18/19 00:00:00",
  "value" : "0"
},{
  "dateTime" : "12/19/19 00:00:00",
  "value" : "0"
},{
  "dateTime" : "12/20/19 00:00:00",
  "value" : "0"
},{
  "dateTime" : "12/21/19 00:00:00",
  "value" : "0"
},{
  "dateTime" : "12/22/19 00:00:00",
  "value" : "0"
},{
  "dateTime" : "12/23/19 00:00:00",
  "value" : "0"
},{
  "dateTime" : "12/24/19 00:00:00",
  "value" : "0"
},{
  "dateTime" : "12/25/19 00:00:00",
  "value" : "0"
},{
  "dateTime" : "12/26/19 00:00:00",
  "value" : "0"
},{
  "dateTime" : "12/27/19 00:00:00",
  "value" : "0"
},{
  "dateTime" : "12/28/19 00:00:00",
  "value" : "0"
},{
  "dateTime" : "12/29/19 00:00:00",
  "value" : "0"
},{
  "dateTime" : "12/30/19 00:00:00",
  "value" : "0"
},{
  "dateTime" : "12/31/19 00:00:00",
  "value" : "0"
},{
  "dateTime" : "01/01/20 00:00:00",
  "value" : "0"
},{
  "dateTime" : "01/02/20 00:00:00",
  "value" : "0"
},{
  "dateTime" : "01/03/20 00:00:00",
  "value" : "0"
},{
  "dateTime" : "01/04/20 00:00:00",
  "value" : "0"
},{
  "dateTime" : "01/05/20 00:00:00",
  "value" : "0"
},{
  "dateTime" : "01/06/20 00:00:00",
  "value" : "0"
},{
  "dateTime" : "01/07/20 00:00:00",
  "value" : "0"
},{
  "dateTime" : "01/08/20 00:00:00",
  "value" : "0"
},{
  "dateTime" : "01/09/20 00:00:00",
  "value" : "0"
},{
  "dateTime" : "01/10/20 00:00:00",
  "value" : "0"
},{
  "dateTime" : "01/11/20 00:00:00",
  "value" : "0"
},{
  "dateTime" : "01/12/20 00:00:00",
  "value" : "0"
},{
  "dateTime" : "01/13/20 00:00:00",
  "value" : "0"
}]