[{
  "dateTime" : "09/07/15 00:00:00",
  "value" : "190"
},{
  "dateTime" : "09/08/15 00:00:00",
  "value" : "203"
},{
  "dateTime" : "09/09/15 00:00:00",
  "value" : "272"
},{
  "dateTime" : "09/10/15 00:00:00",
  "value" : "167"
},{
  "dateTime" : "09/11/15 00:00:00",
  "value" : "165"
},{
  "dateTime" : "09/12/15 00:00:00",
  "value" : "194"
},{
  "dateTime" : "09/13/15 00:00:00",
  "value" : "112"
},{
  "dateTime" : "09/14/15 00:00:00",
  "value" : "160"
},{
  "dateTime" : "09/15/15 00:00:00",
  "value" : "143"
},{
  "dateTime" : "09/16/15 00:00:00",
  "value" : "199"
},{
  "dateTime" : "09/17/15 00:00:00",
  "value" : "232"
},{
  "dateTime" : "09/18/15 00:00:00",
  "value" : "200"
},{
  "dateTime" : "09/19/15 00:00:00",
  "value" : "481"
},{
  "dateTime" : "09/20/15 00:00:00",
  "value" : "100"
},{
  "dateTime" : "09/21/15 00:00:00",
  "value" : "227"
},{
  "dateTime" : "09/22/15 00:00:00",
  "value" : "200"
},{
  "dateTime" : "09/23/15 00:00:00",
  "value" : "171"
},{
  "dateTime" : "09/24/15 00:00:00",
  "value" : "215"
},{
  "dateTime" : "09/25/15 00:00:00",
  "value" : "222"
},{
  "dateTime" : "09/26/15 00:00:00",
  "value" : "352"
},{
  "dateTime" : "09/27/15 00:00:00",
  "value" : "164"
},{
  "dateTime" : "09/28/15 00:00:00",
  "value" : "113"
},{
  "dateTime" : "09/29/15 00:00:00",
  "value" : "97"
},{
  "dateTime" : "09/30/15 00:00:00",
  "value" : "154"
},{
  "dateTime" : "10/01/15 00:00:00",
  "value" : "300"
},{
  "dateTime" : "10/02/15 00:00:00",
  "value" : "299"
},{
  "dateTime" : "10/03/15 00:00:00",
  "value" : "286"
},{
  "dateTime" : "10/04/15 00:00:00",
  "value" : "234"
},{
  "dateTime" : "10/05/15 00:00:00",
  "value" : "223"
},{
  "dateTime" : "10/06/15 00:00:00",
  "value" : "157"
}]