[{
  "dateTime" : "06/03/16 00:00:00",
  "value" : "271"
},{
  "dateTime" : "06/04/16 00:00:00",
  "value" : "20"
},{
  "dateTime" : "06/05/16 00:00:00",
  "value" : "0"
},{
  "dateTime" : "06/06/16 00:00:00",
  "value" : "0"
},{
  "dateTime" : "06/07/16 00:00:00",
  "value" : "0"
},{
  "dateTime" : "06/08/16 00:00:00",
  "value" : "6"
},{
  "dateTime" : "06/09/16 00:00:00",
  "value" : "0"
},{
  "dateTime" : "06/10/16 00:00:00",
  "value" : "0"
},{
  "dateTime" : "06/11/16 00:00:00",
  "value" : "0"
},{
  "dateTime" : "06/12/16 00:00:00",
  "value" : "0"
},{
  "dateTime" : "06/13/16 00:00:00",
  "value" : "0"
},{
  "dateTime" : "06/14/16 00:00:00",
  "value" : "0"
},{
  "dateTime" : "06/15/16 00:00:00",
  "value" : "4"
},{
  "dateTime" : "06/16/16 00:00:00",
  "value" : "0"
},{
  "dateTime" : "06/17/16 00:00:00",
  "value" : "0"
},{
  "dateTime" : "06/18/16 00:00:00",
  "value" : "0"
},{
  "dateTime" : "06/19/16 00:00:00",
  "value" : "0"
},{
  "dateTime" : "06/20/16 00:00:00",
  "value" : "0"
},{
  "dateTime" : "06/21/16 00:00:00",
  "value" : "0"
},{
  "dateTime" : "06/22/16 00:00:00",
  "value" : "0"
},{
  "dateTime" : "06/23/16 00:00:00",
  "value" : "0"
},{
  "dateTime" : "06/24/16 00:00:00",
  "value" : "0"
},{
  "dateTime" : "06/25/16 00:00:00",
  "value" : "0"
},{
  "dateTime" : "06/26/16 00:00:00",
  "value" : "0"
},{
  "dateTime" : "06/27/16 00:00:00",
  "value" : "0"
},{
  "dateTime" : "06/28/16 00:00:00",
  "value" : "0"
},{
  "dateTime" : "06/29/16 00:00:00",
  "value" : "0"
},{
  "dateTime" : "06/30/16 00:00:00",
  "value" : "0"
},{
  "dateTime" : "07/01/16 00:00:00",
  "value" : "0"
},{
  "dateTime" : "07/02/16 00:00:00",
  "value" : "0"
}]