[{
  "dateTime" : "04/03/22 00:00:00",
  "value" : "0"
},{
  "dateTime" : "04/04/22 00:00:00",
  "value" : "0"
},{
  "dateTime" : "04/05/22 00:00:00",
  "value" : "0"
},{
  "dateTime" : "04/06/22 00:00:00",
  "value" : "0"
},{
  "dateTime" : "04/07/22 00:00:00",
  "value" : "0"
},{
  "dateTime" : "04/08/22 00:00:00",
  "value" : "0"
},{
  "dateTime" : "04/09/22 00:00:00",
  "value" : "0"
},{
  "dateTime" : "04/10/22 00:00:00",
  "value" : "0"
},{
  "dateTime" : "04/11/22 00:00:00",
  "value" : "0"
},{
  "dateTime" : "04/12/22 00:00:00",
  "value" : "0"
},{
  "dateTime" : "04/13/22 00:00:00",
  "value" : "0"
},{
  "dateTime" : "04/14/22 00:00:00",
  "value" : "0"
},{
  "dateTime" : "04/15/22 00:00:00",
  "value" : "0"
},{
  "dateTime" : "04/16/22 00:00:00",
  "value" : "0"
},{
  "dateTime" : "04/17/22 00:00:00",
  "value" : "0"
},{
  "dateTime" : "04/18/22 00:00:00",
  "value" : "0"
},{
  "dateTime" : "04/19/22 00:00:00",
  "value" : "0"
},{
  "dateTime" : "04/20/22 00:00:00",
  "value" : "0"
},{
  "dateTime" : "04/21/22 00:00:00",
  "value" : "0"
},{
  "dateTime" : "04/22/22 00:00:00",
  "value" : "0"
},{
  "dateTime" : "04/23/22 00:00:00",
  "value" : "0"
},{
  "dateTime" : "04/24/22 00:00:00",
  "value" : "0"
},{
  "dateTime" : "04/25/22 00:00:00",
  "value" : "0"
},{
  "dateTime" : "04/26/22 00:00:00",
  "value" : "0"
},{
  "dateTime" : "04/27/22 00:00:00",
  "value" : "0"
},{
  "dateTime" : "04/28/22 00:00:00",
  "value" : "0"
},{
  "dateTime" : "04/29/22 00:00:00",
  "value" : "0"
},{
  "dateTime" : "04/30/22 00:00:00",
  "value" : "0"
},{
  "dateTime" : "05/01/22 00:00:00",
  "value" : "0"
},{
  "dateTime" : "05/02/22 00:00:00",
  "value" : "0"
}]