[{
  "dateTime" : "04/19/19 00:00:00",
  "value" : "0"
},{
  "dateTime" : "04/20/19 00:00:00",
  "value" : "0"
},{
  "dateTime" : "04/21/19 00:00:00",
  "value" : "0"
},{
  "dateTime" : "04/22/19 00:00:00",
  "value" : "0"
},{
  "dateTime" : "04/23/19 00:00:00",
  "value" : "0"
},{
  "dateTime" : "04/24/19 00:00:00",
  "value" : "0"
},{
  "dateTime" : "04/25/19 00:00:00",
  "value" : "0"
},{
  "dateTime" : "04/26/19 00:00:00",
  "value" : "0"
},{
  "dateTime" : "04/27/19 00:00:00",
  "value" : "0"
},{
  "dateTime" : "04/28/19 00:00:00",
  "value" : "0"
},{
  "dateTime" : "04/29/19 00:00:00",
  "value" : "0"
},{
  "dateTime" : "04/30/19 00:00:00",
  "value" : "0"
},{
  "dateTime" : "05/01/19 00:00:00",
  "value" : "0"
},{
  "dateTime" : "05/02/19 00:00:00",
  "value" : "0"
},{
  "dateTime" : "05/03/19 00:00:00",
  "value" : "0"
},{
  "dateTime" : "05/04/19 00:00:00",
  "value" : "0"
},{
  "dateTime" : "05/05/19 00:00:00",
  "value" : "0"
},{
  "dateTime" : "05/06/19 00:00:00",
  "value" : "0"
},{
  "dateTime" : "05/07/19 00:00:00",
  "value" : "0"
},{
  "dateTime" : "05/08/19 00:00:00",
  "value" : "0"
},{
  "dateTime" : "05/09/19 00:00:00",
  "value" : "0"
},{
  "dateTime" : "05/10/19 00:00:00",
  "value" : "0"
},{
  "dateTime" : "05/11/19 00:00:00",
  "value" : "0"
},{
  "dateTime" : "05/12/19 00:00:00",
  "value" : "0"
},{
  "dateTime" : "05/13/19 00:00:00",
  "value" : "0"
},{
  "dateTime" : "05/14/19 00:00:00",
  "value" : "0"
},{
  "dateTime" : "05/15/19 00:00:00",
  "value" : "0"
},{
  "dateTime" : "05/16/19 00:00:00",
  "value" : "0"
},{
  "dateTime" : "05/17/19 00:00:00",
  "value" : "0"
},{
  "dateTime" : "05/18/19 00:00:00",
  "value" : "0"
}]