[{
  "dateTime" : "02/04/16 00:00:00",
  "value" : "148"
},{
  "dateTime" : "02/05/16 00:00:00",
  "value" : "182"
},{
  "dateTime" : "02/06/16 00:00:00",
  "value" : "160"
},{
  "dateTime" : "02/07/16 00:00:00",
  "value" : "394"
},{
  "dateTime" : "02/08/16 00:00:00",
  "value" : "136"
},{
  "dateTime" : "02/09/16 00:00:00",
  "value" : "94"
},{
  "dateTime" : "02/10/16 00:00:00",
  "value" : "168"
},{
  "dateTime" : "02/11/16 00:00:00",
  "value" : "182"
},{
  "dateTime" : "02/12/16 00:00:00",
  "value" : "121"
},{
  "dateTime" : "02/13/16 00:00:00",
  "value" : "354"
},{
  "dateTime" : "02/14/16 00:00:00",
  "value" : "388"
},{
  "dateTime" : "02/15/16 00:00:00",
  "value" : "165"
},{
  "dateTime" : "02/16/16 00:00:00",
  "value" : "155"
},{
  "dateTime" : "02/17/16 00:00:00",
  "value" : "216"
},{
  "dateTime" : "02/18/16 00:00:00",
  "value" : "159"
},{
  "dateTime" : "02/19/16 00:00:00",
  "value" : "147"
},{
  "dateTime" : "02/20/16 00:00:00",
  "value" : "358"
},{
  "dateTime" : "02/21/16 00:00:00",
  "value" : "355"
},{
  "dateTime" : "02/22/16 00:00:00",
  "value" : "233"
},{
  "dateTime" : "02/23/16 00:00:00",
  "value" : "289"
},{
  "dateTime" : "02/24/16 00:00:00",
  "value" : "129"
},{
  "dateTime" : "02/25/16 00:00:00",
  "value" : "356"
},{
  "dateTime" : "02/26/16 00:00:00",
  "value" : "160"
},{
  "dateTime" : "02/27/16 00:00:00",
  "value" : "431"
},{
  "dateTime" : "02/28/16 00:00:00",
  "value" : "379"
},{
  "dateTime" : "02/29/16 00:00:00",
  "value" : "210"
},{
  "dateTime" : "03/01/16 00:00:00",
  "value" : "261"
},{
  "dateTime" : "03/02/16 00:00:00",
  "value" : "341"
},{
  "dateTime" : "03/03/16 00:00:00",
  "value" : "166"
},{
  "dateTime" : "03/04/16 00:00:00",
  "value" : "323"
}]