[{
  "dateTime" : "11/09/20 00:00:00",
  "value" : "0"
},{
  "dateTime" : "11/10/20 00:00:00",
  "value" : "0"
},{
  "dateTime" : "11/11/20 00:00:00",
  "value" : "0"
},{
  "dateTime" : "11/12/20 00:00:00",
  "value" : "0"
},{
  "dateTime" : "11/13/20 00:00:00",
  "value" : "0"
},{
  "dateTime" : "11/14/20 00:00:00",
  "value" : "0"
},{
  "dateTime" : "11/15/20 00:00:00",
  "value" : "0"
},{
  "dateTime" : "11/16/20 00:00:00",
  "value" : "0"
},{
  "dateTime" : "11/17/20 00:00:00",
  "value" : "0"
},{
  "dateTime" : "11/18/20 00:00:00",
  "value" : "0"
},{
  "dateTime" : "11/19/20 00:00:00",
  "value" : "0"
},{
  "dateTime" : "11/20/20 00:00:00",
  "value" : "0"
},{
  "dateTime" : "11/21/20 00:00:00",
  "value" : "0"
},{
  "dateTime" : "11/22/20 00:00:00",
  "value" : "0"
},{
  "dateTime" : "11/23/20 00:00:00",
  "value" : "0"
},{
  "dateTime" : "11/24/20 00:00:00",
  "value" : "0"
},{
  "dateTime" : "11/25/20 00:00:00",
  "value" : "0"
},{
  "dateTime" : "11/26/20 00:00:00",
  "value" : "0"
},{
  "dateTime" : "11/27/20 00:00:00",
  "value" : "0"
},{
  "dateTime" : "11/28/20 00:00:00",
  "value" : "0"
},{
  "dateTime" : "11/29/20 00:00:00",
  "value" : "0"
},{
  "dateTime" : "11/30/20 00:00:00",
  "value" : "0"
},{
  "dateTime" : "12/01/20 00:00:00",
  "value" : "0"
},{
  "dateTime" : "12/02/20 00:00:00",
  "value" : "0"
},{
  "dateTime" : "12/03/20 00:00:00",
  "value" : "0"
},{
  "dateTime" : "12/04/20 00:00:00",
  "value" : "0"
},{
  "dateTime" : "12/05/20 00:00:00",
  "value" : "0"
},{
  "dateTime" : "12/06/20 00:00:00",
  "value" : "0"
},{
  "dateTime" : "12/07/20 00:00:00",
  "value" : "0"
},{
  "dateTime" : "12/08/20 00:00:00",
  "value" : "0"
}]