[{
  "dateTime" : "10/07/15 00:00:00",
  "value" : "226"
},{
  "dateTime" : "10/08/15 00:00:00",
  "value" : "300"
},{
  "dateTime" : "10/09/15 00:00:00",
  "value" : "266"
},{
  "dateTime" : "10/10/15 00:00:00",
  "value" : "587"
},{
  "dateTime" : "10/11/15 00:00:00",
  "value" : "404"
},{
  "dateTime" : "10/12/15 00:00:00",
  "value" : "205"
},{
  "dateTime" : "10/13/15 00:00:00",
  "value" : "99"
},{
  "dateTime" : "10/14/15 00:00:00",
  "value" : "232"
},{
  "dateTime" : "10/15/15 00:00:00",
  "value" : "276"
},{
  "dateTime" : "10/16/15 00:00:00",
  "value" : "174"
},{
  "dateTime" : "10/17/15 00:00:00",
  "value" : "128"
},{
  "dateTime" : "10/18/15 00:00:00",
  "value" : "427"
},{
  "dateTime" : "10/19/15 00:00:00",
  "value" : "165"
},{
  "dateTime" : "10/20/15 00:00:00",
  "value" : "218"
},{
  "dateTime" : "10/21/15 00:00:00",
  "value" : "234"
},{
  "dateTime" : "10/22/15 00:00:00",
  "value" : "272"
},{
  "dateTime" : "10/23/15 00:00:00",
  "value" : "201"
},{
  "dateTime" : "10/24/15 00:00:00",
  "value" : "141"
},{
  "dateTime" : "10/25/15 00:00:00",
  "value" : "106"
},{
  "dateTime" : "10/26/15 00:00:00",
  "value" : "118"
},{
  "dateTime" : "10/27/15 00:00:00",
  "value" : "125"
},{
  "dateTime" : "10/28/15 00:00:00",
  "value" : "265"
},{
  "dateTime" : "10/29/15 00:00:00",
  "value" : "136"
},{
  "dateTime" : "10/30/15 00:00:00",
  "value" : "201"
},{
  "dateTime" : "10/31/15 00:00:00",
  "value" : "195"
},{
  "dateTime" : "11/01/15 00:00:00",
  "value" : "126"
},{
  "dateTime" : "11/02/15 00:00:00",
  "value" : "97"
},{
  "dateTime" : "11/03/15 00:00:00",
  "value" : "122"
},{
  "dateTime" : "11/04/15 00:00:00",
  "value" : "273"
},{
  "dateTime" : "11/05/15 00:00:00",
  "value" : "164"
}]