[{
  "dateTime" : "06/07/21 00:00:00",
  "value" : "0"
},{
  "dateTime" : "06/08/21 00:00:00",
  "value" : "0"
},{
  "dateTime" : "06/09/21 00:00:00",
  "value" : "0"
},{
  "dateTime" : "06/10/21 00:00:00",
  "value" : "0"
},{
  "dateTime" : "06/11/21 00:00:00",
  "value" : "0"
},{
  "dateTime" : "06/12/21 00:00:00",
  "value" : "0"
},{
  "dateTime" : "06/13/21 00:00:00",
  "value" : "0"
},{
  "dateTime" : "06/14/21 00:00:00",
  "value" : "0"
},{
  "dateTime" : "06/15/21 00:00:00",
  "value" : "0"
},{
  "dateTime" : "06/16/21 00:00:00",
  "value" : "0"
},{
  "dateTime" : "06/17/21 00:00:00",
  "value" : "0"
},{
  "dateTime" : "06/18/21 00:00:00",
  "value" : "0"
},{
  "dateTime" : "06/19/21 00:00:00",
  "value" : "0"
},{
  "dateTime" : "06/20/21 00:00:00",
  "value" : "0"
},{
  "dateTime" : "06/21/21 00:00:00",
  "value" : "0"
},{
  "dateTime" : "06/22/21 00:00:00",
  "value" : "0"
},{
  "dateTime" : "06/23/21 00:00:00",
  "value" : "0"
},{
  "dateTime" : "06/24/21 00:00:00",
  "value" : "0"
},{
  "dateTime" : "06/25/21 00:00:00",
  "value" : "0"
},{
  "dateTime" : "06/26/21 00:00:00",
  "value" : "0"
},{
  "dateTime" : "06/27/21 00:00:00",
  "value" : "0"
},{
  "dateTime" : "06/28/21 00:00:00",
  "value" : "0"
},{
  "dateTime" : "06/29/21 00:00:00",
  "value" : "0"
},{
  "dateTime" : "06/30/21 00:00:00",
  "value" : "0"
},{
  "dateTime" : "07/01/21 00:00:00",
  "value" : "0"
},{
  "dateTime" : "07/02/21 00:00:00",
  "value" : "0"
},{
  "dateTime" : "07/03/21 00:00:00",
  "value" : "0"
},{
  "dateTime" : "07/04/21 00:00:00",
  "value" : "0"
},{
  "dateTime" : "07/05/21 00:00:00",
  "value" : "0"
},{
  "dateTime" : "07/06/21 00:00:00",
  "value" : "0"
}]