[{
  "dateTime" : "06/28/17 00:00:00",
  "value" : "192"
},{
  "dateTime" : "06/29/17 00:00:00",
  "value" : "278"
},{
  "dateTime" : "06/30/17 00:00:00",
  "value" : "268"
},{
  "dateTime" : "07/01/17 00:00:00",
  "value" : "201"
},{
  "dateTime" : "07/02/17 00:00:00",
  "value" : "158"
},{
  "dateTime" : "07/03/17 00:00:00",
  "value" : "243"
},{
  "dateTime" : "07/04/17 00:00:00",
  "value" : "329"
},{
  "dateTime" : "07/05/17 00:00:00",
  "value" : "276"
},{
  "dateTime" : "07/06/17 00:00:00",
  "value" : "266"
},{
  "dateTime" : "07/07/17 00:00:00",
  "value" : "273"
},{
  "dateTime" : "07/08/17 00:00:00",
  "value" : "246"
},{
  "dateTime" : "07/09/17 00:00:00",
  "value" : "218"
},{
  "dateTime" : "07/10/17 00:00:00",
  "value" : "136"
},{
  "dateTime" : "07/11/17 00:00:00",
  "value" : "111"
},{
  "dateTime" : "07/12/17 00:00:00",
  "value" : "153"
},{
  "dateTime" : "07/13/17 00:00:00",
  "value" : "149"
},{
  "dateTime" : "07/14/17 00:00:00",
  "value" : "166"
},{
  "dateTime" : "07/15/17 00:00:00",
  "value" : "262"
},{
  "dateTime" : "07/16/17 00:00:00",
  "value" : "100"
},{
  "dateTime" : "07/17/17 00:00:00",
  "value" : "124"
},{
  "dateTime" : "07/18/17 00:00:00",
  "value" : "145"
},{
  "dateTime" : "07/19/17 00:00:00",
  "value" : "168"
},{
  "dateTime" : "07/20/17 00:00:00",
  "value" : "122"
},{
  "dateTime" : "07/21/17 00:00:00",
  "value" : "153"
},{
  "dateTime" : "07/22/17 00:00:00",
  "value" : "239"
},{
  "dateTime" : "07/23/17 00:00:00",
  "value" : "144"
},{
  "dateTime" : "07/24/17 00:00:00",
  "value" : "178"
},{
  "dateTime" : "07/25/17 00:00:00",
  "value" : "194"
},{
  "dateTime" : "07/26/17 00:00:00",
  "value" : "131"
},{
  "dateTime" : "07/27/17 00:00:00",
  "value" : "224"
}]