[{
  "dateTime" : "11/29/22 00:00:00",
  "value" : "0"
},{
  "dateTime" : "11/30/22 00:00:00",
  "value" : "0"
},{
  "dateTime" : "12/01/22 00:00:00",
  "value" : "0"
},{
  "dateTime" : "12/02/22 00:00:00",
  "value" : "0"
},{
  "dateTime" : "12/03/22 00:00:00",
  "value" : "0"
},{
  "dateTime" : "12/04/22 00:00:00",
  "value" : "0"
},{
  "dateTime" : "12/05/22 00:00:00",
  "value" : "0"
},{
  "dateTime" : "12/06/22 00:00:00",
  "value" : "0"
},{
  "dateTime" : "12/07/22 00:00:00",
  "value" : "0"
},{
  "dateTime" : "12/08/22 00:00:00",
  "value" : "0"
},{
  "dateTime" : "12/09/22 00:00:00",
  "value" : "0"
},{
  "dateTime" : "12/10/22 00:00:00",
  "value" : "0"
},{
  "dateTime" : "12/11/22 00:00:00",
  "value" : "0"
},{
  "dateTime" : "12/12/22 00:00:00",
  "value" : "0"
},{
  "dateTime" : "12/13/22 00:00:00",
  "value" : "0"
},{
  "dateTime" : "12/14/22 00:00:00",
  "value" : "0"
},{
  "dateTime" : "12/15/22 00:00:00",
  "value" : "0"
},{
  "dateTime" : "12/16/22 00:00:00",
  "value" : "0"
},{
  "dateTime" : "12/17/22 00:00:00",
  "value" : "0"
},{
  "dateTime" : "12/18/22 00:00:00",
  "value" : "0"
},{
  "dateTime" : "12/19/22 00:00:00",
  "value" : "0"
},{
  "dateTime" : "12/20/22 00:00:00",
  "value" : "0"
},{
  "dateTime" : "12/21/22 00:00:00",
  "value" : "0"
},{
  "dateTime" : "12/22/22 00:00:00",
  "value" : "0"
},{
  "dateTime" : "12/23/22 00:00:00",
  "value" : "0"
},{
  "dateTime" : "12/24/22 00:00:00",
  "value" : "0"
},{
  "dateTime" : "12/25/22 00:00:00",
  "value" : "0"
},{
  "dateTime" : "12/26/22 00:00:00",
  "value" : "0"
},{
  "dateTime" : "12/27/22 00:00:00",
  "value" : "0"
},{
  "dateTime" : "12/28/22 00:00:00",
  "value" : "0"
}]