[{
  "dateTime" : "07/03/16 00:00:00",
  "value" : "0"
},{
  "dateTime" : "07/04/16 00:00:00",
  "value" : "0"
},{
  "dateTime" : "07/05/16 00:00:00",
  "value" : "0"
},{
  "dateTime" : "07/06/16 00:00:00",
  "value" : "0"
},{
  "dateTime" : "07/07/16 00:00:00",
  "value" : "0"
},{
  "dateTime" : "07/08/16 00:00:00",
  "value" : "0"
},{
  "dateTime" : "07/09/16 00:00:00",
  "value" : "0"
},{
  "dateTime" : "07/10/16 00:00:00",
  "value" : "0"
},{
  "dateTime" : "07/11/16 00:00:00",
  "value" : "0"
},{
  "dateTime" : "07/12/16 00:00:00",
  "value" : "0"
},{
  "dateTime" : "07/13/16 00:00:00",
  "value" : "0"
},{
  "dateTime" : "07/14/16 00:00:00",
  "value" : "0"
},{
  "dateTime" : "07/15/16 00:00:00",
  "value" : "0"
},{
  "dateTime" : "07/16/16 00:00:00",
  "value" : "0"
},{
  "dateTime" : "07/17/16 00:00:00",
  "value" : "0"
},{
  "dateTime" : "07/18/16 00:00:00",
  "value" : "0"
},{
  "dateTime" : "07/19/16 00:00:00",
  "value" : "0"
},{
  "dateTime" : "07/20/16 00:00:00",
  "value" : "5"
},{
  "dateTime" : "07/21/16 00:00:00",
  "value" : "0"
},{
  "dateTime" : "07/22/16 00:00:00",
  "value" : "0"
},{
  "dateTime" : "07/23/16 00:00:00",
  "value" : "0"
},{
  "dateTime" : "07/24/16 00:00:00",
  "value" : "0"
},{
  "dateTime" : "07/25/16 00:00:00",
  "value" : "0"
},{
  "dateTime" : "07/26/16 00:00:00",
  "value" : "0"
},{
  "dateTime" : "07/27/16 00:00:00",
  "value" : "0"
},{
  "dateTime" : "07/28/16 00:00:00",
  "value" : "0"
},{
  "dateTime" : "07/29/16 00:00:00",
  "value" : "229"
},{
  "dateTime" : "07/30/16 00:00:00",
  "value" : "87"
},{
  "dateTime" : "07/31/16 00:00:00",
  "value" : "111"
},{
  "dateTime" : "08/01/16 00:00:00",
  "value" : "195"
}]