[{
  "dateTime" : "08/06/21 00:00:00",
  "value" : "0"
},{
  "dateTime" : "08/07/21 00:00:00",
  "value" : "0"
},{
  "dateTime" : "08/08/21 00:00:00",
  "value" : "0"
},{
  "dateTime" : "08/09/21 00:00:00",
  "value" : "0"
},{
  "dateTime" : "08/10/21 00:00:00",
  "value" : "0"
},{
  "dateTime" : "08/11/21 00:00:00",
  "value" : "0"
},{
  "dateTime" : "08/12/21 00:00:00",
  "value" : "0"
},{
  "dateTime" : "08/13/21 00:00:00",
  "value" : "0"
},{
  "dateTime" : "08/14/21 00:00:00",
  "value" : "0"
},{
  "dateTime" : "08/15/21 00:00:00",
  "value" : "0"
},{
  "dateTime" : "08/16/21 00:00:00",
  "value" : "0"
},{
  "dateTime" : "08/17/21 00:00:00",
  "value" : "0"
},{
  "dateTime" : "08/18/21 00:00:00",
  "value" : "0"
},{
  "dateTime" : "08/19/21 00:00:00",
  "value" : "0"
},{
  "dateTime" : "08/20/21 00:00:00",
  "value" : "0"
},{
  "dateTime" : "08/21/21 00:00:00",
  "value" : "0"
},{
  "dateTime" : "08/22/21 00:00:00",
  "value" : "0"
},{
  "dateTime" : "08/23/21 00:00:00",
  "value" : "0"
},{
  "dateTime" : "08/24/21 00:00:00",
  "value" : "0"
},{
  "dateTime" : "08/25/21 00:00:00",
  "value" : "0"
},{
  "dateTime" : "08/26/21 00:00:00",
  "value" : "0"
},{
  "dateTime" : "08/27/21 00:00:00",
  "value" : "0"
},{
  "dateTime" : "08/28/21 00:00:00",
  "value" : "0"
},{
  "dateTime" : "08/29/21 00:00:00",
  "value" : "0"
},{
  "dateTime" : "08/30/21 00:00:00",
  "value" : "0"
},{
  "dateTime" : "08/31/21 00:00:00",
  "value" : "0"
},{
  "dateTime" : "09/01/21 00:00:00",
  "value" : "0"
},{
  "dateTime" : "09/02/21 00:00:00",
  "value" : "0"
},{
  "dateTime" : "09/03/21 00:00:00",
  "value" : "0"
},{
  "dateTime" : "09/04/21 00:00:00",
  "value" : "0"
}]