[{
  "dateTime" : "03/09/21 00:00:00",
  "value" : "0"
},{
  "dateTime" : "03/10/21 00:00:00",
  "value" : "0"
},{
  "dateTime" : "03/11/21 00:00:00",
  "value" : "0"
},{
  "dateTime" : "03/12/21 00:00:00",
  "value" : "0"
},{
  "dateTime" : "03/13/21 00:00:00",
  "value" : "0"
},{
  "dateTime" : "03/14/21 00:00:00",
  "value" : "0"
},{
  "dateTime" : "03/15/21 00:00:00",
  "value" : "0"
},{
  "dateTime" : "03/16/21 00:00:00",
  "value" : "0"
},{
  "dateTime" : "03/17/21 00:00:00",
  "value" : "0"
},{
  "dateTime" : "03/18/21 00:00:00",
  "value" : "0"
},{
  "dateTime" : "03/19/21 00:00:00",
  "value" : "0"
},{
  "dateTime" : "03/20/21 00:00:00",
  "value" : "0"
},{
  "dateTime" : "03/21/21 00:00:00",
  "value" : "0"
},{
  "dateTime" : "03/22/21 00:00:00",
  "value" : "0"
},{
  "dateTime" : "03/23/21 00:00:00",
  "value" : "0"
},{
  "dateTime" : "03/24/21 00:00:00",
  "value" : "0"
},{
  "dateTime" : "03/25/21 00:00:00",
  "value" : "0"
},{
  "dateTime" : "03/26/21 00:00:00",
  "value" : "0"
},{
  "dateTime" : "03/27/21 00:00:00",
  "value" : "0"
},{
  "dateTime" : "03/28/21 00:00:00",
  "value" : "0"
},{
  "dateTime" : "03/29/21 00:00:00",
  "value" : "0"
},{
  "dateTime" : "03/30/21 00:00:00",
  "value" : "0"
},{
  "dateTime" : "03/31/21 00:00:00",
  "value" : "0"
},{
  "dateTime" : "04/01/21 00:00:00",
  "value" : "0"
},{
  "dateTime" : "04/02/21 00:00:00",
  "value" : "0"
},{
  "dateTime" : "04/03/21 00:00:00",
  "value" : "0"
},{
  "dateTime" : "04/04/21 00:00:00",
  "value" : "0"
},{
  "dateTime" : "04/05/21 00:00:00",
  "value" : "0"
},{
  "dateTime" : "04/06/21 00:00:00",
  "value" : "0"
},{
  "dateTime" : "04/07/21 00:00:00",
  "value" : "0"
}]