[{
  "dateTime" : "03/30/17 00:00:00",
  "value" : "273"
},{
  "dateTime" : "03/31/17 00:00:00",
  "value" : "239"
},{
  "dateTime" : "04/01/17 00:00:00",
  "value" : "156"
},{
  "dateTime" : "04/02/17 00:00:00",
  "value" : "150"
},{
  "dateTime" : "04/03/17 00:00:00",
  "value" : "174"
},{
  "dateTime" : "04/04/17 00:00:00",
  "value" : "167"
},{
  "dateTime" : "04/05/17 00:00:00",
  "value" : "213"
},{
  "dateTime" : "04/06/17 00:00:00",
  "value" : "179"
},{
  "dateTime" : "04/07/17 00:00:00",
  "value" : "295"
},{
  "dateTime" : "04/08/17 00:00:00",
  "value" : "183"
},{
  "dateTime" : "04/09/17 00:00:00",
  "value" : "131"
},{
  "dateTime" : "04/10/17 00:00:00",
  "value" : "214"
},{
  "dateTime" : "04/11/17 00:00:00",
  "value" : "167"
},{
  "dateTime" : "04/12/17 00:00:00",
  "value" : "119"
},{
  "dateTime" : "04/13/17 00:00:00",
  "value" : "316"
},{
  "dateTime" : "04/14/17 00:00:00",
  "value" : "167"
},{
  "dateTime" : "04/15/17 00:00:00",
  "value" : "332"
},{
  "dateTime" : "04/16/17 00:00:00",
  "value" : "256"
},{
  "dateTime" : "04/17/17 00:00:00",
  "value" : "265"
},{
  "dateTime" : "04/18/17 00:00:00",
  "value" : "137"
},{
  "dateTime" : "04/19/17 00:00:00",
  "value" : "158"
},{
  "dateTime" : "04/20/17 00:00:00",
  "value" : "154"
},{
  "dateTime" : "04/21/17 00:00:00",
  "value" : "128"
},{
  "dateTime" : "04/22/17 00:00:00",
  "value" : "210"
},{
  "dateTime" : "04/23/17 00:00:00",
  "value" : "177"
},{
  "dateTime" : "04/24/17 00:00:00",
  "value" : "212"
},{
  "dateTime" : "04/25/17 00:00:00",
  "value" : "144"
},{
  "dateTime" : "04/26/17 00:00:00",
  "value" : "193"
},{
  "dateTime" : "04/27/17 00:00:00",
  "value" : "218"
},{
  "dateTime" : "04/28/17 00:00:00",
  "value" : "17"
}]