[{
  "dateTime" : "04/08/21 00:00:00",
  "value" : "0"
},{
  "dateTime" : "04/09/21 00:00:00",
  "value" : "0"
},{
  "dateTime" : "04/10/21 00:00:00",
  "value" : "0"
},{
  "dateTime" : "04/11/21 00:00:00",
  "value" : "0"
},{
  "dateTime" : "04/12/21 00:00:00",
  "value" : "0"
},{
  "dateTime" : "04/13/21 00:00:00",
  "value" : "0"
},{
  "dateTime" : "04/14/21 00:00:00",
  "value" : "0"
},{
  "dateTime" : "04/15/21 00:00:00",
  "value" : "0"
},{
  "dateTime" : "04/16/21 00:00:00",
  "value" : "0"
},{
  "dateTime" : "04/17/21 00:00:00",
  "value" : "0"
},{
  "dateTime" : "04/18/21 00:00:00",
  "value" : "0"
},{
  "dateTime" : "04/19/21 00:00:00",
  "value" : "0"
},{
  "dateTime" : "04/20/21 00:00:00",
  "value" : "0"
},{
  "dateTime" : "04/21/21 00:00:00",
  "value" : "0"
},{
  "dateTime" : "04/22/21 00:00:00",
  "value" : "0"
},{
  "dateTime" : "04/23/21 00:00:00",
  "value" : "0"
},{
  "dateTime" : "04/24/21 00:00:00",
  "value" : "0"
},{
  "dateTime" : "04/25/21 00:00:00",
  "value" : "0"
},{
  "dateTime" : "04/26/21 00:00:00",
  "value" : "0"
},{
  "dateTime" : "04/27/21 00:00:00",
  "value" : "0"
},{
  "dateTime" : "04/28/21 00:00:00",
  "value" : "0"
},{
  "dateTime" : "04/29/21 00:00:00",
  "value" : "0"
},{
  "dateTime" : "04/30/21 00:00:00",
  "value" : "0"
},{
  "dateTime" : "05/01/21 00:00:00",
  "value" : "0"
},{
  "dateTime" : "05/02/21 00:00:00",
  "value" : "0"
},{
  "dateTime" : "05/03/21 00:00:00",
  "value" : "0"
},{
  "dateTime" : "05/04/21 00:00:00",
  "value" : "0"
},{
  "dateTime" : "05/05/21 00:00:00",
  "value" : "0"
},{
  "dateTime" : "05/06/21 00:00:00",
  "value" : "0"
},{
  "dateTime" : "05/07/21 00:00:00",
  "value" : "0"
}]