[{
  "dateTime" : "03/16/14 00:00:00",
  "value" : "0"
},{
  "dateTime" : "03/17/14 00:00:00",
  "value" : "0"
},{
  "dateTime" : "03/18/14 00:00:00",
  "value" : "0"
},{
  "dateTime" : "03/19/14 00:00:00",
  "value" : "0"
},{
  "dateTime" : "03/20/14 00:00:00",
  "value" : "0"
},{
  "dateTime" : "03/21/14 00:00:00",
  "value" : "0"
},{
  "dateTime" : "03/22/14 00:00:00",
  "value" : "0"
},{
  "dateTime" : "03/23/14 00:00:00",
  "value" : "0"
},{
  "dateTime" : "03/24/14 00:00:00",
  "value" : "0"
},{
  "dateTime" : "03/25/14 00:00:00",
  "value" : "0"
},{
  "dateTime" : "03/26/14 00:00:00",
  "value" : "0"
},{
  "dateTime" : "03/27/14 00:00:00",
  "value" : "0"
},{
  "dateTime" : "03/28/14 00:00:00",
  "value" : "0"
},{
  "dateTime" : "03/29/14 00:00:00",
  "value" : "0"
},{
  "dateTime" : "03/30/14 00:00:00",
  "value" : "0"
},{
  "dateTime" : "03/31/14 00:00:00",
  "value" : "0"
},{
  "dateTime" : "04/01/14 00:00:00",
  "value" : "0"
},{
  "dateTime" : "04/02/14 00:00:00",
  "value" : "0"
},{
  "dateTime" : "04/03/14 00:00:00",
  "value" : "0"
},{
  "dateTime" : "04/04/14 00:00:00",
  "value" : "0"
},{
  "dateTime" : "04/05/14 00:00:00",
  "value" : "0"
},{
  "dateTime" : "04/06/14 00:00:00",
  "value" : "0"
},{
  "dateTime" : "04/07/14 00:00:00",
  "value" : "0"
},{
  "dateTime" : "04/08/14 00:00:00",
  "value" : "0"
},{
  "dateTime" : "04/09/14 00:00:00",
  "value" : "0"
},{
  "dateTime" : "04/10/14 00:00:00",
  "value" : "0"
},{
  "dateTime" : "04/11/14 00:00:00",
  "value" : "0"
},{
  "dateTime" : "04/12/14 00:00:00",
  "value" : "0"
},{
  "dateTime" : "04/13/14 00:00:00",
  "value" : "0"
},{
  "dateTime" : "04/14/14 00:00:00",
  "value" : "0"
}]