[{
  "dateTime" : "06/12/20 00:00:00",
  "value" : "0"
},{
  "dateTime" : "06/13/20 00:00:00",
  "value" : "0"
},{
  "dateTime" : "06/14/20 00:00:00",
  "value" : "0"
},{
  "dateTime" : "06/15/20 00:00:00",
  "value" : "0"
},{
  "dateTime" : "06/16/20 00:00:00",
  "value" : "0"
},{
  "dateTime" : "06/17/20 00:00:00",
  "value" : "0"
},{
  "dateTime" : "06/18/20 00:00:00",
  "value" : "0"
},{
  "dateTime" : "06/19/20 00:00:00",
  "value" : "0"
},{
  "dateTime" : "06/20/20 00:00:00",
  "value" : "0"
},{
  "dateTime" : "06/21/20 00:00:00",
  "value" : "0"
},{
  "dateTime" : "06/22/20 00:00:00",
  "value" : "0"
},{
  "dateTime" : "06/23/20 00:00:00",
  "value" : "0"
},{
  "dateTime" : "06/24/20 00:00:00",
  "value" : "0"
},{
  "dateTime" : "06/25/20 00:00:00",
  "value" : "0"
},{
  "dateTime" : "06/26/20 00:00:00",
  "value" : "0"
},{
  "dateTime" : "06/27/20 00:00:00",
  "value" : "0"
},{
  "dateTime" : "06/28/20 00:00:00",
  "value" : "0"
},{
  "dateTime" : "06/29/20 00:00:00",
  "value" : "0"
},{
  "dateTime" : "06/30/20 00:00:00",
  "value" : "0"
},{
  "dateTime" : "07/01/20 00:00:00",
  "value" : "0"
},{
  "dateTime" : "07/02/20 00:00:00",
  "value" : "0"
},{
  "dateTime" : "07/03/20 00:00:00",
  "value" : "0"
},{
  "dateTime" : "07/04/20 00:00:00",
  "value" : "0"
},{
  "dateTime" : "07/05/20 00:00:00",
  "value" : "0"
},{
  "dateTime" : "07/06/20 00:00:00",
  "value" : "0"
},{
  "dateTime" : "07/07/20 00:00:00",
  "value" : "0"
},{
  "dateTime" : "07/08/20 00:00:00",
  "value" : "0"
},{
  "dateTime" : "07/09/20 00:00:00",
  "value" : "0"
},{
  "dateTime" : "07/10/20 00:00:00",
  "value" : "0"
},{
  "dateTime" : "07/11/20 00:00:00",
  "value" : "0"
}]