[{
  "dateTime" : "11/15/19 00:00:00",
  "value" : "0"
},{
  "dateTime" : "11/16/19 00:00:00",
  "value" : "0"
},{
  "dateTime" : "11/17/19 00:00:00",
  "value" : "0"
},{
  "dateTime" : "11/18/19 00:00:00",
  "value" : "0"
},{
  "dateTime" : "11/19/19 00:00:00",
  "value" : "0"
},{
  "dateTime" : "11/20/19 00:00:00",
  "value" : "0"
},{
  "dateTime" : "11/21/19 00:00:00",
  "value" : "0"
},{
  "dateTime" : "11/22/19 00:00:00",
  "value" : "0"
},{
  "dateTime" : "11/23/19 00:00:00",
  "value" : "0"
},{
  "dateTime" : "11/24/19 00:00:00",
  "value" : "0"
},{
  "dateTime" : "11/25/19 00:00:00",
  "value" : "0"
},{
  "dateTime" : "11/26/19 00:00:00",
  "value" : "0"
},{
  "dateTime" : "11/27/19 00:00:00",
  "value" : "0"
},{
  "dateTime" : "11/28/19 00:00:00",
  "value" : "0"
},{
  "dateTime" : "11/29/19 00:00:00",
  "value" : "0"
},{
  "dateTime" : "11/30/19 00:00:00",
  "value" : "0"
},{
  "dateTime" : "12/01/19 00:00:00",
  "value" : "0"
},{
  "dateTime" : "12/02/19 00:00:00",
  "value" : "0"
},{
  "dateTime" : "12/03/19 00:00:00",
  "value" : "0"
},{
  "dateTime" : "12/04/19 00:00:00",
  "value" : "0"
},{
  "dateTime" : "12/05/19 00:00:00",
  "value" : "0"
},{
  "dateTime" : "12/06/19 00:00:00",
  "value" : "0"
},{
  "dateTime" : "12/07/19 00:00:00",
  "value" : "0"
},{
  "dateTime" : "12/08/19 00:00:00",
  "value" : "0"
},{
  "dateTime" : "12/09/19 00:00:00",
  "value" : "0"
},{
  "dateTime" : "12/10/19 00:00:00",
  "value" : "0"
},{
  "dateTime" : "12/11/19 00:00:00",
  "value" : "0"
},{
  "dateTime" : "12/12/19 00:00:00",
  "value" : "0"
},{
  "dateTime" : "12/13/19 00:00:00",
  "value" : "0"
},{
  "dateTime" : "12/14/19 00:00:00",
  "value" : "0"
}]