[{
  "dateTime" : "05/04/16 00:00:00",
  "value" : "0"
},{
  "dateTime" : "05/05/16 00:00:00",
  "value" : "0"
},{
  "dateTime" : "05/06/16 00:00:00",
  "value" : "1"
},{
  "dateTime" : "05/07/16 00:00:00",
  "value" : "0"
},{
  "dateTime" : "05/08/16 00:00:00",
  "value" : "12"
},{
  "dateTime" : "05/09/16 00:00:00",
  "value" : "126"
},{
  "dateTime" : "05/10/16 00:00:00",
  "value" : "200"
},{
  "dateTime" : "05/11/16 00:00:00",
  "value" : "260"
},{
  "dateTime" : "05/12/16 00:00:00",
  "value" : "133"
},{
  "dateTime" : "05/13/16 00:00:00",
  "value" : "339"
},{
  "dateTime" : "05/14/16 00:00:00",
  "value" : "233"
},{
  "dateTime" : "05/15/16 00:00:00",
  "value" : "153"
},{
  "dateTime" : "05/16/16 00:00:00",
  "value" : "173"
},{
  "dateTime" : "05/17/16 00:00:00",
  "value" : "190"
},{
  "dateTime" : "05/18/16 00:00:00",
  "value" : "197"
},{
  "dateTime" : "05/19/16 00:00:00",
  "value" : "188"
},{
  "dateTime" : "05/20/16 00:00:00",
  "value" : "175"
},{
  "dateTime" : "05/21/16 00:00:00",
  "value" : "259"
},{
  "dateTime" : "05/22/16 00:00:00",
  "value" : "81"
},{
  "dateTime" : "05/23/16 00:00:00",
  "value" : "170"
},{
  "dateTime" : "05/24/16 00:00:00",
  "value" : "165"
},{
  "dateTime" : "05/25/16 00:00:00",
  "value" : "228"
},{
  "dateTime" : "05/26/16 00:00:00",
  "value" : "97"
},{
  "dateTime" : "05/27/16 00:00:00",
  "value" : "214"
},{
  "dateTime" : "05/28/16 00:00:00",
  "value" : "268"
},{
  "dateTime" : "05/29/16 00:00:00",
  "value" : "117"
},{
  "dateTime" : "05/30/16 00:00:00",
  "value" : "101"
},{
  "dateTime" : "05/31/16 00:00:00",
  "value" : "125"
},{
  "dateTime" : "06/01/16 00:00:00",
  "value" : "149"
},{
  "dateTime" : "06/02/16 00:00:00",
  "value" : "153"
}]