[{
  "dateTime" : "09/26/17 00:00:00",
  "value" : "0"
},{
  "dateTime" : "09/27/17 00:00:00",
  "value" : "0"
},{
  "dateTime" : "09/28/17 00:00:00",
  "value" : "0"
},{
  "dateTime" : "09/29/17 00:00:00",
  "value" : "0"
},{
  "dateTime" : "09/30/17 00:00:00",
  "value" : "0"
},{
  "dateTime" : "10/01/17 00:00:00",
  "value" : "0"
},{
  "dateTime" : "10/02/17 00:00:00",
  "value" : "0"
},{
  "dateTime" : "10/03/17 00:00:00",
  "value" : "0"
},{
  "dateTime" : "10/04/17 00:00:00",
  "value" : "0"
},{
  "dateTime" : "10/05/17 00:00:00",
  "value" : "0"
},{
  "dateTime" : "10/06/17 00:00:00",
  "value" : "0"
},{
  "dateTime" : "10/07/17 00:00:00",
  "value" : "0"
},{
  "dateTime" : "10/08/17 00:00:00",
  "value" : "0"
},{
  "dateTime" : "10/09/17 00:00:00",
  "value" : "0"
},{
  "dateTime" : "10/10/17 00:00:00",
  "value" : "0"
},{
  "dateTime" : "10/11/17 00:00:00",
  "value" : "0"
},{
  "dateTime" : "10/12/17 00:00:00",
  "value" : "0"
},{
  "dateTime" : "10/13/17 00:00:00",
  "value" : "0"
},{
  "dateTime" : "10/14/17 00:00:00",
  "value" : "0"
},{
  "dateTime" : "10/15/17 00:00:00",
  "value" : "0"
},{
  "dateTime" : "10/16/17 00:00:00",
  "value" : "0"
},{
  "dateTime" : "10/17/17 00:00:00",
  "value" : "0"
},{
  "dateTime" : "10/18/17 00:00:00",
  "value" : "0"
},{
  "dateTime" : "10/19/17 00:00:00",
  "value" : "0"
},{
  "dateTime" : "10/20/17 00:00:00",
  "value" : "0"
},{
  "dateTime" : "10/21/17 00:00:00",
  "value" : "0"
},{
  "dateTime" : "10/22/17 00:00:00",
  "value" : "0"
},{
  "dateTime" : "10/23/17 00:00:00",
  "value" : "0"
},{
  "dateTime" : "10/24/17 00:00:00",
  "value" : "0"
},{
  "dateTime" : "10/25/17 00:00:00",
  "value" : "0"
}]