[{
  "dateTime" : "02/07/21 00:00:00",
  "value" : "0"
},{
  "dateTime" : "02/08/21 00:00:00",
  "value" : "0"
},{
  "dateTime" : "02/09/21 00:00:00",
  "value" : "0"
},{
  "dateTime" : "02/10/21 00:00:00",
  "value" : "0"
},{
  "dateTime" : "02/11/21 00:00:00",
  "value" : "0"
},{
  "dateTime" : "02/12/21 00:00:00",
  "value" : "0"
},{
  "dateTime" : "02/13/21 00:00:00",
  "value" : "0"
},{
  "dateTime" : "02/14/21 00:00:00",
  "value" : "0"
},{
  "dateTime" : "02/15/21 00:00:00",
  "value" : "0"
},{
  "dateTime" : "02/16/21 00:00:00",
  "value" : "0"
},{
  "dateTime" : "02/17/21 00:00:00",
  "value" : "0"
},{
  "dateTime" : "02/18/21 00:00:00",
  "value" : "0"
},{
  "dateTime" : "02/19/21 00:00:00",
  "value" : "0"
},{
  "dateTime" : "02/20/21 00:00:00",
  "value" : "0"
},{
  "dateTime" : "02/21/21 00:00:00",
  "value" : "0"
},{
  "dateTime" : "02/22/21 00:00:00",
  "value" : "0"
},{
  "dateTime" : "02/23/21 00:00:00",
  "value" : "0"
},{
  "dateTime" : "02/24/21 00:00:00",
  "value" : "0"
},{
  "dateTime" : "02/25/21 00:00:00",
  "value" : "0"
},{
  "dateTime" : "02/26/21 00:00:00",
  "value" : "0"
},{
  "dateTime" : "02/27/21 00:00:00",
  "value" : "0"
},{
  "dateTime" : "02/28/21 00:00:00",
  "value" : "0"
},{
  "dateTime" : "03/01/21 00:00:00",
  "value" : "0"
},{
  "dateTime" : "03/02/21 00:00:00",
  "value" : "0"
},{
  "dateTime" : "03/03/21 00:00:00",
  "value" : "0"
},{
  "dateTime" : "03/04/21 00:00:00",
  "value" : "0"
},{
  "dateTime" : "03/05/21 00:00:00",
  "value" : "0"
},{
  "dateTime" : "03/06/21 00:00:00",
  "value" : "0"
},{
  "dateTime" : "03/07/21 00:00:00",
  "value" : "0"
},{
  "dateTime" : "03/08/21 00:00:00",
  "value" : "0"
}]