[{
  "dateTime" : "12/25/17 00:00:00",
  "value" : "0"
},{
  "dateTime" : "12/26/17 00:00:00",
  "value" : "0"
},{
  "dateTime" : "12/27/17 00:00:00",
  "value" : "0"
},{
  "dateTime" : "12/28/17 00:00:00",
  "value" : "0"
},{
  "dateTime" : "12/29/17 00:00:00",
  "value" : "0"
},{
  "dateTime" : "12/30/17 00:00:00",
  "value" : "0"
},{
  "dateTime" : "12/31/17 00:00:00",
  "value" : "0"
},{
  "dateTime" : "01/01/18 00:00:00",
  "value" : "0"
},{
  "dateTime" : "01/02/18 00:00:00",
  "value" : "0"
},{
  "dateTime" : "01/03/18 00:00:00",
  "value" : "0"
},{
  "dateTime" : "01/04/18 00:00:00",
  "value" : "0"
},{
  "dateTime" : "01/05/18 00:00:00",
  "value" : "0"
},{
  "dateTime" : "01/06/18 00:00:00",
  "value" : "0"
},{
  "dateTime" : "01/07/18 00:00:00",
  "value" : "0"
},{
  "dateTime" : "01/08/18 00:00:00",
  "value" : "0"
},{
  "dateTime" : "01/09/18 00:00:00",
  "value" : "0"
},{
  "dateTime" : "01/10/18 00:00:00",
  "value" : "0"
},{
  "dateTime" : "01/11/18 00:00:00",
  "value" : "0"
},{
  "dateTime" : "01/12/18 00:00:00",
  "value" : "0"
},{
  "dateTime" : "01/13/18 00:00:00",
  "value" : "0"
},{
  "dateTime" : "01/14/18 00:00:00",
  "value" : "0"
},{
  "dateTime" : "01/15/18 00:00:00",
  "value" : "0"
},{
  "dateTime" : "01/16/18 00:00:00",
  "value" : "0"
},{
  "dateTime" : "01/17/18 00:00:00",
  "value" : "0"
},{
  "dateTime" : "01/18/18 00:00:00",
  "value" : "0"
},{
  "dateTime" : "01/19/18 00:00:00",
  "value" : "0"
},{
  "dateTime" : "01/20/18 00:00:00",
  "value" : "0"
},{
  "dateTime" : "01/21/18 00:00:00",
  "value" : "0"
},{
  "dateTime" : "01/22/18 00:00:00",
  "value" : "0"
},{
  "dateTime" : "01/23/18 00:00:00",
  "value" : "0"
}]