[{
  "dateTime" : "05/08/21 00:00:00",
  "value" : "0"
},{
  "dateTime" : "05/09/21 00:00:00",
  "value" : "0"
},{
  "dateTime" : "05/10/21 00:00:00",
  "value" : "0"
},{
  "dateTime" : "05/11/21 00:00:00",
  "value" : "0"
},{
  "dateTime" : "05/12/21 00:00:00",
  "value" : "0"
},{
  "dateTime" : "05/13/21 00:00:00",
  "value" : "0"
},{
  "dateTime" : "05/14/21 00:00:00",
  "value" : "0"
},{
  "dateTime" : "05/15/21 00:00:00",
  "value" : "0"
},{
  "dateTime" : "05/16/21 00:00:00",
  "value" : "0"
},{
  "dateTime" : "05/17/21 00:00:00",
  "value" : "0"
},{
  "dateTime" : "05/18/21 00:00:00",
  "value" : "0"
},{
  "dateTime" : "05/19/21 00:00:00",
  "value" : "0"
},{
  "dateTime" : "05/20/21 00:00:00",
  "value" : "0"
},{
  "dateTime" : "05/21/21 00:00:00",
  "value" : "0"
},{
  "dateTime" : "05/22/21 00:00:00",
  "value" : "0"
},{
  "dateTime" : "05/23/21 00:00:00",
  "value" : "0"
},{
  "dateTime" : "05/24/21 00:00:00",
  "value" : "0"
},{
  "dateTime" : "05/25/21 00:00:00",
  "value" : "0"
},{
  "dateTime" : "05/26/21 00:00:00",
  "value" : "0"
},{
  "dateTime" : "05/27/21 00:00:00",
  "value" : "0"
},{
  "dateTime" : "05/28/21 00:00:00",
  "value" : "0"
},{
  "dateTime" : "05/29/21 00:00:00",
  "value" : "0"
},{
  "dateTime" : "05/30/21 00:00:00",
  "value" : "0"
},{
  "dateTime" : "05/31/21 00:00:00",
  "value" : "0"
},{
  "dateTime" : "06/01/21 00:00:00",
  "value" : "0"
},{
  "dateTime" : "06/02/21 00:00:00",
  "value" : "0"
},{
  "dateTime" : "06/03/21 00:00:00",
  "value" : "0"
},{
  "dateTime" : "06/04/21 00:00:00",
  "value" : "0"
},{
  "dateTime" : "06/05/21 00:00:00",
  "value" : "0"
},{
  "dateTime" : "06/06/21 00:00:00",
  "value" : "0"
}]