[{
  "dateTime" : "03/29/23 00:00:00",
  "value" : "0"
},{
  "dateTime" : "03/30/23 00:00:00",
  "value" : "0"
},{
  "dateTime" : "03/31/23 00:00:00",
  "value" : "0"
},{
  "dateTime" : "04/01/23 00:00:00",
  "value" : "0"
},{
  "dateTime" : "04/02/23 00:00:00",
  "value" : "0"
},{
  "dateTime" : "04/03/23 00:00:00",
  "value" : "0"
},{
  "dateTime" : "04/04/23 00:00:00",
  "value" : "0"
},{
  "dateTime" : "04/05/23 00:00:00",
  "value" : "0"
},{
  "dateTime" : "04/06/23 00:00:00",
  "value" : "0"
},{
  "dateTime" : "04/07/23 00:00:00",
  "value" : "0"
},{
  "dateTime" : "04/08/23 00:00:00",
  "value" : "0"
},{
  "dateTime" : "04/09/23 00:00:00",
  "value" : "0"
},{
  "dateTime" : "04/10/23 00:00:00",
  "value" : "0"
},{
  "dateTime" : "04/11/23 00:00:00",
  "value" : "0"
},{
  "dateTime" : "04/12/23 00:00:00",
  "value" : "0"
},{
  "dateTime" : "04/13/23 00:00:00",
  "value" : "0"
},{
  "dateTime" : "04/14/23 00:00:00",
  "value" : "0"
},{
  "dateTime" : "04/15/23 00:00:00",
  "value" : "0"
},{
  "dateTime" : "04/16/23 00:00:00",
  "value" : "0"
},{
  "dateTime" : "04/17/23 00:00:00",
  "value" : "0"
},{
  "dateTime" : "04/18/23 00:00:00",
  "value" : "0"
},{
  "dateTime" : "04/19/23 00:00:00",
  "value" : "0"
},{
  "dateTime" : "04/20/23 00:00:00",
  "value" : "0"
},{
  "dateTime" : "04/21/23 00:00:00",
  "value" : "0"
},{
  "dateTime" : "04/22/23 00:00:00",
  "value" : "0"
},{
  "dateTime" : "04/23/23 00:00:00",
  "value" : "0"
},{
  "dateTime" : "04/24/23 00:00:00",
  "value" : "0"
},{
  "dateTime" : "04/25/23 00:00:00",
  "value" : "0"
},{
  "dateTime" : "04/26/23 00:00:00",
  "value" : "0"
},{
  "dateTime" : "04/27/23 00:00:00",
  "value" : "0"
}]