[{
  "dateTime" : "01/29/17 00:00:00",
  "value" : "0"
},{
  "dateTime" : "01/30/17 00:00:00",
  "value" : "0"
},{
  "dateTime" : "01/31/17 00:00:00",
  "value" : "0"
},{
  "dateTime" : "02/01/17 00:00:00",
  "value" : "0"
},{
  "dateTime" : "02/02/17 00:00:00",
  "value" : "0"
},{
  "dateTime" : "02/03/17 00:00:00",
  "value" : "0"
},{
  "dateTime" : "02/04/17 00:00:00",
  "value" : "0"
},{
  "dateTime" : "02/05/17 00:00:00",
  "value" : "0"
},{
  "dateTime" : "02/06/17 00:00:00",
  "value" : "0"
},{
  "dateTime" : "02/07/17 00:00:00",
  "value" : "128"
},{
  "dateTime" : "02/08/17 00:00:00",
  "value" : "199"
},{
  "dateTime" : "02/09/17 00:00:00",
  "value" : "139"
},{
  "dateTime" : "02/10/17 00:00:00",
  "value" : "157"
},{
  "dateTime" : "02/11/17 00:00:00",
  "value" : "305"
},{
  "dateTime" : "02/12/17 00:00:00",
  "value" : "186"
},{
  "dateTime" : "02/13/17 00:00:00",
  "value" : "140"
},{
  "dateTime" : "02/14/17 00:00:00",
  "value" : "135"
},{
  "dateTime" : "02/15/17 00:00:00",
  "value" : "130"
},{
  "dateTime" : "02/16/17 00:00:00",
  "value" : "215"
},{
  "dateTime" : "02/17/17 00:00:00",
  "value" : "150"
},{
  "dateTime" : "02/18/17 00:00:00",
  "value" : "226"
},{
  "dateTime" : "02/19/17 00:00:00",
  "value" : "124"
},{
  "dateTime" : "02/20/17 00:00:00",
  "value" : "86"
},{
  "dateTime" : "02/21/17 00:00:00",
  "value" : "173"
},{
  "dateTime" : "02/22/17 00:00:00",
  "value" : "114"
},{
  "dateTime" : "02/23/17 00:00:00",
  "value" : "151"
},{
  "dateTime" : "02/24/17 00:00:00",
  "value" : "149"
},{
  "dateTime" : "02/25/17 00:00:00",
  "value" : "306"
},{
  "dateTime" : "02/26/17 00:00:00",
  "value" : "122"
},{
  "dateTime" : "02/27/17 00:00:00",
  "value" : "205"
}]