[{
  "dateTime" : "08/11/20 00:00:00",
  "value" : "0"
},{
  "dateTime" : "08/12/20 00:00:00",
  "value" : "0"
},{
  "dateTime" : "08/13/20 00:00:00",
  "value" : "0"
},{
  "dateTime" : "08/14/20 00:00:00",
  "value" : "0"
},{
  "dateTime" : "08/15/20 00:00:00",
  "value" : "0"
},{
  "dateTime" : "08/16/20 00:00:00",
  "value" : "0"
},{
  "dateTime" : "08/17/20 00:00:00",
  "value" : "0"
},{
  "dateTime" : "08/18/20 00:00:00",
  "value" : "0"
},{
  "dateTime" : "08/19/20 00:00:00",
  "value" : "0"
},{
  "dateTime" : "08/20/20 00:00:00",
  "value" : "0"
},{
  "dateTime" : "08/21/20 00:00:00",
  "value" : "0"
},{
  "dateTime" : "08/22/20 00:00:00",
  "value" : "0"
},{
  "dateTime" : "08/23/20 00:00:00",
  "value" : "0"
},{
  "dateTime" : "08/24/20 00:00:00",
  "value" : "0"
},{
  "dateTime" : "08/25/20 00:00:00",
  "value" : "0"
},{
  "dateTime" : "08/26/20 00:00:00",
  "value" : "0"
},{
  "dateTime" : "08/27/20 00:00:00",
  "value" : "0"
},{
  "dateTime" : "08/28/20 00:00:00",
  "value" : "0"
},{
  "dateTime" : "08/29/20 00:00:00",
  "value" : "0"
},{
  "dateTime" : "08/30/20 00:00:00",
  "value" : "0"
},{
  "dateTime" : "08/31/20 00:00:00",
  "value" : "0"
},{
  "dateTime" : "09/01/20 00:00:00",
  "value" : "0"
},{
  "dateTime" : "09/02/20 00:00:00",
  "value" : "0"
},{
  "dateTime" : "09/03/20 00:00:00",
  "value" : "0"
},{
  "dateTime" : "09/04/20 00:00:00",
  "value" : "0"
},{
  "dateTime" : "09/05/20 00:00:00",
  "value" : "0"
},{
  "dateTime" : "09/06/20 00:00:00",
  "value" : "0"
},{
  "dateTime" : "09/07/20 00:00:00",
  "value" : "0"
},{
  "dateTime" : "09/08/20 00:00:00",
  "value" : "0"
},{
  "dateTime" : "09/09/20 00:00:00",
  "value" : "0"
}]