[{
  "dateTime" : "06/18/19 00:00:00",
  "value" : "0"
},{
  "dateTime" : "06/19/19 00:00:00",
  "value" : "0"
},{
  "dateTime" : "06/20/19 00:00:00",
  "value" : "0"
},{
  "dateTime" : "06/21/19 00:00:00",
  "value" : "0"
},{
  "dateTime" : "06/22/19 00:00:00",
  "value" : "0"
},{
  "dateTime" : "06/23/19 00:00:00",
  "value" : "0"
},{
  "dateTime" : "06/24/19 00:00:00",
  "value" : "0"
},{
  "dateTime" : "06/25/19 00:00:00",
  "value" : "0"
},{
  "dateTime" : "06/26/19 00:00:00",
  "value" : "0"
},{
  "dateTime" : "06/27/19 00:00:00",
  "value" : "0"
},{
  "dateTime" : "06/28/19 00:00:00",
  "value" : "0"
},{
  "dateTime" : "06/29/19 00:00:00",
  "value" : "0"
},{
  "dateTime" : "06/30/19 00:00:00",
  "value" : "0"
},{
  "dateTime" : "07/01/19 00:00:00",
  "value" : "0"
},{
  "dateTime" : "07/02/19 00:00:00",
  "value" : "0"
},{
  "dateTime" : "07/03/19 00:00:00",
  "value" : "0"
},{
  "dateTime" : "07/04/19 00:00:00",
  "value" : "0"
},{
  "dateTime" : "07/05/19 00:00:00",
  "value" : "0"
},{
  "dateTime" : "07/06/19 00:00:00",
  "value" : "0"
},{
  "dateTime" : "07/07/19 00:00:00",
  "value" : "0"
},{
  "dateTime" : "07/08/19 00:00:00",
  "value" : "0"
},{
  "dateTime" : "07/09/19 00:00:00",
  "value" : "0"
},{
  "dateTime" : "07/10/19 00:00:00",
  "value" : "0"
},{
  "dateTime" : "07/11/19 00:00:00",
  "value" : "0"
},{
  "dateTime" : "07/12/19 00:00:00",
  "value" : "0"
},{
  "dateTime" : "07/13/19 00:00:00",
  "value" : "0"
},{
  "dateTime" : "07/14/19 00:00:00",
  "value" : "0"
},{
  "dateTime" : "07/15/19 00:00:00",
  "value" : "0"
},{
  "dateTime" : "07/16/19 00:00:00",
  "value" : "0"
},{
  "dateTime" : "07/17/19 00:00:00",
  "value" : "0"
}]