[{
  "dateTime" : "09/30/22 00:00:00",
  "value" : "0"
},{
  "dateTime" : "10/01/22 00:00:00",
  "value" : "0"
},{
  "dateTime" : "10/02/22 00:00:00",
  "value" : "0"
},{
  "dateTime" : "10/03/22 00:00:00",
  "value" : "0"
},{
  "dateTime" : "10/04/22 00:00:00",
  "value" : "0"
},{
  "dateTime" : "10/05/22 00:00:00",
  "value" : "0"
},{
  "dateTime" : "10/06/22 00:00:00",
  "value" : "0"
},{
  "dateTime" : "10/07/22 00:00:00",
  "value" : "0"
},{
  "dateTime" : "10/08/22 00:00:00",
  "value" : "0"
},{
  "dateTime" : "10/09/22 00:00:00",
  "value" : "0"
},{
  "dateTime" : "10/10/22 00:00:00",
  "value" : "0"
},{
  "dateTime" : "10/11/22 00:00:00",
  "value" : "0"
},{
  "dateTime" : "10/12/22 00:00:00",
  "value" : "0"
},{
  "dateTime" : "10/13/22 00:00:00",
  "value" : "0"
},{
  "dateTime" : "10/14/22 00:00:00",
  "value" : "0"
},{
  "dateTime" : "10/15/22 00:00:00",
  "value" : "0"
},{
  "dateTime" : "10/16/22 00:00:00",
  "value" : "0"
},{
  "dateTime" : "10/17/22 00:00:00",
  "value" : "0"
},{
  "dateTime" : "10/18/22 00:00:00",
  "value" : "0"
},{
  "dateTime" : "10/19/22 00:00:00",
  "value" : "0"
},{
  "dateTime" : "10/20/22 00:00:00",
  "value" : "0"
},{
  "dateTime" : "10/21/22 00:00:00",
  "value" : "0"
},{
  "dateTime" : "10/22/22 00:00:00",
  "value" : "0"
},{
  "dateTime" : "10/23/22 00:00:00",
  "value" : "0"
},{
  "dateTime" : "10/24/22 00:00:00",
  "value" : "0"
},{
  "dateTime" : "10/25/22 00:00:00",
  "value" : "0"
},{
  "dateTime" : "10/26/22 00:00:00",
  "value" : "0"
},{
  "dateTime" : "10/27/22 00:00:00",
  "value" : "0"
},{
  "dateTime" : "10/28/22 00:00:00",
  "value" : "0"
},{
  "dateTime" : "10/29/22 00:00:00",
  "value" : "0"
}]