[{
  "dateTime" : "04/10/15 00:00:00",
  "value" : "71"
},{
  "dateTime" : "04/11/15 00:00:00",
  "value" : "116"
},{
  "dateTime" : "04/12/15 00:00:00",
  "value" : "120"
},{
  "dateTime" : "04/13/15 00:00:00",
  "value" : "186"
},{
  "dateTime" : "04/14/15 00:00:00",
  "value" : "257"
},{
  "dateTime" : "04/15/15 00:00:00",
  "value" : "230"
},{
  "dateTime" : "04/16/15 00:00:00",
  "value" : "73"
},{
  "dateTime" : "04/17/15 00:00:00",
  "value" : "216"
},{
  "dateTime" : "04/18/15 00:00:00",
  "value" : "122"
},{
  "dateTime" : "04/19/15 00:00:00",
  "value" : "158"
},{
  "dateTime" : "04/20/15 00:00:00",
  "value" : "178"
},{
  "dateTime" : "04/21/15 00:00:00",
  "value" : "182"
},{
  "dateTime" : "04/22/15 00:00:00",
  "value" : "286"
},{
  "dateTime" : "04/23/15 00:00:00",
  "value" : "135"
},{
  "dateTime" : "04/24/15 00:00:00",
  "value" : "242"
},{
  "dateTime" : "04/25/15 00:00:00",
  "value" : "236"
},{
  "dateTime" : "04/26/15 00:00:00",
  "value" : "202"
},{
  "dateTime" : "04/27/15 00:00:00",
  "value" : "215"
},{
  "dateTime" : "04/28/15 00:00:00",
  "value" : "177"
},{
  "dateTime" : "04/29/15 00:00:00",
  "value" : "143"
},{
  "dateTime" : "04/30/15 00:00:00",
  "value" : "320"
},{
  "dateTime" : "05/01/15 00:00:00",
  "value" : "246"
},{
  "dateTime" : "05/02/15 00:00:00",
  "value" : "154"
},{
  "dateTime" : "05/03/15 00:00:00",
  "value" : "224"
},{
  "dateTime" : "05/04/15 00:00:00",
  "value" : "189"
},{
  "dateTime" : "05/05/15 00:00:00",
  "value" : "143"
},{
  "dateTime" : "05/06/15 00:00:00",
  "value" : "205"
},{
  "dateTime" : "05/07/15 00:00:00",
  "value" : "358"
},{
  "dateTime" : "05/08/15 00:00:00",
  "value" : "172"
},{
  "dateTime" : "05/09/15 00:00:00",
  "value" : "0"
}]