[{
  "dateTime" : "01/08/21 00:00:00",
  "value" : "0"
},{
  "dateTime" : "01/09/21 00:00:00",
  "value" : "0"
},{
  "dateTime" : "01/10/21 00:00:00",
  "value" : "0"
},{
  "dateTime" : "01/11/21 00:00:00",
  "value" : "0"
},{
  "dateTime" : "01/12/21 00:00:00",
  "value" : "0"
},{
  "dateTime" : "01/13/21 00:00:00",
  "value" : "0"
},{
  "dateTime" : "01/14/21 00:00:00",
  "value" : "0"
},{
  "dateTime" : "01/15/21 00:00:00",
  "value" : "0"
},{
  "dateTime" : "01/16/21 00:00:00",
  "value" : "0"
},{
  "dateTime" : "01/17/21 00:00:00",
  "value" : "0"
},{
  "dateTime" : "01/18/21 00:00:00",
  "value" : "0"
},{
  "dateTime" : "01/19/21 00:00:00",
  "value" : "0"
},{
  "dateTime" : "01/20/21 00:00:00",
  "value" : "0"
},{
  "dateTime" : "01/21/21 00:00:00",
  "value" : "0"
},{
  "dateTime" : "01/22/21 00:00:00",
  "value" : "0"
},{
  "dateTime" : "01/23/21 00:00:00",
  "value" : "0"
},{
  "dateTime" : "01/24/21 00:00:00",
  "value" : "0"
},{
  "dateTime" : "01/25/21 00:00:00",
  "value" : "0"
},{
  "dateTime" : "01/26/21 00:00:00",
  "value" : "0"
},{
  "dateTime" : "01/27/21 00:00:00",
  "value" : "0"
},{
  "dateTime" : "01/28/21 00:00:00",
  "value" : "0"
},{
  "dateTime" : "01/29/21 00:00:00",
  "value" : "0"
},{
  "dateTime" : "01/30/21 00:00:00",
  "value" : "0"
},{
  "dateTime" : "01/31/21 00:00:00",
  "value" : "0"
},{
  "dateTime" : "02/01/21 00:00:00",
  "value" : "0"
},{
  "dateTime" : "02/02/21 00:00:00",
  "value" : "0"
},{
  "dateTime" : "02/03/21 00:00:00",
  "value" : "0"
},{
  "dateTime" : "02/04/21 00:00:00",
  "value" : "0"
},{
  "dateTime" : "02/05/21 00:00:00",
  "value" : "0"
},{
  "dateTime" : "02/06/21 00:00:00",
  "value" : "0"
}]