[{
  "dateTime" : "12/29/22 00:00:00",
  "value" : "0"
},{
  "dateTime" : "12/30/22 00:00:00",
  "value" : "0"
},{
  "dateTime" : "12/31/22 00:00:00",
  "value" : "0"
},{
  "dateTime" : "01/01/23 00:00:00",
  "value" : "0"
},{
  "dateTime" : "01/02/23 00:00:00",
  "value" : "0"
},{
  "dateTime" : "01/03/23 00:00:00",
  "value" : "0"
},{
  "dateTime" : "01/04/23 00:00:00",
  "value" : "0"
},{
  "dateTime" : "01/05/23 00:00:00",
  "value" : "0"
},{
  "dateTime" : "01/06/23 00:00:00",
  "value" : "0"
},{
  "dateTime" : "01/07/23 00:00:00",
  "value" : "0"
},{
  "dateTime" : "01/08/23 00:00:00",
  "value" : "0"
},{
  "dateTime" : "01/09/23 00:00:00",
  "value" : "0"
},{
  "dateTime" : "01/10/23 00:00:00",
  "value" : "0"
},{
  "dateTime" : "01/11/23 00:00:00",
  "value" : "0"
},{
  "dateTime" : "01/12/23 00:00:00",
  "value" : "0"
},{
  "dateTime" : "01/13/23 00:00:00",
  "value" : "0"
},{
  "dateTime" : "01/14/23 00:00:00",
  "value" : "0"
},{
  "dateTime" : "01/15/23 00:00:00",
  "value" : "0"
},{
  "dateTime" : "01/16/23 00:00:00",
  "value" : "0"
},{
  "dateTime" : "01/17/23 00:00:00",
  "value" : "0"
},{
  "dateTime" : "01/18/23 00:00:00",
  "value" : "0"
},{
  "dateTime" : "01/19/23 00:00:00",
  "value" : "0"
},{
  "dateTime" : "01/20/23 00:00:00",
  "value" : "0"
},{
  "dateTime" : "01/21/23 00:00:00",
  "value" : "0"
},{
  "dateTime" : "01/22/23 00:00:00",
  "value" : "0"
},{
  "dateTime" : "01/23/23 00:00:00",
  "value" : "0"
},{
  "dateTime" : "01/24/23 00:00:00",
  "value" : "0"
},{
  "dateTime" : "01/25/23 00:00:00",
  "value" : "0"
},{
  "dateTime" : "01/26/23 00:00:00",
  "value" : "0"
},{
  "dateTime" : "01/27/23 00:00:00",
  "value" : "0"
}]