[{
  "dateTime" : "12/06/15 00:00:00",
  "value" : "465"
},{
  "dateTime" : "12/07/15 00:00:00",
  "value" : "189"
},{
  "dateTime" : "12/08/15 00:00:00",
  "value" : "154"
},{
  "dateTime" : "12/09/15 00:00:00",
  "value" : "148"
},{
  "dateTime" : "12/10/15 00:00:00",
  "value" : "112"
},{
  "dateTime" : "12/11/15 00:00:00",
  "value" : "122"
},{
  "dateTime" : "12/12/15 00:00:00",
  "value" : "188"
},{
  "dateTime" : "12/13/15 00:00:00",
  "value" : "436"
},{
  "dateTime" : "12/14/15 00:00:00",
  "value" : "109"
},{
  "dateTime" : "12/15/15 00:00:00",
  "value" : "171"
},{
  "dateTime" : "12/16/15 00:00:00",
  "value" : "197"
},{
  "dateTime" : "12/17/15 00:00:00",
  "value" : "43"
},{
  "dateTime" : "12/18/15 00:00:00",
  "value" : "225"
},{
  "dateTime" : "12/19/15 00:00:00",
  "value" : "292"
},{
  "dateTime" : "12/20/15 00:00:00",
  "value" : "508"
},{
  "dateTime" : "12/21/15 00:00:00",
  "value" : "159"
},{
  "dateTime" : "12/22/15 00:00:00",
  "value" : "154"
},{
  "dateTime" : "12/23/15 00:00:00",
  "value" : "146"
},{
  "dateTime" : "12/24/15 00:00:00",
  "value" : "173"
},{
  "dateTime" : "12/25/15 00:00:00",
  "value" : "321"
},{
  "dateTime" : "12/26/15 00:00:00",
  "value" : "516"
},{
  "dateTime" : "12/27/15 00:00:00",
  "value" : "339"
},{
  "dateTime" : "12/28/15 00:00:00",
  "value" : "182"
},{
  "dateTime" : "12/29/15 00:00:00",
  "value" : "139"
},{
  "dateTime" : "12/30/15 00:00:00",
  "value" : "186"
},{
  "dateTime" : "12/31/15 00:00:00",
  "value" : "220"
},{
  "dateTime" : "01/01/16 00:00:00",
  "value" : "242"
},{
  "dateTime" : "01/02/16 00:00:00",
  "value" : "337"
},{
  "dateTime" : "01/03/16 00:00:00",
  "value" : "258"
},{
  "dateTime" : "01/04/16 00:00:00",
  "value" : "175"
}]