[{
  "dateTime" : "04/29/17 00:00:00",
  "value" : "1"
},{
  "dateTime" : "04/30/17 00:00:00",
  "value" : "176"
},{
  "dateTime" : "05/01/17 00:00:00",
  "value" : "209"
},{
  "dateTime" : "05/02/17 00:00:00",
  "value" : "178"
},{
  "dateTime" : "05/03/17 00:00:00",
  "value" : "99"
},{
  "dateTime" : "05/04/17 00:00:00",
  "value" : "246"
},{
  "dateTime" : "05/05/17 00:00:00",
  "value" : "167"
},{
  "dateTime" : "05/06/17 00:00:00",
  "value" : "185"
},{
  "dateTime" : "05/07/17 00:00:00",
  "value" : "164"
},{
  "dateTime" : "05/08/17 00:00:00",
  "value" : "188"
},{
  "dateTime" : "05/09/17 00:00:00",
  "value" : "196"
},{
  "dateTime" : "05/10/17 00:00:00",
  "value" : "160"
},{
  "dateTime" : "05/11/17 00:00:00",
  "value" : "262"
},{
  "dateTime" : "05/12/17 00:00:00",
  "value" : "201"
},{
  "dateTime" : "05/13/17 00:00:00",
  "value" : "148"
},{
  "dateTime" : "05/14/17 00:00:00",
  "value" : "132"
},{
  "dateTime" : "05/15/17 00:00:00",
  "value" : "208"
},{
  "dateTime" : "05/16/17 00:00:00",
  "value" : "82"
},{
  "dateTime" : "05/17/17 00:00:00",
  "value" : "172"
},{
  "dateTime" : "05/18/17 00:00:00",
  "value" : "237"
},{
  "dateTime" : "05/19/17 00:00:00",
  "value" : "185"
},{
  "dateTime" : "05/20/17 00:00:00",
  "value" : "266"
},{
  "dateTime" : "05/21/17 00:00:00",
  "value" : "48"
},{
  "dateTime" : "05/22/17 00:00:00",
  "value" : "33"
},{
  "dateTime" : "05/23/17 00:00:00",
  "value" : "0"
},{
  "dateTime" : "05/24/17 00:00:00",
  "value" : "0"
},{
  "dateTime" : "05/25/17 00:00:00",
  "value" : "149"
},{
  "dateTime" : "05/26/17 00:00:00",
  "value" : "241"
},{
  "dateTime" : "05/27/17 00:00:00",
  "value" : "303"
},{
  "dateTime" : "05/28/17 00:00:00",
  "value" : "123"
}]