[{
  "dateTime" : "07/09/15 00:00:00",
  "value" : "0"
},{
  "dateTime" : "07/10/15 00:00:00",
  "value" : "0"
},{
  "dateTime" : "07/11/15 00:00:00",
  "value" : "0"
},{
  "dateTime" : "07/12/15 00:00:00",
  "value" : "0"
},{
  "dateTime" : "07/13/15 00:00:00",
  "value" : "131"
},{
  "dateTime" : "07/14/15 00:00:00",
  "value" : "126"
},{
  "dateTime" : "07/15/15 00:00:00",
  "value" : "227"
},{
  "dateTime" : "07/16/15 00:00:00",
  "value" : "261"
},{
  "dateTime" : "07/17/15 00:00:00",
  "value" : "372"
},{
  "dateTime" : "07/18/15 00:00:00",
  "value" : "488"
},{
  "dateTime" : "07/19/15 00:00:00",
  "value" : "376"
},{
  "dateTime" : "07/20/15 00:00:00",
  "value" : "180"
},{
  "dateTime" : "07/21/15 00:00:00",
  "value" : "270"
},{
  "dateTime" : "07/22/15 00:00:00",
  "value" : "219"
},{
  "dateTime" : "07/23/15 00:00:00",
  "value" : "142"
},{
  "dateTime" : "07/24/15 00:00:00",
  "value" : "184"
},{
  "dateTime" : "07/25/15 00:00:00",
  "value" : "391"
},{
  "dateTime" : "07/26/15 00:00:00",
  "value" : "311"
},{
  "dateTime" : "07/27/15 00:00:00",
  "value" : "229"
},{
  "dateTime" : "07/28/15 00:00:00",
  "value" : "145"
},{
  "dateTime" : "07/29/15 00:00:00",
  "value" : "229"
},{
  "dateTime" : "07/30/15 00:00:00",
  "value" : "334"
},{
  "dateTime" : "07/31/15 00:00:00",
  "value" : "238"
},{
  "dateTime" : "08/01/15 00:00:00",
  "value" : "506"
},{
  "dateTime" : "08/02/15 00:00:00",
  "value" : "122"
},{
  "dateTime" : "08/03/15 00:00:00",
  "value" : "188"
},{
  "dateTime" : "08/04/15 00:00:00",
  "value" : "156"
},{
  "dateTime" : "08/05/15 00:00:00",
  "value" : "162"
},{
  "dateTime" : "08/06/15 00:00:00",
  "value" : "148"
},{
  "dateTime" : "08/07/15 00:00:00",
  "value" : "144"
}]