[{
  "dateTime" : "03/11/15 00:00:00",
  "value" : "0"
},{
  "dateTime" : "03/12/15 00:00:00",
  "value" : "0"
},{
  "dateTime" : "03/13/15 00:00:00",
  "value" : "0"
},{
  "dateTime" : "03/14/15 00:00:00",
  "value" : "0"
},{
  "dateTime" : "03/15/15 00:00:00",
  "value" : "0"
},{
  "dateTime" : "03/16/15 00:00:00",
  "value" : "0"
},{
  "dateTime" : "03/17/15 00:00:00",
  "value" : "0"
},{
  "dateTime" : "03/18/15 00:00:00",
  "value" : "11"
},{
  "dateTime" : "03/19/15 00:00:00",
  "value" : "280"
},{
  "dateTime" : "03/20/15 00:00:00",
  "value" : "154"
},{
  "dateTime" : "03/21/15 00:00:00",
  "value" : "204"
},{
  "dateTime" : "03/22/15 00:00:00",
  "value" : "274"
},{
  "dateTime" : "03/23/15 00:00:00",
  "value" : "256"
},{
  "dateTime" : "03/24/15 00:00:00",
  "value" : "144"
},{
  "dateTime" : "03/25/15 00:00:00",
  "value" : "217"
},{
  "dateTime" : "03/26/15 00:00:00",
  "value" : "251"
},{
  "dateTime" : "03/27/15 00:00:00",
  "value" : "228"
},{
  "dateTime" : "03/28/15 00:00:00",
  "value" : "155"
},{
  "dateTime" : "03/29/15 00:00:00",
  "value" : "302"
},{
  "dateTime" : "03/30/15 00:00:00",
  "value" : "209"
},{
  "dateTime" : "03/31/15 00:00:00",
  "value" : "273"
},{
  "dateTime" : "04/01/15 00:00:00",
  "value" : "187"
},{
  "dateTime" : "04/02/15 00:00:00",
  "value" : "360"
},{
  "dateTime" : "04/03/15 00:00:00",
  "value" : "224"
},{
  "dateTime" : "04/04/15 00:00:00",
  "value" : "220"
},{
  "dateTime" : "04/05/15 00:00:00",
  "value" : "186"
},{
  "dateTime" : "04/06/15 00:00:00",
  "value" : "106"
},{
  "dateTime" : "04/07/15 00:00:00",
  "value" : "188"
},{
  "dateTime" : "04/08/15 00:00:00",
  "value" : "221"
},{
  "dateTime" : "04/09/15 00:00:00",
  "value" : "234"
}]