[{
  "dateTime" : "10/21/18 00:00:00",
  "value" : "0"
},{
  "dateTime" : "10/22/18 00:00:00",
  "value" : "0"
},{
  "dateTime" : "10/23/18 00:00:00",
  "value" : "0"
},{
  "dateTime" : "10/24/18 00:00:00",
  "value" : "0"
},{
  "dateTime" : "10/25/18 00:00:00",
  "value" : "0"
},{
  "dateTime" : "10/26/18 00:00:00",
  "value" : "0"
},{
  "dateTime" : "10/27/18 00:00:00",
  "value" : "0"
},{
  "dateTime" : "10/28/18 00:00:00",
  "value" : "0"
},{
  "dateTime" : "10/29/18 00:00:00",
  "value" : "0"
},{
  "dateTime" : "10/30/18 00:00:00",
  "value" : "0"
},{
  "dateTime" : "10/31/18 00:00:00",
  "value" : "0"
},{
  "dateTime" : "11/01/18 00:00:00",
  "value" : "0"
},{
  "dateTime" : "11/02/18 00:00:00",
  "value" : "0"
},{
  "dateTime" : "11/03/18 00:00:00",
  "value" : "0"
},{
  "dateTime" : "11/04/18 00:00:00",
  "value" : "0"
},{
  "dateTime" : "11/05/18 00:00:00",
  "value" : "0"
},{
  "dateTime" : "11/06/18 00:00:00",
  "value" : "0"
},{
  "dateTime" : "11/07/18 00:00:00",
  "value" : "0"
},{
  "dateTime" : "11/08/18 00:00:00",
  "value" : "0"
},{
  "dateTime" : "11/09/18 00:00:00",
  "value" : "0"
},{
  "dateTime" : "11/10/18 00:00:00",
  "value" : "0"
},{
  "dateTime" : "11/11/18 00:00:00",
  "value" : "0"
},{
  "dateTime" : "11/12/18 00:00:00",
  "value" : "0"
},{
  "dateTime" : "11/13/18 00:00:00",
  "value" : "0"
},{
  "dateTime" : "11/14/18 00:00:00",
  "value" : "0"
},{
  "dateTime" : "11/15/18 00:00:00",
  "value" : "0"
},{
  "dateTime" : "11/16/18 00:00:00",
  "value" : "0"
},{
  "dateTime" : "11/17/18 00:00:00",
  "value" : "0"
},{
  "dateTime" : "11/18/18 00:00:00",
  "value" : "0"
},{
  "dateTime" : "11/19/18 00:00:00",
  "value" : "0"
}]