[{
  "dateTime" : "10/05/21 00:00:00",
  "value" : "0"
},{
  "dateTime" : "10/06/21 00:00:00",
  "value" : "0"
},{
  "dateTime" : "10/07/21 00:00:00",
  "value" : "0"
},{
  "dateTime" : "10/08/21 00:00:00",
  "value" : "0"
},{
  "dateTime" : "10/09/21 00:00:00",
  "value" : "0"
},{
  "dateTime" : "10/10/21 00:00:00",
  "value" : "0"
},{
  "dateTime" : "10/11/21 00:00:00",
  "value" : "0"
},{
  "dateTime" : "10/12/21 00:00:00",
  "value" : "0"
},{
  "dateTime" : "10/13/21 00:00:00",
  "value" : "0"
},{
  "dateTime" : "10/14/21 00:00:00",
  "value" : "0"
},{
  "dateTime" : "10/15/21 00:00:00",
  "value" : "0"
},{
  "dateTime" : "10/16/21 00:00:00",
  "value" : "0"
},{
  "dateTime" : "10/17/21 00:00:00",
  "value" : "0"
},{
  "dateTime" : "10/18/21 00:00:00",
  "value" : "0"
},{
  "dateTime" : "10/19/21 00:00:00",
  "value" : "0"
},{
  "dateTime" : "10/20/21 00:00:00",
  "value" : "0"
},{
  "dateTime" : "10/21/21 00:00:00",
  "value" : "0"
},{
  "dateTime" : "10/22/21 00:00:00",
  "value" : "0"
},{
  "dateTime" : "10/23/21 00:00:00",
  "value" : "0"
},{
  "dateTime" : "10/24/21 00:00:00",
  "value" : "0"
},{
  "dateTime" : "10/25/21 00:00:00",
  "value" : "0"
},{
  "dateTime" : "10/26/21 00:00:00",
  "value" : "0"
},{
  "dateTime" : "10/27/21 00:00:00",
  "value" : "0"
},{
  "dateTime" : "10/28/21 00:00:00",
  "value" : "0"
},{
  "dateTime" : "10/29/21 00:00:00",
  "value" : "0"
},{
  "dateTime" : "10/30/21 00:00:00",
  "value" : "0"
},{
  "dateTime" : "10/31/21 00:00:00",
  "value" : "0"
},{
  "dateTime" : "11/01/21 00:00:00",
  "value" : "0"
},{
  "dateTime" : "11/02/21 00:00:00",
  "value" : "0"
},{
  "dateTime" : "11/03/21 00:00:00",
  "value" : "0"
}]