[{
  "dateTime" : "12/09/20 00:00:00",
  "value" : "0"
},{
  "dateTime" : "12/10/20 00:00:00",
  "value" : "0"
},{
  "dateTime" : "12/11/20 00:00:00",
  "value" : "0"
},{
  "dateTime" : "12/12/20 00:00:00",
  "value" : "0"
},{
  "dateTime" : "12/13/20 00:00:00",
  "value" : "0"
},{
  "dateTime" : "12/14/20 00:00:00",
  "value" : "0"
},{
  "dateTime" : "12/15/20 00:00:00",
  "value" : "0"
},{
  "dateTime" : "12/16/20 00:00:00",
  "value" : "0"
},{
  "dateTime" : "12/17/20 00:00:00",
  "value" : "0"
},{
  "dateTime" : "12/18/20 00:00:00",
  "value" : "0"
},{
  "dateTime" : "12/19/20 00:00:00",
  "value" : "0"
},{
  "dateTime" : "12/20/20 00:00:00",
  "value" : "0"
},{
  "dateTime" : "12/21/20 00:00:00",
  "value" : "0"
},{
  "dateTime" : "12/22/20 00:00:00",
  "value" : "0"
},{
  "dateTime" : "12/23/20 00:00:00",
  "value" : "0"
},{
  "dateTime" : "12/24/20 00:00:00",
  "value" : "0"
},{
  "dateTime" : "12/25/20 00:00:00",
  "value" : "0"
},{
  "dateTime" : "12/26/20 00:00:00",
  "value" : "0"
},{
  "dateTime" : "12/27/20 00:00:00",
  "value" : "0"
},{
  "dateTime" : "12/28/20 00:00:00",
  "value" : "0"
},{
  "dateTime" : "12/29/20 00:00:00",
  "value" : "0"
},{
  "dateTime" : "12/30/20 00:00:00",
  "value" : "0"
},{
  "dateTime" : "12/31/20 00:00:00",
  "value" : "0"
},{
  "dateTime" : "01/01/21 00:00:00",
  "value" : "0"
},{
  "dateTime" : "01/02/21 00:00:00",
  "value" : "0"
},{
  "dateTime" : "01/03/21 00:00:00",
  "value" : "0"
},{
  "dateTime" : "01/04/21 00:00:00",
  "value" : "0"
},{
  "dateTime" : "01/05/21 00:00:00",
  "value" : "0"
},{
  "dateTime" : "01/06/21 00:00:00",
  "value" : "0"
},{
  "dateTime" : "01/07/21 00:00:00",
  "value" : "0"
}]