[{
  "dateTime" : "09/05/21 00:00:00",
  "value" : "0"
},{
  "dateTime" : "09/06/21 00:00:00",
  "value" : "0"
},{
  "dateTime" : "09/07/21 00:00:00",
  "value" : "0"
},{
  "dateTime" : "09/08/21 00:00:00",
  "value" : "0"
},{
  "dateTime" : "09/09/21 00:00:00",
  "value" : "0"
},{
  "dateTime" : "09/10/21 00:00:00",
  "value" : "0"
},{
  "dateTime" : "09/11/21 00:00:00",
  "value" : "0"
},{
  "dateTime" : "09/12/21 00:00:00",
  "value" : "0"
},{
  "dateTime" : "09/13/21 00:00:00",
  "value" : "0"
},{
  "dateTime" : "09/14/21 00:00:00",
  "value" : "0"
},{
  "dateTime" : "09/15/21 00:00:00",
  "value" : "0"
},{
  "dateTime" : "09/16/21 00:00:00",
  "value" : "0"
},{
  "dateTime" : "09/17/21 00:00:00",
  "value" : "0"
},{
  "dateTime" : "09/18/21 00:00:00",
  "value" : "0"
},{
  "dateTime" : "09/19/21 00:00:00",
  "value" : "0"
},{
  "dateTime" : "09/20/21 00:00:00",
  "value" : "0"
},{
  "dateTime" : "09/21/21 00:00:00",
  "value" : "0"
},{
  "dateTime" : "09/22/21 00:00:00",
  "value" : "0"
},{
  "dateTime" : "09/23/21 00:00:00",
  "value" : "0"
},{
  "dateTime" : "09/24/21 00:00:00",
  "value" : "0"
},{
  "dateTime" : "09/25/21 00:00:00",
  "value" : "0"
},{
  "dateTime" : "09/26/21 00:00:00",
  "value" : "0"
},{
  "dateTime" : "09/27/21 00:00:00",
  "value" : "0"
},{
  "dateTime" : "09/28/21 00:00:00",
  "value" : "0"
},{
  "dateTime" : "09/29/21 00:00:00",
  "value" : "0"
},{
  "dateTime" : "09/30/21 00:00:00",
  "value" : "0"
},{
  "dateTime" : "10/01/21 00:00:00",
  "value" : "0"
},{
  "dateTime" : "10/02/21 00:00:00",
  "value" : "0"
},{
  "dateTime" : "10/03/21 00:00:00",
  "value" : "0"
},{
  "dateTime" : "10/04/21 00:00:00",
  "value" : "0"
}]