[{
  "dateTime" : "09/16/19 00:00:00",
  "value" : "0"
},{
  "dateTime" : "09/17/19 00:00:00",
  "value" : "0"
},{
  "dateTime" : "09/18/19 00:00:00",
  "value" : "0"
},{
  "dateTime" : "09/19/19 00:00:00",
  "value" : "0"
},{
  "dateTime" : "09/20/19 00:00:00",
  "value" : "0"
},{
  "dateTime" : "09/21/19 00:00:00",
  "value" : "0"
},{
  "dateTime" : "09/22/19 00:00:00",
  "value" : "0"
},{
  "dateTime" : "09/23/19 00:00:00",
  "value" : "0"
},{
  "dateTime" : "09/24/19 00:00:00",
  "value" : "0"
},{
  "dateTime" : "09/25/19 00:00:00",
  "value" : "0"
},{
  "dateTime" : "09/26/19 00:00:00",
  "value" : "0"
},{
  "dateTime" : "09/27/19 00:00:00",
  "value" : "0"
},{
  "dateTime" : "09/28/19 00:00:00",
  "value" : "0"
},{
  "dateTime" : "09/29/19 00:00:00",
  "value" : "0"
},{
  "dateTime" : "09/30/19 00:00:00",
  "value" : "0"
},{
  "dateTime" : "10/01/19 00:00:00",
  "value" : "0"
},{
  "dateTime" : "10/02/19 00:00:00",
  "value" : "0"
},{
  "dateTime" : "10/03/19 00:00:00",
  "value" : "0"
},{
  "dateTime" : "10/04/19 00:00:00",
  "value" : "0"
},{
  "dateTime" : "10/05/19 00:00:00",
  "value" : "0"
},{
  "dateTime" : "10/06/19 00:00:00",
  "value" : "0"
},{
  "dateTime" : "10/07/19 00:00:00",
  "value" : "0"
},{
  "dateTime" : "10/08/19 00:00:00",
  "value" : "0"
},{
  "dateTime" : "10/09/19 00:00:00",
  "value" : "0"
},{
  "dateTime" : "10/10/19 00:00:00",
  "value" : "0"
},{
  "dateTime" : "10/11/19 00:00:00",
  "value" : "0"
},{
  "dateTime" : "10/12/19 00:00:00",
  "value" : "0"
},{
  "dateTime" : "10/13/19 00:00:00",
  "value" : "0"
},{
  "dateTime" : "10/14/19 00:00:00",
  "value" : "0"
},{
  "dateTime" : "10/15/19 00:00:00",
  "value" : "0"
}]