[{
  "dateTime" : "01/03/22 00:00:00",
  "value" : "0"
},{
  "dateTime" : "01/04/22 00:00:00",
  "value" : "0"
},{
  "dateTime" : "01/05/22 00:00:00",
  "value" : "0"
},{
  "dateTime" : "01/06/22 00:00:00",
  "value" : "0"
},{
  "dateTime" : "01/07/22 00:00:00",
  "value" : "0"
},{
  "dateTime" : "01/08/22 00:00:00",
  "value" : "0"
},{
  "dateTime" : "01/09/22 00:00:00",
  "value" : "0"
},{
  "dateTime" : "01/10/22 00:00:00",
  "value" : "0"
},{
  "dateTime" : "01/11/22 00:00:00",
  "value" : "0"
},{
  "dateTime" : "01/12/22 00:00:00",
  "value" : "0"
},{
  "dateTime" : "01/13/22 00:00:00",
  "value" : "0"
},{
  "dateTime" : "01/14/22 00:00:00",
  "value" : "0"
},{
  "dateTime" : "01/15/22 00:00:00",
  "value" : "0"
},{
  "dateTime" : "01/16/22 00:00:00",
  "value" : "0"
},{
  "dateTime" : "01/17/22 00:00:00",
  "value" : "0"
},{
  "dateTime" : "01/18/22 00:00:00",
  "value" : "0"
},{
  "dateTime" : "01/19/22 00:00:00",
  "value" : "0"
},{
  "dateTime" : "01/20/22 00:00:00",
  "value" : "0"
},{
  "dateTime" : "01/21/22 00:00:00",
  "value" : "0"
},{
  "dateTime" : "01/22/22 00:00:00",
  "value" : "0"
},{
  "dateTime" : "01/23/22 00:00:00",
  "value" : "0"
},{
  "dateTime" : "01/24/22 00:00:00",
  "value" : "0"
},{
  "dateTime" : "01/25/22 00:00:00",
  "value" : "0"
},{
  "dateTime" : "01/26/22 00:00:00",
  "value" : "0"
},{
  "dateTime" : "01/27/22 00:00:00",
  "value" : "0"
},{
  "dateTime" : "01/28/22 00:00:00",
  "value" : "0"
},{
  "dateTime" : "01/29/22 00:00:00",
  "value" : "0"
},{
  "dateTime" : "01/30/22 00:00:00",
  "value" : "0"
},{
  "dateTime" : "01/31/22 00:00:00",
  "value" : "0"
},{
  "dateTime" : "02/01/22 00:00:00",
  "value" : "0"
}]