[{
  "dateTime" : "08/27/17 00:00:00",
  "value" : "0"
},{
  "dateTime" : "08/28/17 00:00:00",
  "value" : "0"
},{
  "dateTime" : "08/29/17 00:00:00",
  "value" : "0"
},{
  "dateTime" : "08/30/17 00:00:00",
  "value" : "0"
},{
  "dateTime" : "08/31/17 00:00:00",
  "value" : "0"
},{
  "dateTime" : "09/01/17 00:00:00",
  "value" : "0"
},{
  "dateTime" : "09/02/17 00:00:00",
  "value" : "0"
},{
  "dateTime" : "09/03/17 00:00:00",
  "value" : "0"
},{
  "dateTime" : "09/04/17 00:00:00",
  "value" : "0"
},{
  "dateTime" : "09/05/17 00:00:00",
  "value" : "0"
},{
  "dateTime" : "09/06/17 00:00:00",
  "value" : "0"
},{
  "dateTime" : "09/07/17 00:00:00",
  "value" : "0"
},{
  "dateTime" : "09/08/17 00:00:00",
  "value" : "0"
},{
  "dateTime" : "09/09/17 00:00:00",
  "value" : "0"
},{
  "dateTime" : "09/10/17 00:00:00",
  "value" : "0"
},{
  "dateTime" : "09/11/17 00:00:00",
  "value" : "0"
},{
  "dateTime" : "09/12/17 00:00:00",
  "value" : "0"
},{
  "dateTime" : "09/13/17 00:00:00",
  "value" : "0"
},{
  "dateTime" : "09/14/17 00:00:00",
  "value" : "0"
},{
  "dateTime" : "09/15/17 00:00:00",
  "value" : "0"
},{
  "dateTime" : "09/16/17 00:00:00",
  "value" : "0"
},{
  "dateTime" : "09/17/17 00:00:00",
  "value" : "0"
},{
  "dateTime" : "09/18/17 00:00:00",
  "value" : "0"
},{
  "dateTime" : "09/19/17 00:00:00",
  "value" : "0"
},{
  "dateTime" : "09/20/17 00:00:00",
  "value" : "0"
},{
  "dateTime" : "09/21/17 00:00:00",
  "value" : "0"
},{
  "dateTime" : "09/22/17 00:00:00",
  "value" : "0"
},{
  "dateTime" : "09/23/17 00:00:00",
  "value" : "0"
},{
  "dateTime" : "09/24/17 00:00:00",
  "value" : "0"
},{
  "dateTime" : "09/25/17 00:00:00",
  "value" : "0"
}]