[{
  "dateTime" : "08/17/19 00:00:00",
  "value" : "0"
},{
  "dateTime" : "08/18/19 00:00:00",
  "value" : "0"
},{
  "dateTime" : "08/19/19 00:00:00",
  "value" : "0"
},{
  "dateTime" : "08/20/19 00:00:00",
  "value" : "0"
},{
  "dateTime" : "08/21/19 00:00:00",
  "value" : "0"
},{
  "dateTime" : "08/22/19 00:00:00",
  "value" : "0"
},{
  "dateTime" : "08/23/19 00:00:00",
  "value" : "0"
},{
  "dateTime" : "08/24/19 00:00:00",
  "value" : "0"
},{
  "dateTime" : "08/25/19 00:00:00",
  "value" : "0"
},{
  "dateTime" : "08/26/19 00:00:00",
  "value" : "0"
},{
  "dateTime" : "08/27/19 00:00:00",
  "value" : "0"
},{
  "dateTime" : "08/28/19 00:00:00",
  "value" : "0"
},{
  "dateTime" : "08/29/19 00:00:00",
  "value" : "0"
},{
  "dateTime" : "08/30/19 00:00:00",
  "value" : "0"
},{
  "dateTime" : "08/31/19 00:00:00",
  "value" : "0"
},{
  "dateTime" : "09/01/19 00:00:00",
  "value" : "0"
},{
  "dateTime" : "09/02/19 00:00:00",
  "value" : "0"
},{
  "dateTime" : "09/03/19 00:00:00",
  "value" : "0"
},{
  "dateTime" : "09/04/19 00:00:00",
  "value" : "0"
},{
  "dateTime" : "09/05/19 00:00:00",
  "value" : "0"
},{
  "dateTime" : "09/06/19 00:00:00",
  "value" : "0"
},{
  "dateTime" : "09/07/19 00:00:00",
  "value" : "0"
},{
  "dateTime" : "09/08/19 00:00:00",
  "value" : "0"
},{
  "dateTime" : "09/09/19 00:00:00",
  "value" : "0"
},{
  "dateTime" : "09/10/19 00:00:00",
  "value" : "0"
},{
  "dateTime" : "09/11/19 00:00:00",
  "value" : "0"
},{
  "dateTime" : "09/12/19 00:00:00",
  "value" : "0"
},{
  "dateTime" : "09/13/19 00:00:00",
  "value" : "0"
},{
  "dateTime" : "09/14/19 00:00:00",
  "value" : "0"
},{
  "dateTime" : "09/15/19 00:00:00",
  "value" : "0"
}]