[{
  "dateTime" : "03/14/20 00:00:00",
  "value" : "0"
},{
  "dateTime" : "03/15/20 00:00:00",
  "value" : "0"
},{
  "dateTime" : "03/16/20 00:00:00",
  "value" : "0"
},{
  "dateTime" : "03/17/20 00:00:00",
  "value" : "0"
},{
  "dateTime" : "03/18/20 00:00:00",
  "value" : "0"
},{
  "dateTime" : "03/19/20 00:00:00",
  "value" : "0"
},{
  "dateTime" : "03/20/20 00:00:00",
  "value" : "0"
},{
  "dateTime" : "03/21/20 00:00:00",
  "value" : "0"
},{
  "dateTime" : "03/22/20 00:00:00",
  "value" : "0"
},{
  "dateTime" : "03/23/20 00:00:00",
  "value" : "0"
},{
  "dateTime" : "03/24/20 00:00:00",
  "value" : "0"
},{
  "dateTime" : "03/25/20 00:00:00",
  "value" : "0"
},{
  "dateTime" : "03/26/20 00:00:00",
  "value" : "0"
},{
  "dateTime" : "03/27/20 00:00:00",
  "value" : "0"
},{
  "dateTime" : "03/28/20 00:00:00",
  "value" : "0"
},{
  "dateTime" : "03/29/20 00:00:00",
  "value" : "0"
},{
  "dateTime" : "03/30/20 00:00:00",
  "value" : "0"
},{
  "dateTime" : "03/31/20 00:00:00",
  "value" : "0"
},{
  "dateTime" : "04/01/20 00:00:00",
  "value" : "0"
},{
  "dateTime" : "04/02/20 00:00:00",
  "value" : "0"
},{
  "dateTime" : "04/03/20 00:00:00",
  "value" : "0"
},{
  "dateTime" : "04/04/20 00:00:00",
  "value" : "0"
},{
  "dateTime" : "04/05/20 00:00:00",
  "value" : "0"
},{
  "dateTime" : "04/06/20 00:00:00",
  "value" : "0"
},{
  "dateTime" : "04/07/20 00:00:00",
  "value" : "0"
},{
  "dateTime" : "04/08/20 00:00:00",
  "value" : "0"
},{
  "dateTime" : "04/09/20 00:00:00",
  "value" : "0"
},{
  "dateTime" : "04/10/20 00:00:00",
  "value" : "0"
},{
  "dateTime" : "04/11/20 00:00:00",
  "value" : "0"
},{
  "dateTime" : "04/12/20 00:00:00",
  "value" : "0"
}]