[{
  "dateTime" : "05/13/20 00:00:00",
  "value" : "0"
},{
  "dateTime" : "05/14/20 00:00:00",
  "value" : "0"
},{
  "dateTime" : "05/15/20 00:00:00",
  "value" : "0"
},{
  "dateTime" : "05/16/20 00:00:00",
  "value" : "0"
},{
  "dateTime" : "05/17/20 00:00:00",
  "value" : "0"
},{
  "dateTime" : "05/18/20 00:00:00",
  "value" : "0"
},{
  "dateTime" : "05/19/20 00:00:00",
  "value" : "0"
},{
  "dateTime" : "05/20/20 00:00:00",
  "value" : "0"
},{
  "dateTime" : "05/21/20 00:00:00",
  "value" : "0"
},{
  "dateTime" : "05/22/20 00:00:00",
  "value" : "0"
},{
  "dateTime" : "05/23/20 00:00:00",
  "value" : "0"
},{
  "dateTime" : "05/24/20 00:00:00",
  "value" : "0"
},{
  "dateTime" : "05/25/20 00:00:00",
  "value" : "0"
},{
  "dateTime" : "05/26/20 00:00:00",
  "value" : "0"
},{
  "dateTime" : "05/27/20 00:00:00",
  "value" : "0"
},{
  "dateTime" : "05/28/20 00:00:00",
  "value" : "0"
},{
  "dateTime" : "05/29/20 00:00:00",
  "value" : "0"
},{
  "dateTime" : "05/30/20 00:00:00",
  "value" : "0"
},{
  "dateTime" : "05/31/20 00:00:00",
  "value" : "0"
},{
  "dateTime" : "06/01/20 00:00:00",
  "value" : "0"
},{
  "dateTime" : "06/02/20 00:00:00",
  "value" : "0"
},{
  "dateTime" : "06/03/20 00:00:00",
  "value" : "0"
},{
  "dateTime" : "06/04/20 00:00:00",
  "value" : "0"
},{
  "dateTime" : "06/05/20 00:00:00",
  "value" : "0"
},{
  "dateTime" : "06/06/20 00:00:00",
  "value" : "0"
},{
  "dateTime" : "06/07/20 00:00:00",
  "value" : "0"
},{
  "dateTime" : "06/08/20 00:00:00",
  "value" : "0"
},{
  "dateTime" : "06/09/20 00:00:00",
  "value" : "0"
},{
  "dateTime" : "06/10/20 00:00:00",
  "value" : "0"
},{
  "dateTime" : "06/11/20 00:00:00",
  "value" : "0"
}]