[{
  "dateTime" : "11/04/21 00:00:00",
  "value" : "0"
},{
  "dateTime" : "11/05/21 00:00:00",
  "value" : "0"
},{
  "dateTime" : "11/06/21 00:00:00",
  "value" : "0"
},{
  "dateTime" : "11/07/21 00:00:00",
  "value" : "0"
},{
  "dateTime" : "11/08/21 00:00:00",
  "value" : "0"
},{
  "dateTime" : "11/09/21 00:00:00",
  "value" : "0"
},{
  "dateTime" : "11/10/21 00:00:00",
  "value" : "0"
},{
  "dateTime" : "11/11/21 00:00:00",
  "value" : "0"
},{
  "dateTime" : "11/12/21 00:00:00",
  "value" : "0"
},{
  "dateTime" : "11/13/21 00:00:00",
  "value" : "0"
},{
  "dateTime" : "11/14/21 00:00:00",
  "value" : "0"
},{
  "dateTime" : "11/15/21 00:00:00",
  "value" : "0"
},{
  "dateTime" : "11/16/21 00:00:00",
  "value" : "0"
},{
  "dateTime" : "11/17/21 00:00:00",
  "value" : "0"
},{
  "dateTime" : "11/18/21 00:00:00",
  "value" : "0"
},{
  "dateTime" : "11/19/21 00:00:00",
  "value" : "0"
},{
  "dateTime" : "11/20/21 00:00:00",
  "value" : "0"
},{
  "dateTime" : "11/21/21 00:00:00",
  "value" : "0"
},{
  "dateTime" : "11/22/21 00:00:00",
  "value" : "0"
},{
  "dateTime" : "11/23/21 00:00:00",
  "value" : "0"
},{
  "dateTime" : "11/24/21 00:00:00",
  "value" : "0"
},{
  "dateTime" : "11/25/21 00:00:00",
  "value" : "0"
},{
  "dateTime" : "11/26/21 00:00:00",
  "value" : "0"
},{
  "dateTime" : "11/27/21 00:00:00",
  "value" : "0"
},{
  "dateTime" : "11/28/21 00:00:00",
  "value" : "0"
},{
  "dateTime" : "11/29/21 00:00:00",
  "value" : "0"
},{
  "dateTime" : "11/30/21 00:00:00",
  "value" : "0"
},{
  "dateTime" : "12/01/21 00:00:00",
  "value" : "0"
},{
  "dateTime" : "12/02/21 00:00:00",
  "value" : "0"
},{
  "dateTime" : "12/03/21 00:00:00",
  "value" : "0"
}]