[{
  "dateTime" : "02/13/20 00:00:00",
  "value" : "0"
},{
  "dateTime" : "02/14/20 00:00:00",
  "value" : "0"
},{
  "dateTime" : "02/15/20 00:00:00",
  "value" : "0"
},{
  "dateTime" : "02/16/20 00:00:00",
  "value" : "0"
},{
  "dateTime" : "02/17/20 00:00:00",
  "value" : "0"
},{
  "dateTime" : "02/18/20 00:00:00",
  "value" : "0"
},{
  "dateTime" : "02/19/20 00:00:00",
  "value" : "0"
},{
  "dateTime" : "02/20/20 00:00:00",
  "value" : "0"
},{
  "dateTime" : "02/21/20 00:00:00",
  "value" : "0"
},{
  "dateTime" : "02/22/20 00:00:00",
  "value" : "0"
},{
  "dateTime" : "02/23/20 00:00:00",
  "value" : "0"
},{
  "dateTime" : "02/24/20 00:00:00",
  "value" : "0"
},{
  "dateTime" : "02/25/20 00:00:00",
  "value" : "0"
},{
  "dateTime" : "02/26/20 00:00:00",
  "value" : "0"
},{
  "dateTime" : "02/27/20 00:00:00",
  "value" : "0"
},{
  "dateTime" : "02/28/20 00:00:00",
  "value" : "0"
},{
  "dateTime" : "02/29/20 00:00:00",
  "value" : "0"
},{
  "dateTime" : "03/01/20 00:00:00",
  "value" : "0"
},{
  "dateTime" : "03/02/20 00:00:00",
  "value" : "0"
},{
  "dateTime" : "03/03/20 00:00:00",
  "value" : "0"
},{
  "dateTime" : "03/04/20 00:00:00",
  "value" : "0"
},{
  "dateTime" : "03/05/20 00:00:00",
  "value" : "0"
},{
  "dateTime" : "03/06/20 00:00:00",
  "value" : "0"
},{
  "dateTime" : "03/07/20 00:00:00",
  "value" : "0"
},{
  "dateTime" : "03/08/20 00:00:00",
  "value" : "0"
},{
  "dateTime" : "03/09/20 00:00:00",
  "value" : "0"
},{
  "dateTime" : "03/10/20 00:00:00",
  "value" : "0"
},{
  "dateTime" : "03/11/20 00:00:00",
  "value" : "0"
},{
  "dateTime" : "03/12/20 00:00:00",
  "value" : "0"
},{
  "dateTime" : "03/13/20 00:00:00",
  "value" : "0"
}]