[{
  "dateTime" : "03/05/16 00:00:00",
  "value" : "142"
},{
  "dateTime" : "03/06/16 00:00:00",
  "value" : "411"
},{
  "dateTime" : "03/07/16 00:00:00",
  "value" : "200"
},{
  "dateTime" : "03/08/16 00:00:00",
  "value" : "230"
},{
  "dateTime" : "03/09/16 00:00:00",
  "value" : "209"
},{
  "dateTime" : "03/10/16 00:00:00",
  "value" : "131"
},{
  "dateTime" : "03/11/16 00:00:00",
  "value" : "458"
},{
  "dateTime" : "03/12/16 00:00:00",
  "value" : "106"
},{
  "dateTime" : "03/13/16 00:00:00",
  "value" : "109"
},{
  "dateTime" : "03/14/16 00:00:00",
  "value" : "198"
},{
  "dateTime" : "03/15/16 00:00:00",
  "value" : "201"
},{
  "dateTime" : "03/16/16 00:00:00",
  "value" : "241"
},{
  "dateTime" : "03/17/16 00:00:00",
  "value" : "237"
},{
  "dateTime" : "03/18/16 00:00:00",
  "value" : "313"
},{
  "dateTime" : "03/19/16 00:00:00",
  "value" : "231"
},{
  "dateTime" : "03/20/16 00:00:00",
  "value" : "19"
},{
  "dateTime" : "03/21/16 00:00:00",
  "value" : "178"
},{
  "dateTime" : "03/22/16 00:00:00",
  "value" : "286"
},{
  "dateTime" : "03/23/16 00:00:00",
  "value" : "278"
},{
  "dateTime" : "03/24/16 00:00:00",
  "value" : "281"
},{
  "dateTime" : "03/25/16 00:00:00",
  "value" : "157"
},{
  "dateTime" : "03/26/16 00:00:00",
  "value" : "133"
},{
  "dateTime" : "03/27/16 00:00:00",
  "value" : "183"
},{
  "dateTime" : "03/28/16 00:00:00",
  "value" : "149"
},{
  "dateTime" : "03/29/16 00:00:00",
  "value" : "111"
},{
  "dateTime" : "03/30/16 00:00:00",
  "value" : "147"
},{
  "dateTime" : "03/31/16 00:00:00",
  "value" : "124"
},{
  "dateTime" : "04/01/16 00:00:00",
  "value" : "317"
},{
  "dateTime" : "04/02/16 00:00:00",
  "value" : "244"
},{
  "dateTime" : "04/03/16 00:00:00",
  "value" : "145"
}]