[{
  "dateTime" : "07/18/19 00:00:00",
  "value" : "0"
},{
  "dateTime" : "07/19/19 00:00:00",
  "value" : "0"
},{
  "dateTime" : "07/20/19 00:00:00",
  "value" : "0"
},{
  "dateTime" : "07/21/19 00:00:00",
  "value" : "0"
},{
  "dateTime" : "07/22/19 00:00:00",
  "value" : "0"
},{
  "dateTime" : "07/23/19 00:00:00",
  "value" : "0"
},{
  "dateTime" : "07/24/19 00:00:00",
  "value" : "0"
},{
  "dateTime" : "07/25/19 00:00:00",
  "value" : "0"
},{
  "dateTime" : "07/26/19 00:00:00",
  "value" : "0"
},{
  "dateTime" : "07/27/19 00:00:00",
  "value" : "0"
},{
  "dateTime" : "07/28/19 00:00:00",
  "value" : "0"
},{
  "dateTime" : "07/29/19 00:00:00",
  "value" : "0"
},{
  "dateTime" : "07/30/19 00:00:00",
  "value" : "0"
},{
  "dateTime" : "07/31/19 00:00:00",
  "value" : "0"
},{
  "dateTime" : "08/01/19 00:00:00",
  "value" : "0"
},{
  "dateTime" : "08/02/19 00:00:00",
  "value" : "0"
},{
  "dateTime" : "08/03/19 00:00:00",
  "value" : "0"
},{
  "dateTime" : "08/04/19 00:00:00",
  "value" : "0"
},{
  "dateTime" : "08/05/19 00:00:00",
  "value" : "0"
},{
  "dateTime" : "08/06/19 00:00:00",
  "value" : "0"
},{
  "dateTime" : "08/07/19 00:00:00",
  "value" : "0"
},{
  "dateTime" : "08/08/19 00:00:00",
  "value" : "0"
},{
  "dateTime" : "08/09/19 00:00:00",
  "value" : "0"
},{
  "dateTime" : "08/10/19 00:00:00",
  "value" : "0"
},{
  "dateTime" : "08/11/19 00:00:00",
  "value" : "0"
},{
  "dateTime" : "08/12/19 00:00:00",
  "value" : "0"
},{
  "dateTime" : "08/13/19 00:00:00",
  "value" : "0"
},{
  "dateTime" : "08/14/19 00:00:00",
  "value" : "0"
},{
  "dateTime" : "08/15/19 00:00:00",
  "value" : "0"
},{
  "dateTime" : "08/16/19 00:00:00",
  "value" : "0"
}]