[{
  "dateTime" : "03/04/22 00:00:00",
  "value" : "0"
},{
  "dateTime" : "03/05/22 00:00:00",
  "value" : "0"
},{
  "dateTime" : "03/06/22 00:00:00",
  "value" : "0"
},{
  "dateTime" : "03/07/22 00:00:00",
  "value" : "0"
},{
  "dateTime" : "03/08/22 00:00:00",
  "value" : "0"
},{
  "dateTime" : "03/09/22 00:00:00",
  "value" : "0"
},{
  "dateTime" : "03/10/22 00:00:00",
  "value" : "0"
},{
  "dateTime" : "03/11/22 00:00:00",
  "value" : "0"
},{
  "dateTime" : "03/12/22 00:00:00",
  "value" : "0"
},{
  "dateTime" : "03/13/22 00:00:00",
  "value" : "0"
},{
  "dateTime" : "03/14/22 00:00:00",
  "value" : "0"
},{
  "dateTime" : "03/15/22 00:00:00",
  "value" : "0"
},{
  "dateTime" : "03/16/22 00:00:00",
  "value" : "0"
},{
  "dateTime" : "03/17/22 00:00:00",
  "value" : "0"
},{
  "dateTime" : "03/18/22 00:00:00",
  "value" : "0"
},{
  "dateTime" : "03/19/22 00:00:00",
  "value" : "0"
},{
  "dateTime" : "03/20/22 00:00:00",
  "value" : "0"
},{
  "dateTime" : "03/21/22 00:00:00",
  "value" : "0"
},{
  "dateTime" : "03/22/22 00:00:00",
  "value" : "0"
},{
  "dateTime" : "03/23/22 00:00:00",
  "value" : "0"
},{
  "dateTime" : "03/24/22 00:00:00",
  "value" : "0"
},{
  "dateTime" : "03/25/22 00:00:00",
  "value" : "0"
},{
  "dateTime" : "03/26/22 00:00:00",
  "value" : "0"
},{
  "dateTime" : "03/27/22 00:00:00",
  "value" : "0"
},{
  "dateTime" : "03/28/22 00:00:00",
  "value" : "0"
},{
  "dateTime" : "03/29/22 00:00:00",
  "value" : "0"
},{
  "dateTime" : "03/30/22 00:00:00",
  "value" : "0"
},{
  "dateTime" : "03/31/22 00:00:00",
  "value" : "0"
},{
  "dateTime" : "04/01/22 00:00:00",
  "value" : "0"
},{
  "dateTime" : "04/02/22 00:00:00",
  "value" : "0"
}]