[{
  "dateTime" : "10/16/19 00:00:00",
  "value" : "0"
},{
  "dateTime" : "10/17/19 00:00:00",
  "value" : "0"
},{
  "dateTime" : "10/18/19 00:00:00",
  "value" : "0"
},{
  "dateTime" : "10/19/19 00:00:00",
  "value" : "0"
},{
  "dateTime" : "10/20/19 00:00:00",
  "value" : "0"
},{
  "dateTime" : "10/21/19 00:00:00",
  "value" : "0"
},{
  "dateTime" : "10/22/19 00:00:00",
  "value" : "0"
},{
  "dateTime" : "10/23/19 00:00:00",
  "value" : "0"
},{
  "dateTime" : "10/24/19 00:00:00",
  "value" : "0"
},{
  "dateTime" : "10/25/19 00:00:00",
  "value" : "0"
},{
  "dateTime" : "10/26/19 00:00:00",
  "value" : "0"
},{
  "dateTime" : "10/27/19 00:00:00",
  "value" : "0"
},{
  "dateTime" : "10/28/19 00:00:00",
  "value" : "0"
},{
  "dateTime" : "10/29/19 00:00:00",
  "value" : "0"
},{
  "dateTime" : "10/30/19 00:00:00",
  "value" : "0"
},{
  "dateTime" : "10/31/19 00:00:00",
  "value" : "0"
},{
  "dateTime" : "11/01/19 00:00:00",
  "value" : "0"
},{
  "dateTime" : "11/02/19 00:00:00",
  "value" : "0"
},{
  "dateTime" : "11/03/19 00:00:00",
  "value" : "0"
},{
  "dateTime" : "11/04/19 00:00:00",
  "value" : "0"
},{
  "dateTime" : "11/05/19 00:00:00",
  "value" : "0"
},{
  "dateTime" : "11/06/19 00:00:00",
  "value" : "0"
},{
  "dateTime" : "11/07/19 00:00:00",
  "value" : "0"
},{
  "dateTime" : "11/08/19 00:00:00",
  "value" : "0"
},{
  "dateTime" : "11/09/19 00:00:00",
  "value" : "0"
},{
  "dateTime" : "11/10/19 00:00:00",
  "value" : "0"
},{
  "dateTime" : "11/11/19 00:00:00",
  "value" : "0"
},{
  "dateTime" : "11/12/19 00:00:00",
  "value" : "0"
},{
  "dateTime" : "11/13/19 00:00:00",
  "value" : "0"
},{
  "dateTime" : "11/14/19 00:00:00",
  "value" : "0"
}]