[{
  "dateTime" : "05/29/17 00:00:00",
  "value" : "106"
},{
  "dateTime" : "05/30/17 00:00:00",
  "value" : "133"
},{
  "dateTime" : "05/31/17 00:00:00",
  "value" : "155"
},{
  "dateTime" : "06/01/17 00:00:00",
  "value" : "128"
},{
  "dateTime" : "06/02/17 00:00:00",
  "value" : "111"
},{
  "dateTime" : "06/03/17 00:00:00",
  "value" : "35"
},{
  "dateTime" : "06/04/17 00:00:00",
  "value" : "122"
},{
  "dateTime" : "06/05/17 00:00:00",
  "value" : "193"
},{
  "dateTime" : "06/06/17 00:00:00",
  "value" : "199"
},{
  "dateTime" : "06/07/17 00:00:00",
  "value" : "101"
},{
  "dateTime" : "06/08/17 00:00:00",
  "value" : "40"
},{
  "dateTime" : "06/09/17 00:00:00",
  "value" : "138"
},{
  "dateTime" : "06/10/17 00:00:00",
  "value" : "171"
},{
  "dateTime" : "06/11/17 00:00:00",
  "value" : "112"
},{
  "dateTime" : "06/12/17 00:00:00",
  "value" : "15"
},{
  "dateTime" : "06/13/17 00:00:00",
  "value" : "155"
},{
  "dateTime" : "06/14/17 00:00:00",
  "value" : "124"
},{
  "dateTime" : "06/15/17 00:00:00",
  "value" : "107"
},{
  "dateTime" : "06/16/17 00:00:00",
  "value" : "83"
},{
  "dateTime" : "06/17/17 00:00:00",
  "value" : "73"
},{
  "dateTime" : "06/18/17 00:00:00",
  "value" : "86"
},{
  "dateTime" : "06/19/17 00:00:00",
  "value" : "107"
},{
  "dateTime" : "06/20/17 00:00:00",
  "value" : "215"
},{
  "dateTime" : "06/21/17 00:00:00",
  "value" : "215"
},{
  "dateTime" : "06/22/17 00:00:00",
  "value" : "209"
},{
  "dateTime" : "06/23/17 00:00:00",
  "value" : "283"
},{
  "dateTime" : "06/24/17 00:00:00",
  "value" : "222"
},{
  "dateTime" : "06/25/17 00:00:00",
  "value" : "221"
},{
  "dateTime" : "06/26/17 00:00:00",
  "value" : "253"
},{
  "dateTime" : "06/27/17 00:00:00",
  "value" : "269"
}]