[{
  "dateTime" : "07/12/20 00:00:00",
  "value" : "0"
},{
  "dateTime" : "07/13/20 00:00:00",
  "value" : "0"
},{
  "dateTime" : "07/14/20 00:00:00",
  "value" : "0"
},{
  "dateTime" : "07/15/20 00:00:00",
  "value" : "0"
},{
  "dateTime" : "07/16/20 00:00:00",
  "value" : "0"
},{
  "dateTime" : "07/17/20 00:00:00",
  "value" : "0"
},{
  "dateTime" : "07/18/20 00:00:00",
  "value" : "0"
},{
  "dateTime" : "07/19/20 00:00:00",
  "value" : "0"
},{
  "dateTime" : "07/20/20 00:00:00",
  "value" : "0"
},{
  "dateTime" : "07/21/20 00:00:00",
  "value" : "0"
},{
  "dateTime" : "07/22/20 00:00:00",
  "value" : "0"
},{
  "dateTime" : "07/23/20 00:00:00",
  "value" : "0"
},{
  "dateTime" : "07/24/20 00:00:00",
  "value" : "0"
},{
  "dateTime" : "07/25/20 00:00:00",
  "value" : "0"
},{
  "dateTime" : "07/26/20 00:00:00",
  "value" : "0"
},{
  "dateTime" : "07/27/20 00:00:00",
  "value" : "0"
},{
  "dateTime" : "07/28/20 00:00:00",
  "value" : "0"
},{
  "dateTime" : "07/29/20 00:00:00",
  "value" : "0"
},{
  "dateTime" : "07/30/20 00:00:00",
  "value" : "0"
},{
  "dateTime" : "07/31/20 00:00:00",
  "value" : "0"
},{
  "dateTime" : "08/01/20 00:00:00",
  "value" : "0"
},{
  "dateTime" : "08/02/20 00:00:00",
  "value" : "0"
},{
  "dateTime" : "08/03/20 00:00:00",
  "value" : "0"
},{
  "dateTime" : "08/04/20 00:00:00",
  "value" : "0"
},{
  "dateTime" : "08/05/20 00:00:00",
  "value" : "0"
},{
  "dateTime" : "08/06/20 00:00:00",
  "value" : "0"
},{
  "dateTime" : "08/07/20 00:00:00",
  "value" : "0"
},{
  "dateTime" : "08/08/20 00:00:00",
  "value" : "0"
},{
  "dateTime" : "08/09/20 00:00:00",
  "value" : "0"
},{
  "dateTime" : "08/10/20 00:00:00",
  "value" : "0"
}]