[{
  "dateTime" : "11/06/15 00:00:00",
  "value" : "156"
},{
  "dateTime" : "11/07/15 00:00:00",
  "value" : "175"
},{
  "dateTime" : "11/08/15 00:00:00",
  "value" : "113"
},{
  "dateTime" : "11/09/15 00:00:00",
  "value" : "176"
},{
  "dateTime" : "11/10/15 00:00:00",
  "value" : "235"
},{
  "dateTime" : "11/11/15 00:00:00",
  "value" : "152"
},{
  "dateTime" : "11/12/15 00:00:00",
  "value" : "259"
},{
  "dateTime" : "11/13/15 00:00:00",
  "value" : "177"
},{
  "dateTime" : "11/14/15 00:00:00",
  "value" : "219"
},{
  "dateTime" : "11/15/15 00:00:00",
  "value" : "192"
},{
  "dateTime" : "11/16/15 00:00:00",
  "value" : "203"
},{
  "dateTime" : "11/17/15 00:00:00",
  "value" : "199"
},{
  "dateTime" : "11/18/15 00:00:00",
  "value" : "214"
},{
  "dateTime" : "11/19/15 00:00:00",
  "value" : "399"
},{
  "dateTime" : "11/20/15 00:00:00",
  "value" : "373"
},{
  "dateTime" : "11/21/15 00:00:00",
  "value" : "153"
},{
  "dateTime" : "11/22/15 00:00:00",
  "value" : "324"
},{
  "dateTime" : "11/23/15 00:00:00",
  "value" : "135"
},{
  "dateTime" : "11/24/15 00:00:00",
  "value" : "146"
},{
  "dateTime" : "11/25/15 00:00:00",
  "value" : "135"
},{
  "dateTime" : "11/26/15 00:00:00",
  "value" : "527"
},{
  "dateTime" : "11/27/15 00:00:00",
  "value" : "259"
},{
  "dateTime" : "11/28/15 00:00:00",
  "value" : "184"
},{
  "dateTime" : "11/29/15 00:00:00",
  "value" : "407"
},{
  "dateTime" : "11/30/15 00:00:00",
  "value" : "137"
},{
  "dateTime" : "12/01/15 00:00:00",
  "value" : "166"
},{
  "dateTime" : "12/02/15 00:00:00",
  "value" : "185"
},{
  "dateTime" : "12/03/15 00:00:00",
  "value" : "219"
},{
  "dateTime" : "12/04/15 00:00:00",
  "value" : "115"
},{
  "dateTime" : "12/05/15 00:00:00",
  "value" : "478"
}]