[{
  "dateTime" : "06/02/22 00:00:00",
  "value" : "0"
},{
  "dateTime" : "06/03/22 00:00:00",
  "value" : "0"
},{
  "dateTime" : "06/04/22 00:00:00",
  "value" : "0"
},{
  "dateTime" : "06/05/22 00:00:00",
  "value" : "0"
},{
  "dateTime" : "06/06/22 00:00:00",
  "value" : "0"
},{
  "dateTime" : "06/07/22 00:00:00",
  "value" : "0"
},{
  "dateTime" : "06/08/22 00:00:00",
  "value" : "0"
},{
  "dateTime" : "06/09/22 00:00:00",
  "value" : "0"
},{
  "dateTime" : "06/10/22 00:00:00",
  "value" : "0"
},{
  "dateTime" : "06/11/22 00:00:00",
  "value" : "0"
},{
  "dateTime" : "06/12/22 00:00:00",
  "value" : "0"
},{
  "dateTime" : "06/13/22 00:00:00",
  "value" : "0"
},{
  "dateTime" : "06/14/22 00:00:00",
  "value" : "0"
},{
  "dateTime" : "06/15/22 00:00:00",
  "value" : "0"
},{
  "dateTime" : "06/16/22 00:00:00",
  "value" : "0"
},{
  "dateTime" : "06/17/22 00:00:00",
  "value" : "0"
},{
  "dateTime" : "06/18/22 00:00:00",
  "value" : "0"
},{
  "dateTime" : "06/19/22 00:00:00",
  "value" : "0"
},{
  "dateTime" : "06/20/22 00:00:00",
  "value" : "0"
},{
  "dateTime" : "06/21/22 00:00:00",
  "value" : "0"
},{
  "dateTime" : "06/22/22 00:00:00",
  "value" : "0"
},{
  "dateTime" : "06/23/22 00:00:00",
  "value" : "0"
},{
  "dateTime" : "06/24/22 00:00:00",
  "value" : "0"
},{
  "dateTime" : "06/25/22 00:00:00",
  "value" : "0"
},{
  "dateTime" : "06/26/22 00:00:00",
  "value" : "0"
},{
  "dateTime" : "06/27/22 00:00:00",
  "value" : "0"
},{
  "dateTime" : "06/28/22 00:00:00",
  "value" : "0"
},{
  "dateTime" : "06/29/22 00:00:00",
  "value" : "0"
},{
  "dateTime" : "06/30/22 00:00:00",
  "value" : "0"
},{
  "dateTime" : "07/01/22 00:00:00",
  "value" : "0"
}]