[{
  "dateTime" : "08/31/22 00:00:00",
  "value" : "0"
},{
  "dateTime" : "09/01/22 00:00:00",
  "value" : "0"
},{
  "dateTime" : "09/02/22 00:00:00",
  "value" : "0"
},{
  "dateTime" : "09/03/22 00:00:00",
  "value" : "0"
},{
  "dateTime" : "09/04/22 00:00:00",
  "value" : "0"
},{
  "dateTime" : "09/05/22 00:00:00",
  "value" : "0"
},{
  "dateTime" : "09/06/22 00:00:00",
  "value" : "0"
},{
  "dateTime" : "09/07/22 00:00:00",
  "value" : "0"
},{
  "dateTime" : "09/08/22 00:00:00",
  "value" : "0"
},{
  "dateTime" : "09/09/22 00:00:00",
  "value" : "0"
},{
  "dateTime" : "09/10/22 00:00:00",
  "value" : "0"
},{
  "dateTime" : "09/11/22 00:00:00",
  "value" : "0"
},{
  "dateTime" : "09/12/22 00:00:00",
  "value" : "0"
},{
  "dateTime" : "09/13/22 00:00:00",
  "value" : "0"
},{
  "dateTime" : "09/14/22 00:00:00",
  "value" : "0"
},{
  "dateTime" : "09/15/22 00:00:00",
  "value" : "0"
},{
  "dateTime" : "09/16/22 00:00:00",
  "value" : "0"
},{
  "dateTime" : "09/17/22 00:00:00",
  "value" : "0"
},{
  "dateTime" : "09/18/22 00:00:00",
  "value" : "0"
},{
  "dateTime" : "09/19/22 00:00:00",
  "value" : "0"
},{
  "dateTime" : "09/20/22 00:00:00",
  "value" : "0"
},{
  "dateTime" : "09/21/22 00:00:00",
  "value" : "0"
},{
  "dateTime" : "09/22/22 00:00:00",
  "value" : "0"
},{
  "dateTime" : "09/23/22 00:00:00",
  "value" : "0"
},{
  "dateTime" : "09/24/22 00:00:00",
  "value" : "0"
},{
  "dateTime" : "09/25/22 00:00:00",
  "value" : "0"
},{
  "dateTime" : "09/26/22 00:00:00",
  "value" : "0"
},{
  "dateTime" : "09/27/22 00:00:00",
  "value" : "0"
},{
  "dateTime" : "09/28/22 00:00:00",
  "value" : "0"
},{
  "dateTime" : "09/29/22 00:00:00",
  "value" : "0"
}]