[{
  "dateTime" : "01/28/23 00:00:00",
  "value" : "0"
},{
  "dateTime" : "01/29/23 00:00:00",
  "value" : "0"
},{
  "dateTime" : "01/30/23 00:00:00",
  "value" : "0"
},{
  "dateTime" : "01/31/23 00:00:00",
  "value" : "0"
},{
  "dateTime" : "02/01/23 00:00:00",
  "value" : "0"
},{
  "dateTime" : "02/02/23 00:00:00",
  "value" : "0"
},{
  "dateTime" : "02/03/23 00:00:00",
  "value" : "0"
},{
  "dateTime" : "02/04/23 00:00:00",
  "value" : "0"
},{
  "dateTime" : "02/05/23 00:00:00",
  "value" : "0"
},{
  "dateTime" : "02/06/23 00:00:00",
  "value" : "0"
},{
  "dateTime" : "02/07/23 00:00:00",
  "value" : "0"
},{
  "dateTime" : "02/08/23 00:00:00",
  "value" : "0"
},{
  "dateTime" : "02/09/23 00:00:00",
  "value" : "0"
},{
  "dateTime" : "02/10/23 00:00:00",
  "value" : "0"
},{
  "dateTime" : "02/11/23 00:00:00",
  "value" : "0"
},{
  "dateTime" : "02/12/23 00:00:00",
  "value" : "0"
},{
  "dateTime" : "02/13/23 00:00:00",
  "value" : "0"
},{
  "dateTime" : "02/14/23 00:00:00",
  "value" : "0"
},{
  "dateTime" : "02/15/23 00:00:00",
  "value" : "0"
},{
  "dateTime" : "02/16/23 00:00:00",
  "value" : "0"
},{
  "dateTime" : "02/17/23 00:00:00",
  "value" : "0"
},{
  "dateTime" : "02/18/23 00:00:00",
  "value" : "0"
},{
  "dateTime" : "02/19/23 00:00:00",
  "value" : "0"
},{
  "dateTime" : "02/20/23 00:00:00",
  "value" : "0"
},{
  "dateTime" : "02/21/23 00:00:00",
  "value" : "0"
},{
  "dateTime" : "02/22/23 00:00:00",
  "value" : "0"
},{
  "dateTime" : "02/23/23 00:00:00",
  "value" : "0"
},{
  "dateTime" : "02/24/23 00:00:00",
  "value" : "0"
},{
  "dateTime" : "02/25/23 00:00:00",
  "value" : "0"
},{
  "dateTime" : "02/26/23 00:00:00",
  "value" : "0"
}]