[{
  "dateTime" : "07/28/17 00:00:00",
  "value" : "165"
},{
  "dateTime" : "07/29/17 00:00:00",
  "value" : "168"
},{
  "dateTime" : "07/30/17 00:00:00",
  "value" : "28"
},{
  "dateTime" : "07/31/17 00:00:00",
  "value" : "137"
},{
  "dateTime" : "08/01/17 00:00:00",
  "value" : "181"
},{
  "dateTime" : "08/02/17 00:00:00",
  "value" : "174"
},{
  "dateTime" : "08/03/17 00:00:00",
  "value" : "223"
},{
  "dateTime" : "08/04/17 00:00:00",
  "value" : "168"
},{
  "dateTime" : "08/05/17 00:00:00",
  "value" : "108"
},{
  "dateTime" : "08/06/17 00:00:00",
  "value" : "36"
},{
  "dateTime" : "08/07/17 00:00:00",
  "value" : "142"
},{
  "dateTime" : "08/08/17 00:00:00",
  "value" : "307"
},{
  "dateTime" : "08/09/17 00:00:00",
  "value" : "192"
},{
  "dateTime" : "08/10/17 00:00:00",
  "value" : "51"
},{
  "dateTime" : "08/11/17 00:00:00",
  "value" : "0"
},{
  "dateTime" : "08/12/17 00:00:00",
  "value" : "101"
},{
  "dateTime" : "08/13/17 00:00:00",
  "value" : "170"
},{
  "dateTime" : "08/14/17 00:00:00",
  "value" : "62"
},{
  "dateTime" : "08/15/17 00:00:00",
  "value" : "157"
},{
  "dateTime" : "08/16/17 00:00:00",
  "value" : "81"
},{
  "dateTime" : "08/17/17 00:00:00",
  "value" : "127"
},{
  "dateTime" : "08/18/17 00:00:00",
  "value" : "169"
},{
  "dateTime" : "08/19/17 00:00:00",
  "value" : "5"
},{
  "dateTime" : "08/20/17 00:00:00",
  "value" : "0"
},{
  "dateTime" : "08/21/17 00:00:00",
  "value" : "0"
},{
  "dateTime" : "08/22/17 00:00:00",
  "value" : "0"
},{
  "dateTime" : "08/23/17 00:00:00",
  "value" : "0"
},{
  "dateTime" : "08/24/17 00:00:00",
  "value" : "0"
},{
  "dateTime" : "08/25/17 00:00:00",
  "value" : "0"
},{
  "dateTime" : "08/26/17 00:00:00",
  "value" : "0"
}]