[{
  "dateTime" : "08/08/15 00:00:00",
  "value" : "489"
},{
  "dateTime" : "08/09/15 00:00:00",
  "value" : "238"
},{
  "dateTime" : "08/10/15 00:00:00",
  "value" : "143"
},{
  "dateTime" : "08/11/15 00:00:00",
  "value" : "34"
},{
  "dateTime" : "08/12/15 00:00:00",
  "value" : "0"
},{
  "dateTime" : "08/13/15 00:00:00",
  "value" : "0"
},{
  "dateTime" : "08/14/15 00:00:00",
  "value" : "0"
},{
  "dateTime" : "08/15/15 00:00:00",
  "value" : "0"
},{
  "dateTime" : "08/16/15 00:00:00",
  "value" : "0"
},{
  "dateTime" : "08/17/15 00:00:00",
  "value" : "0"
},{
  "dateTime" : "08/18/15 00:00:00",
  "value" : "0"
},{
  "dateTime" : "08/19/15 00:00:00",
  "value" : "0"
},{
  "dateTime" : "08/20/15 00:00:00",
  "value" : "36"
},{
  "dateTime" : "08/21/15 00:00:00",
  "value" : "230"
},{
  "dateTime" : "08/22/15 00:00:00",
  "value" : "177"
},{
  "dateTime" : "08/23/15 00:00:00",
  "value" : "226"
},{
  "dateTime" : "08/24/15 00:00:00",
  "value" : "238"
},{
  "dateTime" : "08/25/15 00:00:00",
  "value" : "164"
},{
  "dateTime" : "08/26/15 00:00:00",
  "value" : "211"
},{
  "dateTime" : "08/27/15 00:00:00",
  "value" : "242"
},{
  "dateTime" : "08/28/15 00:00:00",
  "value" : "300"
},{
  "dateTime" : "08/29/15 00:00:00",
  "value" : "477"
},{
  "dateTime" : "08/30/15 00:00:00",
  "value" : "172"
},{
  "dateTime" : "08/31/15 00:00:00",
  "value" : "155"
},{
  "dateTime" : "09/01/15 00:00:00",
  "value" : "190"
},{
  "dateTime" : "09/02/15 00:00:00",
  "value" : "252"
},{
  "dateTime" : "09/03/15 00:00:00",
  "value" : "280"
},{
  "dateTime" : "09/04/15 00:00:00",
  "value" : "360"
},{
  "dateTime" : "09/05/15 00:00:00",
  "value" : "481"
},{
  "dateTime" : "09/06/15 00:00:00",
  "value" : "132"
}]