[{
  "dateTime" : "02/27/23 00:00:00",
  "value" : "0"
},{
  "dateTime" : "02/28/23 00:00:00",
  "value" : "0"
},{
  "dateTime" : "03/01/23 00:00:00",
  "value" : "0"
},{
  "dateTime" : "03/02/23 00:00:00",
  "value" : "0"
},{
  "dateTime" : "03/03/23 00:00:00",
  "value" : "0"
},{
  "dateTime" : "03/04/23 00:00:00",
  "value" : "0"
},{
  "dateTime" : "03/05/23 00:00:00",
  "value" : "0"
},{
  "dateTime" : "03/06/23 00:00:00",
  "value" : "0"
},{
  "dateTime" : "03/07/23 00:00:00",
  "value" : "0"
},{
  "dateTime" : "03/08/23 00:00:00",
  "value" : "0"
},{
  "dateTime" : "03/09/23 00:00:00",
  "value" : "0"
},{
  "dateTime" : "03/10/23 00:00:00",
  "value" : "0"
},{
  "dateTime" : "03/11/23 00:00:00",
  "value" : "0"
},{
  "dateTime" : "03/12/23 00:00:00",
  "value" : "0"
},{
  "dateTime" : "03/13/23 00:00:00",
  "value" : "0"
},{
  "dateTime" : "03/14/23 00:00:00",
  "value" : "0"
},{
  "dateTime" : "03/15/23 00:00:00",
  "value" : "0"
},{
  "dateTime" : "03/16/23 00:00:00",
  "value" : "0"
},{
  "dateTime" : "03/17/23 00:00:00",
  "value" : "0"
},{
  "dateTime" : "03/18/23 00:00:00",
  "value" : "0"
},{
  "dateTime" : "03/19/23 00:00:00",
  "value" : "0"
},{
  "dateTime" : "03/20/23 00:00:00",
  "value" : "0"
},{
  "dateTime" : "03/21/23 00:00:00",
  "value" : "0"
},{
  "dateTime" : "03/22/23 00:00:00",
  "value" : "0"
},{
  "dateTime" : "03/23/23 00:00:00",
  "value" : "0"
},{
  "dateTime" : "03/24/23 00:00:00",
  "value" : "0"
},{
  "dateTime" : "03/25/23 00:00:00",
  "value" : "0"
},{
  "dateTime" : "03/26/23 00:00:00",
  "value" : "0"
},{
  "dateTime" : "03/27/23 00:00:00",
  "value" : "0"
},{
  "dateTime" : "03/28/23 00:00:00",
  "value" : "0"
}]