[{
  "dateTime" : "03/05/16 00:00:00",
  "value" : "0"
},{
  "dateTime" : "03/06/16 00:00:00",
  "value" : "7"
},{
  "dateTime" : "03/07/16 00:00:00",
  "value" : "0"
},{
  "dateTime" : "03/08/16 00:00:00",
  "value" : "55"
},{
  "dateTime" : "03/09/16 00:00:00",
  "value" : "5"
},{
  "dateTime" : "03/10/16 00:00:00",
  "value" : "5"
},{
  "dateTime" : "03/11/16 00:00:00",
  "value" : "87"
},{
  "dateTime" : "03/12/16 00:00:00",
  "value" : "0"
},{
  "dateTime" : "03/13/16 00:00:00",
  "value" : "0"
},{
  "dateTime" : "03/14/16 00:00:00",
  "value" : "11"
},{
  "dateTime" : "03/15/16 00:00:00",
  "value" : "36"
},{
  "dateTime" : "03/16/16 00:00:00",
  "value" : "20"
},{
  "dateTime" : "03/17/16 00:00:00",
  "value" : "6"
},{
  "dateTime" : "03/18/16 00:00:00",
  "value" : "21"
},{
  "dateTime" : "03/19/16 00:00:00",
  "value" : "11"
},{
  "dateTime" : "03/20/16 00:00:00",
  "value" : "0"
},{
  "dateTime" : "03/21/16 00:00:00",
  "value" : "4"
},{
  "dateTime" : "03/22/16 00:00:00",
  "value" : "26"
},{
  "dateTime" : "03/23/16 00:00:00",
  "value" : "39"
},{
  "dateTime" : "03/24/16 00:00:00",
  "value" : "40"
},{
  "dateTime" : "03/25/16 00:00:00",
  "value" : "0"
},{
  "dateTime" : "03/26/16 00:00:00",
  "value" : "0"
},{
  "dateTime" : "03/27/16 00:00:00",
  "value" : "4"
},{
  "dateTime" : "03/28/16 00:00:00",
  "value" : "10"
},{
  "dateTime" : "03/29/16 00:00:00",
  "value" : "7"
},{
  "dateTime" : "03/30/16 00:00:00",
  "value" : "7"
},{
  "dateTime" : "03/31/16 00:00:00",
  "value" : "1"
},{
  "dateTime" : "04/01/16 00:00:00",
  "value" : "73"
},{
  "dateTime" : "04/02/16 00:00:00",
  "value" : "3"
},{
  "dateTime" : "04/03/16 00:00:00",
  "value" : "22"
}]