[{
  "dateTime" : "05/04/16 00:00:00",
  "value" : "0"
},{
  "dateTime" : "05/05/16 00:00:00",
  "value" : "0"
},{
  "dateTime" : "05/06/16 00:00:00",
  "value" : "0"
},{
  "dateTime" : "05/07/16 00:00:00",
  "value" : "0"
},{
  "dateTime" : "05/08/16 00:00:00",
  "value" : "0"
},{
  "dateTime" : "05/09/16 00:00:00",
  "value" : "7"
},{
  "dateTime" : "05/10/16 00:00:00",
  "value" : "17"
},{
  "dateTime" : "05/11/16 00:00:00",
  "value" : "59"
},{
  "dateTime" : "05/12/16 00:00:00",
  "value" : "3"
},{
  "dateTime" : "05/13/16 00:00:00",
  "value" : "80"
},{
  "dateTime" : "05/14/16 00:00:00",
  "value" : "43"
},{
  "dateTime" : "05/15/16 00:00:00",
  "value" : "0"
},{
  "dateTime" : "05/16/16 00:00:00",
  "value" : "15"
},{
  "dateTime" : "05/17/16 00:00:00",
  "value" : "20"
},{
  "dateTime" : "05/18/16 00:00:00",
  "value" : "39"
},{
  "dateTime" : "05/19/16 00:00:00",
  "value" : "0"
},{
  "dateTime" : "05/20/16 00:00:00",
  "value" : "16"
},{
  "dateTime" : "05/21/16 00:00:00",
  "value" : "18"
},{
  "dateTime" : "05/22/16 00:00:00",
  "value" : "2"
},{
  "dateTime" : "05/23/16 00:00:00",
  "value" : "8"
},{
  "dateTime" : "05/24/16 00:00:00",
  "value" : "9"
},{
  "dateTime" : "05/25/16 00:00:00",
  "value" : "28"
},{
  "dateTime" : "05/26/16 00:00:00",
  "value" : "5"
},{
  "dateTime" : "05/27/16 00:00:00",
  "value" : "0"
},{
  "dateTime" : "05/28/16 00:00:00",
  "value" : "8"
},{
  "dateTime" : "05/29/16 00:00:00",
  "value" : "0"
},{
  "dateTime" : "05/30/16 00:00:00",
  "value" : "5"
},{
  "dateTime" : "05/31/16 00:00:00",
  "value" : "0"
},{
  "dateTime" : "06/01/16 00:00:00",
  "value" : "14"
},{
  "dateTime" : "06/02/16 00:00:00",
  "value" : "10"
}]