[{
  "dateTime" : "01/29/17 00:00:00",
  "value" : "0"
},{
  "dateTime" : "01/30/17 00:00:00",
  "value" : "0"
},{
  "dateTime" : "01/31/17 00:00:00",
  "value" : "0"
},{
  "dateTime" : "02/01/17 00:00:00",
  "value" : "0"
},{
  "dateTime" : "02/02/17 00:00:00",
  "value" : "0"
},{
  "dateTime" : "02/03/17 00:00:00",
  "value" : "0"
},{
  "dateTime" : "02/04/17 00:00:00",
  "value" : "0"
},{
  "dateTime" : "02/05/17 00:00:00",
  "value" : "0"
},{
  "dateTime" : "02/06/17 00:00:00",
  "value" : "0"
},{
  "dateTime" : "02/07/17 00:00:00",
  "value" : "17"
},{
  "dateTime" : "02/08/17 00:00:00",
  "value" : "0"
},{
  "dateTime" : "02/09/17 00:00:00",
  "value" : "31"
},{
  "dateTime" : "02/10/17 00:00:00",
  "value" : "7"
},{
  "dateTime" : "02/11/17 00:00:00",
  "value" : "10"
},{
  "dateTime" : "02/12/17 00:00:00",
  "value" : "4"
},{
  "dateTime" : "02/13/17 00:00:00",
  "value" : "29"
},{
  "dateTime" : "02/14/17 00:00:00",
  "value" : "4"
},{
  "dateTime" : "02/15/17 00:00:00",
  "value" : "0"
},{
  "dateTime" : "02/16/17 00:00:00",
  "value" : "10"
},{
  "dateTime" : "02/17/17 00:00:00",
  "value" : "6"
},{
  "dateTime" : "02/18/17 00:00:00",
  "value" : "5"
},{
  "dateTime" : "02/19/17 00:00:00",
  "value" : "10"
},{
  "dateTime" : "02/20/17 00:00:00",
  "value" : "7"
},{
  "dateTime" : "02/21/17 00:00:00",
  "value" : "24"
},{
  "dateTime" : "02/22/17 00:00:00",
  "value" : "50"
},{
  "dateTime" : "02/23/17 00:00:00",
  "value" : "8"
},{
  "dateTime" : "02/24/17 00:00:00",
  "value" : "10"
},{
  "dateTime" : "02/25/17 00:00:00",
  "value" : "8"
},{
  "dateTime" : "02/26/17 00:00:00",
  "value" : "0"
},{
  "dateTime" : "02/27/17 00:00:00",
  "value" : "13"
}]