[{
  "dateTime" : "02/28/17 00:00:00",
  "value" : "16"
},{
  "dateTime" : "03/01/17 00:00:00",
  "value" : "25"
},{
  "dateTime" : "03/02/17 00:00:00",
  "value" : "33"
},{
  "dateTime" : "03/03/17 00:00:00",
  "value" : "15"
},{
  "dateTime" : "03/04/17 00:00:00",
  "value" : "56"
},{
  "dateTime" : "03/05/17 00:00:00",
  "value" : "0"
},{
  "dateTime" : "03/06/17 00:00:00",
  "value" : "24"
},{
  "dateTime" : "03/07/17 00:00:00",
  "value" : "11"
},{
  "dateTime" : "03/08/17 00:00:00",
  "value" : "28"
},{
  "dateTime" : "03/09/17 00:00:00",
  "value" : "34"
},{
  "dateTime" : "03/10/17 00:00:00",
  "value" : "48"
},{
  "dateTime" : "03/11/17 00:00:00",
  "value" : "8"
},{
  "dateTime" : "03/12/17 00:00:00",
  "value" : "2"
},{
  "dateTime" : "03/13/17 00:00:00",
  "value" : "17"
},{
  "dateTime" : "03/14/17 00:00:00",
  "value" : "38"
},{
  "dateTime" : "03/15/17 00:00:00",
  "value" : "33"
},{
  "dateTime" : "03/16/17 00:00:00",
  "value" : "25"
},{
  "dateTime" : "03/17/17 00:00:00",
  "value" : "35"
},{
  "dateTime" : "03/18/17 00:00:00",
  "value" : "0"
},{
  "dateTime" : "03/19/17 00:00:00",
  "value" : "6"
},{
  "dateTime" : "03/20/17 00:00:00",
  "value" : "0"
},{
  "dateTime" : "03/21/17 00:00:00",
  "value" : "8"
},{
  "dateTime" : "03/22/17 00:00:00",
  "value" : "14"
},{
  "dateTime" : "03/23/17 00:00:00",
  "value" : "11"
},{
  "dateTime" : "03/24/17 00:00:00",
  "value" : "34"
},{
  "dateTime" : "03/25/17 00:00:00",
  "value" : "5"
},{
  "dateTime" : "03/26/17 00:00:00",
  "value" : "8"
},{
  "dateTime" : "03/27/17 00:00:00",
  "value" : "31"
},{
  "dateTime" : "03/28/17 00:00:00",
  "value" : "15"
},{
  "dateTime" : "03/29/17 00:00:00",
  "value" : "35"
}]