[{
  "dateTime" : "02/04/16 00:00:00",
  "value" : "18"
},{
  "dateTime" : "02/05/16 00:00:00",
  "value" : "6"
},{
  "dateTime" : "02/06/16 00:00:00",
  "value" : "52"
},{
  "dateTime" : "02/07/16 00:00:00",
  "value" : "12"
},{
  "dateTime" : "02/08/16 00:00:00",
  "value" : "6"
},{
  "dateTime" : "02/09/16 00:00:00",
  "value" : "0"
},{
  "dateTime" : "02/10/16 00:00:00",
  "value" : "21"
},{
  "dateTime" : "02/11/16 00:00:00",
  "value" : "13"
},{
  "dateTime" : "02/12/16 00:00:00",
  "value" : "11"
},{
  "dateTime" : "02/13/16 00:00:00",
  "value" : "0"
},{
  "dateTime" : "02/14/16 00:00:00",
  "value" : "26"
},{
  "dateTime" : "02/15/16 00:00:00",
  "value" : "0"
},{
  "dateTime" : "02/16/16 00:00:00",
  "value" : "10"
},{
  "dateTime" : "02/17/16 00:00:00",
  "value" : "4"
},{
  "dateTime" : "02/18/16 00:00:00",
  "value" : "9"
},{
  "dateTime" : "02/19/16 00:00:00",
  "value" : "3"
},{
  "dateTime" : "02/20/16 00:00:00",
  "value" : "16"
},{
  "dateTime" : "02/21/16 00:00:00",
  "value" : "10"
},{
  "dateTime" : "02/22/16 00:00:00",
  "value" : "19"
},{
  "dateTime" : "02/23/16 00:00:00",
  "value" : "73"
},{
  "dateTime" : "02/24/16 00:00:00",
  "value" : "7"
},{
  "dateTime" : "02/25/16 00:00:00",
  "value" : "44"
},{
  "dateTime" : "02/26/16 00:00:00",
  "value" : "20"
},{
  "dateTime" : "02/27/16 00:00:00",
  "value" : "0"
},{
  "dateTime" : "02/28/16 00:00:00",
  "value" : "15"
},{
  "dateTime" : "02/29/16 00:00:00",
  "value" : "8"
},{
  "dateTime" : "03/01/16 00:00:00",
  "value" : "41"
},{
  "dateTime" : "03/02/16 00:00:00",
  "value" : "8"
},{
  "dateTime" : "03/03/16 00:00:00",
  "value" : "11"
},{
  "dateTime" : "03/04/16 00:00:00",
  "value" : "44"
}]