[{
  "dateTime" : "06/28/17 00:00:00",
  "value" : "71"
},{
  "dateTime" : "06/29/17 00:00:00",
  "value" : "43"
},{
  "dateTime" : "06/30/17 00:00:00",
  "value" : "96"
},{
  "dateTime" : "07/01/17 00:00:00",
  "value" : "10"
},{
  "dateTime" : "07/02/17 00:00:00",
  "value" : "17"
},{
  "dateTime" : "07/03/17 00:00:00",
  "value" : "37"
},{
  "dateTime" : "07/04/17 00:00:00",
  "value" : "5"
},{
  "dateTime" : "07/05/17 00:00:00",
  "value" : "33"
},{
  "dateTime" : "07/06/17 00:00:00",
  "value" : "12"
},{
  "dateTime" : "07/07/17 00:00:00",
  "value" : "27"
},{
  "dateTime" : "07/08/17 00:00:00",
  "value" : "13"
},{
  "dateTime" : "07/09/17 00:00:00",
  "value" : "12"
},{
  "dateTime" : "07/10/17 00:00:00",
  "value" : "9"
},{
  "dateTime" : "07/11/17 00:00:00",
  "value" : "9"
},{
  "dateTime" : "07/12/17 00:00:00",
  "value" : "18"
},{
  "dateTime" : "07/13/17 00:00:00",
  "value" : "8"
},{
  "dateTime" : "07/14/17 00:00:00",
  "value" : "24"
},{
  "dateTime" : "07/15/17 00:00:00",
  "value" : "97"
},{
  "dateTime" : "07/16/17 00:00:00",
  "value" : "16"
},{
  "dateTime" : "07/17/17 00:00:00",
  "value" : "9"
},{
  "dateTime" : "07/18/17 00:00:00",
  "value" : "10"
},{
  "dateTime" : "07/19/17 00:00:00",
  "value" : "18"
},{
  "dateTime" : "07/20/17 00:00:00",
  "value" : "7"
},{
  "dateTime" : "07/21/17 00:00:00",
  "value" : "2"
},{
  "dateTime" : "07/22/17 00:00:00",
  "value" : "13"
},{
  "dateTime" : "07/23/17 00:00:00",
  "value" : "2"
},{
  "dateTime" : "07/24/17 00:00:00",
  "value" : "0"
},{
  "dateTime" : "07/25/17 00:00:00",
  "value" : "8"
},{
  "dateTime" : "07/26/17 00:00:00",
  "value" : "5"
},{
  "dateTime" : "07/27/17 00:00:00",
  "value" : "17"
}]