[{
  "dateTime" : "11/06/15 00:00:00",
  "value" : "11"
},{
  "dateTime" : "11/07/15 00:00:00",
  "value" : "14"
},{
  "dateTime" : "11/08/15 00:00:00",
  "value" : "0"
},{
  "dateTime" : "11/09/15 00:00:00",
  "value" : "0"
},{
  "dateTime" : "11/10/15 00:00:00",
  "value" : "48"
},{
  "dateTime" : "11/11/15 00:00:00",
  "value" : "5"
},{
  "dateTime" : "11/12/15 00:00:00",
  "value" : "29"
},{
  "dateTime" : "11/13/15 00:00:00",
  "value" : "0"
},{
  "dateTime" : "11/14/15 00:00:00",
  "value" : "22"
},{
  "dateTime" : "11/15/15 00:00:00",
  "value" : "4"
},{
  "dateTime" : "11/16/15 00:00:00",
  "value" : "11"
},{
  "dateTime" : "11/17/15 00:00:00",
  "value" : "6"
},{
  "dateTime" : "11/18/15 00:00:00",
  "value" : "16"
},{
  "dateTime" : "11/19/15 00:00:00",
  "value" : "24"
},{
  "dateTime" : "11/20/15 00:00:00",
  "value" : "13"
},{
  "dateTime" : "11/21/15 00:00:00",
  "value" : "17"
},{
  "dateTime" : "11/22/15 00:00:00",
  "value" : "0"
},{
  "dateTime" : "11/23/15 00:00:00",
  "value" : "0"
},{
  "dateTime" : "11/24/15 00:00:00",
  "value" : "0"
},{
  "dateTime" : "11/25/15 00:00:00",
  "value" : "5"
},{
  "dateTime" : "11/26/15 00:00:00",
  "value" : "5"
},{
  "dateTime" : "11/27/15 00:00:00",
  "value" : "23"
},{
  "dateTime" : "11/28/15 00:00:00",
  "value" : "0"
},{
  "dateTime" : "11/29/15 00:00:00",
  "value" : "0"
},{
  "dateTime" : "11/30/15 00:00:00",
  "value" : "10"
},{
  "dateTime" : "12/01/15 00:00:00",
  "value" : "17"
},{
  "dateTime" : "12/02/15 00:00:00",
  "value" : "12"
},{
  "dateTime" : "12/03/15 00:00:00",
  "value" : "26"
},{
  "dateTime" : "12/04/15 00:00:00",
  "value" : "19"
},{
  "dateTime" : "12/05/15 00:00:00",
  "value" : "0"
}]