[{
  "dateTime" : "04/10/15 00:00:00",
  "value" : "5"
},{
  "dateTime" : "04/11/15 00:00:00",
  "value" : "34"
},{
  "dateTime" : "04/12/15 00:00:00",
  "value" : "14"
},{
  "dateTime" : "04/13/15 00:00:00",
  "value" : "15"
},{
  "dateTime" : "04/14/15 00:00:00",
  "value" : "6"
},{
  "dateTime" : "04/15/15 00:00:00",
  "value" : "20"
},{
  "dateTime" : "04/16/15 00:00:00",
  "value" : "23"
},{
  "dateTime" : "04/17/15 00:00:00",
  "value" : "13"
},{
  "dateTime" : "04/18/15 00:00:00",
  "value" : "8"
},{
  "dateTime" : "04/19/15 00:00:00",
  "value" : "6"
},{
  "dateTime" : "04/20/15 00:00:00",
  "value" : "27"
},{
  "dateTime" : "04/21/15 00:00:00",
  "value" : "17"
},{
  "dateTime" : "04/22/15 00:00:00",
  "value" : "0"
},{
  "dateTime" : "04/23/15 00:00:00",
  "value" : "8"
},{
  "dateTime" : "04/24/15 00:00:00",
  "value" : "0"
},{
  "dateTime" : "04/25/15 00:00:00",
  "value" : "8"
},{
  "dateTime" : "04/26/15 00:00:00",
  "value" : "7"
},{
  "dateTime" : "04/27/15 00:00:00",
  "value" : "0"
},{
  "dateTime" : "04/28/15 00:00:00",
  "value" : "6"
},{
  "dateTime" : "04/29/15 00:00:00",
  "value" : "22"
},{
  "dateTime" : "04/30/15 00:00:00",
  "value" : "42"
},{
  "dateTime" : "05/01/15 00:00:00",
  "value" : "27"
},{
  "dateTime" : "05/02/15 00:00:00",
  "value" : "13"
},{
  "dateTime" : "05/03/15 00:00:00",
  "value" : "12"
},{
  "dateTime" : "05/04/15 00:00:00",
  "value" : "13"
},{
  "dateTime" : "05/05/15 00:00:00",
  "value" : "0"
},{
  "dateTime" : "05/06/15 00:00:00",
  "value" : "11"
},{
  "dateTime" : "05/07/15 00:00:00",
  "value" : "5"
},{
  "dateTime" : "05/08/15 00:00:00",
  "value" : "0"
},{
  "dateTime" : "05/09/15 00:00:00",
  "value" : "0"
}]