[{
  "dateTime" : "07/09/15 00:00:00",
  "value" : "1440"
},{
  "dateTime" : "07/10/15 00:00:00",
  "value" : "1440"
},{
  "dateTime" : "07/11/15 00:00:00",
  "value" : "1440"
},{
  "dateTime" : "07/12/15 00:00:00",
  "value" : "1440"
},{
  "dateTime" : "07/13/15 00:00:00",
  "value" : "657"
},{
  "dateTime" : "07/14/15 00:00:00",
  "value" : "926"
},{
  "dateTime" : "07/15/15 00:00:00",
  "value" : "712"
},{
  "dateTime" : "07/16/15 00:00:00",
  "value" : "645"
},{
  "dateTime" : "07/17/15 00:00:00",
  "value" : "436"
},{
  "dateTime" : "07/18/15 00:00:00",
  "value" : "427"
},{
  "dateTime" : "07/19/15 00:00:00",
  "value" : "553"
},{
  "dateTime" : "07/20/15 00:00:00",
  "value" : "700"
},{
  "dateTime" : "07/21/15 00:00:00",
  "value" : "731"
},{
  "dateTime" : "07/22/15 00:00:00",
  "value" : "823"
},{
  "dateTime" : "07/23/15 00:00:00",
  "value" : "825"
},{
  "dateTime" : "07/24/15 00:00:00",
  "value" : "744"
},{
  "dateTime" : "07/25/15 00:00:00",
  "value" : "462"
},{
  "dateTime" : "07/26/15 00:00:00",
  "value" : "634"
},{
  "dateTime" : "07/27/15 00:00:00",
  "value" : "715"
},{
  "dateTime" : "07/28/15 00:00:00",
  "value" : "789"
},{
  "dateTime" : "07/29/15 00:00:00",
  "value" : "825"
},{
  "dateTime" : "07/30/15 00:00:00",
  "value" : "652"
},{
  "dateTime" : "07/31/15 00:00:00",
  "value" : "645"
},{
  "dateTime" : "08/01/15 00:00:00",
  "value" : "462"
},{
  "dateTime" : "08/02/15 00:00:00",
  "value" : "897"
},{
  "dateTime" : "08/03/15 00:00:00",
  "value" : "1252"
},{
  "dateTime" : "08/04/15 00:00:00",
  "value" : "1274"
},{
  "dateTime" : "08/05/15 00:00:00",
  "value" : "1278"
},{
  "dateTime" : "08/06/15 00:00:00",
  "value" : "1221"
},{
  "dateTime" : "08/07/15 00:00:00",
  "value" : "1284"
}]