[{
  "dateTime" : "08/13/14 00:00:00",
  "value" : "1440"
},{
  "dateTime" : "08/14/14 00:00:00",
  "value" : "1440"
},{
  "dateTime" : "08/15/14 00:00:00",
  "value" : "1440"
},{
  "dateTime" : "08/16/14 00:00:00",
  "value" : "1440"
},{
  "dateTime" : "08/17/14 00:00:00",
  "value" : "1440"
},{
  "dateTime" : "08/18/14 00:00:00",
  "value" : "1440"
},{
  "dateTime" : "08/19/14 00:00:00",
  "value" : "1440"
},{
  "dateTime" : "08/20/14 00:00:00",
  "value" : "1440"
},{
  "dateTime" : "08/21/14 00:00:00",
  "value" : "1440"
},{
  "dateTime" : "08/22/14 00:00:00",
  "value" : "1440"
},{
  "dateTime" : "08/23/14 00:00:00",
  "value" : "1440"
},{
  "dateTime" : "08/24/14 00:00:00",
  "value" : "1440"
},{
  "dateTime" : "08/25/14 00:00:00",
  "value" : "1440"
},{
  "dateTime" : "08/26/14 00:00:00",
  "value" : "1440"
},{
  "dateTime" : "08/27/14 00:00:00",
  "value" : "1440"
},{
  "dateTime" : "08/28/14 00:00:00",
  "value" : "1440"
},{
  "dateTime" : "08/29/14 00:00:00",
  "value" : "1440"
},{
  "dateTime" : "08/30/14 00:00:00",
  "value" : "1440"
},{
  "dateTime" : "08/31/14 00:00:00",
  "value" : "1440"
},{
  "dateTime" : "09/01/14 00:00:00",
  "value" : "1440"
},{
  "dateTime" : "09/02/14 00:00:00",
  "value" : "1440"
},{
  "dateTime" : "09/03/14 00:00:00",
  "value" : "1440"
},{
  "dateTime" : "09/04/14 00:00:00",
  "value" : "1440"
},{
  "dateTime" : "09/05/14 00:00:00",
  "value" : "1440"
},{
  "dateTime" : "09/06/14 00:00:00",
  "value" : "1440"
},{
  "dateTime" : "09/07/14 00:00:00",
  "value" : "1440"
},{
  "dateTime" : "09/08/14 00:00:00",
  "value" : "1440"
},{
  "dateTime" : "09/09/14 00:00:00",
  "value" : "1440"
},{
  "dateTime" : "09/10/14 00:00:00",
  "value" : "1440"
},{
  "dateTime" : "09/11/14 00:00:00",
  "value" : "1440"
}]