[{
  "dateTime" : "04/10/15 00:00:00",
  "value" : "710"
},{
  "dateTime" : "04/11/15 00:00:00",
  "value" : "677"
},{
  "dateTime" : "04/12/15 00:00:00",
  "value" : "707"
},{
  "dateTime" : "04/13/15 00:00:00",
  "value" : "748"
},{
  "dateTime" : "04/14/15 00:00:00",
  "value" : "663"
},{
  "dateTime" : "04/15/15 00:00:00",
  "value" : "705"
},{
  "dateTime" : "04/16/15 00:00:00",
  "value" : "907"
},{
  "dateTime" : "04/17/15 00:00:00",
  "value" : "722"
},{
  "dateTime" : "04/18/15 00:00:00",
  "value" : "664"
},{
  "dateTime" : "04/19/15 00:00:00",
  "value" : "678"
},{
  "dateTime" : "04/20/15 00:00:00",
  "value" : "783"
},{
  "dateTime" : "04/21/15 00:00:00",
  "value" : "646"
},{
  "dateTime" : "04/22/15 00:00:00",
  "value" : "733"
},{
  "dateTime" : "04/23/15 00:00:00",
  "value" : "736"
},{
  "dateTime" : "04/24/15 00:00:00",
  "value" : "734"
},{
  "dateTime" : "04/25/15 00:00:00",
  "value" : "685"
},{
  "dateTime" : "04/26/15 00:00:00",
  "value" : "676"
},{
  "dateTime" : "04/27/15 00:00:00",
  "value" : "779"
},{
  "dateTime" : "04/28/15 00:00:00",
  "value" : "835"
},{
  "dateTime" : "04/29/15 00:00:00",
  "value" : "882"
},{
  "dateTime" : "04/30/15 00:00:00",
  "value" : "480"
},{
  "dateTime" : "05/01/15 00:00:00",
  "value" : "658"
},{
  "dateTime" : "05/02/15 00:00:00",
  "value" : "720"
},{
  "dateTime" : "05/03/15 00:00:00",
  "value" : "536"
},{
  "dateTime" : "05/04/15 00:00:00",
  "value" : "761"
},{
  "dateTime" : "05/05/15 00:00:00",
  "value" : "656"
},{
  "dateTime" : "05/06/15 00:00:00",
  "value" : "740"
},{
  "dateTime" : "05/07/15 00:00:00",
  "value" : "559"
},{
  "dateTime" : "05/08/15 00:00:00",
  "value" : "784"
},{
  "dateTime" : "05/09/15 00:00:00",
  "value" : "1440"
}]