[{
  "dateTime" : "12/11/14 00:00:00",
  "value" : "1440"
},{
  "dateTime" : "12/12/14 00:00:00",
  "value" : "1440"
},{
  "dateTime" : "12/13/14 00:00:00",
  "value" : "1440"
},{
  "dateTime" : "12/14/14 00:00:00",
  "value" : "1440"
},{
  "dateTime" : "12/15/14 00:00:00",
  "value" : "1440"
},{
  "dateTime" : "12/16/14 00:00:00",
  "value" : "1440"
},{
  "dateTime" : "12/17/14 00:00:00",
  "value" : "1440"
},{
  "dateTime" : "12/18/14 00:00:00",
  "value" : "1440"
},{
  "dateTime" : "12/19/14 00:00:00",
  "value" : "1440"
},{
  "dateTime" : "12/20/14 00:00:00",
  "value" : "1440"
},{
  "dateTime" : "12/21/14 00:00:00",
  "value" : "1440"
},{
  "dateTime" : "12/22/14 00:00:00",
  "value" : "1440"
},{
  "dateTime" : "12/23/14 00:00:00",
  "value" : "1440"
},{
  "dateTime" : "12/24/14 00:00:00",
  "value" : "1440"
},{
  "dateTime" : "12/25/14 00:00:00",
  "value" : "1440"
},{
  "dateTime" : "12/26/14 00:00:00",
  "value" : "1440"
},{
  "dateTime" : "12/27/14 00:00:00",
  "value" : "1440"
},{
  "dateTime" : "12/28/14 00:00:00",
  "value" : "1440"
},{
  "dateTime" : "12/29/14 00:00:00",
  "value" : "1440"
},{
  "dateTime" : "12/30/14 00:00:00",
  "value" : "1440"
},{
  "dateTime" : "12/31/14 00:00:00",
  "value" : "1440"
},{
  "dateTime" : "01/01/15 00:00:00",
  "value" : "1440"
},{
  "dateTime" : "01/02/15 00:00:00",
  "value" : "1440"
},{
  "dateTime" : "01/03/15 00:00:00",
  "value" : "1440"
},{
  "dateTime" : "01/04/15 00:00:00",
  "value" : "1440"
},{
  "dateTime" : "01/05/15 00:00:00",
  "value" : "1440"
},{
  "dateTime" : "01/06/15 00:00:00",
  "value" : "1440"
},{
  "dateTime" : "01/07/15 00:00:00",
  "value" : "1440"
},{
  "dateTime" : "01/08/15 00:00:00",
  "value" : "1440"
},{
  "dateTime" : "01/09/15 00:00:00",
  "value" : "1440"
}]