[{
  "dateTime" : "09/07/15 00:00:00",
  "value" : "768"
},{
  "dateTime" : "09/08/15 00:00:00",
  "value" : "526"
},{
  "dateTime" : "09/09/15 00:00:00",
  "value" : "641"
},{
  "dateTime" : "09/10/15 00:00:00",
  "value" : "514"
},{
  "dateTime" : "09/11/15 00:00:00",
  "value" : "787"
},{
  "dateTime" : "09/12/15 00:00:00",
  "value" : "736"
},{
  "dateTime" : "09/13/15 00:00:00",
  "value" : "848"
},{
  "dateTime" : "09/14/15 00:00:00",
  "value" : "792"
},{
  "dateTime" : "09/15/15 00:00:00",
  "value" : "808"
},{
  "dateTime" : "09/16/15 00:00:00",
  "value" : "680"
},{
  "dateTime" : "09/17/15 00:00:00",
  "value" : "729"
},{
  "dateTime" : "09/18/15 00:00:00",
  "value" : "795"
},{
  "dateTime" : "09/19/15 00:00:00",
  "value" : "500"
},{
  "dateTime" : "09/20/15 00:00:00",
  "value" : "856"
},{
  "dateTime" : "09/21/15 00:00:00",
  "value" : "883"
},{
  "dateTime" : "09/22/15 00:00:00",
  "value" : "763"
},{
  "dateTime" : "09/23/15 00:00:00",
  "value" : "739"
},{
  "dateTime" : "09/24/15 00:00:00",
  "value" : "552"
},{
  "dateTime" : "09/25/15 00:00:00",
  "value" : "779"
},{
  "dateTime" : "09/26/15 00:00:00",
  "value" : "591"
},{
  "dateTime" : "09/27/15 00:00:00",
  "value" : "807"
},{
  "dateTime" : "09/28/15 00:00:00",
  "value" : "790"
},{
  "dateTime" : "09/29/15 00:00:00",
  "value" : "860"
},{
  "dateTime" : "09/30/15 00:00:00",
  "value" : "815"
},{
  "dateTime" : "10/01/15 00:00:00",
  "value" : "673"
},{
  "dateTime" : "10/02/15 00:00:00",
  "value" : "702"
},{
  "dateTime" : "10/03/15 00:00:00",
  "value" : "666"
},{
  "dateTime" : "10/04/15 00:00:00",
  "value" : "783"
},{
  "dateTime" : "10/05/15 00:00:00",
  "value" : "804"
},{
  "dateTime" : "10/06/15 00:00:00",
  "value" : "849"
}]