[{
  "dateTime" : "12/16/13 00:00:00",
  "value" : "1440"
},{
  "dateTime" : "12/17/13 00:00:00",
  "value" : "1440"
},{
  "dateTime" : "12/18/13 00:00:00",
  "value" : "1440"
},{
  "dateTime" : "12/19/13 00:00:00",
  "value" : "1440"
},{
  "dateTime" : "12/20/13 00:00:00",
  "value" : "1440"
},{
  "dateTime" : "12/21/13 00:00:00",
  "value" : "1440"
},{
  "dateTime" : "12/22/13 00:00:00",
  "value" : "1440"
},{
  "dateTime" : "12/23/13 00:00:00",
  "value" : "1440"
},{
  "dateTime" : "12/24/13 00:00:00",
  "value" : "1440"
},{
  "dateTime" : "12/25/13 00:00:00",
  "value" : "1440"
},{
  "dateTime" : "12/26/13 00:00:00",
  "value" : "1440"
},{
  "dateTime" : "12/27/13 00:00:00",
  "value" : "1440"
},{
  "dateTime" : "12/28/13 00:00:00",
  "value" : "1440"
},{
  "dateTime" : "12/29/13 00:00:00",
  "value" : "1440"
},{
  "dateTime" : "12/30/13 00:00:00",
  "value" : "1440"
},{
  "dateTime" : "12/31/13 00:00:00",
  "value" : "1440"
},{
  "dateTime" : "01/01/14 00:00:00",
  "value" : "1440"
},{
  "dateTime" : "01/02/14 00:00:00",
  "value" : "1440"
},{
  "dateTime" : "01/03/14 00:00:00",
  "value" : "1440"
},{
  "dateTime" : "01/04/14 00:00:00",
  "value" : "1440"
},{
  "dateTime" : "01/05/14 00:00:00",
  "value" : "1440"
},{
  "dateTime" : "01/06/14 00:00:00",
  "value" : "1440"
},{
  "dateTime" : "01/07/14 00:00:00",
  "value" : "1440"
},{
  "dateTime" : "01/08/14 00:00:00",
  "value" : "1440"
},{
  "dateTime" : "01/09/14 00:00:00",
  "value" : "1440"
},{
  "dateTime" : "01/10/14 00:00:00",
  "value" : "1440"
},{
  "dateTime" : "01/11/14 00:00:00",
  "value" : "1440"
},{
  "dateTime" : "01/12/14 00:00:00",
  "value" : "1440"
},{
  "dateTime" : "01/13/14 00:00:00",
  "value" : "1440"
},{
  "dateTime" : "01/14/14 00:00:00",
  "value" : "1440"
}]