[{
  "dateTime" : "03/11/15 00:00:00",
  "value" : "1440"
},{
  "dateTime" : "03/12/15 00:00:00",
  "value" : "1440"
},{
  "dateTime" : "03/13/15 00:00:00",
  "value" : "1440"
},{
  "dateTime" : "03/14/15 00:00:00",
  "value" : "1440"
},{
  "dateTime" : "03/15/15 00:00:00",
  "value" : "1440"
},{
  "dateTime" : "03/16/15 00:00:00",
  "value" : "1440"
},{
  "dateTime" : "03/17/15 00:00:00",
  "value" : "1440"
},{
  "dateTime" : "03/18/15 00:00:00",
  "value" : "1360"
},{
  "dateTime" : "03/19/15 00:00:00",
  "value" : "609"
},{
  "dateTime" : "03/20/15 00:00:00",
  "value" : "876"
},{
  "dateTime" : "03/21/15 00:00:00",
  "value" : "865"
},{
  "dateTime" : "03/22/15 00:00:00",
  "value" : "654"
},{
  "dateTime" : "03/23/15 00:00:00",
  "value" : "737"
},{
  "dateTime" : "03/24/15 00:00:00",
  "value" : "626"
},{
  "dateTime" : "03/25/15 00:00:00",
  "value" : "695"
},{
  "dateTime" : "03/26/15 00:00:00",
  "value" : "571"
},{
  "dateTime" : "03/27/15 00:00:00",
  "value" : "578"
},{
  "dateTime" : "03/28/15 00:00:00",
  "value" : "819"
},{
  "dateTime" : "03/29/15 00:00:00",
  "value" : "467"
},{
  "dateTime" : "03/30/15 00:00:00",
  "value" : "765"
},{
  "dateTime" : "03/31/15 00:00:00",
  "value" : "765"
},{
  "dateTime" : "04/01/15 00:00:00",
  "value" : "818"
},{
  "dateTime" : "04/02/15 00:00:00",
  "value" : "534"
},{
  "dateTime" : "04/03/15 00:00:00",
  "value" : "659"
},{
  "dateTime" : "04/04/15 00:00:00",
  "value" : "659"
},{
  "dateTime" : "04/05/15 00:00:00",
  "value" : "919"
},{
  "dateTime" : "04/06/15 00:00:00",
  "value" : "814"
},{
  "dateTime" : "04/07/15 00:00:00",
  "value" : "806"
},{
  "dateTime" : "04/08/15 00:00:00",
  "value" : "731"
},{
  "dateTime" : "04/09/15 00:00:00",
  "value" : "779"
}]