[{
  "dateTime" : "02/14/14 00:00:00",
  "value" : "1440"
},{
  "dateTime" : "02/15/14 00:00:00",
  "value" : "1440"
},{
  "dateTime" : "02/16/14 00:00:00",
  "value" : "1440"
},{
  "dateTime" : "02/17/14 00:00:00",
  "value" : "1440"
},{
  "dateTime" : "02/18/14 00:00:00",
  "value" : "1440"
},{
  "dateTime" : "02/19/14 00:00:00",
  "value" : "1440"
},{
  "dateTime" : "02/20/14 00:00:00",
  "value" : "1440"
},{
  "dateTime" : "02/21/14 00:00:00",
  "value" : "1440"
},{
  "dateTime" : "02/22/14 00:00:00",
  "value" : "1440"
},{
  "dateTime" : "02/23/14 00:00:00",
  "value" : "1440"
},{
  "dateTime" : "02/24/14 00:00:00",
  "value" : "1440"
},{
  "dateTime" : "02/25/14 00:00:00",
  "value" : "1440"
},{
  "dateTime" : "02/26/14 00:00:00",
  "value" : "1440"
},{
  "dateTime" : "02/27/14 00:00:00",
  "value" : "1440"
},{
  "dateTime" : "02/28/14 00:00:00",
  "value" : "1440"
},{
  "dateTime" : "03/01/14 00:00:00",
  "value" : "1440"
},{
  "dateTime" : "03/02/14 00:00:00",
  "value" : "1440"
},{
  "dateTime" : "03/03/14 00:00:00",
  "value" : "1440"
},{
  "dateTime" : "03/04/14 00:00:00",
  "value" : "1440"
},{
  "dateTime" : "03/05/14 00:00:00",
  "value" : "1440"
},{
  "dateTime" : "03/06/14 00:00:00",
  "value" : "1440"
},{
  "dateTime" : "03/07/14 00:00:00",
  "value" : "1440"
},{
  "dateTime" : "03/08/14 00:00:00",
  "value" : "1440"
},{
  "dateTime" : "03/09/14 00:00:00",
  "value" : "1440"
},{
  "dateTime" : "03/10/14 00:00:00",
  "value" : "1440"
},{
  "dateTime" : "03/11/14 00:00:00",
  "value" : "1440"
},{
  "dateTime" : "03/12/14 00:00:00",
  "value" : "1440"
},{
  "dateTime" : "03/13/14 00:00:00",
  "value" : "1440"
},{
  "dateTime" : "03/14/14 00:00:00",
  "value" : "1440"
},{
  "dateTime" : "03/15/14 00:00:00",
  "value" : "1440"
}]