[{
  "dateTime" : "06/14/14 00:00:00",
  "value" : "1440"
},{
  "dateTime" : "06/15/14 00:00:00",
  "value" : "1440"
},{
  "dateTime" : "06/16/14 00:00:00",
  "value" : "1440"
},{
  "dateTime" : "06/17/14 00:00:00",
  "value" : "1440"
},{
  "dateTime" : "06/18/14 00:00:00",
  "value" : "1440"
},{
  "dateTime" : "06/19/14 00:00:00",
  "value" : "1440"
},{
  "dateTime" : "06/20/14 00:00:00",
  "value" : "1440"
},{
  "dateTime" : "06/21/14 00:00:00",
  "value" : "1440"
},{
  "dateTime" : "06/22/14 00:00:00",
  "value" : "1440"
},{
  "dateTime" : "06/23/14 00:00:00",
  "value" : "1440"
},{
  "dateTime" : "06/24/14 00:00:00",
  "value" : "1440"
},{
  "dateTime" : "06/25/14 00:00:00",
  "value" : "1440"
},{
  "dateTime" : "06/26/14 00:00:00",
  "value" : "1440"
},{
  "dateTime" : "06/27/14 00:00:00",
  "value" : "1440"
},{
  "dateTime" : "06/28/14 00:00:00",
  "value" : "1440"
},{
  "dateTime" : "06/29/14 00:00:00",
  "value" : "1440"
},{
  "dateTime" : "06/30/14 00:00:00",
  "value" : "1440"
},{
  "dateTime" : "07/01/14 00:00:00",
  "value" : "1440"
},{
  "dateTime" : "07/02/14 00:00:00",
  "value" : "1440"
},{
  "dateTime" : "07/03/14 00:00:00",
  "value" : "1440"
},{
  "dateTime" : "07/04/14 00:00:00",
  "value" : "1440"
},{
  "dateTime" : "07/05/14 00:00:00",
  "value" : "1440"
},{
  "dateTime" : "07/06/14 00:00:00",
  "value" : "1440"
},{
  "dateTime" : "07/07/14 00:00:00",
  "value" : "1440"
},{
  "dateTime" : "07/08/14 00:00:00",
  "value" : "1440"
},{
  "dateTime" : "07/09/14 00:00:00",
  "value" : "1440"
},{
  "dateTime" : "07/10/14 00:00:00",
  "value" : "1440"
},{
  "dateTime" : "07/11/14 00:00:00",
  "value" : "1440"
},{
  "dateTime" : "07/12/14 00:00:00",
  "value" : "1440"
},{
  "dateTime" : "07/13/14 00:00:00",
  "value" : "1440"
}]