[{
  "dateTime" : "04/15/14 00:00:00",
  "value" : "1440"
},{
  "dateTime" : "04/16/14 00:00:00",
  "value" : "1440"
},{
  "dateTime" : "04/17/14 00:00:00",
  "value" : "1440"
},{
  "dateTime" : "04/18/14 00:00:00",
  "value" : "1440"
},{
  "dateTime" : "04/19/14 00:00:00",
  "value" : "1440"
},{
  "dateTime" : "04/20/14 00:00:00",
  "value" : "1440"
},{
  "dateTime" : "04/21/14 00:00:00",
  "value" : "1440"
},{
  "dateTime" : "04/22/14 00:00:00",
  "value" : "1440"
},{
  "dateTime" : "04/23/14 00:00:00",
  "value" : "1440"
},{
  "dateTime" : "04/24/14 00:00:00",
  "value" : "1440"
},{
  "dateTime" : "04/25/14 00:00:00",
  "value" : "1440"
},{
  "dateTime" : "04/26/14 00:00:00",
  "value" : "1440"
},{
  "dateTime" : "04/27/14 00:00:00",
  "value" : "1440"
},{
  "dateTime" : "04/28/14 00:00:00",
  "value" : "1440"
},{
  "dateTime" : "04/29/14 00:00:00",
  "value" : "1440"
},{
  "dateTime" : "04/30/14 00:00:00",
  "value" : "1440"
},{
  "dateTime" : "05/01/14 00:00:00",
  "value" : "1440"
},{
  "dateTime" : "05/02/14 00:00:00",
  "value" : "1440"
},{
  "dateTime" : "05/03/14 00:00:00",
  "value" : "1440"
},{
  "dateTime" : "05/04/14 00:00:00",
  "value" : "1440"
},{
  "dateTime" : "05/05/14 00:00:00",
  "value" : "1440"
},{
  "dateTime" : "05/06/14 00:00:00",
  "value" : "1440"
},{
  "dateTime" : "05/07/14 00:00:00",
  "value" : "1440"
},{
  "dateTime" : "05/08/14 00:00:00",
  "value" : "1440"
},{
  "dateTime" : "05/09/14 00:00:00",
  "value" : "1440"
},{
  "dateTime" : "05/10/14 00:00:00",
  "value" : "1440"
},{
  "dateTime" : "05/11/14 00:00:00",
  "value" : "1440"
},{
  "dateTime" : "05/12/14 00:00:00",
  "value" : "1440"
},{
  "dateTime" : "05/13/14 00:00:00",
  "value" : "1440"
},{
  "dateTime" : "05/14/14 00:00:00",
  "value" : "1440"
}]