[{
  "dateTime" : "02/09/15 00:00:00",
  "value" : "1440"
},{
  "dateTime" : "02/10/15 00:00:00",
  "value" : "1440"
},{
  "dateTime" : "02/11/15 00:00:00",
  "value" : "1440"
},{
  "dateTime" : "02/12/15 00:00:00",
  "value" : "1440"
},{
  "dateTime" : "02/13/15 00:00:00",
  "value" : "1440"
},{
  "dateTime" : "02/14/15 00:00:00",
  "value" : "1440"
},{
  "dateTime" : "02/15/15 00:00:00",
  "value" : "1440"
},{
  "dateTime" : "02/16/15 00:00:00",
  "value" : "1440"
},{
  "dateTime" : "02/17/15 00:00:00",
  "value" : "1440"
},{
  "dateTime" : "02/18/15 00:00:00",
  "value" : "1440"
},{
  "dateTime" : "02/19/15 00:00:00",
  "value" : "1440"
},{
  "dateTime" : "02/20/15 00:00:00",
  "value" : "1440"
},{
  "dateTime" : "02/21/15 00:00:00",
  "value" : "1440"
},{
  "dateTime" : "02/22/15 00:00:00",
  "value" : "1440"
},{
  "dateTime" : "02/23/15 00:00:00",
  "value" : "1440"
},{
  "dateTime" : "02/24/15 00:00:00",
  "value" : "1440"
},{
  "dateTime" : "02/25/15 00:00:00",
  "value" : "1440"
},{
  "dateTime" : "02/26/15 00:00:00",
  "value" : "1440"
},{
  "dateTime" : "02/27/15 00:00:00",
  "value" : "1440"
},{
  "dateTime" : "02/28/15 00:00:00",
  "value" : "1440"
},{
  "dateTime" : "03/01/15 00:00:00",
  "value" : "1440"
},{
  "dateTime" : "03/02/15 00:00:00",
  "value" : "1440"
},{
  "dateTime" : "03/03/15 00:00:00",
  "value" : "1440"
},{
  "dateTime" : "03/04/15 00:00:00",
  "value" : "1440"
},{
  "dateTime" : "03/05/15 00:00:00",
  "value" : "1440"
},{
  "dateTime" : "03/06/15 00:00:00",
  "value" : "1440"
},{
  "dateTime" : "03/07/15 00:00:00",
  "value" : "1440"
},{
  "dateTime" : "03/08/15 00:00:00",
  "value" : "1440"
},{
  "dateTime" : "03/09/15 00:00:00",
  "value" : "1440"
},{
  "dateTime" : "03/10/15 00:00:00",
  "value" : "1440"
}]