[{
  "dateTime" : "06/09/15 00:00:00",
  "value" : "807"
},{
  "dateTime" : "06/10/15 00:00:00",
  "value" : "579"
},{
  "dateTime" : "06/11/15 00:00:00",
  "value" : "736"
},{
  "dateTime" : "06/12/15 00:00:00",
  "value" : "841"
},{
  "dateTime" : "06/13/15 00:00:00",
  "value" : "965"
},{
  "dateTime" : "06/14/15 00:00:00",
  "value" : "712"
},{
  "dateTime" : "06/15/15 00:00:00",
  "value" : "673"
},{
  "dateTime" : "06/16/15 00:00:00",
  "value" : "678"
},{
  "dateTime" : "06/17/15 00:00:00",
  "value" : "734"
},{
  "dateTime" : "06/18/15 00:00:00",
  "value" : "687"
},{
  "dateTime" : "06/19/15 00:00:00",
  "value" : "639"
},{
  "dateTime" : "06/20/15 00:00:00",
  "value" : "487"
},{
  "dateTime" : "06/21/15 00:00:00",
  "value" : "648"
},{
  "dateTime" : "06/22/15 00:00:00",
  "value" : "919"
},{
  "dateTime" : "06/23/15 00:00:00",
  "value" : "667"
},{
  "dateTime" : "06/24/15 00:00:00",
  "value" : "825"
},{
  "dateTime" : "06/25/15 00:00:00",
  "value" : "840"
},{
  "dateTime" : "06/26/15 00:00:00",
  "value" : "863"
},{
  "dateTime" : "06/27/15 00:00:00",
  "value" : "453"
},{
  "dateTime" : "06/28/15 00:00:00",
  "value" : "757"
},{
  "dateTime" : "06/29/15 00:00:00",
  "value" : "429"
},{
  "dateTime" : "06/30/15 00:00:00",
  "value" : "975"
},{
  "dateTime" : "07/01/15 00:00:00",
  "value" : "1440"
},{
  "dateTime" : "07/02/15 00:00:00",
  "value" : "1440"
},{
  "dateTime" : "07/03/15 00:00:00",
  "value" : "1440"
},{
  "dateTime" : "07/04/15 00:00:00",
  "value" : "1404"
},{
  "dateTime" : "07/05/15 00:00:00",
  "value" : "1440"
},{
  "dateTime" : "07/06/15 00:00:00",
  "value" : "1440"
},{
  "dateTime" : "07/07/15 00:00:00",
  "value" : "1440"
},{
  "dateTime" : "07/08/15 00:00:00",
  "value" : "1440"
}]