[{
  "dateTime" : "08/08/15 00:00:00",
  "value" : "951"
},{
  "dateTime" : "08/09/15 00:00:00",
  "value" : "1202"
},{
  "dateTime" : "08/10/15 00:00:00",
  "value" : "1297"
},{
  "dateTime" : "08/11/15 00:00:00",
  "value" : "1395"
},{
  "dateTime" : "08/12/15 00:00:00",
  "value" : "1440"
},{
  "dateTime" : "08/13/15 00:00:00",
  "value" : "1440"
},{
  "dateTime" : "08/14/15 00:00:00",
  "value" : "1440"
},{
  "dateTime" : "08/15/15 00:00:00",
  "value" : "1440"
},{
  "dateTime" : "08/16/15 00:00:00",
  "value" : "1440"
},{
  "dateTime" : "08/17/15 00:00:00",
  "value" : "1440"
},{
  "dateTime" : "08/18/15 00:00:00",
  "value" : "1440"
},{
  "dateTime" : "08/19/15 00:00:00",
  "value" : "1440"
},{
  "dateTime" : "08/20/15 00:00:00",
  "value" : "1340"
},{
  "dateTime" : "08/21/15 00:00:00",
  "value" : "678"
},{
  "dateTime" : "08/22/15 00:00:00",
  "value" : "813"
},{
  "dateTime" : "08/23/15 00:00:00",
  "value" : "1090"
},{
  "dateTime" : "08/24/15 00:00:00",
  "value" : "767"
},{
  "dateTime" : "08/25/15 00:00:00",
  "value" : "768"
},{
  "dateTime" : "08/26/15 00:00:00",
  "value" : "789"
},{
  "dateTime" : "08/27/15 00:00:00",
  "value" : "686"
},{
  "dateTime" : "08/28/15 00:00:00",
  "value" : "582"
},{
  "dateTime" : "08/29/15 00:00:00",
  "value" : "478"
},{
  "dateTime" : "08/30/15 00:00:00",
  "value" : "732"
},{
  "dateTime" : "08/31/15 00:00:00",
  "value" : "843"
},{
  "dateTime" : "09/01/15 00:00:00",
  "value" : "634"
},{
  "dateTime" : "09/02/15 00:00:00",
  "value" : "704"
},{
  "dateTime" : "09/03/15 00:00:00",
  "value" : "717"
},{
  "dateTime" : "09/04/15 00:00:00",
  "value" : "632"
},{
  "dateTime" : "09/05/15 00:00:00",
  "value" : "428"
},{
  "dateTime" : "09/06/15 00:00:00",
  "value" : "687"
}]