[{
  "dateTime" : "05/10/15 00:00:00",
  "value" : "1440"
},{
  "dateTime" : "05/11/15 00:00:00",
  "value" : "1440"
},{
  "dateTime" : "05/12/15 00:00:00",
  "value" : "1440"
},{
  "dateTime" : "05/13/15 00:00:00",
  "value" : "1440"
},{
  "dateTime" : "05/14/15 00:00:00",
  "value" : "1440"
},{
  "dateTime" : "05/15/15 00:00:00",
  "value" : "1440"
},{
  "dateTime" : "05/16/15 00:00:00",
  "value" : "1440"
},{
  "dateTime" : "05/17/15 00:00:00",
  "value" : "1440"
},{
  "dateTime" : "05/18/15 00:00:00",
  "value" : "1440"
},{
  "dateTime" : "05/19/15 00:00:00",
  "value" : "1337"
},{
  "dateTime" : "05/20/15 00:00:00",
  "value" : "848"
},{
  "dateTime" : "05/21/15 00:00:00",
  "value" : "648"
},{
  "dateTime" : "05/22/15 00:00:00",
  "value" : "807"
},{
  "dateTime" : "05/23/15 00:00:00",
  "value" : "360"
},{
  "dateTime" : "05/24/15 00:00:00",
  "value" : "621"
},{
  "dateTime" : "05/25/15 00:00:00",
  "value" : "786"
},{
  "dateTime" : "05/26/15 00:00:00",
  "value" : "797"
},{
  "dateTime" : "05/27/15 00:00:00",
  "value" : "857"
},{
  "dateTime" : "05/28/15 00:00:00",
  "value" : "635"
},{
  "dateTime" : "05/29/15 00:00:00",
  "value" : "476"
},{
  "dateTime" : "05/30/15 00:00:00",
  "value" : "1236"
},{
  "dateTime" : "05/31/15 00:00:00",
  "value" : "529"
},{
  "dateTime" : "06/01/15 00:00:00",
  "value" : "758"
},{
  "dateTime" : "06/02/15 00:00:00",
  "value" : "699"
},{
  "dateTime" : "06/03/15 00:00:00",
  "value" : "664"
},{
  "dateTime" : "06/04/15 00:00:00",
  "value" : "300"
},{
  "dateTime" : "06/05/15 00:00:00",
  "value" : "741"
},{
  "dateTime" : "06/06/15 00:00:00",
  "value" : "496"
},{
  "dateTime" : "06/07/15 00:00:00",
  "value" : "1198"
},{
  "dateTime" : "06/08/15 00:00:00",
  "value" : "663"
}]