[{
  "dateTime" : "01/29/17 00:00:00",
  "value" : "0"
},{
  "dateTime" : "01/30/17 00:00:00",
  "value" : "0"
},{
  "dateTime" : "01/31/17 00:00:00",
  "value" : "0"
},{
  "dateTime" : "02/01/17 00:00:00",
  "value" : "0"
},{
  "dateTime" : "02/02/17 00:00:00",
  "value" : "0"
},{
  "dateTime" : "02/03/17 00:00:00",
  "value" : "0"
},{
  "dateTime" : "02/04/17 00:00:00",
  "value" : "0"
},{
  "dateTime" : "02/05/17 00:00:00",
  "value" : "0"
},{
  "dateTime" : "02/06/17 00:00:00",
  "value" : "60"
},{
  "dateTime" : "02/07/17 00:00:00",
  "value" : "5"
},{
  "dateTime" : "02/08/17 00:00:00",
  "value" : "0"
},{
  "dateTime" : "02/09/17 00:00:00",
  "value" : "26"
},{
  "dateTime" : "02/10/17 00:00:00",
  "value" : "12"
},{
  "dateTime" : "02/11/17 00:00:00",
  "value" : "20"
},{
  "dateTime" : "02/12/17 00:00:00",
  "value" : "6"
},{
  "dateTime" : "02/13/17 00:00:00",
  "value" : "26"
},{
  "dateTime" : "02/14/17 00:00:00",
  "value" : "6"
},{
  "dateTime" : "02/15/17 00:00:00",
  "value" : "0"
},{
  "dateTime" : "02/16/17 00:00:00",
  "value" : "22"
},{
  "dateTime" : "02/17/17 00:00:00",
  "value" : "5"
},{
  "dateTime" : "02/18/17 00:00:00",
  "value" : "3"
},{
  "dateTime" : "02/19/17 00:00:00",
  "value" : "2"
},{
  "dateTime" : "02/20/17 00:00:00",
  "value" : "12"
},{
  "dateTime" : "02/21/17 00:00:00",
  "value" : "96"
},{
  "dateTime" : "02/22/17 00:00:00",
  "value" : "83"
},{
  "dateTime" : "02/23/17 00:00:00",
  "value" : "91"
},{
  "dateTime" : "02/24/17 00:00:00",
  "value" : "3"
},{
  "dateTime" : "02/25/17 00:00:00",
  "value" : "1"
},{
  "dateTime" : "02/26/17 00:00:00",
  "value" : "0"
},{
  "dateTime" : "02/27/17 00:00:00",
  "value" : "28"
}]