[{
  "dateTime" : "12/30/16 00:00:00",
  "value" : "0"
},{
  "dateTime" : "12/31/16 00:00:00",
  "value" : "0"
},{
  "dateTime" : "01/01/17 00:00:00",
  "value" : "0"
},{
  "dateTime" : "01/02/17 00:00:00",
  "value" : "0"
},{
  "dateTime" : "01/03/17 00:00:00",
  "value" : "0"
},{
  "dateTime" : "01/04/17 00:00:00",
  "value" : "0"
},{
  "dateTime" : "01/05/17 00:00:00",
  "value" : "0"
},{
  "dateTime" : "01/06/17 00:00:00",
  "value" : "56"
},{
  "dateTime" : "01/07/17 00:00:00",
  "value" : "0"
},{
  "dateTime" : "01/08/17 00:00:00",
  "value" : "0"
},{
  "dateTime" : "01/09/17 00:00:00",
  "value" : "0"
},{
  "dateTime" : "01/10/17 00:00:00",
  "value" : "0"
},{
  "dateTime" : "01/11/17 00:00:00",
  "value" : "123"
},{
  "dateTime" : "01/12/17 00:00:00",
  "value" : "0"
},{
  "dateTime" : "01/13/17 00:00:00",
  "value" : "0"
},{
  "dateTime" : "01/14/17 00:00:00",
  "value" : "0"
},{
  "dateTime" : "01/15/17 00:00:00",
  "value" : "0"
},{
  "dateTime" : "01/16/17 00:00:00",
  "value" : "0"
},{
  "dateTime" : "01/17/17 00:00:00",
  "value" : "0"
},{
  "dateTime" : "01/18/17 00:00:00",
  "value" : "0"
},{
  "dateTime" : "01/19/17 00:00:00",
  "value" : "0"
},{
  "dateTime" : "01/20/17 00:00:00",
  "value" : "0"
},{
  "dateTime" : "01/21/17 00:00:00",
  "value" : "0"
},{
  "dateTime" : "01/22/17 00:00:00",
  "value" : "0"
},{
  "dateTime" : "01/23/17 00:00:00",
  "value" : "54"
},{
  "dateTime" : "01/24/17 00:00:00",
  "value" : "0"
},{
  "dateTime" : "01/25/17 00:00:00",
  "value" : "0"
},{
  "dateTime" : "01/26/17 00:00:00",
  "value" : "0"
},{
  "dateTime" : "01/27/17 00:00:00",
  "value" : "0"
},{
  "dateTime" : "01/28/17 00:00:00",
  "value" : "0"
}]