[{
  "dateTime" : "07/09/15 00:00:00",
  "value" : "0"
},{
  "dateTime" : "07/10/15 00:00:00",
  "value" : "0"
},{
  "dateTime" : "07/11/15 00:00:00",
  "value" : "0"
},{
  "dateTime" : "07/12/15 00:00:00",
  "value" : "0"
},{
  "dateTime" : "07/13/15 00:00:00",
  "value" : "21"
},{
  "dateTime" : "07/14/15 00:00:00",
  "value" : "0"
},{
  "dateTime" : "07/15/15 00:00:00",
  "value" : "22"
},{
  "dateTime" : "07/16/15 00:00:00",
  "value" : "45"
},{
  "dateTime" : "07/17/15 00:00:00",
  "value" : "0"
},{
  "dateTime" : "07/18/15 00:00:00",
  "value" : "2"
},{
  "dateTime" : "07/19/15 00:00:00",
  "value" : "14"
},{
  "dateTime" : "07/20/15 00:00:00",
  "value" : "6"
},{
  "dateTime" : "07/21/15 00:00:00",
  "value" : "18"
},{
  "dateTime" : "07/22/15 00:00:00",
  "value" : "4"
},{
  "dateTime" : "07/23/15 00:00:00",
  "value" : "12"
},{
  "dateTime" : "07/24/15 00:00:00",
  "value" : "31"
},{
  "dateTime" : "07/25/15 00:00:00",
  "value" : "0"
},{
  "dateTime" : "07/26/15 00:00:00",
  "value" : "42"
},{
  "dateTime" : "07/27/15 00:00:00",
  "value" : "17"
},{
  "dateTime" : "07/28/15 00:00:00",
  "value" : "10"
},{
  "dateTime" : "07/29/15 00:00:00",
  "value" : "8"
},{
  "dateTime" : "07/30/15 00:00:00",
  "value" : "48"
},{
  "dateTime" : "07/31/15 00:00:00",
  "value" : "0"
},{
  "dateTime" : "08/01/15 00:00:00",
  "value" : "0"
},{
  "dateTime" : "08/02/15 00:00:00",
  "value" : "0"
},{
  "dateTime" : "08/03/15 00:00:00",
  "value" : "0"
},{
  "dateTime" : "08/04/15 00:00:00",
  "value" : "7"
},{
  "dateTime" : "08/05/15 00:00:00",
  "value" : "0"
},{
  "dateTime" : "08/06/15 00:00:00",
  "value" : "61"
},{
  "dateTime" : "08/07/15 00:00:00",
  "value" : "3"
}]