[{
  "dateTime" : "03/30/17 00:00:00",
  "value" : "3"
},{
  "dateTime" : "03/31/17 00:00:00",
  "value" : "27"
},{
  "dateTime" : "04/01/17 00:00:00",
  "value" : "53"
},{
  "dateTime" : "04/02/17 00:00:00",
  "value" : "8"
},{
  "dateTime" : "04/03/17 00:00:00",
  "value" : "2"
},{
  "dateTime" : "04/04/17 00:00:00",
  "value" : "8"
},{
  "dateTime" : "04/05/17 00:00:00",
  "value" : "0"
},{
  "dateTime" : "04/06/17 00:00:00",
  "value" : "6"
},{
  "dateTime" : "04/07/17 00:00:00",
  "value" : "19"
},{
  "dateTime" : "04/08/17 00:00:00",
  "value" : "0"
},{
  "dateTime" : "04/09/17 00:00:00",
  "value" : "34"
},{
  "dateTime" : "04/10/17 00:00:00",
  "value" : "0"
},{
  "dateTime" : "04/11/17 00:00:00",
  "value" : "12"
},{
  "dateTime" : "04/12/17 00:00:00",
  "value" : "37"
},{
  "dateTime" : "04/13/17 00:00:00",
  "value" : "18"
},{
  "dateTime" : "04/14/17 00:00:00",
  "value" : "10"
},{
  "dateTime" : "04/15/17 00:00:00",
  "value" : "57"
},{
  "dateTime" : "04/16/17 00:00:00",
  "value" : "86"
},{
  "dateTime" : "04/17/17 00:00:00",
  "value" : "75"
},{
  "dateTime" : "04/18/17 00:00:00",
  "value" : "75"
},{
  "dateTime" : "04/19/17 00:00:00",
  "value" : "5"
},{
  "dateTime" : "04/20/17 00:00:00",
  "value" : "20"
},{
  "dateTime" : "04/21/17 00:00:00",
  "value" : "0"
},{
  "dateTime" : "04/22/17 00:00:00",
  "value" : "0"
},{
  "dateTime" : "04/23/17 00:00:00",
  "value" : "24"
},{
  "dateTime" : "04/24/17 00:00:00",
  "value" : "3"
},{
  "dateTime" : "04/25/17 00:00:00",
  "value" : "14"
},{
  "dateTime" : "04/26/17 00:00:00",
  "value" : "7"
},{
  "dateTime" : "04/27/17 00:00:00",
  "value" : "20"
},{
  "dateTime" : "04/28/17 00:00:00",
  "value" : "0"
}]