[{
  "dateTime" : "04/29/17 00:00:00",
  "value" : "0"
},{
  "dateTime" : "04/30/17 00:00:00",
  "value" : "78"
},{
  "dateTime" : "05/01/17 00:00:00",
  "value" : "2"
},{
  "dateTime" : "05/02/17 00:00:00",
  "value" : "12"
},{
  "dateTime" : "05/03/17 00:00:00",
  "value" : "12"
},{
  "dateTime" : "05/04/17 00:00:00",
  "value" : "27"
},{
  "dateTime" : "05/05/17 00:00:00",
  "value" : "29"
},{
  "dateTime" : "05/06/17 00:00:00",
  "value" : "11"
},{
  "dateTime" : "05/07/17 00:00:00",
  "value" : "0"
},{
  "dateTime" : "05/08/17 00:00:00",
  "value" : "0"
},{
  "dateTime" : "05/09/17 00:00:00",
  "value" : "42"
},{
  "dateTime" : "05/10/17 00:00:00",
  "value" : "81"
},{
  "dateTime" : "05/11/17 00:00:00",
  "value" : "16"
},{
  "dateTime" : "05/12/17 00:00:00",
  "value" : "54"
},{
  "dateTime" : "05/13/17 00:00:00",
  "value" : "10"
},{
  "dateTime" : "05/14/17 00:00:00",
  "value" : "0"
},{
  "dateTime" : "05/15/17 00:00:00",
  "value" : "0"
},{
  "dateTime" : "05/16/17 00:00:00",
  "value" : "0"
},{
  "dateTime" : "05/17/17 00:00:00",
  "value" : "0"
},{
  "dateTime" : "05/18/17 00:00:00",
  "value" : "14"
},{
  "dateTime" : "05/19/17 00:00:00",
  "value" : "8"
},{
  "dateTime" : "05/20/17 00:00:00",
  "value" : "12"
},{
  "dateTime" : "05/21/17 00:00:00",
  "value" : "0"
},{
  "dateTime" : "05/22/17 00:00:00",
  "value" : "0"
},{
  "dateTime" : "05/23/17 00:00:00",
  "value" : "0"
},{
  "dateTime" : "05/24/17 00:00:00",
  "value" : "0"
},{
  "dateTime" : "05/25/17 00:00:00",
  "value" : "34"
},{
  "dateTime" : "05/26/17 00:00:00",
  "value" : "8"
},{
  "dateTime" : "05/27/17 00:00:00",
  "value" : "40"
},{
  "dateTime" : "05/28/17 00:00:00",
  "value" : "0"
}]