[{
  "dateTime" : "05/29/17 00:00:00",
  "value" : "9"
},{
  "dateTime" : "05/30/17 00:00:00",
  "value" : "8"
},{
  "dateTime" : "05/31/17 00:00:00",
  "value" : "2"
},{
  "dateTime" : "06/01/17 00:00:00",
  "value" : "52"
},{
  "dateTime" : "06/02/17 00:00:00",
  "value" : "0"
},{
  "dateTime" : "06/03/17 00:00:00",
  "value" : "6"
},{
  "dateTime" : "06/04/17 00:00:00",
  "value" : "63"
},{
  "dateTime" : "06/05/17 00:00:00",
  "value" : "0"
},{
  "dateTime" : "06/06/17 00:00:00",
  "value" : "26"
},{
  "dateTime" : "06/07/17 00:00:00",
  "value" : "0"
},{
  "dateTime" : "06/08/17 00:00:00",
  "value" : "13"
},{
  "dateTime" : "06/09/17 00:00:00",
  "value" : "1"
},{
  "dateTime" : "06/10/17 00:00:00",
  "value" : "0"
},{
  "dateTime" : "06/11/17 00:00:00",
  "value" : "0"
},{
  "dateTime" : "06/12/17 00:00:00",
  "value" : "0"
},{
  "dateTime" : "06/13/17 00:00:00",
  "value" : "2"
},{
  "dateTime" : "06/14/17 00:00:00",
  "value" : "28"
},{
  "dateTime" : "06/15/17 00:00:00",
  "value" : "1"
},{
  "dateTime" : "06/16/17 00:00:00",
  "value" : "0"
},{
  "dateTime" : "06/17/17 00:00:00",
  "value" : "0"
},{
  "dateTime" : "06/18/17 00:00:00",
  "value" : "0"
},{
  "dateTime" : "06/19/17 00:00:00",
  "value" : "10"
},{
  "dateTime" : "06/20/17 00:00:00",
  "value" : "9"
},{
  "dateTime" : "06/21/17 00:00:00",
  "value" : "24"
},{
  "dateTime" : "06/22/17 00:00:00",
  "value" : "19"
},{
  "dateTime" : "06/23/17 00:00:00",
  "value" : "99"
},{
  "dateTime" : "06/24/17 00:00:00",
  "value" : "122"
},{
  "dateTime" : "06/25/17 00:00:00",
  "value" : "46"
},{
  "dateTime" : "06/26/17 00:00:00",
  "value" : "6"
},{
  "dateTime" : "06/27/17 00:00:00",
  "value" : "47"
}]