[{
  "dateTime" : "09/07/15 00:00:00",
  "value" : "3"
},{
  "dateTime" : "09/08/15 00:00:00",
  "value" : "152"
},{
  "dateTime" : "09/09/15 00:00:00",
  "value" : "0"
},{
  "dateTime" : "09/10/15 00:00:00",
  "value" : "3"
},{
  "dateTime" : "09/11/15 00:00:00",
  "value" : "0"
},{
  "dateTime" : "09/12/15 00:00:00",
  "value" : "0"
},{
  "dateTime" : "09/13/15 00:00:00",
  "value" : "0"
},{
  "dateTime" : "09/14/15 00:00:00",
  "value" : "0"
},{
  "dateTime" : "09/15/15 00:00:00",
  "value" : "0"
},{
  "dateTime" : "09/16/15 00:00:00",
  "value" : "23"
},{
  "dateTime" : "09/17/15 00:00:00",
  "value" : "23"
},{
  "dateTime" : "09/18/15 00:00:00",
  "value" : "6"
},{
  "dateTime" : "09/19/15 00:00:00",
  "value" : "1"
},{
  "dateTime" : "09/20/15 00:00:00",
  "value" : "64"
},{
  "dateTime" : "09/21/15 00:00:00",
  "value" : "15"
},{
  "dateTime" : "09/22/15 00:00:00",
  "value" : "5"
},{
  "dateTime" : "09/23/15 00:00:00",
  "value" : "10"
},{
  "dateTime" : "09/24/15 00:00:00",
  "value" : "20"
},{
  "dateTime" : "09/25/15 00:00:00",
  "value" : "5"
},{
  "dateTime" : "09/26/15 00:00:00",
  "value" : "0"
},{
  "dateTime" : "09/27/15 00:00:00",
  "value" : "5"
},{
  "dateTime" : "09/28/15 00:00:00",
  "value" : "49"
},{
  "dateTime" : "09/29/15 00:00:00",
  "value" : "0"
},{
  "dateTime" : "09/30/15 00:00:00",
  "value" : "0"
},{
  "dateTime" : "10/01/15 00:00:00",
  "value" : "15"
},{
  "dateTime" : "10/02/15 00:00:00",
  "value" : "5"
},{
  "dateTime" : "10/03/15 00:00:00",
  "value" : "9"
},{
  "dateTime" : "10/04/15 00:00:00",
  "value" : "12"
},{
  "dateTime" : "10/05/15 00:00:00",
  "value" : "7"
},{
  "dateTime" : "10/06/15 00:00:00",
  "value" : "10"
}]