[{
  "logId" : 15537366139,
  "dateOfSleep" : "2017-08-18",
  "startTime" : "2017-08-17T23:30:00.000",
  "endTime" : "2017-08-18T07:01:00.000",
  "duration" : 27060000,
  "minutesToFallAsleep" : 0,
  "minutesAsleep" : 438,
  "minutesAwake" : 13,
  "minutesAfterWakeup" : 0,
  "timeInBed" : 451,
  "efficiency" : 97,
  "type" : "classic",
  "infoCode" : 0,
  "logType" : "auto_detected",
  "levels" : {
    "summary" : {
      "restless" : {
        "count" : 8,
        "minutes" : 10
      },
      "awake" : {
        "count" : 1,
        "minutes" : 3
      },
      "asleep" : {
        "count" : 0,
        "minutes" : 438
      }
    },
    "data" : [{
      "dateTime" : "2017-08-17T23:30:00.000",
      "level" : "awake",
      "seconds" : 180
    },{
      "dateTime" : "2017-08-17T23:33:00.000",
      "level" : "restless",
      "seconds" : 120
    },{
      "dateTime" : "2017-08-17T23:35:00.000",
      "level" : "asleep",
      "seconds" : 5940
    },{
      "dateTime" : "2017-08-18T01:14:00.000",
      "level" : "restless",
      "seconds" : 60
    },{
      "dateTime" : "2017-08-18T01:15:00.000",
      "level" : "asleep",
      "seconds" : 4200
    },{
      "dateTime" : "2017-08-18T02:25:00.000",
      "level" : "restless",
      "seconds" : 60
    },{
      "dateTime" : "2017-08-18T02:26:00.000",
      "level" : "asleep",
      "seconds" : 7140
    },{
      "dateTime" : "2017-08-18T04:25:00.000",
      "level" : "restless",
      "seconds" : 60
    },{
      "dateTime" : "2017-08-18T04:26:00.000",
      "level" : "asleep",
      "seconds" : 1320
    },{
      "dateTime" : "2017-08-18T04:48:00.000",
      "level" : "restless",
      "seconds" : 120
    },{
      "dateTime" : "2017-08-18T04:50:00.000",
      "level" : "asleep",
      "seconds" : 300
    },{
      "dateTime" : "2017-08-18T04:55:00.000",
      "level" : "restless",
      "seconds" : 60
    },{
      "dateTime" : "2017-08-18T04:56:00.000",
      "level" : "asleep",
      "seconds" : 1920
    },{
      "dateTime" : "2017-08-18T05:28:00.000",
      "level" : "restless",
      "seconds" : 60
    },{
      "dateTime" : "2017-08-18T05:29:00.000",
      "level" : "asleep",
      "seconds" : 3900
    },{
      "dateTime" : "2017-08-18T06:34:00.000",
      "level" : "restless",
      "seconds" : 60
    },{
      "dateTime" : "2017-08-18T06:35:00.000",
      "level" : "asleep",
      "seconds" : 1560
    }]
  },
  "mainSleep" : true
},{
  "logId" : 15528246238,
  "dateOfSleep" : "2017-08-17",
  "startTime" : "2017-08-16T18:11:00.000",
  "endTime" : "2017-08-17T01:42:30.000",
  "duration" : 27060000,
  "minutesToFallAsleep" : 0,
  "minutesAsleep" : 433,
  "minutesAwake" : 18,
  "minutesAfterWakeup" : 0,
  "timeInBed" : 451,
  "efficiency" : 96,
  "type" : "classic",
  "infoCode" : 0,
  "logType" : "auto_detected",
  "levels" : {
    "summary" : {
      "restless" : {
        "count" : 8,
        "minutes" : 18
      },
      "awake" : {
        "count" : 0,
        "minutes" : 0
      },
      "asleep" : {
        "count" : 0,
        "minutes" : 433
      }
    },
    "data" : [{
      "dateTime" : "2017-08-16T18:11:00.000",
      "level" : "asleep",
      "seconds" : 360
    },{
      "dateTime" : "2017-08-16T18:17:00.000",
      "level" : "restless",
      "seconds" : 60
    },{
      "dateTime" : "2017-08-16T18:18:00.000",
      "level" : "asleep",
      "seconds" : 1860
    },{
      "dateTime" : "2017-08-16T18:49:00.000",
      "level" : "restless",
      "seconds" : 60
    },{
      "dateTime" : "2017-08-16T18:50:00.000",
      "level" : "asleep",
      "seconds" : 5700
    },{
      "dateTime" : "2017-08-16T20:25:00.000",
      "level" : "restless",
      "seconds" : 60
    },{
      "dateTime" : "2017-08-16T20:26:00.000",
      "level" : "asleep",
      "seconds" : 6600
    },{
      "dateTime" : "2017-08-16T22:16:00.000",
      "level" : "restless",
      "seconds" : 60
    },{
      "dateTime" : "2017-08-16T22:17:00.000",
      "level" : "asleep",
      "seconds" : 7200
    },{
      "dateTime" : "2017-08-17T00:17:00.000",
      "level" : "restless",
      "seconds" : 60
    },{
      "dateTime" : "2017-08-17T00:18:00.000",
      "level" : "asleep",
      "seconds" : 2760
    },{
      "dateTime" : "2017-08-17T01:04:00.000",
      "level" : "restless",
      "seconds" : 180
    },{
      "dateTime" : "2017-08-17T01:07:00.000",
      "level" : "asleep",
      "seconds" : 180
    },{
      "dateTime" : "2017-08-17T01:10:00.000",
      "level" : "restless",
      "seconds" : 60
    },{
      "dateTime" : "2017-08-17T01:11:00.000",
      "level" : "asleep",
      "seconds" : 900
    },{
      "dateTime" : "2017-08-17T01:26:00.000",
      "level" : "restless",
      "seconds" : 540
    },{
      "dateTime" : "2017-08-17T01:35:00.000",
      "level" : "asleep",
      "seconds" : 420
    }]
  },
  "mainSleep" : true
},{
  "logId" : 15518719913,
  "dateOfSleep" : "2017-08-16",
  "startTime" : "2017-08-15T22:55:00.000",
  "endTime" : "2017-08-16T04:32:30.000",
  "duration" : 20220000,
  "minutesToFallAsleep" : 0,
  "minutesAsleep" : 292,
  "minutesAwake" : 45,
  "minutesAfterWakeup" : 0,
  "timeInBed" : 337,
  "efficiency" : 87,
  "type" : "classic",
  "infoCode" : 0,
  "logType" : "auto_detected",
  "levels" : {
    "summary" : {
      "restless" : {
        "count" : 17,
        "minutes" : 40
      },
      "awake" : {
        "count" : 3,
        "minutes" : 5
      },
      "asleep" : {
        "count" : 0,
        "minutes" : 292
      }
    },
    "data" : [{
      "dateTime" : "2017-08-15T22:55:00.000",
      "level" : "asleep",
      "seconds" : 2160
    },{
      "dateTime" : "2017-08-15T23:31:00.000",
      "level" : "restless",
      "seconds" : 240
    },{
      "dateTime" : "2017-08-15T23:35:00.000",
      "level" : "awake",
      "seconds" : 60
    },{
      "dateTime" : "2017-08-15T23:36:00.000",
      "level" : "restless",
      "seconds" : 240
    },{
      "dateTime" : "2017-08-15T23:40:00.000",
      "level" : "asleep",
      "seconds" : 120
    },{
      "dateTime" : "2017-08-15T23:42:00.000",
      "level" : "restless",
      "seconds" : 240
    },{
      "dateTime" : "2017-08-15T23:46:00.000",
      "level" : "asleep",
      "seconds" : 360
    },{
      "dateTime" : "2017-08-15T23:52:00.000",
      "level" : "restless",
      "seconds" : 300
    },{
      "dateTime" : "2017-08-15T23:57:00.000",
      "level" : "awake",
      "seconds" : 180
    },{
      "dateTime" : "2017-08-16T00:00:00.000",
      "level" : "restless",
      "seconds" : 120
    },{
      "dateTime" : "2017-08-16T00:02:00.000",
      "level" : "asleep",
      "seconds" : 1140
    },{
      "dateTime" : "2017-08-16T00:21:00.000",
      "level" : "restless",
      "seconds" : 360
    },{
      "dateTime" : "2017-08-16T00:27:00.000",
      "level" : "awake",
      "seconds" : 60
    },{
      "dateTime" : "2017-08-16T00:28:00.000",
      "level" : "restless",
      "seconds" : 60
    },{
      "dateTime" : "2017-08-16T00:29:00.000",
      "level" : "asleep",
      "seconds" : 480
    },{
      "dateTime" : "2017-08-16T00:37:00.000",
      "level" : "restless",
      "seconds" : 60
    },{
      "dateTime" : "2017-08-16T00:38:00.000",
      "level" : "asleep",
      "seconds" : 840
    },{
      "dateTime" : "2017-08-16T00:52:00.000",
      "level" : "restless",
      "seconds" : 120
    },{
      "dateTime" : "2017-08-16T00:54:00.000",
      "level" : "asleep",
      "seconds" : 3720
    },{
      "dateTime" : "2017-08-16T01:56:00.000",
      "level" : "restless",
      "seconds" : 60
    },{
      "dateTime" : "2017-08-16T01:57:00.000",
      "level" : "asleep",
      "seconds" : 3480
    },{
      "dateTime" : "2017-08-16T02:55:00.000",
      "level" : "restless",
      "seconds" : 180
    },{
      "dateTime" : "2017-08-16T02:58:00.000",
      "level" : "asleep",
      "seconds" : 60
    },{
      "dateTime" : "2017-08-16T02:59:00.000",
      "level" : "restless",
      "seconds" : 60
    },{
      "dateTime" : "2017-08-16T03:00:00.000",
      "level" : "asleep",
      "seconds" : 2940
    },{
      "dateTime" : "2017-08-16T03:49:00.000",
      "level" : "restless",
      "seconds" : 60
    },{
      "dateTime" : "2017-08-16T03:50:00.000",
      "level" : "asleep",
      "seconds" : 1140
    },{
      "dateTime" : "2017-08-16T04:09:00.000",
      "level" : "restless",
      "seconds" : 120
    },{
      "dateTime" : "2017-08-16T04:11:00.000",
      "level" : "asleep",
      "seconds" : 120
    },{
      "dateTime" : "2017-08-16T04:13:00.000",
      "level" : "restless",
      "seconds" : 60
    },{
      "dateTime" : "2017-08-16T04:14:00.000",
      "level" : "asleep",
      "seconds" : 300
    },{
      "dateTime" : "2017-08-16T04:19:00.000",
      "level" : "restless",
      "seconds" : 60
    },{
      "dateTime" : "2017-08-16T04:20:00.000",
      "level" : "asleep",
      "seconds" : 120
    },{
      "dateTime" : "2017-08-16T04:22:00.000",
      "level" : "restless",
      "seconds" : 60
    },{
      "dateTime" : "2017-08-16T04:23:00.000",
      "level" : "asleep",
      "seconds" : 540
    }]
  },
  "mainSleep" : true
},{
  "logId" : 15510563858,
  "dateOfSleep" : "2017-08-15",
  "startTime" : "2017-08-15T00:58:30.000",
  "endTime" : "2017-08-15T07:33:30.000",
  "duration" : 23700000,
  "minutesToFallAsleep" : 0,
  "minutesAsleep" : 381,
  "minutesAwake" : 13,
  "minutesAfterWakeup" : 1,
  "timeInBed" : 395,
  "efficiency" : 97,
  "type" : "classic",
  "infoCode" : 0,
  "logType" : "auto_detected",
  "levels" : {
    "summary" : {
      "restless" : {
        "count" : 8,
        "minutes" : 12
      },
      "awake" : {
        "count" : 1,
        "minutes" : 2
      },
      "asleep" : {
        "count" : 0,
        "minutes" : 381
      }
    },
    "data" : [{
      "dateTime" : "2017-08-15T00:58:30.000",
      "level" : "restless",
      "seconds" : 60
    },{
      "dateTime" : "2017-08-15T00:59:30.000",
      "level" : "asleep",
      "seconds" : 1440
    },{
      "dateTime" : "2017-08-15T01:23:30.000",
      "level" : "restless",
      "seconds" : 180
    },{
      "dateTime" : "2017-08-15T01:26:30.000",
      "level" : "awake",
      "seconds" : 120
    },{
      "dateTime" : "2017-08-15T01:28:30.000",
      "level" : "restless",
      "seconds" : 120
    },{
      "dateTime" : "2017-08-15T01:30:30.000",
      "level" : "asleep",
      "seconds" : 10020
    },{
      "dateTime" : "2017-08-15T04:17:30.000",
      "level" : "restless",
      "seconds" : 60
    },{
      "dateTime" : "2017-08-15T04:18:30.000",
      "level" : "asleep",
      "seconds" : 420
    },{
      "dateTime" : "2017-08-15T04:25:30.000",
      "level" : "restless",
      "seconds" : 120
    },{
      "dateTime" : "2017-08-15T04:27:30.000",
      "level" : "asleep",
      "seconds" : 9900
    },{
      "dateTime" : "2017-08-15T07:12:30.000",
      "level" : "restless",
      "seconds" : 60
    },{
      "dateTime" : "2017-08-15T07:13:30.000",
      "level" : "asleep",
      "seconds" : 60
    },{
      "dateTime" : "2017-08-15T07:14:30.000",
      "level" : "restless",
      "seconds" : 60
    },{
      "dateTime" : "2017-08-15T07:15:30.000",
      "level" : "asleep",
      "seconds" : 1020
    },{
      "dateTime" : "2017-08-15T07:32:30.000",
      "level" : "restless",
      "seconds" : 60
    }]
  },
  "mainSleep" : true
},{
  "logId" : 15501358623,
  "dateOfSleep" : "2017-08-14",
  "startTime" : "2017-08-13T23:39:30.000",
  "endTime" : "2017-08-14T06:49:30.000",
  "duration" : 25800000,
  "minutesToFallAsleep" : 0,
  "minutesAsleep" : 420,
  "minutesAwake" : 10,
  "minutesAfterWakeup" : 0,
  "timeInBed" : 430,
  "efficiency" : 98,
  "type" : "classic",
  "infoCode" : 0,
  "logType" : "auto_detected",
  "levels" : {
    "summary" : {
      "restless" : {
        "count" : 5,
        "minutes" : 10
      },
      "awake" : {
        "count" : 0,
        "minutes" : 0
      },
      "asleep" : {
        "count" : 0,
        "minutes" : 420
      }
    },
    "data" : [{
      "dateTime" : "2017-08-13T23:39:30.000",
      "level" : "asleep",
      "seconds" : 4680
    },{
      "dateTime" : "2017-08-14T00:57:30.000",
      "level" : "restless",
      "seconds" : 60
    },{
      "dateTime" : "2017-08-14T00:58:30.000",
      "level" : "asleep",
      "seconds" : 60
    },{
      "dateTime" : "2017-08-14T00:59:30.000",
      "level" : "restless",
      "seconds" : 120
    },{
      "dateTime" : "2017-08-14T01:01:30.000",
      "level" : "asleep",
      "seconds" : 8940
    },{
      "dateTime" : "2017-08-14T03:30:30.000",
      "level" : "restless",
      "seconds" : 60
    },{
      "dateTime" : "2017-08-14T03:31:30.000",
      "level" : "asleep",
      "seconds" : 1620
    },{
      "dateTime" : "2017-08-14T03:58:30.000",
      "level" : "restless",
      "seconds" : 300
    },{
      "dateTime" : "2017-08-14T04:03:30.000",
      "level" : "asleep",
      "seconds" : 2640
    },{
      "dateTime" : "2017-08-14T04:47:30.000",
      "level" : "restless",
      "seconds" : 60
    },{
      "dateTime" : "2017-08-14T04:48:30.000",
      "level" : "asleep",
      "seconds" : 7260
    }]
  },
  "mainSleep" : true
},{
  "logId" : 15493967354,
  "dateOfSleep" : "2017-08-13",
  "startTime" : "2017-08-13T02:31:30.000",
  "endTime" : "2017-08-13T11:10:00.000",
  "duration" : 31080000,
  "minutesToFallAsleep" : 0,
  "minutesAsleep" : 502,
  "minutesAwake" : 16,
  "minutesAfterWakeup" : 0,
  "timeInBed" : 518,
  "efficiency" : 97,
  "type" : "classic",
  "infoCode" : 0,
  "logType" : "auto_detected",
  "levels" : {
    "summary" : {
      "restless" : {
        "count" : 11,
        "minutes" : 12
      },
      "awake" : {
        "count" : 2,
        "minutes" : 4
      },
      "asleep" : {
        "count" : 0,
        "minutes" : 502
      }
    },
    "data" : [{
      "dateTime" : "2017-08-13T02:31:30.000",
      "level" : "awake",
      "seconds" : 180
    },{
      "dateTime" : "2017-08-13T02:34:30.000",
      "level" : "restless",
      "seconds" : 60
    },{
      "dateTime" : "2017-08-13T02:35:30.000",
      "level" : "asleep",
      "seconds" : 6960
    },{
      "dateTime" : "2017-08-13T04:31:30.000",
      "level" : "restless",
      "seconds" : 60
    },{
      "dateTime" : "2017-08-13T04:32:30.000",
      "level" : "asleep",
      "seconds" : 120
    },{
      "dateTime" : "2017-08-13T04:34:30.000",
      "level" : "restless",
      "seconds" : 60
    },{
      "dateTime" : "2017-08-13T04:35:30.000",
      "level" : "asleep",
      "seconds" : 3180
    },{
      "dateTime" : "2017-08-13T05:28:30.000",
      "level" : "restless",
      "seconds" : 60
    },{
      "dateTime" : "2017-08-13T05:29:30.000",
      "level" : "asleep",
      "seconds" : 2640
    },{
      "dateTime" : "2017-08-13T06:13:30.000",
      "level" : "restless",
      "seconds" : 60
    },{
      "dateTime" : "2017-08-13T06:14:30.000",
      "level" : "asleep",
      "seconds" : 2880
    },{
      "dateTime" : "2017-08-13T07:02:30.000",
      "level" : "restless",
      "seconds" : 60
    },{
      "dateTime" : "2017-08-13T07:03:30.000",
      "level" : "asleep",
      "seconds" : 5520
    },{
      "dateTime" : "2017-08-13T08:35:30.000",
      "level" : "restless",
      "seconds" : 60
    },{
      "dateTime" : "2017-08-13T08:36:30.000",
      "level" : "asleep",
      "seconds" : 5640
    },{
      "dateTime" : "2017-08-13T10:10:30.000",
      "level" : "restless",
      "seconds" : 60
    },{
      "dateTime" : "2017-08-13T10:11:30.000",
      "level" : "asleep",
      "seconds" : 180
    },{
      "dateTime" : "2017-08-13T10:14:30.000",
      "level" : "restless",
      "seconds" : 60
    },{
      "dateTime" : "2017-08-13T10:15:30.000",
      "level" : "asleep",
      "seconds" : 60
    },{
      "dateTime" : "2017-08-13T10:16:30.000",
      "level" : "restless",
      "seconds" : 120
    },{
      "dateTime" : "2017-08-13T10:18:30.000",
      "level" : "awake",
      "seconds" : 60
    },{
      "dateTime" : "2017-08-13T10:19:30.000",
      "level" : "asleep",
      "seconds" : 840
    },{
      "dateTime" : "2017-08-13T10:33:30.000",
      "level" : "restless",
      "seconds" : 60
    },{
      "dateTime" : "2017-08-13T10:34:30.000",
      "level" : "asleep",
      "seconds" : 2100
    }]
  },
  "mainSleep" : true
},{
  "logId" : 15465891926,
  "dateOfSleep" : "2017-08-10",
  "startTime" : "2017-08-10T00:15:00.000",
  "endTime" : "2017-08-10T05:13:00.000",
  "duration" : 17880000,
  "minutesToFallAsleep" : 0,
  "minutesAsleep" : 291,
  "minutesAwake" : 7,
  "minutesAfterWakeup" : 0,
  "timeInBed" : 298,
  "efficiency" : 98,
  "type" : "classic",
  "infoCode" : 0,
  "logType" : "auto_detected",
  "levels" : {
    "summary" : {
      "restless" : {
        "count" : 6,
        "minutes" : 7
      },
      "awake" : {
        "count" : 0,
        "minutes" : 0
      },
      "asleep" : {
        "count" : 0,
        "minutes" : 291
      }
    },
    "data" : [{
      "dateTime" : "2017-08-10T00:15:00.000",
      "level" : "asleep",
      "seconds" : 2640
    },{
      "dateTime" : "2017-08-10T00:59:00.000",
      "level" : "restless",
      "seconds" : 60
    },{
      "dateTime" : "2017-08-10T01:00:00.000",
      "level" : "asleep",
      "seconds" : 5580
    },{
      "dateTime" : "2017-08-10T02:33:00.000",
      "level" : "restless",
      "seconds" : 60
    },{
      "dateTime" : "2017-08-10T02:34:00.000",
      "level" : "asleep",
      "seconds" : 720
    },{
      "dateTime" : "2017-08-10T02:46:00.000",
      "level" : "restless",
      "seconds" : 120
    },{
      "dateTime" : "2017-08-10T02:48:00.000",
      "level" : "asleep",
      "seconds" : 1920
    },{
      "dateTime" : "2017-08-10T03:20:00.000",
      "level" : "restless",
      "seconds" : 60
    },{
      "dateTime" : "2017-08-10T03:21:00.000",
      "level" : "asleep",
      "seconds" : 1740
    },{
      "dateTime" : "2017-08-10T03:50:00.000",
      "level" : "restless",
      "seconds" : 60
    },{
      "dateTime" : "2017-08-10T03:51:00.000",
      "level" : "asleep",
      "seconds" : 4380
    },{
      "dateTime" : "2017-08-10T05:04:00.000",
      "level" : "restless",
      "seconds" : 60
    },{
      "dateTime" : "2017-08-10T05:05:00.000",
      "level" : "asleep",
      "seconds" : 480
    }]
  },
  "mainSleep" : true
},{
  "logId" : 15458345985,
  "dateOfSleep" : "2017-08-09",
  "startTime" : "2017-08-08T23:14:30.000",
  "endTime" : "2017-08-09T08:38:00.000",
  "duration" : 33780000,
  "minutesToFallAsleep" : 0,
  "minutesAsleep" : 544,
  "minutesAwake" : 18,
  "minutesAfterWakeup" : 1,
  "timeInBed" : 563,
  "efficiency" : 97,
  "type" : "classic",
  "infoCode" : 0,
  "logType" : "auto_detected",
  "levels" : {
    "summary" : {
      "restless" : {
        "count" : 9,
        "minutes" : 18
      },
      "awake" : {
        "count" : 1,
        "minutes" : 1
      },
      "asleep" : {
        "count" : 0,
        "minutes" : 544
      }
    },
    "data" : [{
      "dateTime" : "2017-08-08T23:14:30.000",
      "level" : "restless",
      "seconds" : 60
    },{
      "dateTime" : "2017-08-08T23:15:30.000",
      "level" : "asleep",
      "seconds" : 600
    },{
      "dateTime" : "2017-08-08T23:25:30.000",
      "level" : "restless",
      "seconds" : 360
    },{
      "dateTime" : "2017-08-08T23:31:30.000",
      "level" : "asleep",
      "seconds" : 540
    },{
      "dateTime" : "2017-08-08T23:40:30.000",
      "level" : "restless",
      "seconds" : 60
    },{
      "dateTime" : "2017-08-08T23:41:30.000",
      "level" : "asleep",
      "seconds" : 480
    },{
      "dateTime" : "2017-08-08T23:49:30.000",
      "level" : "restless",
      "seconds" : 300
    },{
      "dateTime" : "2017-08-08T23:54:30.000",
      "level" : "asleep",
      "seconds" : 7620
    },{
      "dateTime" : "2017-08-09T02:01:30.000",
      "level" : "restless",
      "seconds" : 60
    },{
      "dateTime" : "2017-08-09T02:02:30.000",
      "level" : "asleep",
      "seconds" : 14880
    },{
      "dateTime" : "2017-08-09T06:10:30.000",
      "level" : "restless",
      "seconds" : 60
    },{
      "dateTime" : "2017-08-09T06:11:30.000",
      "level" : "asleep",
      "seconds" : 2520
    },{
      "dateTime" : "2017-08-09T06:53:30.000",
      "level" : "restless",
      "seconds" : 60
    },{
      "dateTime" : "2017-08-09T06:54:30.000",
      "level" : "asleep",
      "seconds" : 4200
    },{
      "dateTime" : "2017-08-09T08:04:30.000",
      "level" : "restless",
      "seconds" : 60
    },{
      "dateTime" : "2017-08-09T08:05:30.000",
      "level" : "awake",
      "seconds" : 60
    },{
      "dateTime" : "2017-08-09T08:06:30.000",
      "level" : "asleep",
      "seconds" : 1800
    },{
      "dateTime" : "2017-08-09T08:36:30.000",
      "level" : "restless",
      "seconds" : 60
    }]
  },
  "mainSleep" : true
},{
  "logId" : 15454193467,
  "dateOfSleep" : "2017-08-08",
  "startTime" : "2017-08-07T23:42:30.000",
  "endTime" : "2017-08-08T07:10:30.000",
  "duration" : 26880000,
  "minutesToFallAsleep" : 0,
  "minutesAsleep" : 436,
  "minutesAwake" : 10,
  "minutesAfterWakeup" : 2,
  "timeInBed" : 448,
  "efficiency" : 98,
  "type" : "classic",
  "infoCode" : 0,
  "logType" : "auto_detected",
  "levels" : {
    "summary" : {
      "restless" : {
        "count" : 6,
        "minutes" : 11
      },
      "awake" : {
        "count" : 1,
        "minutes" : 1
      },
      "asleep" : {
        "count" : 0,
        "minutes" : 436
      }
    },
    "data" : [{
      "dateTime" : "2017-08-07T23:42:30.000",
      "level" : "asleep",
      "seconds" : 60
    },{
      "dateTime" : "2017-08-07T23:43:30.000",
      "level" : "restless",
      "seconds" : 180
    },{
      "dateTime" : "2017-08-07T23:46:30.000",
      "level" : "awake",
      "seconds" : 60
    },{
      "dateTime" : "2017-08-07T23:47:30.000",
      "level" : "restless",
      "seconds" : 120
    },{
      "dateTime" : "2017-08-07T23:49:30.000",
      "level" : "asleep",
      "seconds" : 120
    },{
      "dateTime" : "2017-08-07T23:51:30.000",
      "level" : "restless",
      "seconds" : 60
    },{
      "dateTime" : "2017-08-07T23:52:30.000",
      "level" : "asleep",
      "seconds" : 19380
    },{
      "dateTime" : "2017-08-08T05:15:30.000",
      "level" : "restless",
      "seconds" : 120
    },{
      "dateTime" : "2017-08-08T05:17:30.000",
      "level" : "asleep",
      "seconds" : 60
    },{
      "dateTime" : "2017-08-08T05:18:30.000",
      "level" : "restless",
      "seconds" : 60
    },{
      "dateTime" : "2017-08-08T05:19:30.000",
      "level" : "asleep",
      "seconds" : 6540
    },{
      "dateTime" : "2017-08-08T07:08:30.000",
      "level" : "restless",
      "seconds" : 120
    }]
  },
  "mainSleep" : true
},{
  "logId" : 15454193466,
  "dateOfSleep" : "2017-08-07",
  "startTime" : "2017-08-06T16:36:30.000",
  "endTime" : "2017-08-07T01:17:30.000",
  "duration" : 31260000,
  "minutesToFallAsleep" : 0,
  "minutesAsleep" : 488,
  "minutesAwake" : 32,
  "minutesAfterWakeup" : 1,
  "timeInBed" : 521,
  "efficiency" : 94,
  "type" : "classic",
  "infoCode" : 0,
  "logType" : "auto_detected",
  "levels" : {
    "summary" : {
      "restless" : {
        "count" : 19,
        "minutes" : 33
      },
      "awake" : {
        "count" : 0,
        "minutes" : 0
      },
      "asleep" : {
        "count" : 0,
        "minutes" : 488
      }
    },
    "data" : [{
      "dateTime" : "2017-08-06T16:36:30.000",
      "level" : "asleep",
      "seconds" : 2700
    },{
      "dateTime" : "2017-08-06T17:21:30.000",
      "level" : "restless",
      "seconds" : 60
    },{
      "dateTime" : "2017-08-06T17:22:30.000",
      "level" : "asleep",
      "seconds" : 4620
    },{
      "dateTime" : "2017-08-06T18:39:30.000",
      "level" : "restless",
      "seconds" : 120
    },{
      "dateTime" : "2017-08-06T18:41:30.000",
      "level" : "asleep",
      "seconds" : 120
    },{
      "dateTime" : "2017-08-06T18:43:30.000",
      "level" : "restless",
      "seconds" : 120
    },{
      "dateTime" : "2017-08-06T18:45:30.000",
      "level" : "asleep",
      "seconds" : 60
    },{
      "dateTime" : "2017-08-06T18:46:30.000",
      "level" : "restless",
      "seconds" : 60
    },{
      "dateTime" : "2017-08-06T18:47:30.000",
      "level" : "asleep",
      "seconds" : 960
    },{
      "dateTime" : "2017-08-06T19:03:30.000",
      "level" : "restless",
      "seconds" : 60
    },{
      "dateTime" : "2017-08-06T19:04:30.000",
      "level" : "asleep",
      "seconds" : 180
    },{
      "dateTime" : "2017-08-06T19:07:30.000",
      "level" : "restless",
      "seconds" : 120
    },{
      "dateTime" : "2017-08-06T19:09:30.000",
      "level" : "asleep",
      "seconds" : 120
    },{
      "dateTime" : "2017-08-06T19:11:30.000",
      "level" : "restless",
      "seconds" : 120
    },{
      "dateTime" : "2017-08-06T19:13:30.000",
      "level" : "asleep",
      "seconds" : 360
    },{
      "dateTime" : "2017-08-06T19:19:30.000",
      "level" : "restless",
      "seconds" : 120
    },{
      "dateTime" : "2017-08-06T19:21:30.000",
      "level" : "asleep",
      "seconds" : 60
    },{
      "dateTime" : "2017-08-06T19:22:30.000",
      "level" : "restless",
      "seconds" : 180
    },{
      "dateTime" : "2017-08-06T19:25:30.000",
      "level" : "asleep",
      "seconds" : 60
    },{
      "dateTime" : "2017-08-06T19:26:30.000",
      "level" : "restless",
      "seconds" : 120
    },{
      "dateTime" : "2017-08-06T19:28:30.000",
      "level" : "asleep",
      "seconds" : 60
    },{
      "dateTime" : "2017-08-06T19:29:30.000",
      "level" : "restless",
      "seconds" : 240
    },{
      "dateTime" : "2017-08-06T19:33:30.000",
      "level" : "asleep",
      "seconds" : 8640
    },{
      "dateTime" : "2017-08-06T21:57:30.000",
      "level" : "restless",
      "seconds" : 60
    },{
      "dateTime" : "2017-08-06T21:58:30.000",
      "level" : "asleep",
      "seconds" : 180
    },{
      "dateTime" : "2017-08-06T22:01:30.000",
      "level" : "restless",
      "seconds" : 60
    },{
      "dateTime" : "2017-08-06T22:02:30.000",
      "level" : "asleep",
      "seconds" : 7620
    },{
      "dateTime" : "2017-08-07T00:09:30.000",
      "level" : "restless",
      "seconds" : 60
    },{
      "dateTime" : "2017-08-07T00:10:30.000",
      "level" : "asleep",
      "seconds" : 3180
    },{
      "dateTime" : "2017-08-07T01:03:30.000",
      "level" : "restless",
      "seconds" : 180
    },{
      "dateTime" : "2017-08-07T01:06:30.000",
      "level" : "asleep",
      "seconds" : 60
    },{
      "dateTime" : "2017-08-07T01:07:30.000",
      "level" : "restless",
      "seconds" : 60
    },{
      "dateTime" : "2017-08-07T01:08:30.000",
      "level" : "asleep",
      "seconds" : 60
    },{
      "dateTime" : "2017-08-07T01:09:30.000",
      "level" : "restless",
      "seconds" : 60
    },{
      "dateTime" : "2017-08-07T01:10:30.000",
      "level" : "asleep",
      "seconds" : 180
    },{
      "dateTime" : "2017-08-07T01:13:30.000",
      "level" : "restless",
      "seconds" : 120
    },{
      "dateTime" : "2017-08-07T01:15:30.000",
      "level" : "asleep",
      "seconds" : 60
    },{
      "dateTime" : "2017-08-07T01:16:30.000",
      "level" : "restless",
      "seconds" : 60
    }]
  },
  "mainSleep" : true
},{
  "logId" : 15454193465,
  "dateOfSleep" : "2017-08-06",
  "startTime" : "2017-08-06T01:23:00.000",
  "endTime" : "2017-08-06T12:39:30.000",
  "duration" : 40560000,
  "minutesToFallAsleep" : 0,
  "minutesAsleep" : 653,
  "minutesAwake" : 23,
  "minutesAfterWakeup" : 0,
  "timeInBed" : 676,
  "efficiency" : 97,
  "type" : "classic",
  "infoCode" : 0,
  "logType" : "auto_detected",
  "levels" : {
    "summary" : {
      "restless" : {
        "count" : 10,
        "minutes" : 19
      },
      "awake" : {
        "count" : 2,
        "minutes" : 4
      },
      "asleep" : {
        "count" : 0,
        "minutes" : 653
      }
    },
    "data" : [{
      "dateTime" : "2017-08-06T01:23:00.000",
      "level" : "restless",
      "seconds" : 60
    },{
      "dateTime" : "2017-08-06T01:24:00.000",
      "level" : "awake",
      "seconds" : 180
    },{
      "dateTime" : "2017-08-06T01:27:00.000",
      "level" : "restless",
      "seconds" : 120
    },{
      "dateTime" : "2017-08-06T01:29:00.000",
      "level" : "asleep",
      "seconds" : 6960
    },{
      "dateTime" : "2017-08-06T03:25:00.000",
      "level" : "restless",
      "seconds" : 60
    },{
      "dateTime" : "2017-08-06T03:26:00.000",
      "level" : "asleep",
      "seconds" : 13380
    },{
      "dateTime" : "2017-08-06T07:09:00.000",
      "level" : "restless",
      "seconds" : 60
    },{
      "dateTime" : "2017-08-06T07:10:00.000",
      "level" : "asleep",
      "seconds" : 2820
    },{
      "dateTime" : "2017-08-06T07:57:00.000",
      "level" : "restless",
      "seconds" : 60
    },{
      "dateTime" : "2017-08-06T07:58:00.000",
      "level" : "asleep",
      "seconds" : 8700
    },{
      "dateTime" : "2017-08-06T10:23:00.000",
      "level" : "restless",
      "seconds" : 60
    },{
      "dateTime" : "2017-08-06T10:24:00.000",
      "level" : "asleep",
      "seconds" : 2280
    },{
      "dateTime" : "2017-08-06T11:02:00.000",
      "level" : "restless",
      "seconds" : 300
    },{
      "dateTime" : "2017-08-06T11:07:00.000",
      "level" : "asleep",
      "seconds" : 1860
    },{
      "dateTime" : "2017-08-06T11:38:00.000",
      "level" : "restless",
      "seconds" : 120
    },{
      "dateTime" : "2017-08-06T11:40:00.000",
      "level" : "asleep",
      "seconds" : 1440
    },{
      "dateTime" : "2017-08-06T12:04:00.000",
      "level" : "restless",
      "seconds" : 240
    },{
      "dateTime" : "2017-08-06T12:08:00.000",
      "level" : "awake",
      "seconds" : 60
    },{
      "dateTime" : "2017-08-06T12:09:00.000",
      "level" : "restless",
      "seconds" : 60
    },{
      "dateTime" : "2017-08-06T12:10:00.000",
      "level" : "asleep",
      "seconds" : 1740
    }]
  },
  "mainSleep" : true
},{
  "logId" : 15423772192,
  "dateOfSleep" : "2017-08-05",
  "startTime" : "2017-08-05T04:39:00.000",
  "endTime" : "2017-08-05T06:53:30.000",
  "duration" : 8040000,
  "minutesToFallAsleep" : 0,
  "minutesAsleep" : 113,
  "minutesAwake" : 21,
  "minutesAfterWakeup" : 0,
  "timeInBed" : 134,
  "efficiency" : 84,
  "type" : "classic",
  "infoCode" : 0,
  "logType" : "auto_detected",
  "levels" : {
    "summary" : {
      "restless" : {
        "count" : 7,
        "minutes" : 16
      },
      "awake" : {
        "count" : 1,
        "minutes" : 5
      },
      "asleep" : {
        "count" : 0,
        "minutes" : 113
      }
    },
    "data" : [{
      "dateTime" : "2017-08-05T04:39:00.000",
      "level" : "restless",
      "seconds" : 180
    },{
      "dateTime" : "2017-08-05T04:42:00.000",
      "level" : "awake",
      "seconds" : 300
    },{
      "dateTime" : "2017-08-05T04:47:00.000",
      "level" : "restless",
      "seconds" : 120
    },{
      "dateTime" : "2017-08-05T04:49:00.000",
      "level" : "asleep",
      "seconds" : 360
    },{
      "dateTime" : "2017-08-05T04:55:00.000",
      "level" : "restless",
      "seconds" : 180
    },{
      "dateTime" : "2017-08-05T04:58:00.000",
      "level" : "asleep",
      "seconds" : 60
    },{
      "dateTime" : "2017-08-05T04:59:00.000",
      "level" : "restless",
      "seconds" : 120
    },{
      "dateTime" : "2017-08-05T05:01:00.000",
      "level" : "asleep",
      "seconds" : 480
    },{
      "dateTime" : "2017-08-05T05:09:00.000",
      "level" : "restless",
      "seconds" : 120
    },{
      "dateTime" : "2017-08-05T05:11:00.000",
      "level" : "asleep",
      "seconds" : 3180
    },{
      "dateTime" : "2017-08-05T06:04:00.000",
      "level" : "restless",
      "seconds" : 180
    },{
      "dateTime" : "2017-08-05T06:07:00.000",
      "level" : "asleep",
      "seconds" : 2220
    },{
      "dateTime" : "2017-08-05T06:44:00.000",
      "level" : "restless",
      "seconds" : 60
    },{
      "dateTime" : "2017-08-05T06:45:00.000",
      "level" : "asleep",
      "seconds" : 480
    }]
  },
  "mainSleep" : true
},{
  "logId" : 15423772191,
  "dateOfSleep" : "2017-08-04",
  "startTime" : "2017-08-04T08:44:00.000",
  "endTime" : "2017-08-04T10:39:30.000",
  "duration" : 6900000,
  "minutesToFallAsleep" : 0,
  "minutesAsleep" : 115,
  "minutesAwake" : 0,
  "minutesAfterWakeup" : 0,
  "timeInBed" : 115,
  "efficiency" : 100,
  "type" : "classic",
  "infoCode" : 0,
  "logType" : "auto_detected",
  "levels" : {
    "summary" : {
      "restless" : {
        "count" : 0,
        "minutes" : 0
      },
      "awake" : {
        "count" : 0,
        "minutes" : 0
      },
      "asleep" : {
        "count" : 0,
        "minutes" : 115
      }
    },
    "data" : [{
      "dateTime" : "2017-08-04T08:44:00.000",
      "level" : "asleep",
      "seconds" : 6900
    }]
  },
  "mainSleep" : true
},{
  "logId" : 15412087153,
  "dateOfSleep" : "2017-08-03",
  "startTime" : "2017-08-03T15:14:00.000",
  "endTime" : "2017-08-03T18:52:30.000",
  "duration" : 13080000,
  "minutesToFallAsleep" : 0,
  "minutesAsleep" : 216,
  "minutesAwake" : 2,
  "minutesAfterWakeup" : 0,
  "timeInBed" : 218,
  "efficiency" : 99,
  "type" : "classic",
  "infoCode" : 0,
  "logType" : "auto_detected",
  "levels" : {
    "summary" : {
      "restless" : {
        "count" : 2,
        "minutes" : 2
      },
      "awake" : {
        "count" : 0,
        "minutes" : 0
      },
      "asleep" : {
        "count" : 0,
        "minutes" : 216
      }
    },
    "data" : [{
      "dateTime" : "2017-08-03T15:14:00.000",
      "level" : "asleep",
      "seconds" : 1380
    },{
      "dateTime" : "2017-08-03T15:37:00.000",
      "level" : "restless",
      "seconds" : 60
    },{
      "dateTime" : "2017-08-03T15:38:00.000",
      "level" : "asleep",
      "seconds" : 120
    },{
      "dateTime" : "2017-08-03T15:40:00.000",
      "level" : "restless",
      "seconds" : 60
    },{
      "dateTime" : "2017-08-03T15:41:00.000",
      "level" : "asleep",
      "seconds" : 11460
    }]
  },
  "mainSleep" : true
},{
  "logId" : 15405570408,
  "dateOfSleep" : "2017-08-02",
  "startTime" : "2017-08-01T23:03:00.000",
  "endTime" : "2017-08-02T08:59:00.000",
  "duration" : 35760000,
  "minutesToFallAsleep" : 0,
  "minutesAsleep" : 571,
  "minutesAwake" : 25,
  "minutesAfterWakeup" : 0,
  "timeInBed" : 596,
  "efficiency" : 96,
  "type" : "classic",
  "infoCode" : 0,
  "logType" : "auto_detected",
  "levels" : {
    "summary" : {
      "restless" : {
        "count" : 14,
        "minutes" : 24
      },
      "awake" : {
        "count" : 1,
        "minutes" : 1
      },
      "asleep" : {
        "count" : 0,
        "minutes" : 571
      }
    },
    "data" : [{
      "dateTime" : "2017-08-01T23:03:00.000",
      "level" : "restless",
      "seconds" : 60
    },{
      "dateTime" : "2017-08-01T23:04:00.000",
      "level" : "asleep",
      "seconds" : 1500
    },{
      "dateTime" : "2017-08-01T23:29:00.000",
      "level" : "restless",
      "seconds" : 120
    },{
      "dateTime" : "2017-08-01T23:31:00.000",
      "level" : "asleep",
      "seconds" : 1140
    },{
      "dateTime" : "2017-08-01T23:50:00.000",
      "level" : "restless",
      "seconds" : 360
    },{
      "dateTime" : "2017-08-01T23:56:00.000",
      "level" : "awake",
      "seconds" : 60
    },{
      "dateTime" : "2017-08-01T23:57:00.000",
      "level" : "restless",
      "seconds" : 60
    },{
      "dateTime" : "2017-08-01T23:58:00.000",
      "level" : "asleep",
      "seconds" : 780
    },{
      "dateTime" : "2017-08-02T00:11:00.000",
      "level" : "restless",
      "seconds" : 180
    },{
      "dateTime" : "2017-08-02T00:14:00.000",
      "level" : "asleep",
      "seconds" : 6060
    },{
      "dateTime" : "2017-08-02T01:55:00.000",
      "level" : "restless",
      "seconds" : 60
    },{
      "dateTime" : "2017-08-02T01:56:00.000",
      "level" : "asleep",
      "seconds" : 14280
    },{
      "dateTime" : "2017-08-02T05:54:00.000",
      "level" : "restless",
      "seconds" : 60
    },{
      "dateTime" : "2017-08-02T05:55:00.000",
      "level" : "asleep",
      "seconds" : 1020
    },{
      "dateTime" : "2017-08-02T06:12:00.000",
      "level" : "restless",
      "seconds" : 60
    },{
      "dateTime" : "2017-08-02T06:13:00.000",
      "level" : "asleep",
      "seconds" : 1140
    },{
      "dateTime" : "2017-08-02T06:32:00.000",
      "level" : "restless",
      "seconds" : 60
    },{
      "dateTime" : "2017-08-02T06:33:00.000",
      "level" : "asleep",
      "seconds" : 1800
    },{
      "dateTime" : "2017-08-02T07:03:00.000",
      "level" : "restless",
      "seconds" : 60
    },{
      "dateTime" : "2017-08-02T07:04:00.000",
      "level" : "asleep",
      "seconds" : 1740
    },{
      "dateTime" : "2017-08-02T07:33:00.000",
      "level" : "restless",
      "seconds" : 60
    },{
      "dateTime" : "2017-08-02T07:34:00.000",
      "level" : "asleep",
      "seconds" : 960
    },{
      "dateTime" : "2017-08-02T07:50:00.000",
      "level" : "restless",
      "seconds" : 60
    },{
      "dateTime" : "2017-08-02T07:51:00.000",
      "level" : "asleep",
      "seconds" : 1560
    },{
      "dateTime" : "2017-08-02T08:17:00.000",
      "level" : "restless",
      "seconds" : 60
    },{
      "dateTime" : "2017-08-02T08:18:00.000",
      "level" : "asleep",
      "seconds" : 900
    },{
      "dateTime" : "2017-08-02T08:33:00.000",
      "level" : "restless",
      "seconds" : 180
    },{
      "dateTime" : "2017-08-02T08:36:00.000",
      "level" : "asleep",
      "seconds" : 1380
    }]
  },
  "mainSleep" : true
},{
  "logId" : 15361488502,
  "dateOfSleep" : "2017-07-29",
  "startTime" : "2017-07-29T22:38:30.000",
  "endTime" : "2017-07-29T23:41:00.000",
  "duration" : 3720000,
  "minutesToFallAsleep" : 0,
  "minutesAsleep" : 58,
  "minutesAwake" : 4,
  "minutesAfterWakeup" : 0,
  "timeInBed" : 62,
  "efficiency" : 94,
  "type" : "classic",
  "infoCode" : 2,
  "logType" : "auto_detected",
  "levels" : {
    "summary" : {
      "restless" : {
        "count" : 3,
        "minutes" : 4
      },
      "awake" : {
        "count" : 0,
        "minutes" : 0
      },
      "asleep" : {
        "count" : 0,
        "minutes" : 58
      }
    },
    "data" : [{
      "dateTime" : "2017-07-29T22:38:30.000",
      "level" : "restless",
      "seconds" : 120
    },{
      "dateTime" : "2017-07-29T22:40:30.000",
      "level" : "asleep",
      "seconds" : 660
    },{
      "dateTime" : "2017-07-29T22:51:30.000",
      "level" : "restless",
      "seconds" : 60
    },{
      "dateTime" : "2017-07-29T22:52:30.000",
      "level" : "asleep",
      "seconds" : 1620
    },{
      "dateTime" : "2017-07-29T23:19:30.000",
      "level" : "restless",
      "seconds" : 60
    },{
      "dateTime" : "2017-07-29T23:20:30.000",
      "level" : "asleep",
      "seconds" : 1200
    }]
  },
  "mainSleep" : false
},{
  "logId" : 15359123829,
  "dateOfSleep" : "2017-07-29",
  "startTime" : "2017-07-28T22:21:00.000",
  "endTime" : "2017-07-29T07:13:00.000",
  "duration" : 31920000,
  "minutesToFallAsleep" : 0,
  "minutesAsleep" : 506,
  "minutesAwake" : 26,
  "minutesAfterWakeup" : 0,
  "timeInBed" : 532,
  "efficiency" : 95,
  "type" : "classic",
  "infoCode" : 0,
  "logType" : "auto_detected",
  "levels" : {
    "summary" : {
      "restless" : {
        "count" : 12,
        "minutes" : 23
      },
      "awake" : {
        "count" : 1,
        "minutes" : 3
      },
      "asleep" : {
        "count" : 0,
        "minutes" : 506
      }
    },
    "data" : [{
      "dateTime" : "2017-07-28T22:21:00.000",
      "level" : "asleep",
      "seconds" : 240
    },{
      "dateTime" : "2017-07-28T22:25:00.000",
      "level" : "restless",
      "seconds" : 60
    },{
      "dateTime" : "2017-07-28T22:26:00.000",
      "level" : "asleep",
      "seconds" : 120
    },{
      "dateTime" : "2017-07-28T22:28:00.000",
      "level" : "restless",
      "seconds" : 60
    },{
      "dateTime" : "2017-07-28T22:29:00.000",
      "level" : "asleep",
      "seconds" : 1260
    },{
      "dateTime" : "2017-07-28T22:50:00.000",
      "level" : "restless",
      "seconds" : 420
    },{
      "dateTime" : "2017-07-28T22:57:00.000",
      "level" : "asleep",
      "seconds" : 780
    },{
      "dateTime" : "2017-07-28T23:10:00.000",
      "level" : "restless",
      "seconds" : 60
    },{
      "dateTime" : "2017-07-28T23:11:00.000",
      "level" : "asleep",
      "seconds" : 1800
    },{
      "dateTime" : "2017-07-28T23:41:00.000",
      "level" : "restless",
      "seconds" : 120
    },{
      "dateTime" : "2017-07-28T23:43:00.000",
      "level" : "asleep",
      "seconds" : 120
    },{
      "dateTime" : "2017-07-28T23:45:00.000",
      "level" : "restless",
      "seconds" : 120
    },{
      "dateTime" : "2017-07-28T23:47:00.000",
      "level" : "asleep",
      "seconds" : 60
    },{
      "dateTime" : "2017-07-28T23:48:00.000",
      "level" : "restless",
      "seconds" : 120
    },{
      "dateTime" : "2017-07-28T23:50:00.000",
      "level" : "awake",
      "seconds" : 180
    },{
      "dateTime" : "2017-07-28T23:53:00.000",
      "level" : "restless",
      "seconds" : 60
    },{
      "dateTime" : "2017-07-28T23:54:00.000",
      "level" : "asleep",
      "seconds" : 3060
    },{
      "dateTime" : "2017-07-29T00:45:00.000",
      "level" : "restless",
      "seconds" : 180
    },{
      "dateTime" : "2017-07-29T00:48:00.000",
      "level" : "asleep",
      "seconds" : 60
    },{
      "dateTime" : "2017-07-29T00:49:00.000",
      "level" : "restless",
      "seconds" : 60
    },{
      "dateTime" : "2017-07-29T00:50:00.000",
      "level" : "asleep",
      "seconds" : 5940
    },{
      "dateTime" : "2017-07-29T02:29:00.000",
      "level" : "restless",
      "seconds" : 60
    },{
      "dateTime" : "2017-07-29T02:30:00.000",
      "level" : "asleep",
      "seconds" : 16440
    },{
      "dateTime" : "2017-07-29T07:04:00.000",
      "level" : "restless",
      "seconds" : 60
    },{
      "dateTime" : "2017-07-29T07:05:00.000",
      "level" : "asleep",
      "seconds" : 480
    }]
  },
  "mainSleep" : true
},{
  "logId" : 15351223091,
  "dateOfSleep" : "2017-07-28",
  "startTime" : "2017-07-28T18:11:30.000",
  "endTime" : "2017-07-28T19:34:30.000",
  "duration" : 4980000,
  "minutesToFallAsleep" : 0,
  "minutesAsleep" : 73,
  "minutesAwake" : 10,
  "minutesAfterWakeup" : 0,
  "timeInBed" : 83,
  "efficiency" : 88,
  "type" : "classic",
  "infoCode" : 2,
  "logType" : "auto_detected",
  "levels" : {
    "summary" : {
      "restless" : {
        "count" : 3,
        "minutes" : 10
      },
      "awake" : {
        "count" : 0,
        "minutes" : 0
      },
      "asleep" : {
        "count" : 0,
        "minutes" : 73
      }
    },
    "data" : [{
      "dateTime" : "2017-07-28T18:11:30.000",
      "level" : "asleep",
      "seconds" : 120
    },{
      "dateTime" : "2017-07-28T18:13:30.000",
      "level" : "restless",
      "seconds" : 180
    },{
      "dateTime" : "2017-07-28T18:16:30.000",
      "level" : "asleep",
      "seconds" : 240
    },{
      "dateTime" : "2017-07-28T18:20:30.000",
      "level" : "restless",
      "seconds" : 240
    },{
      "dateTime" : "2017-07-28T18:24:30.000",
      "level" : "asleep",
      "seconds" : 3300
    },{
      "dateTime" : "2017-07-28T19:19:30.000",
      "level" : "restless",
      "seconds" : 180
    },{
      "dateTime" : "2017-07-28T19:22:30.000",
      "level" : "asleep",
      "seconds" : 720
    }]
  },
  "mainSleep" : false
},{
  "logId" : 15348118476,
  "dateOfSleep" : "2017-07-28",
  "startTime" : "2017-07-28T02:28:00.000",
  "endTime" : "2017-07-28T08:59:30.000",
  "duration" : 23460000,
  "minutesToFallAsleep" : 0,
  "minutesAsleep" : 380,
  "minutesAwake" : 11,
  "minutesAfterWakeup" : 0,
  "timeInBed" : 391,
  "efficiency" : 97,
  "type" : "classic",
  "infoCode" : 0,
  "logType" : "auto_detected",
  "levels" : {
    "summary" : {
      "restless" : {
        "count" : 7,
        "minutes" : 10
      },
      "awake" : {
        "count" : 1,
        "minutes" : 1
      },
      "asleep" : {
        "count" : 0,
        "minutes" : 380
      }
    },
    "data" : [{
      "dateTime" : "2017-07-28T02:28:00.000",
      "level" : "restless",
      "seconds" : 120
    },{
      "dateTime" : "2017-07-28T02:30:00.000",
      "level" : "awake",
      "seconds" : 60
    },{
      "dateTime" : "2017-07-28T02:31:00.000",
      "level" : "restless",
      "seconds" : 60
    },{
      "dateTime" : "2017-07-28T02:32:00.000",
      "level" : "asleep",
      "seconds" : 8640
    },{
      "dateTime" : "2017-07-28T04:56:00.000",
      "level" : "restless",
      "seconds" : 60
    },{
      "dateTime" : "2017-07-28T04:57:00.000",
      "level" : "asleep",
      "seconds" : 8220
    },{
      "dateTime" : "2017-07-28T07:14:00.000",
      "level" : "restless",
      "seconds" : 60
    },{
      "dateTime" : "2017-07-28T07:15:00.000",
      "level" : "asleep",
      "seconds" : 5520
    },{
      "dateTime" : "2017-07-28T08:47:00.000",
      "level" : "restless",
      "seconds" : 180
    },{
      "dateTime" : "2017-07-28T08:50:00.000",
      "level" : "asleep",
      "seconds" : 60
    },{
      "dateTime" : "2017-07-28T08:51:00.000",
      "level" : "restless",
      "seconds" : 60
    },{
      "dateTime" : "2017-07-28T08:52:00.000",
      "level" : "asleep",
      "seconds" : 60
    },{
      "dateTime" : "2017-07-28T08:53:00.000",
      "level" : "restless",
      "seconds" : 60
    },{
      "dateTime" : "2017-07-28T08:54:00.000",
      "level" : "asleep",
      "seconds" : 300
    }]
  },
  "mainSleep" : true
},{
  "logId" : 15348118475,
  "dateOfSleep" : "2017-07-28",
  "startTime" : "2017-07-28T00:02:30.000",
  "endTime" : "2017-07-28T01:11:30.000",
  "duration" : 4140000,
  "minutesToFallAsleep" : 0,
  "minutesAsleep" : 69,
  "minutesAwake" : 0,
  "minutesAfterWakeup" : 0,
  "timeInBed" : 69,
  "efficiency" : 100,
  "type" : "classic",
  "infoCode" : 2,
  "logType" : "auto_detected",
  "levels" : {
    "summary" : {
      "restless" : {
        "count" : 0,
        "minutes" : 0
      },
      "awake" : {
        "count" : 0,
        "minutes" : 0
      },
      "asleep" : {
        "count" : 0,
        "minutes" : 69
      }
    },
    "data" : [{
      "dateTime" : "2017-07-28T00:02:30.000",
      "level" : "asleep",
      "seconds" : 4140
    }]
  },
  "mainSleep" : false
}]