[{
  "logId" : 1317930993,
  "dateOfSleep" : "2015-09-07",
  "startTime" : "2015-09-06T22:31:30.000",
  "endTime" : "2015-09-07T07:34:30.000",
  "duration" : 32580000,
  "minutesToFallAsleep" : 0,
  "minutesAsleep" : 512,
  "minutesAwake" : 25,
  "minutesAfterWakeup" : 0,
  "timeInBed" : 543,
  "efficiency" : 95,
  "type" : "classic",
  "infoCode" : 0,
  "logType" : "auto_detected",
  "levels" : {
    "summary" : {
      "restless" : {
        "count" : 16,
        "minutes" : 26
      },
      "awake" : {
        "count" : 0,
        "minutes" : 0
      },
      "asleep" : {
        "count" : 0,
        "minutes" : 512
      }
    },
    "data" : [{
      "dateTime" : "2015-09-06T22:31:30.000",
      "level" : "restless",
      "seconds" : 60
    },{
      "dateTime" : "2015-09-06T22:32:30.000",
      "level" : "asleep",
      "seconds" : 3420
    },{
      "dateTime" : "2015-09-06T23:29:30.000",
      "level" : "restless",
      "seconds" : 60
    },{
      "dateTime" : "2015-09-06T23:30:30.000",
      "level" : "asleep",
      "seconds" : 120
    },{
      "dateTime" : "2015-09-06T23:32:30.000",
      "level" : "restless",
      "seconds" : 60
    },{
      "dateTime" : "2015-09-06T23:33:30.000",
      "level" : "asleep",
      "seconds" : 3360
    },{
      "dateTime" : "2015-09-07T00:29:30.000",
      "level" : "restless",
      "seconds" : 60
    },{
      "dateTime" : "2015-09-07T00:30:30.000",
      "level" : "asleep",
      "seconds" : 13380
    },{
      "dateTime" : "2015-09-07T04:13:30.000",
      "level" : "restless",
      "seconds" : 120
    },{
      "dateTime" : "2015-09-07T04:15:30.000",
      "level" : "asleep",
      "seconds" : 840
    },{
      "dateTime" : "2015-09-07T04:29:30.000",
      "level" : "restless",
      "seconds" : 60
    },{
      "dateTime" : "2015-09-07T04:30:30.000",
      "level" : "asleep",
      "seconds" : 120
    },{
      "dateTime" : "2015-09-07T04:32:30.000",
      "level" : "restless",
      "seconds" : 60
    },{
      "dateTime" : "2015-09-07T04:33:30.000",
      "level" : "asleep",
      "seconds" : 360
    },{
      "dateTime" : "2015-09-07T04:39:30.000",
      "level" : "restless",
      "seconds" : 60
    },{
      "dateTime" : "2015-09-07T04:40:30.000",
      "level" : "asleep",
      "seconds" : 180
    },{
      "dateTime" : "2015-09-07T04:43:30.000",
      "level" : "restless",
      "seconds" : 120
    },{
      "dateTime" : "2015-09-07T04:45:30.000",
      "level" : "asleep",
      "seconds" : 120
    },{
      "dateTime" : "2015-09-07T04:47:30.000",
      "level" : "restless",
      "seconds" : 60
    },{
      "dateTime" : "2015-09-07T04:48:30.000",
      "level" : "asleep",
      "seconds" : 120
    },{
      "dateTime" : "2015-09-07T04:50:30.000",
      "level" : "restless",
      "seconds" : 60
    },{
      "dateTime" : "2015-09-07T04:51:30.000",
      "level" : "asleep",
      "seconds" : 780
    },{
      "dateTime" : "2015-09-07T05:04:30.000",
      "level" : "restless",
      "seconds" : 420
    },{
      "dateTime" : "2015-09-07T05:11:30.000",
      "level" : "asleep",
      "seconds" : 120
    },{
      "dateTime" : "2015-09-07T05:13:30.000",
      "level" : "restless",
      "seconds" : 60
    },{
      "dateTime" : "2015-09-07T05:14:30.000",
      "level" : "asleep",
      "seconds" : 120
    },{
      "dateTime" : "2015-09-07T05:16:30.000",
      "level" : "restless",
      "seconds" : 60
    },{
      "dateTime" : "2015-09-07T05:17:30.000",
      "level" : "asleep",
      "seconds" : 360
    },{
      "dateTime" : "2015-09-07T05:23:30.000",
      "level" : "restless",
      "seconds" : 60
    },{
      "dateTime" : "2015-09-07T05:24:30.000",
      "level" : "asleep",
      "seconds" : 7380
    },{
      "dateTime" : "2015-09-07T07:27:30.000",
      "level" : "restless",
      "seconds" : 180
    },{
      "dateTime" : "2015-09-07T07:30:30.000",
      "level" : "asleep",
      "seconds" : 240
    }]
  },
  "mainSleep" : true
},{
  "logId" : 1314593187,
  "dateOfSleep" : "2015-09-06",
  "startTime" : "2015-09-05T22:27:00.000",
  "endTime" : "2015-09-06T08:53:30.000",
  "duration" : 37560000,
  "minutesToFallAsleep" : 0,
  "minutesAsleep" : 569,
  "minutesAwake" : 20,
  "minutesAfterWakeup" : 0,
  "timeInBed" : 626,
  "efficiency" : 97,
  "type" : "classic",
  "infoCode" : 0,
  "logType" : "auto_detected",
  "levels" : {
    "summary" : {
      "restless" : {
        "count" : 15,
        "minutes" : 29
      },
      "awake" : {
        "count" : 2,
        "minutes" : 6
      },
      "asleep" : {
        "count" : 0,
        "minutes" : 569
      }
    },
    "data" : [{
      "dateTime" : "2015-09-05T22:27:00.000",
      "level" : "restless",
      "seconds" : 60
    },{
      "dateTime" : "2015-09-05T22:28:00.000",
      "level" : "awake",
      "seconds" : 120
    },{
      "dateTime" : "2015-09-05T22:30:00.000",
      "level" : "restless",
      "seconds" : 60
    },{
      "dateTime" : "2015-09-05T22:31:00.000",
      "level" : "asleep",
      "seconds" : 420
    },{
      "dateTime" : "2015-09-05T22:38:00.000",
      "level" : "restless",
      "seconds" : 60
    },{
      "dateTime" : "2015-09-05T22:39:00.000",
      "level" : "asleep",
      "seconds" : 720
    },{
      "dateTime" : "2015-09-05T22:51:00.000",
      "level" : "restless",
      "seconds" : 540
    },{
      "dateTime" : "2015-09-05T23:00:00.000",
      "level" : "asleep",
      "seconds" : 1140
    },{
      "dateTime" : "2015-09-05T23:19:00.000",
      "level" : "restless",
      "seconds" : 120
    },{
      "dateTime" : "2015-09-05T23:21:00.000",
      "level" : "awake",
      "seconds" : 240
    },{
      "dateTime" : "2015-09-05T23:25:00.000",
      "level" : "restless",
      "seconds" : 60
    },{
      "dateTime" : "2015-09-05T23:26:00.000",
      "level" : "asleep",
      "seconds" : 7440
    },{
      "dateTime" : "2015-09-06T01:30:00.000",
      "level" : "restless",
      "seconds" : 120
    },{
      "dateTime" : "2015-09-06T01:32:00.000",
      "level" : "asleep",
      "seconds" : 7440
    },{
      "dateTime" : "2015-09-06T03:36:00.000",
      "level" : "restless",
      "seconds" : 60
    },{
      "dateTime" : "2015-09-06T03:37:00.000",
      "level" : "asleep",
      "seconds" : 2340
    },{
      "dateTime" : "2015-09-06T04:16:00.000",
      "level" : "restless",
      "seconds" : 60
    },{
      "dateTime" : "2015-09-06T04:17:00.000",
      "level" : "asleep",
      "seconds" : 4380
    },{
      "dateTime" : "2015-09-06T05:30:00.000",
      "level" : "restless",
      "seconds" : 60
    },{
      "dateTime" : "2015-09-06T05:31:00.000",
      "level" : "asleep",
      "seconds" : 6540
    },{
      "dateTime" : "2015-09-06T07:20:00.000",
      "level" : "restless",
      "seconds" : 60
    },{
      "dateTime" : "2015-09-06T07:21:00.000",
      "level" : "asleep",
      "seconds" : 2520
    },{
      "dateTime" : "2015-09-06T08:03:00.000",
      "level" : "restless",
      "seconds" : 60
    },{
      "dateTime" : "2015-09-06T08:04:00.000",
      "level" : "asleep",
      "seconds" : 900
    },{
      "dateTime" : "2015-09-06T08:19:00.000",
      "level" : "restless",
      "seconds" : 60
    },{
      "dateTime" : "2015-09-06T08:20:00.000",
      "level" : "asleep",
      "seconds" : 600
    },{
      "dateTime" : "2015-09-06T08:30:00.000",
      "level" : "restless",
      "seconds" : 60
    },{
      "dateTime" : "2015-09-06T08:31:00.000",
      "level" : "asleep",
      "seconds" : 1020
    },{
      "dateTime" : "2015-09-06T08:48:00.000",
      "level" : "restless",
      "seconds" : 300
    }]
  },
  "mainSleep" : true
},{
  "logId" : 1311952398,
  "dateOfSleep" : "2015-09-05",
  "startTime" : "2015-09-05T00:36:00.000",
  "endTime" : "2015-09-05T07:54:00.000",
  "duration" : 26280000,
  "minutesToFallAsleep" : 0,
  "minutesAsleep" : 420,
  "minutesAwake" : 7,
  "minutesAfterWakeup" : 1,
  "timeInBed" : 438,
  "efficiency" : 98,
  "type" : "classic",
  "infoCode" : 0,
  "logType" : "auto_detected",
  "levels" : {
    "summary" : {
      "restless" : {
        "count" : 10,
        "minutes" : 10
      },
      "awake" : {
        "count" : 1,
        "minutes" : 4
      },
      "asleep" : {
        "count" : 0,
        "minutes" : 420
      }
    },
    "data" : [{
      "dateTime" : "2015-09-05T00:36:00.000",
      "level" : "restless",
      "seconds" : 60
    },{
      "dateTime" : "2015-09-05T00:37:00.000",
      "level" : "awake",
      "seconds" : 240
    },{
      "dateTime" : "2015-09-05T00:41:00.000",
      "level" : "restless",
      "seconds" : 60
    },{
      "dateTime" : "2015-09-05T00:42:00.000",
      "level" : "asleep",
      "seconds" : 1320
    },{
      "dateTime" : "2015-09-05T01:04:00.000",
      "level" : "restless",
      "seconds" : 60
    },{
      "dateTime" : "2015-09-05T01:05:00.000",
      "level" : "asleep",
      "seconds" : 3120
    },{
      "dateTime" : "2015-09-05T01:57:00.000",
      "level" : "restless",
      "seconds" : 60
    },{
      "dateTime" : "2015-09-05T01:58:00.000",
      "level" : "asleep",
      "seconds" : 4200
    },{
      "dateTime" : "2015-09-05T03:08:00.000",
      "level" : "restless",
      "seconds" : 60
    },{
      "dateTime" : "2015-09-05T03:09:00.000",
      "level" : "asleep",
      "seconds" : 13020
    },{
      "dateTime" : "2015-09-05T06:46:00.000",
      "level" : "restless",
      "seconds" : 60
    },{
      "dateTime" : "2015-09-05T06:47:00.000",
      "level" : "asleep",
      "seconds" : 300
    },{
      "dateTime" : "2015-09-05T06:52:00.000",
      "level" : "restless",
      "seconds" : 60
    },{
      "dateTime" : "2015-09-05T06:53:00.000",
      "level" : "asleep",
      "seconds" : 60
    },{
      "dateTime" : "2015-09-05T06:54:00.000",
      "level" : "restless",
      "seconds" : 60
    },{
      "dateTime" : "2015-09-05T06:55:00.000",
      "level" : "asleep",
      "seconds" : 1740
    },{
      "dateTime" : "2015-09-05T07:24:00.000",
      "level" : "restless",
      "seconds" : 60
    },{
      "dateTime" : "2015-09-05T07:25:00.000",
      "level" : "asleep",
      "seconds" : 1680
    },{
      "dateTime" : "2015-09-05T07:53:00.000",
      "level" : "restless",
      "seconds" : 60
    }]
  },
  "mainSleep" : true
},{
  "logId" : 1307397263,
  "dateOfSleep" : "2015-09-04",
  "startTime" : "2015-09-04T00:48:00.000",
  "endTime" : "2015-09-04T07:55:00.000",
  "duration" : 25620000,
  "minutesToFallAsleep" : 0,
  "minutesAsleep" : 400,
  "minutesAwake" : 11,
  "minutesAfterWakeup" : 0,
  "timeInBed" : 427,
  "efficiency" : 97,
  "type" : "classic",
  "infoCode" : 0,
  "logType" : "auto_detected",
  "levels" : {
    "summary" : {
      "restless" : {
        "count" : 9,
        "minutes" : 16
      },
      "awake" : {
        "count" : 0,
        "minutes" : 0
      },
      "asleep" : {
        "count" : 0,
        "minutes" : 400
      }
    },
    "data" : [{
      "dateTime" : "2015-09-04T00:48:00.000",
      "level" : "restless",
      "seconds" : 300
    },{
      "dateTime" : "2015-09-04T00:53:00.000",
      "level" : "asleep",
      "seconds" : 3840
    },{
      "dateTime" : "2015-09-04T01:57:00.000",
      "level" : "restless",
      "seconds" : 60
    },{
      "dateTime" : "2015-09-04T01:58:00.000",
      "level" : "asleep",
      "seconds" : 60
    },{
      "dateTime" : "2015-09-04T01:59:00.000",
      "level" : "restless",
      "seconds" : 120
    },{
      "dateTime" : "2015-09-04T02:01:00.000",
      "level" : "asleep",
      "seconds" : 2760
    },{
      "dateTime" : "2015-09-04T02:47:00.000",
      "level" : "restless",
      "seconds" : 60
    },{
      "dateTime" : "2015-09-04T02:48:00.000",
      "level" : "asleep",
      "seconds" : 1020
    },{
      "dateTime" : "2015-09-04T03:05:00.000",
      "level" : "restless",
      "seconds" : 60
    },{
      "dateTime" : "2015-09-04T03:06:00.000",
      "level" : "asleep",
      "seconds" : 12300
    },{
      "dateTime" : "2015-09-04T06:31:00.000",
      "level" : "restless",
      "seconds" : 60
    },{
      "dateTime" : "2015-09-04T06:32:00.000",
      "level" : "asleep",
      "seconds" : 180
    },{
      "dateTime" : "2015-09-04T06:35:00.000",
      "level" : "restless",
      "seconds" : 120
    },{
      "dateTime" : "2015-09-04T06:37:00.000",
      "level" : "asleep",
      "seconds" : 60
    },{
      "dateTime" : "2015-09-04T06:38:00.000",
      "level" : "restless",
      "seconds" : 120
    },{
      "dateTime" : "2015-09-04T06:40:00.000",
      "level" : "asleep",
      "seconds" : 300
    },{
      "dateTime" : "2015-09-04T06:45:00.000",
      "level" : "restless",
      "seconds" : 60
    },{
      "dateTime" : "2015-09-04T06:46:00.000",
      "level" : "asleep",
      "seconds" : 4140
    }]
  },
  "mainSleep" : true
},{
  "logId" : 1303434644,
  "dateOfSleep" : "2015-09-03",
  "startTime" : "2015-09-02T22:54:00.000",
  "endTime" : "2015-09-03T06:30:00.000",
  "duration" : 27360000,
  "minutesToFallAsleep" : 0,
  "minutesAsleep" : 434,
  "minutesAwake" : 7,
  "minutesAfterWakeup" : 0,
  "timeInBed" : 456,
  "efficiency" : 98,
  "type" : "classic",
  "infoCode" : 0,
  "logType" : "auto_detected",
  "levels" : {
    "summary" : {
      "restless" : {
        "count" : 10,
        "minutes" : 18
      },
      "awake" : {
        "count" : 0,
        "minutes" : 0
      },
      "asleep" : {
        "count" : 0,
        "minutes" : 434
      }
    },
    "data" : [{
      "dateTime" : "2015-09-02T22:54:00.000",
      "level" : "restless",
      "seconds" : 120
    },{
      "dateTime" : "2015-09-02T22:56:00.000",
      "level" : "asleep",
      "seconds" : 180
    },{
      "dateTime" : "2015-09-02T22:59:00.000",
      "level" : "restless",
      "seconds" : 60
    },{
      "dateTime" : "2015-09-02T23:00:00.000",
      "level" : "asleep",
      "seconds" : 60
    },{
      "dateTime" : "2015-09-02T23:01:00.000",
      "level" : "restless",
      "seconds" : 480
    },{
      "dateTime" : "2015-09-02T23:09:00.000",
      "level" : "asleep",
      "seconds" : 2040
    },{
      "dateTime" : "2015-09-02T23:43:00.000",
      "level" : "restless",
      "seconds" : 60
    },{
      "dateTime" : "2015-09-02T23:44:00.000",
      "level" : "asleep",
      "seconds" : 2220
    },{
      "dateTime" : "2015-09-03T00:21:00.000",
      "level" : "restless",
      "seconds" : 60
    },{
      "dateTime" : "2015-09-03T00:22:00.000",
      "level" : "asleep",
      "seconds" : 12360
    },{
      "dateTime" : "2015-09-03T03:48:00.000",
      "level" : "restless",
      "seconds" : 60
    },{
      "dateTime" : "2015-09-03T03:49:00.000",
      "level" : "asleep",
      "seconds" : 2220
    },{
      "dateTime" : "2015-09-03T04:26:00.000",
      "level" : "restless",
      "seconds" : 60
    },{
      "dateTime" : "2015-09-03T04:27:00.000",
      "level" : "asleep",
      "seconds" : 3540
    },{
      "dateTime" : "2015-09-03T05:26:00.000",
      "level" : "restless",
      "seconds" : 60
    },{
      "dateTime" : "2015-09-03T05:27:00.000",
      "level" : "asleep",
      "seconds" : 3300
    },{
      "dateTime" : "2015-09-03T06:22:00.000",
      "level" : "restless",
      "seconds" : 60
    },{
      "dateTime" : "2015-09-03T06:23:00.000",
      "level" : "asleep",
      "seconds" : 120
    },{
      "dateTime" : "2015-09-03T06:25:00.000",
      "level" : "restless",
      "seconds" : 60
    },{
      "dateTime" : "2015-09-03T06:26:00.000",
      "level" : "asleep",
      "seconds" : 240
    }]
  },
  "mainSleep" : true
},{
  "logId" : 1299631933,
  "dateOfSleep" : "2015-09-02",
  "startTime" : "2015-09-01T22:18:00.000",
  "endTime" : "2015-09-02T06:46:30.000",
  "duration" : 30480000,
  "minutesToFallAsleep" : 0,
  "minutesAsleep" : 470,
  "minutesAwake" : 8,
  "minutesAfterWakeup" : 0,
  "timeInBed" : 508,
  "efficiency" : 98,
  "type" : "classic",
  "infoCode" : 0,
  "logType" : "auto_detected",
  "levels" : {
    "summary" : {
      "restless" : {
        "count" : 8,
        "minutes" : 10
      },
      "awake" : {
        "count" : 0,
        "minutes" : 0
      },
      "asleep" : {
        "count" : 0,
        "minutes" : 470
      }
    },
    "data" : [{
      "dateTime" : "2015-09-01T22:18:00.000",
      "level" : "asleep",
      "seconds" : 660
    },{
      "dateTime" : "2015-09-01T22:29:00.000",
      "level" : "restless",
      "seconds" : 60
    },{
      "dateTime" : "2015-09-01T22:30:00.000",
      "level" : "asleep",
      "seconds" : 120
    },{
      "dateTime" : "2015-09-01T22:32:00.000",
      "level" : "restless",
      "seconds" : 60
    },{
      "dateTime" : "2015-09-01T22:33:00.000",
      "level" : "asleep",
      "seconds" : 3960
    },{
      "dateTime" : "2015-09-01T23:39:00.000",
      "level" : "restless",
      "seconds" : 120
    },{
      "dateTime" : "2015-09-01T23:41:00.000",
      "level" : "asleep",
      "seconds" : 4140
    },{
      "dateTime" : "2015-09-02T00:50:00.000",
      "level" : "restless",
      "seconds" : 60
    },{
      "dateTime" : "2015-09-02T00:51:00.000",
      "level" : "asleep",
      "seconds" : 5400
    },{
      "dateTime" : "2015-09-02T02:21:00.000",
      "level" : "restless",
      "seconds" : 60
    },{
      "dateTime" : "2015-09-02T02:22:00.000",
      "level" : "asleep",
      "seconds" : 9120
    },{
      "dateTime" : "2015-09-02T04:54:00.000",
      "level" : "restless",
      "seconds" : 60
    },{
      "dateTime" : "2015-09-02T04:55:00.000",
      "level" : "asleep",
      "seconds" : 2640
    },{
      "dateTime" : "2015-09-02T05:39:00.000",
      "level" : "restless",
      "seconds" : 60
    },{
      "dateTime" : "2015-09-02T05:40:00.000",
      "level" : "asleep",
      "seconds" : 2340
    },{
      "dateTime" : "2015-09-02T06:19:00.000",
      "level" : "restless",
      "seconds" : 120
    },{
      "dateTime" : "2015-09-02T06:21:00.000",
      "level" : "asleep",
      "seconds" : 1500
    }]
  },
  "mainSleep" : true
},{
  "logId" : 1296343089,
  "dateOfSleep" : "2015-09-01",
  "startTime" : "2015-09-01T00:29:30.000",
  "endTime" : "2015-09-01T09:04:00.000",
  "duration" : 30840000,
  "minutesToFallAsleep" : 0,
  "minutesAsleep" : 466,
  "minutesAwake" : 30,
  "minutesAfterWakeup" : 0,
  "timeInBed" : 514,
  "efficiency" : 94,
  "type" : "classic",
  "infoCode" : 0,
  "logType" : "auto_detected",
  "levels" : {
    "summary" : {
      "restless" : {
        "count" : 22,
        "minutes" : 41
      },
      "awake" : {
        "count" : 2,
        "minutes" : 2
      },
      "asleep" : {
        "count" : 0,
        "minutes" : 466
      }
    },
    "data" : [{
      "dateTime" : "2015-09-01T00:29:30.000",
      "level" : "restless",
      "seconds" : 240
    },{
      "dateTime" : "2015-09-01T00:33:30.000",
      "level" : "awake",
      "seconds" : 60
    },{
      "dateTime" : "2015-09-01T00:34:30.000",
      "level" : "restless",
      "seconds" : 240
    },{
      "dateTime" : "2015-09-01T00:38:30.000",
      "level" : "asleep",
      "seconds" : 60
    },{
      "dateTime" : "2015-09-01T00:39:30.000",
      "level" : "restless",
      "seconds" : 240
    },{
      "dateTime" : "2015-09-01T00:43:30.000",
      "level" : "asleep",
      "seconds" : 8340
    },{
      "dateTime" : "2015-09-01T03:02:30.000",
      "level" : "restless",
      "seconds" : 60
    },{
      "dateTime" : "2015-09-01T03:03:30.000",
      "level" : "asleep",
      "seconds" : 1860
    },{
      "dateTime" : "2015-09-01T03:34:30.000",
      "level" : "restless",
      "seconds" : 60
    },{
      "dateTime" : "2015-09-01T03:35:30.000",
      "level" : "asleep",
      "seconds" : 2520
    },{
      "dateTime" : "2015-09-01T04:17:30.000",
      "level" : "restless",
      "seconds" : 180
    },{
      "dateTime" : "2015-09-01T04:20:30.000",
      "level" : "asleep",
      "seconds" : 2160
    },{
      "dateTime" : "2015-09-01T04:56:30.000",
      "level" : "restless",
      "seconds" : 60
    },{
      "dateTime" : "2015-09-01T04:57:30.000",
      "level" : "asleep",
      "seconds" : 60
    },{
      "dateTime" : "2015-09-01T04:58:30.000",
      "level" : "restless",
      "seconds" : 60
    },{
      "dateTime" : "2015-09-01T04:59:30.000",
      "level" : "asleep",
      "seconds" : 60
    },{
      "dateTime" : "2015-09-01T05:00:30.000",
      "level" : "restless",
      "seconds" : 360
    },{
      "dateTime" : "2015-09-01T05:06:30.000",
      "level" : "asleep",
      "seconds" : 1560
    },{
      "dateTime" : "2015-09-01T05:32:30.000",
      "level" : "restless",
      "seconds" : 60
    },{
      "dateTime" : "2015-09-01T05:33:30.000",
      "level" : "asleep",
      "seconds" : 180
    },{
      "dateTime" : "2015-09-01T05:36:30.000",
      "level" : "restless",
      "seconds" : 60
    },{
      "dateTime" : "2015-09-01T05:37:30.000",
      "level" : "asleep",
      "seconds" : 1920
    },{
      "dateTime" : "2015-09-01T06:09:30.000",
      "level" : "restless",
      "seconds" : 60
    },{
      "dateTime" : "2015-09-01T06:10:30.000",
      "level" : "asleep",
      "seconds" : 360
    },{
      "dateTime" : "2015-09-01T06:16:30.000",
      "level" : "restless",
      "seconds" : 60
    },{
      "dateTime" : "2015-09-01T06:17:30.000",
      "level" : "asleep",
      "seconds" : 60
    },{
      "dateTime" : "2015-09-01T06:18:30.000",
      "level" : "restless",
      "seconds" : 120
    },{
      "dateTime" : "2015-09-01T06:20:30.000",
      "level" : "asleep",
      "seconds" : 4140
    },{
      "dateTime" : "2015-09-01T07:29:30.000",
      "level" : "restless",
      "seconds" : 60
    },{
      "dateTime" : "2015-09-01T07:30:30.000",
      "level" : "asleep",
      "seconds" : 660
    },{
      "dateTime" : "2015-09-01T07:41:30.000",
      "level" : "restless",
      "seconds" : 60
    },{
      "dateTime" : "2015-09-01T07:42:30.000",
      "level" : "asleep",
      "seconds" : 600
    },{
      "dateTime" : "2015-09-01T07:52:30.000",
      "level" : "restless",
      "seconds" : 60
    },{
      "dateTime" : "2015-09-01T07:53:30.000",
      "level" : "asleep",
      "seconds" : 120
    },{
      "dateTime" : "2015-09-01T07:55:30.000",
      "level" : "restless",
      "seconds" : 120
    },{
      "dateTime" : "2015-09-01T07:57:30.000",
      "level" : "asleep",
      "seconds" : 600
    },{
      "dateTime" : "2015-09-01T08:07:30.000",
      "level" : "restless",
      "seconds" : 60
    },{
      "dateTime" : "2015-09-01T08:08:30.000",
      "level" : "asleep",
      "seconds" : 60
    },{
      "dateTime" : "2015-09-01T08:09:30.000",
      "level" : "restless",
      "seconds" : 120
    },{
      "dateTime" : "2015-09-01T08:11:30.000",
      "level" : "awake",
      "seconds" : 60
    },{
      "dateTime" : "2015-09-01T08:12:30.000",
      "level" : "restless",
      "seconds" : 60
    },{
      "dateTime" : "2015-09-01T08:13:30.000",
      "level" : "asleep",
      "seconds" : 2340
    },{
      "dateTime" : "2015-09-01T08:52:30.000",
      "level" : "restless",
      "seconds" : 60
    },{
      "dateTime" : "2015-09-01T08:53:30.000",
      "level" : "asleep",
      "seconds" : 600
    }]
  },
  "mainSleep" : true
},{
  "logId" : 1296343088,
  "dateOfSleep" : "2015-08-31",
  "startTime" : "2015-08-31T00:01:30.000",
  "endTime" : "2015-08-31T07:14:30.000",
  "duration" : 25980000,
  "minutesToFallAsleep" : 0,
  "minutesAsleep" : 415,
  "minutesAwake" : 6,
  "minutesAfterWakeup" : 0,
  "timeInBed" : 433,
  "efficiency" : 99,
  "type" : "classic",
  "infoCode" : 0,
  "logType" : "auto_detected",
  "levels" : {
    "summary" : {
      "restless" : {
        "count" : 6,
        "minutes" : 8
      },
      "awake" : {
        "count" : 0,
        "minutes" : 0
      },
      "asleep" : {
        "count" : 0,
        "minutes" : 415
      }
    },
    "data" : [{
      "dateTime" : "2015-08-31T00:01:30.000",
      "level" : "restless",
      "seconds" : 60
    },{
      "dateTime" : "2015-08-31T00:02:30.000",
      "level" : "asleep",
      "seconds" : 420
    },{
      "dateTime" : "2015-08-31T00:09:30.000",
      "level" : "restless",
      "seconds" : 60
    },{
      "dateTime" : "2015-08-31T00:10:30.000",
      "level" : "asleep",
      "seconds" : 1740
    },{
      "dateTime" : "2015-08-31T00:39:30.000",
      "level" : "restless",
      "seconds" : 60
    },{
      "dateTime" : "2015-08-31T00:40:30.000",
      "level" : "asleep",
      "seconds" : 60
    },{
      "dateTime" : "2015-08-31T00:41:30.000",
      "level" : "restless",
      "seconds" : 180
    },{
      "dateTime" : "2015-08-31T00:44:30.000",
      "level" : "asleep",
      "seconds" : 13440
    },{
      "dateTime" : "2015-08-31T04:28:30.000",
      "level" : "restless",
      "seconds" : 60
    },{
      "dateTime" : "2015-08-31T04:29:30.000",
      "level" : "asleep",
      "seconds" : 6780
    },{
      "dateTime" : "2015-08-31T06:22:30.000",
      "level" : "restless",
      "seconds" : 60
    },{
      "dateTime" : "2015-08-31T06:23:30.000",
      "level" : "asleep",
      "seconds" : 3060
    }]
  },
  "mainSleep" : true
},{
  "logId" : 1288399359,
  "dateOfSleep" : "2015-08-30",
  "startTime" : "2015-08-29T23:39:00.000",
  "endTime" : "2015-08-30T07:44:30.000",
  "duration" : 29100000,
  "minutesToFallAsleep" : 0,
  "minutesAsleep" : 464,
  "minutesAwake" : 11,
  "minutesAfterWakeup" : 0,
  "timeInBed" : 485,
  "efficiency" : 98,
  "type" : "classic",
  "infoCode" : 0,
  "logType" : "auto_detected",
  "levels" : {
    "summary" : {
      "restless" : {
        "count" : 11,
        "minutes" : 12
      },
      "awake" : {
        "count" : 0,
        "minutes" : 0
      },
      "asleep" : {
        "count" : 0,
        "minutes" : 464
      }
    },
    "data" : [{
      "dateTime" : "2015-08-29T23:39:00.000",
      "level" : "asleep",
      "seconds" : 540
    },{
      "dateTime" : "2015-08-29T23:48:00.000",
      "level" : "restless",
      "seconds" : 60
    },{
      "dateTime" : "2015-08-29T23:49:00.000",
      "level" : "asleep",
      "seconds" : 900
    },{
      "dateTime" : "2015-08-30T00:04:00.000",
      "level" : "restless",
      "seconds" : 60
    },{
      "dateTime" : "2015-08-30T00:05:00.000",
      "level" : "asleep",
      "seconds" : 3840
    },{
      "dateTime" : "2015-08-30T01:09:00.000",
      "level" : "restless",
      "seconds" : 60
    },{
      "dateTime" : "2015-08-30T01:10:00.000",
      "level" : "asleep",
      "seconds" : 6900
    },{
      "dateTime" : "2015-08-30T03:05:00.000",
      "level" : "restless",
      "seconds" : 60
    },{
      "dateTime" : "2015-08-30T03:06:00.000",
      "level" : "asleep",
      "seconds" : 4320
    },{
      "dateTime" : "2015-08-30T04:18:00.000",
      "level" : "restless",
      "seconds" : 60
    },{
      "dateTime" : "2015-08-30T04:19:00.000",
      "level" : "asleep",
      "seconds" : 6540
    },{
      "dateTime" : "2015-08-30T06:08:00.000",
      "level" : "restless",
      "seconds" : 60
    },{
      "dateTime" : "2015-08-30T06:09:00.000",
      "level" : "asleep",
      "seconds" : 60
    },{
      "dateTime" : "2015-08-30T06:10:00.000",
      "level" : "restless",
      "seconds" : 60
    },{
      "dateTime" : "2015-08-30T06:11:00.000",
      "level" : "asleep",
      "seconds" : 660
    },{
      "dateTime" : "2015-08-30T06:22:00.000",
      "level" : "restless",
      "seconds" : 60
    },{
      "dateTime" : "2015-08-30T06:23:00.000",
      "level" : "asleep",
      "seconds" : 60
    },{
      "dateTime" : "2015-08-30T06:24:00.000",
      "level" : "restless",
      "seconds" : 120
    },{
      "dateTime" : "2015-08-30T06:26:00.000",
      "level" : "asleep",
      "seconds" : 120
    },{
      "dateTime" : "2015-08-30T06:28:00.000",
      "level" : "restless",
      "seconds" : 60
    },{
      "dateTime" : "2015-08-30T06:29:00.000",
      "level" : "asleep",
      "seconds" : 60
    },{
      "dateTime" : "2015-08-30T06:30:00.000",
      "level" : "restless",
      "seconds" : 60
    },{
      "dateTime" : "2015-08-30T06:31:00.000",
      "level" : "asleep",
      "seconds" : 4380
    }]
  },
  "mainSleep" : true
},{
  "logId" : 1284768812,
  "dateOfSleep" : "2015-08-29",
  "startTime" : "2015-08-28T23:01:00.000",
  "endTime" : "2015-08-29T07:37:00.000",
  "duration" : 30960000,
  "minutesToFallAsleep" : 0,
  "minutesAsleep" : 485,
  "minutesAwake" : 12,
  "minutesAfterWakeup" : 7,
  "timeInBed" : 516,
  "efficiency" : 98,
  "type" : "classic",
  "infoCode" : 0,
  "logType" : "auto_detected",
  "levels" : {
    "summary" : {
      "restless" : {
        "count" : 10,
        "minutes" : 19
      },
      "awake" : {
        "count" : 2,
        "minutes" : 4
      },
      "asleep" : {
        "count" : 0,
        "minutes" : 485
      }
    },
    "data" : [{
      "dateTime" : "2015-08-28T23:01:00.000",
      "level" : "awake",
      "seconds" : 120
    },{
      "dateTime" : "2015-08-28T23:03:00.000",
      "level" : "restless",
      "seconds" : 120
    },{
      "dateTime" : "2015-08-28T23:05:00.000",
      "level" : "asleep",
      "seconds" : 1200
    },{
      "dateTime" : "2015-08-28T23:25:00.000",
      "level" : "restless",
      "seconds" : 120
    },{
      "dateTime" : "2015-08-28T23:27:00.000",
      "level" : "asleep",
      "seconds" : 120
    },{
      "dateTime" : "2015-08-28T23:29:00.000",
      "level" : "restless",
      "seconds" : 120
    },{
      "dateTime" : "2015-08-28T23:31:00.000",
      "level" : "asleep",
      "seconds" : 3060
    },{
      "dateTime" : "2015-08-29T00:22:00.000",
      "level" : "restless",
      "seconds" : 60
    },{
      "dateTime" : "2015-08-29T00:23:00.000",
      "level" : "asleep",
      "seconds" : 3120
    },{
      "dateTime" : "2015-08-29T01:15:00.000",
      "level" : "restless",
      "seconds" : 60
    },{
      "dateTime" : "2015-08-29T01:16:00.000",
      "level" : "asleep",
      "seconds" : 7020
    },{
      "dateTime" : "2015-08-29T03:13:00.000",
      "level" : "restless",
      "seconds" : 60
    },{
      "dateTime" : "2015-08-29T03:14:00.000",
      "level" : "asleep",
      "seconds" : 8820
    },{
      "dateTime" : "2015-08-29T05:41:00.000",
      "level" : "restless",
      "seconds" : 60
    },{
      "dateTime" : "2015-08-29T05:42:00.000",
      "level" : "asleep",
      "seconds" : 6060
    },{
      "dateTime" : "2015-08-29T07:23:00.000",
      "level" : "restless",
      "seconds" : 240
    },{
      "dateTime" : "2015-08-29T07:27:00.000",
      "level" : "asleep",
      "seconds" : 180
    },{
      "dateTime" : "2015-08-29T07:30:00.000",
      "level" : "restless",
      "seconds" : 180
    },{
      "dateTime" : "2015-08-29T07:33:00.000",
      "level" : "awake",
      "seconds" : 120
    },{
      "dateTime" : "2015-08-29T07:35:00.000",
      "level" : "restless",
      "seconds" : 120
    }]
  },
  "mainSleep" : true
},{
  "logId" : 1282710850,
  "dateOfSleep" : "2015-08-28",
  "startTime" : "2015-08-28T19:13:00.000",
  "endTime" : "2015-08-28T21:11:30.000",
  "duration" : 7080000,
  "minutesToFallAsleep" : 0,
  "minutesAsleep" : 109,
  "minutesAwake" : 5,
  "minutesAfterWakeup" : 0,
  "timeInBed" : 118,
  "efficiency" : 96,
  "type" : "classic",
  "infoCode" : 0,
  "logType" : "auto_detected",
  "levels" : {
    "summary" : {
      "restless" : {
        "count" : 3,
        "minutes" : 6
      },
      "awake" : {
        "count" : 1,
        "minutes" : 3
      },
      "asleep" : {
        "count" : 0,
        "minutes" : 109
      }
    },
    "data" : [{
      "dateTime" : "2015-08-28T19:13:00.000",
      "level" : "awake",
      "seconds" : 180
    },{
      "dateTime" : "2015-08-28T19:16:00.000",
      "level" : "restless",
      "seconds" : 60
    },{
      "dateTime" : "2015-08-28T19:17:00.000",
      "level" : "asleep",
      "seconds" : 1620
    },{
      "dateTime" : "2015-08-28T19:44:00.000",
      "level" : "restless",
      "seconds" : 240
    },{
      "dateTime" : "2015-08-28T19:48:00.000",
      "level" : "asleep",
      "seconds" : 4740
    },{
      "dateTime" : "2015-08-28T21:07:00.000",
      "level" : "restless",
      "seconds" : 60
    },{
      "dateTime" : "2015-08-28T21:08:00.000",
      "level" : "asleep",
      "seconds" : 180
    }]
  },
  "mainSleep" : false
},{
  "logId" : 1281159388,
  "dateOfSleep" : "2015-08-28",
  "startTime" : "2015-08-28T01:14:00.000",
  "endTime" : "2015-08-28T07:19:30.000",
  "duration" : 21900000,
  "minutesToFallAsleep" : 0,
  "minutesAsleep" : 293,
  "minutesAwake" : 3,
  "minutesAfterWakeup" : 0,
  "timeInBed" : 365,
  "efficiency" : 99,
  "type" : "classic",
  "infoCode" : 0,
  "logType" : "auto_detected",
  "levels" : {
    "summary" : {
      "restless" : {
        "count" : 8,
        "minutes" : 20
      },
      "awake" : {
        "count" : 3,
        "minutes" : 8
      },
      "asleep" : {
        "count" : 0,
        "minutes" : 293
      }
    },
    "data" : [{
      "dateTime" : "2015-08-28T01:14:00.000",
      "level" : "awake",
      "seconds" : 120
    },{
      "dateTime" : "2015-08-28T01:16:00.000",
      "level" : "restless",
      "seconds" : 360
    },{
      "dateTime" : "2015-08-28T01:22:00.000",
      "level" : "asleep",
      "seconds" : 1440
    },{
      "dateTime" : "2015-08-28T01:46:00.000",
      "level" : "restless",
      "seconds" : 180
    },{
      "dateTime" : "2015-08-28T01:49:00.000",
      "level" : "awake",
      "seconds" : 240
    },{
      "dateTime" : "2015-08-28T01:53:00.000",
      "level" : "restless",
      "seconds" : 60
    },{
      "dateTime" : "2015-08-28T01:54:00.000",
      "level" : "asleep",
      "seconds" : 360
    },{
      "dateTime" : "2015-08-28T02:00:00.000",
      "level" : "restless",
      "seconds" : 180
    },{
      "dateTime" : "2015-08-28T02:03:00.000",
      "level" : "asleep",
      "seconds" : 300
    },{
      "dateTime" : "2015-08-28T02:08:00.000",
      "level" : "restless",
      "seconds" : 240
    },{
      "dateTime" : "2015-08-28T02:12:00.000",
      "level" : "awake",
      "seconds" : 120
    },{
      "dateTime" : "2015-08-28T02:14:00.000",
      "level" : "asleep",
      "seconds" : 11280
    },{
      "dateTime" : "2015-08-28T05:22:00.000",
      "level" : "restless",
      "seconds" : 60
    },{
      "dateTime" : "2015-08-28T05:23:00.000",
      "level" : "asleep",
      "seconds" : 120
    },{
      "dateTime" : "2015-08-28T05:25:00.000",
      "level" : "restless",
      "seconds" : 60
    },{
      "dateTime" : "2015-08-28T05:26:00.000",
      "level" : "asleep",
      "seconds" : 5400
    },{
      "dateTime" : "2015-08-28T06:56:00.000",
      "level" : "restless",
      "seconds" : 60
    },{
      "dateTime" : "2015-08-28T06:57:00.000",
      "level" : "asleep",
      "seconds" : 1320
    }]
  },
  "mainSleep" : true
},{
  "logId" : 1277293049,
  "dateOfSleep" : "2015-08-27",
  "startTime" : "2015-08-26T23:53:00.000",
  "endTime" : "2015-08-27T07:15:30.000",
  "duration" : 26520000,
  "minutesToFallAsleep" : 0,
  "minutesAsleep" : 423,
  "minutesAwake" : 3,
  "minutesAfterWakeup" : 0,
  "timeInBed" : 442,
  "efficiency" : 99,
  "type" : "classic",
  "infoCode" : 0,
  "logType" : "auto_detected",
  "levels" : {
    "summary" : {
      "restless" : {
        "count" : 3,
        "minutes" : 5
      },
      "awake" : {
        "count" : 1,
        "minutes" : 5
      },
      "asleep" : {
        "count" : 0,
        "minutes" : 423
      }
    },
    "data" : [{
      "dateTime" : "2015-08-26T23:53:00.000",
      "level" : "awake",
      "seconds" : 300
    },{
      "dateTime" : "2015-08-26T23:58:00.000",
      "level" : "restless",
      "seconds" : 120
    },{
      "dateTime" : "2015-08-27T00:00:00.000",
      "level" : "asleep",
      "seconds" : 2580
    },{
      "dateTime" : "2015-08-27T00:43:00.000",
      "level" : "restless",
      "seconds" : 60
    },{
      "dateTime" : "2015-08-27T00:44:00.000",
      "level" : "asleep",
      "seconds" : 5880
    },{
      "dateTime" : "2015-08-27T02:22:00.000",
      "level" : "restless",
      "seconds" : 120
    },{
      "dateTime" : "2015-08-27T02:24:00.000",
      "level" : "asleep",
      "seconds" : 17460
    }]
  },
  "mainSleep" : true
},{
  "logId" : 1273808566,
  "dateOfSleep" : "2015-08-26",
  "startTime" : "2015-08-26T00:28:00.000",
  "endTime" : "2015-08-26T07:20:30.000",
  "duration" : 24720000,
  "minutesToFallAsleep" : 0,
  "minutesAsleep" : 401,
  "minutesAwake" : 5,
  "minutesAfterWakeup" : 0,
  "timeInBed" : 412,
  "efficiency" : 99,
  "type" : "classic",
  "infoCode" : 0,
  "logType" : "auto_detected",
  "levels" : {
    "summary" : {
      "restless" : {
        "count" : 5,
        "minutes" : 6
      },
      "awake" : {
        "count" : 1,
        "minutes" : 4
      },
      "asleep" : {
        "count" : 0,
        "minutes" : 401
      }
    },
    "data" : [{
      "dateTime" : "2015-08-26T00:28:00.000",
      "level" : "awake",
      "seconds" : 240
    },{
      "dateTime" : "2015-08-26T00:32:00.000",
      "level" : "restless",
      "seconds" : 60
    },{
      "dateTime" : "2015-08-26T00:33:00.000",
      "level" : "asleep",
      "seconds" : 660
    },{
      "dateTime" : "2015-08-26T00:44:00.000",
      "level" : "restless",
      "seconds" : 60
    },{
      "dateTime" : "2015-08-26T00:45:00.000",
      "level" : "asleep",
      "seconds" : 60
    },{
      "dateTime" : "2015-08-26T00:46:00.000",
      "level" : "restless",
      "seconds" : 120
    },{
      "dateTime" : "2015-08-26T00:48:00.000",
      "level" : "asleep",
      "seconds" : 1440
    },{
      "dateTime" : "2015-08-26T01:12:00.000",
      "level" : "restless",
      "seconds" : 60
    },{
      "dateTime" : "2015-08-26T01:13:00.000",
      "level" : "asleep",
      "seconds" : 21540
    },{
      "dateTime" : "2015-08-26T07:12:00.000",
      "level" : "restless",
      "seconds" : 60
    },{
      "dateTime" : "2015-08-26T07:13:00.000",
      "level" : "asleep",
      "seconds" : 420
    }]
  },
  "mainSleep" : true
},{
  "logId" : 1270131626,
  "dateOfSleep" : "2015-08-25",
  "startTime" : "2015-08-25T00:38:00.000",
  "endTime" : "2015-08-25T08:02:00.000",
  "duration" : 26640000,
  "minutesToFallAsleep" : 0,
  "minutesAsleep" : 423,
  "minutesAwake" : 12,
  "minutesAfterWakeup" : 0,
  "timeInBed" : 444,
  "efficiency" : 97,
  "type" : "classic",
  "infoCode" : 0,
  "logType" : "auto_detected",
  "levels" : {
    "summary" : {
      "restless" : {
        "count" : 8,
        "minutes" : 15
      },
      "awake" : {
        "count" : 2,
        "minutes" : 3
      },
      "asleep" : {
        "count" : 0,
        "minutes" : 423
      }
    },
    "data" : [{
      "dateTime" : "2015-08-25T00:38:00.000",
      "level" : "asleep",
      "seconds" : 120
    },{
      "dateTime" : "2015-08-25T00:40:00.000",
      "level" : "restless",
      "seconds" : 120
    },{
      "dateTime" : "2015-08-25T00:42:00.000",
      "level" : "awake",
      "seconds" : 60
    },{
      "dateTime" : "2015-08-25T00:43:00.000",
      "level" : "restless",
      "seconds" : 60
    },{
      "dateTime" : "2015-08-25T00:44:00.000",
      "level" : "awake",
      "seconds" : 120
    },{
      "dateTime" : "2015-08-25T00:46:00.000",
      "level" : "asleep",
      "seconds" : 6720
    },{
      "dateTime" : "2015-08-25T02:38:00.000",
      "level" : "restless",
      "seconds" : 60
    },{
      "dateTime" : "2015-08-25T02:39:00.000",
      "level" : "asleep",
      "seconds" : 8280
    },{
      "dateTime" : "2015-08-25T04:57:00.000",
      "level" : "restless",
      "seconds" : 120
    },{
      "dateTime" : "2015-08-25T04:59:00.000",
      "level" : "asleep",
      "seconds" : 60
    },{
      "dateTime" : "2015-08-25T05:00:00.000",
      "level" : "restless",
      "seconds" : 60
    },{
      "dateTime" : "2015-08-25T05:01:00.000",
      "level" : "asleep",
      "seconds" : 2100
    },{
      "dateTime" : "2015-08-25T05:36:00.000",
      "level" : "restless",
      "seconds" : 120
    },{
      "dateTime" : "2015-08-25T05:38:00.000",
      "level" : "asleep",
      "seconds" : 2220
    },{
      "dateTime" : "2015-08-25T06:15:00.000",
      "level" : "restless",
      "seconds" : 240
    },{
      "dateTime" : "2015-08-25T06:19:00.000",
      "level" : "asleep",
      "seconds" : 4260
    },{
      "dateTime" : "2015-08-25T07:30:00.000",
      "level" : "restless",
      "seconds" : 120
    },{
      "dateTime" : "2015-08-25T07:32:00.000",
      "level" : "asleep",
      "seconds" : 1800
    }]
  },
  "mainSleep" : true
},{
  "logId" : 1266238722,
  "dateOfSleep" : "2015-08-24",
  "startTime" : "2015-08-23T23:07:00.000",
  "endTime" : "2015-08-24T07:15:30.000",
  "duration" : 29280000,
  "minutesToFallAsleep" : 0,
  "minutesAsleep" : 472,
  "minutesAwake" : 12,
  "minutesAfterWakeup" : 0,
  "timeInBed" : 488,
  "efficiency" : 98,
  "type" : "classic",
  "infoCode" : 0,
  "logType" : "auto_detected",
  "levels" : {
    "summary" : {
      "restless" : {
        "count" : 11,
        "minutes" : 14
      },
      "awake" : {
        "count" : 1,
        "minutes" : 2
      },
      "asleep" : {
        "count" : 0,
        "minutes" : 472
      }
    },
    "data" : [{
      "dateTime" : "2015-08-23T23:07:00.000",
      "level" : "awake",
      "seconds" : 120
    },{
      "dateTime" : "2015-08-23T23:09:00.000",
      "level" : "restless",
      "seconds" : 120
    },{
      "dateTime" : "2015-08-23T23:11:00.000",
      "level" : "asleep",
      "seconds" : 3660
    },{
      "dateTime" : "2015-08-24T00:12:00.000",
      "level" : "restless",
      "seconds" : 60
    },{
      "dateTime" : "2015-08-24T00:13:00.000",
      "level" : "asleep",
      "seconds" : 6420
    },{
      "dateTime" : "2015-08-24T02:00:00.000",
      "level" : "restless",
      "seconds" : 60
    },{
      "dateTime" : "2015-08-24T02:01:00.000",
      "level" : "asleep",
      "seconds" : 60
    },{
      "dateTime" : "2015-08-24T02:02:00.000",
      "level" : "restless",
      "seconds" : 60
    },{
      "dateTime" : "2015-08-24T02:03:00.000",
      "level" : "asleep",
      "seconds" : 1440
    },{
      "dateTime" : "2015-08-24T02:27:00.000",
      "level" : "restless",
      "seconds" : 60
    },{
      "dateTime" : "2015-08-24T02:28:00.000",
      "level" : "asleep",
      "seconds" : 14160
    },{
      "dateTime" : "2015-08-24T06:24:00.000",
      "level" : "restless",
      "seconds" : 60
    },{
      "dateTime" : "2015-08-24T06:25:00.000",
      "level" : "asleep",
      "seconds" : 300
    },{
      "dateTime" : "2015-08-24T06:30:00.000",
      "level" : "restless",
      "seconds" : 60
    },{
      "dateTime" : "2015-08-24T06:31:00.000",
      "level" : "asleep",
      "seconds" : 720
    },{
      "dateTime" : "2015-08-24T06:43:00.000",
      "level" : "restless",
      "seconds" : 60
    },{
      "dateTime" : "2015-08-24T06:44:00.000",
      "level" : "asleep",
      "seconds" : 60
    },{
      "dateTime" : "2015-08-24T06:45:00.000",
      "level" : "restless",
      "seconds" : 60
    },{
      "dateTime" : "2015-08-24T06:46:00.000",
      "level" : "asleep",
      "seconds" : 1140
    },{
      "dateTime" : "2015-08-24T07:05:00.000",
      "level" : "restless",
      "seconds" : 180
    },{
      "dateTime" : "2015-08-24T07:08:00.000",
      "level" : "asleep",
      "seconds" : 60
    },{
      "dateTime" : "2015-08-24T07:09:00.000",
      "level" : "restless",
      "seconds" : 60
    },{
      "dateTime" : "2015-08-24T07:10:00.000",
      "level" : "asleep",
      "seconds" : 300
    }]
  },
  "mainSleep" : true
},{
  "logId" : 1260104298,
  "dateOfSleep" : "2015-08-22",
  "startTime" : "2015-08-22T00:56:30.000",
  "endTime" : "2015-08-22T08:26:30.000",
  "duration" : 27000000,
  "minutesToFallAsleep" : 0,
  "minutesAsleep" : 442,
  "minutesAwake" : 8,
  "minutesAfterWakeup" : 0,
  "timeInBed" : 450,
  "efficiency" : 98,
  "type" : "classic",
  "infoCode" : 0,
  "logType" : "auto_detected",
  "levels" : {
    "summary" : {
      "restless" : {
        "count" : 3,
        "minutes" : 8
      },
      "awake" : {
        "count" : 0,
        "minutes" : 0
      },
      "asleep" : {
        "count" : 0,
        "minutes" : 442
      }
    },
    "data" : [{
      "dateTime" : "2015-08-22T00:56:30.000",
      "level" : "asleep",
      "seconds" : 900
    },{
      "dateTime" : "2015-08-22T01:11:30.000",
      "level" : "restless",
      "seconds" : 300
    },{
      "dateTime" : "2015-08-22T01:16:30.000",
      "level" : "asleep",
      "seconds" : 22020
    },{
      "dateTime" : "2015-08-22T07:23:30.000",
      "level" : "restless",
      "seconds" : 120
    },{
      "dateTime" : "2015-08-22T07:25:30.000",
      "level" : "asleep",
      "seconds" : 60
    },{
      "dateTime" : "2015-08-22T07:26:30.000",
      "level" : "restless",
      "seconds" : 60
    },{
      "dateTime" : "2015-08-22T07:27:30.000",
      "level" : "asleep",
      "seconds" : 3540
    }]
  },
  "mainSleep" : true
},{
  "logId" : 1255413192,
  "dateOfSleep" : "2015-08-21",
  "startTime" : "2015-08-20T22:56:00.000",
  "endTime" : "2015-08-21T08:52:30.000",
  "duration" : 35760000,
  "minutesToFallAsleep" : 0,
  "minutesAsleep" : 553,
  "minutesAwake" : 37,
  "minutesAfterWakeup" : 0,
  "timeInBed" : 596,
  "efficiency" : 94,
  "type" : "classic",
  "infoCode" : 0,
  "logType" : "auto_detected",
  "levels" : {
    "summary" : {
      "restless" : {
        "count" : 18,
        "minutes" : 40
      },
      "awake" : {
        "count" : 3,
        "minutes" : 3
      },
      "asleep" : {
        "count" : 0,
        "minutes" : 553
      }
    },
    "data" : [{
      "dateTime" : "2015-08-20T22:56:00.000",
      "level" : "restless",
      "seconds" : 360
    },{
      "dateTime" : "2015-08-20T23:02:00.000",
      "level" : "asleep",
      "seconds" : 1260
    },{
      "dateTime" : "2015-08-20T23:23:00.000",
      "level" : "restless",
      "seconds" : 60
    },{
      "dateTime" : "2015-08-20T23:24:00.000",
      "level" : "asleep",
      "seconds" : 7560
    },{
      "dateTime" : "2015-08-21T01:30:00.000",
      "level" : "restless",
      "seconds" : 180
    },{
      "dateTime" : "2015-08-21T01:33:00.000",
      "level" : "awake",
      "seconds" : 60
    },{
      "dateTime" : "2015-08-21T01:34:00.000",
      "level" : "asleep",
      "seconds" : 2640
    },{
      "dateTime" : "2015-08-21T02:18:00.000",
      "level" : "restless",
      "seconds" : 60
    },{
      "dateTime" : "2015-08-21T02:19:00.000",
      "level" : "asleep",
      "seconds" : 10020
    },{
      "dateTime" : "2015-08-21T05:06:00.000",
      "level" : "restless",
      "seconds" : 60
    },{
      "dateTime" : "2015-08-21T05:07:00.000",
      "level" : "asleep",
      "seconds" : 6540
    },{
      "dateTime" : "2015-08-21T06:56:00.000",
      "level" : "restless",
      "seconds" : 60
    },{
      "dateTime" : "2015-08-21T06:57:00.000",
      "level" : "asleep",
      "seconds" : 2040
    },{
      "dateTime" : "2015-08-21T07:31:00.000",
      "level" : "restless",
      "seconds" : 60
    },{
      "dateTime" : "2015-08-21T07:32:00.000",
      "level" : "asleep",
      "seconds" : 420
    },{
      "dateTime" : "2015-08-21T07:39:00.000",
      "level" : "restless",
      "seconds" : 300
    },{
      "dateTime" : "2015-08-21T07:44:00.000",
      "level" : "asleep",
      "seconds" : 420
    },{
      "dateTime" : "2015-08-21T07:51:00.000",
      "level" : "restless",
      "seconds" : 60
    },{
      "dateTime" : "2015-08-21T07:52:00.000",
      "level" : "asleep",
      "seconds" : 120
    },{
      "dateTime" : "2015-08-21T07:54:00.000",
      "level" : "restless",
      "seconds" : 60
    },{
      "dateTime" : "2015-08-21T07:55:00.000",
      "level" : "asleep",
      "seconds" : 180
    },{
      "dateTime" : "2015-08-21T07:58:00.000",
      "level" : "restless",
      "seconds" : 60
    },{
      "dateTime" : "2015-08-21T07:59:00.000",
      "level" : "asleep",
      "seconds" : 120
    },{
      "dateTime" : "2015-08-21T08:01:00.000",
      "level" : "restless",
      "seconds" : 120
    },{
      "dateTime" : "2015-08-21T08:03:00.000",
      "level" : "awake",
      "seconds" : 60
    },{
      "dateTime" : "2015-08-21T08:04:00.000",
      "level" : "restless",
      "seconds" : 120
    },{
      "dateTime" : "2015-08-21T08:06:00.000",
      "level" : "asleep",
      "seconds" : 1440
    },{
      "dateTime" : "2015-08-21T08:30:00.000",
      "level" : "restless",
      "seconds" : 120
    },{
      "dateTime" : "2015-08-21T08:32:00.000",
      "level" : "awake",
      "seconds" : 60
    },{
      "dateTime" : "2015-08-21T08:33:00.000",
      "level" : "restless",
      "seconds" : 240
    },{
      "dateTime" : "2015-08-21T08:37:00.000",
      "level" : "asleep",
      "seconds" : 120
    },{
      "dateTime" : "2015-08-21T08:39:00.000",
      "level" : "restless",
      "seconds" : 60
    },{
      "dateTime" : "2015-08-21T08:40:00.000",
      "level" : "asleep",
      "seconds" : 60
    },{
      "dateTime" : "2015-08-21T08:41:00.000",
      "level" : "restless",
      "seconds" : 60
    },{
      "dateTime" : "2015-08-21T08:42:00.000",
      "level" : "asleep",
      "seconds" : 120
    },{
      "dateTime" : "2015-08-21T08:44:00.000",
      "level" : "restless",
      "seconds" : 360
    },{
      "dateTime" : "2015-08-21T08:50:00.000",
      "level" : "asleep",
      "seconds" : 120
    }]
  },
  "mainSleep" : true
}]