[{
  "logId" : 12263080492,
  "dateOfSleep" : "2016-08-05",
  "startTime" : "2016-08-04T23:23:30.000",
  "endTime" : "2016-08-05T07:15:00.000",
  "duration" : 28260000,
  "minutesToFallAsleep" : 0,
  "minutesAsleep" : 462,
  "minutesAwake" : 9,
  "minutesAfterWakeup" : 0,
  "timeInBed" : 471,
  "efficiency" : 98,
  "type" : "classic",
  "infoCode" : 0,
  "logType" : "auto_detected",
  "levels" : {
    "summary" : {
      "restless" : {
        "count" : 8,
        "minutes" : 9
      },
      "awake" : {
        "count" : 0,
        "minutes" : 0
      },
      "asleep" : {
        "count" : 0,
        "minutes" : 462
      }
    },
    "data" : [{
      "dateTime" : "2016-08-04T23:23:30.000",
      "level" : "restless",
      "seconds" : 60
    },{
      "dateTime" : "2016-08-04T23:24:30.000",
      "level" : "asleep",
      "seconds" : 2640
    },{
      "dateTime" : "2016-08-05T00:08:30.000",
      "level" : "restless",
      "seconds" : 60
    },{
      "dateTime" : "2016-08-05T00:09:30.000",
      "level" : "asleep",
      "seconds" : 60
    },{
      "dateTime" : "2016-08-05T00:10:30.000",
      "level" : "restless",
      "seconds" : 120
    },{
      "dateTime" : "2016-08-05T00:12:30.000",
      "level" : "asleep",
      "seconds" : 11640
    },{
      "dateTime" : "2016-08-05T03:26:30.000",
      "level" : "restless",
      "seconds" : 60
    },{
      "dateTime" : "2016-08-05T03:27:30.000",
      "level" : "asleep",
      "seconds" : 8400
    },{
      "dateTime" : "2016-08-05T05:47:30.000",
      "level" : "restless",
      "seconds" : 60
    },{
      "dateTime" : "2016-08-05T05:48:30.000",
      "level" : "asleep",
      "seconds" : 4380
    },{
      "dateTime" : "2016-08-05T07:01:30.000",
      "level" : "restless",
      "seconds" : 60
    },{
      "dateTime" : "2016-08-05T07:02:30.000",
      "level" : "asleep",
      "seconds" : 60
    },{
      "dateTime" : "2016-08-05T07:03:30.000",
      "level" : "restless",
      "seconds" : 60
    },{
      "dateTime" : "2016-08-05T07:04:30.000",
      "level" : "asleep",
      "seconds" : 480
    },{
      "dateTime" : "2016-08-05T07:12:30.000",
      "level" : "restless",
      "seconds" : 60
    },{
      "dateTime" : "2016-08-05T07:13:30.000",
      "level" : "asleep",
      "seconds" : 60
    }]
  },
  "mainSleep" : true
},{
  "logId" : 12263080491,
  "dateOfSleep" : "2016-08-04",
  "startTime" : "2016-08-03T23:48:00.000",
  "endTime" : "2016-08-04T06:46:30.000",
  "duration" : 25080000,
  "minutesToFallAsleep" : 0,
  "minutesAsleep" : 385,
  "minutesAwake" : 33,
  "minutesAfterWakeup" : 0,
  "timeInBed" : 418,
  "efficiency" : 92,
  "type" : "classic",
  "infoCode" : 0,
  "logType" : "auto_detected",
  "levels" : {
    "summary" : {
      "restless" : {
        "count" : 22,
        "minutes" : 32
      },
      "awake" : {
        "count" : 1,
        "minutes" : 1
      },
      "asleep" : {
        "count" : 0,
        "minutes" : 385
      }
    },
    "data" : [{
      "dateTime" : "2016-08-03T23:48:00.000",
      "level" : "awake",
      "seconds" : 60
    },{
      "dateTime" : "2016-08-03T23:49:00.000",
      "level" : "asleep",
      "seconds" : 660
    },{
      "dateTime" : "2016-08-04T00:00:00.000",
      "level" : "restless",
      "seconds" : 60
    },{
      "dateTime" : "2016-08-04T00:01:00.000",
      "level" : "asleep",
      "seconds" : 60
    },{
      "dateTime" : "2016-08-04T00:02:00.000",
      "level" : "restless",
      "seconds" : 60
    },{
      "dateTime" : "2016-08-04T00:03:00.000",
      "level" : "asleep",
      "seconds" : 60
    },{
      "dateTime" : "2016-08-04T00:04:00.000",
      "level" : "restless",
      "seconds" : 120
    },{
      "dateTime" : "2016-08-04T00:06:00.000",
      "level" : "asleep",
      "seconds" : 2940
    },{
      "dateTime" : "2016-08-04T00:55:00.000",
      "level" : "restless",
      "seconds" : 60
    },{
      "dateTime" : "2016-08-04T00:56:00.000",
      "level" : "asleep",
      "seconds" : 120
    },{
      "dateTime" : "2016-08-04T00:58:00.000",
      "level" : "restless",
      "seconds" : 240
    },{
      "dateTime" : "2016-08-04T01:02:00.000",
      "level" : "asleep",
      "seconds" : 4320
    },{
      "dateTime" : "2016-08-04T02:14:00.000",
      "level" : "restless",
      "seconds" : 120
    },{
      "dateTime" : "2016-08-04T02:16:00.000",
      "level" : "asleep",
      "seconds" : 840
    },{
      "dateTime" : "2016-08-04T02:30:00.000",
      "level" : "restless",
      "seconds" : 60
    },{
      "dateTime" : "2016-08-04T02:31:00.000",
      "level" : "asleep",
      "seconds" : 480
    },{
      "dateTime" : "2016-08-04T02:39:00.000",
      "level" : "restless",
      "seconds" : 60
    },{
      "dateTime" : "2016-08-04T02:40:00.000",
      "level" : "asleep",
      "seconds" : 120
    },{
      "dateTime" : "2016-08-04T02:42:00.000",
      "level" : "restless",
      "seconds" : 60
    },{
      "dateTime" : "2016-08-04T02:43:00.000",
      "level" : "asleep",
      "seconds" : 1200
    },{
      "dateTime" : "2016-08-04T03:03:00.000",
      "level" : "restless",
      "seconds" : 60
    },{
      "dateTime" : "2016-08-04T03:04:00.000",
      "level" : "asleep",
      "seconds" : 1140
    },{
      "dateTime" : "2016-08-04T03:23:00.000",
      "level" : "restless",
      "seconds" : 300
    },{
      "dateTime" : "2016-08-04T03:28:00.000",
      "level" : "asleep",
      "seconds" : 240
    },{
      "dateTime" : "2016-08-04T03:32:00.000",
      "level" : "restless",
      "seconds" : 120
    },{
      "dateTime" : "2016-08-04T03:34:00.000",
      "level" : "asleep",
      "seconds" : 1200
    },{
      "dateTime" : "2016-08-04T03:54:00.000",
      "level" : "restless",
      "seconds" : 60
    },{
      "dateTime" : "2016-08-04T03:55:00.000",
      "level" : "asleep",
      "seconds" : 1200
    },{
      "dateTime" : "2016-08-04T04:15:00.000",
      "level" : "restless",
      "seconds" : 60
    },{
      "dateTime" : "2016-08-04T04:16:00.000",
      "level" : "asleep",
      "seconds" : 780
    },{
      "dateTime" : "2016-08-04T04:29:00.000",
      "level" : "restless",
      "seconds" : 60
    },{
      "dateTime" : "2016-08-04T04:30:00.000",
      "level" : "asleep",
      "seconds" : 1800
    },{
      "dateTime" : "2016-08-04T05:00:00.000",
      "level" : "restless",
      "seconds" : 60
    },{
      "dateTime" : "2016-08-04T05:01:00.000",
      "level" : "asleep",
      "seconds" : 1320
    },{
      "dateTime" : "2016-08-04T05:23:00.000",
      "level" : "restless",
      "seconds" : 60
    },{
      "dateTime" : "2016-08-04T05:24:00.000",
      "level" : "asleep",
      "seconds" : 2880
    },{
      "dateTime" : "2016-08-04T06:12:00.000",
      "level" : "restless",
      "seconds" : 60
    },{
      "dateTime" : "2016-08-04T06:13:00.000",
      "level" : "asleep",
      "seconds" : 60
    },{
      "dateTime" : "2016-08-04T06:14:00.000",
      "level" : "restless",
      "seconds" : 60
    },{
      "dateTime" : "2016-08-04T06:15:00.000",
      "level" : "asleep",
      "seconds" : 420
    },{
      "dateTime" : "2016-08-04T06:22:00.000",
      "level" : "restless",
      "seconds" : 60
    },{
      "dateTime" : "2016-08-04T06:23:00.000",
      "level" : "asleep",
      "seconds" : 120
    },{
      "dateTime" : "2016-08-04T06:25:00.000",
      "level" : "restless",
      "seconds" : 60
    },{
      "dateTime" : "2016-08-04T06:26:00.000",
      "level" : "asleep",
      "seconds" : 960
    },{
      "dateTime" : "2016-08-04T06:42:00.000",
      "level" : "restless",
      "seconds" : 60
    },{
      "dateTime" : "2016-08-04T06:43:00.000",
      "level" : "asleep",
      "seconds" : 180
    }]
  },
  "mainSleep" : true
},{
  "logId" : 12263080490,
  "dateOfSleep" : "2016-08-03",
  "startTime" : "2016-08-02T23:43:30.000",
  "endTime" : "2016-08-03T07:40:30.000",
  "duration" : 28620000,
  "minutesToFallAsleep" : 0,
  "minutesAsleep" : 461,
  "minutesAwake" : 9,
  "minutesAfterWakeup" : 7,
  "timeInBed" : 477,
  "efficiency" : 98,
  "type" : "classic",
  "infoCode" : 0,
  "logType" : "auto_detected",
  "levels" : {
    "summary" : {
      "restless" : {
        "count" : 8,
        "minutes" : 14
      },
      "awake" : {
        "count" : 1,
        "minutes" : 2
      },
      "asleep" : {
        "count" : 0,
        "minutes" : 461
      }
    },
    "data" : [{
      "dateTime" : "2016-08-02T23:43:30.000",
      "level" : "awake",
      "seconds" : 120
    },{
      "dateTime" : "2016-08-02T23:45:30.000",
      "level" : "restless",
      "seconds" : 60
    },{
      "dateTime" : "2016-08-02T23:46:30.000",
      "level" : "asleep",
      "seconds" : 8520
    },{
      "dateTime" : "2016-08-03T02:08:30.000",
      "level" : "restless",
      "seconds" : 60
    },{
      "dateTime" : "2016-08-03T02:09:30.000",
      "level" : "asleep",
      "seconds" : 13320
    },{
      "dateTime" : "2016-08-03T05:51:30.000",
      "level" : "restless",
      "seconds" : 60
    },{
      "dateTime" : "2016-08-03T05:52:30.000",
      "level" : "asleep",
      "seconds" : 60
    },{
      "dateTime" : "2016-08-03T05:53:30.000",
      "level" : "restless",
      "seconds" : 60
    },{
      "dateTime" : "2016-08-03T05:54:30.000",
      "level" : "asleep",
      "seconds" : 660
    },{
      "dateTime" : "2016-08-03T06:05:30.000",
      "level" : "restless",
      "seconds" : 60
    },{
      "dateTime" : "2016-08-03T06:06:30.000",
      "level" : "asleep",
      "seconds" : 60
    },{
      "dateTime" : "2016-08-03T06:07:30.000",
      "level" : "restless",
      "seconds" : 60
    },{
      "dateTime" : "2016-08-03T06:08:30.000",
      "level" : "asleep",
      "seconds" : 3660
    },{
      "dateTime" : "2016-08-03T07:09:30.000",
      "level" : "restless",
      "seconds" : 60
    },{
      "dateTime" : "2016-08-03T07:10:30.000",
      "level" : "asleep",
      "seconds" : 1380
    },{
      "dateTime" : "2016-08-03T07:33:30.000",
      "level" : "restless",
      "seconds" : 420
    }]
  },
  "mainSleep" : true
},{
  "logId" : 12238549343,
  "dateOfSleep" : "2016-08-02",
  "startTime" : "2016-08-01T23:15:30.000",
  "endTime" : "2016-08-02T07:00:00.000",
  "duration" : 27840000,
  "minutesToFallAsleep" : 0,
  "minutesAsleep" : 459,
  "minutesAwake" : 5,
  "minutesAfterWakeup" : 0,
  "timeInBed" : 464,
  "efficiency" : 99,
  "type" : "classic",
  "infoCode" : 0,
  "logType" : "auto_detected",
  "levels" : {
    "summary" : {
      "restless" : {
        "count" : 4,
        "minutes" : 5
      },
      "awake" : {
        "count" : 0,
        "minutes" : 0
      },
      "asleep" : {
        "count" : 0,
        "minutes" : 459
      }
    },
    "data" : [{
      "dateTime" : "2016-08-01T23:15:30.000",
      "level" : "asleep",
      "seconds" : 780
    },{
      "dateTime" : "2016-08-01T23:28:30.000",
      "level" : "restless",
      "seconds" : 60
    },{
      "dateTime" : "2016-08-01T23:29:30.000",
      "level" : "asleep",
      "seconds" : 120
    },{
      "dateTime" : "2016-08-01T23:31:30.000",
      "level" : "restless",
      "seconds" : 60
    },{
      "dateTime" : "2016-08-01T23:32:30.000",
      "level" : "asleep",
      "seconds" : 9480
    },{
      "dateTime" : "2016-08-02T02:10:30.000",
      "level" : "restless",
      "seconds" : 120
    },{
      "dateTime" : "2016-08-02T02:12:30.000",
      "level" : "asleep",
      "seconds" : 7140
    },{
      "dateTime" : "2016-08-02T04:11:30.000",
      "level" : "restless",
      "seconds" : 60
    },{
      "dateTime" : "2016-08-02T04:12:30.000",
      "level" : "asleep",
      "seconds" : 10020
    }]
  },
  "mainSleep" : true
}]