[{
  "logId" : 11296632856,
  "dateOfSleep" : "2016-04-04",
  "startTime" : "2016-04-03T23:54:30.000",
  "endTime" : "2016-04-04T06:44:30.000",
  "duration" : 24600000,
  "minutesToFallAsleep" : 0,
  "minutesAsleep" : 405,
  "minutesAwake" : 5,
  "minutesAfterWakeup" : 0,
  "timeInBed" : 410,
  "efficiency" : 99,
  "type" : "classic",
  "infoCode" : 0,
  "logType" : "auto_detected",
  "levels" : {
    "summary" : {
      "restless" : {
        "count" : 4,
        "minutes" : 5
      },
      "awake" : {
        "count" : 0,
        "minutes" : 0
      },
      "asleep" : {
        "count" : 0,
        "minutes" : 405
      }
    },
    "data" : [{
      "dateTime" : "2016-04-03T23:54:30.000",
      "level" : "restless",
      "seconds" : 120
    },{
      "dateTime" : "2016-04-03T23:56:30.000",
      "level" : "asleep",
      "seconds" : 420
    },{
      "dateTime" : "2016-04-04T00:03:30.000",
      "level" : "restless",
      "seconds" : 60
    },{
      "dateTime" : "2016-04-04T00:04:30.000",
      "level" : "asleep",
      "seconds" : 900
    },{
      "dateTime" : "2016-04-04T00:19:30.000",
      "level" : "restless",
      "seconds" : 60
    },{
      "dateTime" : "2016-04-04T00:20:30.000",
      "level" : "asleep",
      "seconds" : 1320
    },{
      "dateTime" : "2016-04-04T00:42:30.000",
      "level" : "restless",
      "seconds" : 60
    },{
      "dateTime" : "2016-04-04T00:43:30.000",
      "level" : "asleep",
      "seconds" : 21660
    }]
  },
  "mainSleep" : true
},{
  "logId" : 11289079222,
  "dateOfSleep" : "2016-04-03",
  "startTime" : "2016-04-03T01:10:00.000",
  "endTime" : "2016-04-03T07:55:30.000",
  "duration" : 24300000,
  "minutesToFallAsleep" : 0,
  "minutesAsleep" : 391,
  "minutesAwake" : 14,
  "minutesAfterWakeup" : 0,
  "timeInBed" : 405,
  "efficiency" : 97,
  "type" : "classic",
  "infoCode" : 0,
  "logType" : "auto_detected",
  "levels" : {
    "summary" : {
      "restless" : {
        "count" : 6,
        "minutes" : 10
      },
      "awake" : {
        "count" : 1,
        "minutes" : 4
      },
      "asleep" : {
        "count" : 0,
        "minutes" : 391
      }
    },
    "data" : [{
      "dateTime" : "2016-04-03T01:10:00.000",
      "level" : "restless",
      "seconds" : 120
    },{
      "dateTime" : "2016-04-03T01:12:00.000",
      "level" : "awake",
      "seconds" : 240
    },{
      "dateTime" : "2016-04-03T01:16:00.000",
      "level" : "restless",
      "seconds" : 60
    },{
      "dateTime" : "2016-04-03T01:17:00.000",
      "level" : "asleep",
      "seconds" : 360
    },{
      "dateTime" : "2016-04-03T01:23:00.000",
      "level" : "restless",
      "seconds" : 180
    },{
      "dateTime" : "2016-04-03T01:26:00.000",
      "level" : "asleep",
      "seconds" : 960
    },{
      "dateTime" : "2016-04-03T01:42:00.000",
      "level" : "restless",
      "seconds" : 120
    },{
      "dateTime" : "2016-04-03T01:44:00.000",
      "level" : "asleep",
      "seconds" : 4920
    },{
      "dateTime" : "2016-04-03T03:06:00.000",
      "level" : "restless",
      "seconds" : 60
    },{
      "dateTime" : "2016-04-03T03:07:00.000",
      "level" : "asleep",
      "seconds" : 13020
    },{
      "dateTime" : "2016-04-03T06:44:00.000",
      "level" : "restless",
      "seconds" : 60
    },{
      "dateTime" : "2016-04-03T06:45:00.000",
      "level" : "asleep",
      "seconds" : 4200
    }]
  },
  "mainSleep" : true
},{
  "logId" : 11281109885,
  "dateOfSleep" : "2016-04-02",
  "startTime" : "2016-04-02T01:30:30.000",
  "endTime" : "2016-04-02T08:27:30.000",
  "duration" : 25020000,
  "minutesToFallAsleep" : 0,
  "minutesAsleep" : 412,
  "minutesAwake" : 5,
  "minutesAfterWakeup" : 0,
  "timeInBed" : 417,
  "efficiency" : 99,
  "type" : "classic",
  "infoCode" : 0,
  "logType" : "auto_detected",
  "levels" : {
    "summary" : {
      "restless" : {
        "count" : 3,
        "minutes" : 3
      },
      "awake" : {
        "count" : 1,
        "minutes" : 2
      },
      "asleep" : {
        "count" : 0,
        "minutes" : 412
      }
    },
    "data" : [{
      "dateTime" : "2016-04-02T01:30:30.000",
      "level" : "awake",
      "seconds" : 120
    },{
      "dateTime" : "2016-04-02T01:32:30.000",
      "level" : "restless",
      "seconds" : 60
    },{
      "dateTime" : "2016-04-02T01:33:30.000",
      "level" : "asleep",
      "seconds" : 19620
    },{
      "dateTime" : "2016-04-02T07:00:30.000",
      "level" : "restless",
      "seconds" : 60
    },{
      "dateTime" : "2016-04-02T07:01:30.000",
      "level" : "asleep",
      "seconds" : 3420
    },{
      "dateTime" : "2016-04-02T07:58:30.000",
      "level" : "restless",
      "seconds" : 60
    },{
      "dateTime" : "2016-04-02T07:59:30.000",
      "level" : "asleep",
      "seconds" : 1680
    }]
  },
  "mainSleep" : true
},{
  "logId" : 11272851508,
  "dateOfSleep" : "2016-04-01",
  "startTime" : "2016-04-01T01:21:30.000",
  "endTime" : "2016-04-01T07:53:00.000",
  "duration" : 23460000,
  "minutesToFallAsleep" : 0,
  "minutesAsleep" : 371,
  "minutesAwake" : 19,
  "minutesAfterWakeup" : 1,
  "timeInBed" : 391,
  "efficiency" : 95,
  "type" : "classic",
  "infoCode" : 0,
  "logType" : "auto_detected",
  "levels" : {
    "summary" : {
      "restless" : {
        "count" : 13,
        "minutes" : 19
      },
      "awake" : {
        "count" : 1,
        "minutes" : 1
      },
      "asleep" : {
        "count" : 0,
        "minutes" : 371
      }
    },
    "data" : [{
      "dateTime" : "2016-04-01T01:21:30.000",
      "level" : "asleep",
      "seconds" : 120
    },{
      "dateTime" : "2016-04-01T01:23:30.000",
      "level" : "restless",
      "seconds" : 60
    },{
      "dateTime" : "2016-04-01T01:24:30.000",
      "level" : "asleep",
      "seconds" : 60
    },{
      "dateTime" : "2016-04-01T01:25:30.000",
      "level" : "restless",
      "seconds" : 60
    },{
      "dateTime" : "2016-04-01T01:26:30.000",
      "level" : "asleep",
      "seconds" : 660
    },{
      "dateTime" : "2016-04-01T01:37:30.000",
      "level" : "restless",
      "seconds" : 60
    },{
      "dateTime" : "2016-04-01T01:38:30.000",
      "level" : "asleep",
      "seconds" : 3360
    },{
      "dateTime" : "2016-04-01T02:34:30.000",
      "level" : "restless",
      "seconds" : 120
    },{
      "dateTime" : "2016-04-01T02:36:30.000",
      "level" : "asleep",
      "seconds" : 9120
    },{
      "dateTime" : "2016-04-01T05:08:30.000",
      "level" : "restless",
      "seconds" : 60
    },{
      "dateTime" : "2016-04-01T05:09:30.000",
      "level" : "asleep",
      "seconds" : 480
    },{
      "dateTime" : "2016-04-01T05:17:30.000",
      "level" : "restless",
      "seconds" : 60
    },{
      "dateTime" : "2016-04-01T05:18:30.000",
      "level" : "asleep",
      "seconds" : 5280
    },{
      "dateTime" : "2016-04-01T06:46:30.000",
      "level" : "restless",
      "seconds" : 120
    },{
      "dateTime" : "2016-04-01T06:48:30.000",
      "level" : "awake",
      "seconds" : 60
    },{
      "dateTime" : "2016-04-01T06:49:30.000",
      "level" : "asleep",
      "seconds" : 780
    },{
      "dateTime" : "2016-04-01T07:02:30.000",
      "level" : "restless",
      "seconds" : 60
    },{
      "dateTime" : "2016-04-01T07:03:30.000",
      "level" : "asleep",
      "seconds" : 780
    },{
      "dateTime" : "2016-04-01T07:16:30.000",
      "level" : "restless",
      "seconds" : 180
    },{
      "dateTime" : "2016-04-01T07:19:30.000",
      "level" : "asleep",
      "seconds" : 300
    },{
      "dateTime" : "2016-04-01T07:24:30.000",
      "level" : "restless",
      "seconds" : 60
    },{
      "dateTime" : "2016-04-01T07:25:30.000",
      "level" : "asleep",
      "seconds" : 960
    },{
      "dateTime" : "2016-04-01T07:41:30.000",
      "level" : "restless",
      "seconds" : 180
    },{
      "dateTime" : "2016-04-01T07:44:30.000",
      "level" : "asleep",
      "seconds" : 60
    },{
      "dateTime" : "2016-04-01T07:45:30.000",
      "level" : "restless",
      "seconds" : 60
    },{
      "dateTime" : "2016-04-01T07:46:30.000",
      "level" : "asleep",
      "seconds" : 300
    },{
      "dateTime" : "2016-04-01T07:51:30.000",
      "level" : "restless",
      "seconds" : 60
    }]
  },
  "mainSleep" : true
},{
  "logId" : 11264036911,
  "dateOfSleep" : "2016-03-31",
  "startTime" : "2016-03-31T00:16:30.000",
  "endTime" : "2016-03-31T09:13:00.000",
  "duration" : 32160000,
  "minutesToFallAsleep" : 0,
  "minutesAsleep" : 520,
  "minutesAwake" : 16,
  "minutesAfterWakeup" : 0,
  "timeInBed" : 536,
  "efficiency" : 97,
  "type" : "classic",
  "infoCode" : 0,
  "logType" : "auto_detected",
  "levels" : {
    "summary" : {
      "restless" : {
        "count" : 10,
        "minutes" : 15
      },
      "awake" : {
        "count" : 1,
        "minutes" : 1
      },
      "asleep" : {
        "count" : 0,
        "minutes" : 520
      }
    },
    "data" : [{
      "dateTime" : "2016-03-31T00:16:30.000",
      "level" : "asleep",
      "seconds" : 240
    },{
      "dateTime" : "2016-03-31T00:20:30.000",
      "level" : "restless",
      "seconds" : 120
    },{
      "dateTime" : "2016-03-31T00:22:30.000",
      "level" : "asleep",
      "seconds" : 60
    },{
      "dateTime" : "2016-03-31T00:23:30.000",
      "level" : "restless",
      "seconds" : 180
    },{
      "dateTime" : "2016-03-31T00:26:30.000",
      "level" : "awake",
      "seconds" : 60
    },{
      "dateTime" : "2016-03-31T00:27:30.000",
      "level" : "restless",
      "seconds" : 120
    },{
      "dateTime" : "2016-03-31T00:29:30.000",
      "level" : "asleep",
      "seconds" : 6060
    },{
      "dateTime" : "2016-03-31T02:10:30.000",
      "level" : "restless",
      "seconds" : 60
    },{
      "dateTime" : "2016-03-31T02:11:30.000",
      "level" : "asleep",
      "seconds" : 1440
    },{
      "dateTime" : "2016-03-31T02:35:30.000",
      "level" : "restless",
      "seconds" : 120
    },{
      "dateTime" : "2016-03-31T02:37:30.000",
      "level" : "asleep",
      "seconds" : 2580
    },{
      "dateTime" : "2016-03-31T03:20:30.000",
      "level" : "restless",
      "seconds" : 60
    },{
      "dateTime" : "2016-03-31T03:21:30.000",
      "level" : "asleep",
      "seconds" : 5280
    },{
      "dateTime" : "2016-03-31T04:49:30.000",
      "level" : "restless",
      "seconds" : 60
    },{
      "dateTime" : "2016-03-31T04:50:30.000",
      "level" : "asleep",
      "seconds" : 6900
    },{
      "dateTime" : "2016-03-31T06:45:30.000",
      "level" : "restless",
      "seconds" : 60
    },{
      "dateTime" : "2016-03-31T06:46:30.000",
      "level" : "asleep",
      "seconds" : 120
    },{
      "dateTime" : "2016-03-31T06:48:30.000",
      "level" : "restless",
      "seconds" : 60
    },{
      "dateTime" : "2016-03-31T06:49:30.000",
      "level" : "asleep",
      "seconds" : 2820
    },{
      "dateTime" : "2016-03-31T07:36:30.000",
      "level" : "restless",
      "seconds" : 60
    },{
      "dateTime" : "2016-03-31T07:37:30.000",
      "level" : "asleep",
      "seconds" : 5700
    }]
  },
  "mainSleep" : true
},{
  "logId" : 11256437637,
  "dateOfSleep" : "2016-03-30",
  "startTime" : "2016-03-30T00:59:00.000",
  "endTime" : "2016-03-30T09:18:30.000",
  "duration" : 29940000,
  "minutesToFallAsleep" : 0,
  "minutesAsleep" : 481,
  "minutesAwake" : 18,
  "minutesAfterWakeup" : 0,
  "timeInBed" : 499,
  "efficiency" : 96,
  "type" : "classic",
  "infoCode" : 0,
  "logType" : "auto_detected",
  "levels" : {
    "summary" : {
      "restless" : {
        "count" : 10,
        "minutes" : 18
      },
      "awake" : {
        "count" : 0,
        "minutes" : 0
      },
      "asleep" : {
        "count" : 0,
        "minutes" : 481
      }
    },
    "data" : [{
      "dateTime" : "2016-03-30T00:59:00.000",
      "level" : "asleep",
      "seconds" : 120
    },{
      "dateTime" : "2016-03-30T01:01:00.000",
      "level" : "restless",
      "seconds" : 300
    },{
      "dateTime" : "2016-03-30T01:06:00.000",
      "level" : "asleep",
      "seconds" : 8040
    },{
      "dateTime" : "2016-03-30T03:20:00.000",
      "level" : "restless",
      "seconds" : 120
    },{
      "dateTime" : "2016-03-30T03:22:00.000",
      "level" : "asleep",
      "seconds" : 120
    },{
      "dateTime" : "2016-03-30T03:24:00.000",
      "level" : "restless",
      "seconds" : 60
    },{
      "dateTime" : "2016-03-30T03:25:00.000",
      "level" : "asleep",
      "seconds" : 3540
    },{
      "dateTime" : "2016-03-30T04:24:00.000",
      "level" : "restless",
      "seconds" : 60
    },{
      "dateTime" : "2016-03-30T04:25:00.000",
      "level" : "asleep",
      "seconds" : 8340
    },{
      "dateTime" : "2016-03-30T06:44:00.000",
      "level" : "restless",
      "seconds" : 60
    },{
      "dateTime" : "2016-03-30T06:45:00.000",
      "level" : "asleep",
      "seconds" : 60
    },{
      "dateTime" : "2016-03-30T06:46:00.000",
      "level" : "restless",
      "seconds" : 120
    },{
      "dateTime" : "2016-03-30T06:48:00.000",
      "level" : "asleep",
      "seconds" : 60
    },{
      "dateTime" : "2016-03-30T06:49:00.000",
      "level" : "restless",
      "seconds" : 60
    },{
      "dateTime" : "2016-03-30T06:50:00.000",
      "level" : "asleep",
      "seconds" : 720
    },{
      "dateTime" : "2016-03-30T07:02:00.000",
      "level" : "restless",
      "seconds" : 180
    },{
      "dateTime" : "2016-03-30T07:05:00.000",
      "level" : "asleep",
      "seconds" : 1560
    },{
      "dateTime" : "2016-03-30T07:31:00.000",
      "level" : "restless",
      "seconds" : 60
    },{
      "dateTime" : "2016-03-30T07:32:00.000",
      "level" : "asleep",
      "seconds" : 6000
    },{
      "dateTime" : "2016-03-30T09:12:00.000",
      "level" : "restless",
      "seconds" : 60
    },{
      "dateTime" : "2016-03-30T09:13:00.000",
      "level" : "asleep",
      "seconds" : 300
    }]
  },
  "mainSleep" : true
},{
  "logId" : 11244420181,
  "dateOfSleep" : "2016-03-29",
  "startTime" : "2016-03-29T01:34:00.000",
  "endTime" : "2016-03-29T09:06:00.000",
  "duration" : 27120000,
  "minutesToFallAsleep" : 0,
  "minutesAsleep" : 437,
  "minutesAwake" : 15,
  "minutesAfterWakeup" : 0,
  "timeInBed" : 452,
  "efficiency" : 97,
  "type" : "classic",
  "infoCode" : 0,
  "logType" : "auto_detected",
  "levels" : {
    "summary" : {
      "restless" : {
        "count" : 11,
        "minutes" : 11
      },
      "awake" : {
        "count" : 1,
        "minutes" : 4
      },
      "asleep" : {
        "count" : 0,
        "minutes" : 437
      }
    },
    "data" : [{
      "dateTime" : "2016-03-29T01:34:00.000",
      "level" : "awake",
      "seconds" : 240
    },{
      "dateTime" : "2016-03-29T01:38:00.000",
      "level" : "restless",
      "seconds" : 60
    },{
      "dateTime" : "2016-03-29T01:39:00.000",
      "level" : "asleep",
      "seconds" : 240
    },{
      "dateTime" : "2016-03-29T01:43:00.000",
      "level" : "restless",
      "seconds" : 60
    },{
      "dateTime" : "2016-03-29T01:44:00.000",
      "level" : "asleep",
      "seconds" : 120
    },{
      "dateTime" : "2016-03-29T01:46:00.000",
      "level" : "restless",
      "seconds" : 60
    },{
      "dateTime" : "2016-03-29T01:47:00.000",
      "level" : "asleep",
      "seconds" : 3300
    },{
      "dateTime" : "2016-03-29T02:42:00.000",
      "level" : "restless",
      "seconds" : 60
    },{
      "dateTime" : "2016-03-29T02:43:00.000",
      "level" : "asleep",
      "seconds" : 2820
    },{
      "dateTime" : "2016-03-29T03:30:00.000",
      "level" : "restless",
      "seconds" : 60
    },{
      "dateTime" : "2016-03-29T03:31:00.000",
      "level" : "asleep",
      "seconds" : 1380
    },{
      "dateTime" : "2016-03-29T03:54:00.000",
      "level" : "restless",
      "seconds" : 60
    },{
      "dateTime" : "2016-03-29T03:55:00.000",
      "level" : "asleep",
      "seconds" : 960
    },{
      "dateTime" : "2016-03-29T04:11:00.000",
      "level" : "restless",
      "seconds" : 60
    },{
      "dateTime" : "2016-03-29T04:12:00.000",
      "level" : "asleep",
      "seconds" : 4020
    },{
      "dateTime" : "2016-03-29T05:19:00.000",
      "level" : "restless",
      "seconds" : 60
    },{
      "dateTime" : "2016-03-29T05:20:00.000",
      "level" : "asleep",
      "seconds" : 2580
    },{
      "dateTime" : "2016-03-29T06:03:00.000",
      "level" : "restless",
      "seconds" : 60
    },{
      "dateTime" : "2016-03-29T06:04:00.000",
      "level" : "asleep",
      "seconds" : 1140
    },{
      "dateTime" : "2016-03-29T06:23:00.000",
      "level" : "restless",
      "seconds" : 60
    },{
      "dateTime" : "2016-03-29T06:24:00.000",
      "level" : "asleep",
      "seconds" : 1620
    },{
      "dateTime" : "2016-03-29T06:51:00.000",
      "level" : "restless",
      "seconds" : 60
    },{
      "dateTime" : "2016-03-29T06:52:00.000",
      "level" : "asleep",
      "seconds" : 8040
    }]
  },
  "mainSleep" : true
},{
  "logId" : 11241044992,
  "dateOfSleep" : "2016-03-29",
  "startTime" : "2016-03-28T22:37:00.000",
  "endTime" : "2016-03-29T01:24:30.000",
  "duration" : 10020000,
  "minutesToFallAsleep" : 0,
  "minutesAsleep" : 152,
  "minutesAwake" : 10,
  "minutesAfterWakeup" : 5,
  "timeInBed" : 167,
  "efficiency" : 94,
  "type" : "classic",
  "infoCode" : 0,
  "logType" : "auto_detected",
  "levels" : {
    "summary" : {
      "restless" : {
        "count" : 4,
        "minutes" : 13
      },
      "awake" : {
        "count" : 2,
        "minutes" : 2
      },
      "asleep" : {
        "count" : 0,
        "minutes" : 152
      }
    },
    "data" : [{
      "dateTime" : "2016-03-28T22:37:00.000",
      "level" : "awake",
      "seconds" : 60
    },{
      "dateTime" : "2016-03-28T22:38:00.000",
      "level" : "asleep",
      "seconds" : 2460
    },{
      "dateTime" : "2016-03-28T23:19:00.000",
      "level" : "awake",
      "seconds" : 60
    },{
      "dateTime" : "2016-03-28T23:20:00.000",
      "level" : "asleep",
      "seconds" : 960
    },{
      "dateTime" : "2016-03-28T23:36:00.000",
      "level" : "restless",
      "seconds" : 180
    },{
      "dateTime" : "2016-03-28T23:39:00.000",
      "level" : "asleep",
      "seconds" : 3540
    },{
      "dateTime" : "2016-03-29T00:38:00.000",
      "level" : "restless",
      "seconds" : 180
    },{
      "dateTime" : "2016-03-29T00:41:00.000",
      "level" : "asleep",
      "seconds" : 1020
    },{
      "dateTime" : "2016-03-29T00:58:00.000",
      "level" : "restless",
      "seconds" : 120
    },{
      "dateTime" : "2016-03-29T01:00:00.000",
      "level" : "asleep",
      "seconds" : 1140
    },{
      "dateTime" : "2016-03-29T01:19:00.000",
      "level" : "restless",
      "seconds" : 300
    }]
  },
  "mainSleep" : false
},{
  "logId" : 11235417523,
  "dateOfSleep" : "2016-03-28",
  "startTime" : "2016-03-28T01:24:00.000",
  "endTime" : "2016-03-28T09:34:00.000",
  "duration" : 29400000,
  "minutesToFallAsleep" : 0,
  "minutesAsleep" : 478,
  "minutesAwake" : 12,
  "minutesAfterWakeup" : 0,
  "timeInBed" : 490,
  "efficiency" : 98,
  "type" : "classic",
  "infoCode" : 0,
  "logType" : "auto_detected",
  "levels" : {
    "summary" : {
      "restless" : {
        "count" : 8,
        "minutes" : 12
      },
      "awake" : {
        "count" : 0,
        "minutes" : 0
      },
      "asleep" : {
        "count" : 0,
        "minutes" : 478
      }
    },
    "data" : [{
      "dateTime" : "2016-03-28T01:24:00.000",
      "level" : "restless",
      "seconds" : 300
    },{
      "dateTime" : "2016-03-28T01:29:00.000",
      "level" : "asleep",
      "seconds" : 5280
    },{
      "dateTime" : "2016-03-28T02:57:00.000",
      "level" : "restless",
      "seconds" : 60
    },{
      "dateTime" : "2016-03-28T02:58:00.000",
      "level" : "asleep",
      "seconds" : 3060
    },{
      "dateTime" : "2016-03-28T03:49:00.000",
      "level" : "restless",
      "seconds" : 60
    },{
      "dateTime" : "2016-03-28T03:50:00.000",
      "level" : "asleep",
      "seconds" : 60
    },{
      "dateTime" : "2016-03-28T03:51:00.000",
      "level" : "restless",
      "seconds" : 60
    },{
      "dateTime" : "2016-03-28T03:52:00.000",
      "level" : "asleep",
      "seconds" : 6420
    },{
      "dateTime" : "2016-03-28T05:39:00.000",
      "level" : "restless",
      "seconds" : 60
    },{
      "dateTime" : "2016-03-28T05:40:00.000",
      "level" : "asleep",
      "seconds" : 4200
    },{
      "dateTime" : "2016-03-28T06:50:00.000",
      "level" : "restless",
      "seconds" : 60
    },{
      "dateTime" : "2016-03-28T06:51:00.000",
      "level" : "asleep",
      "seconds" : 720
    },{
      "dateTime" : "2016-03-28T07:03:00.000",
      "level" : "restless",
      "seconds" : 60
    },{
      "dateTime" : "2016-03-28T07:04:00.000",
      "level" : "asleep",
      "seconds" : 8640
    },{
      "dateTime" : "2016-03-28T09:28:00.000",
      "level" : "restless",
      "seconds" : 60
    },{
      "dateTime" : "2016-03-28T09:29:00.000",
      "level" : "asleep",
      "seconds" : 300
    }]
  },
  "mainSleep" : true
},{
  "logId" : 11227033750,
  "dateOfSleep" : "2016-03-27",
  "startTime" : "2016-03-26T23:46:00.000",
  "endTime" : "2016-03-27T07:09:30.000",
  "duration" : 26580000,
  "minutesToFallAsleep" : 0,
  "minutesAsleep" : 427,
  "minutesAwake" : 16,
  "minutesAfterWakeup" : 0,
  "timeInBed" : 443,
  "efficiency" : 96,
  "type" : "classic",
  "infoCode" : 0,
  "logType" : "auto_detected",
  "levels" : {
    "summary" : {
      "restless" : {
        "count" : 8,
        "minutes" : 14
      },
      "awake" : {
        "count" : 1,
        "minutes" : 2
      },
      "asleep" : {
        "count" : 0,
        "minutes" : 427
      }
    },
    "data" : [{
      "dateTime" : "2016-03-26T23:46:00.000",
      "level" : "restless",
      "seconds" : 120
    },{
      "dateTime" : "2016-03-26T23:48:00.000",
      "level" : "awake",
      "seconds" : 120
    },{
      "dateTime" : "2016-03-26T23:50:00.000",
      "level" : "restless",
      "seconds" : 240
    },{
      "dateTime" : "2016-03-26T23:54:00.000",
      "level" : "asleep",
      "seconds" : 14520
    },{
      "dateTime" : "2016-03-27T03:56:00.000",
      "level" : "restless",
      "seconds" : 180
    },{
      "dateTime" : "2016-03-27T03:59:00.000",
      "level" : "asleep",
      "seconds" : 2160
    },{
      "dateTime" : "2016-03-27T04:35:00.000",
      "level" : "restless",
      "seconds" : 60
    },{
      "dateTime" : "2016-03-27T04:36:00.000",
      "level" : "asleep",
      "seconds" : 8160
    },{
      "dateTime" : "2016-03-27T06:52:00.000",
      "level" : "restless",
      "seconds" : 60
    },{
      "dateTime" : "2016-03-27T06:53:00.000",
      "level" : "asleep",
      "seconds" : 60
    },{
      "dateTime" : "2016-03-27T06:54:00.000",
      "level" : "restless",
      "seconds" : 60
    },{
      "dateTime" : "2016-03-27T06:55:00.000",
      "level" : "asleep",
      "seconds" : 300
    },{
      "dateTime" : "2016-03-27T07:00:00.000",
      "level" : "restless",
      "seconds" : 60
    },{
      "dateTime" : "2016-03-27T07:01:00.000",
      "level" : "asleep",
      "seconds" : 120
    },{
      "dateTime" : "2016-03-27T07:03:00.000",
      "level" : "restless",
      "seconds" : 60
    },{
      "dateTime" : "2016-03-27T07:04:00.000",
      "level" : "asleep",
      "seconds" : 300
    }]
  },
  "mainSleep" : true
},{
  "logId" : 11218761558,
  "dateOfSleep" : "2016-03-26",
  "startTime" : "2016-03-25T23:54:00.000",
  "endTime" : "2016-03-26T08:34:00.000",
  "duration" : 31200000,
  "minutesToFallAsleep" : 0,
  "minutesAsleep" : 502,
  "minutesAwake" : 18,
  "minutesAfterWakeup" : 0,
  "timeInBed" : 520,
  "efficiency" : 97,
  "type" : "classic",
  "infoCode" : 0,
  "logType" : "auto_detected",
  "levels" : {
    "summary" : {
      "restless" : {
        "count" : 9,
        "minutes" : 16
      },
      "awake" : {
        "count" : 2,
        "minutes" : 2
      },
      "asleep" : {
        "count" : 0,
        "minutes" : 502
      }
    },
    "data" : [{
      "dateTime" : "2016-03-25T23:54:00.000",
      "level" : "awake",
      "seconds" : 60
    },{
      "dateTime" : "2016-03-25T23:55:00.000",
      "level" : "restless",
      "seconds" : 60
    },{
      "dateTime" : "2016-03-25T23:56:00.000",
      "level" : "awake",
      "seconds" : 60
    },{
      "dateTime" : "2016-03-25T23:57:00.000",
      "level" : "restless",
      "seconds" : 240
    },{
      "dateTime" : "2016-03-26T00:01:00.000",
      "level" : "asleep",
      "seconds" : 2280
    },{
      "dateTime" : "2016-03-26T00:39:00.000",
      "level" : "restless",
      "seconds" : 60
    },{
      "dateTime" : "2016-03-26T00:40:00.000",
      "level" : "asleep",
      "seconds" : 60
    },{
      "dateTime" : "2016-03-26T00:41:00.000",
      "level" : "restless",
      "seconds" : 60
    },{
      "dateTime" : "2016-03-26T00:42:00.000",
      "level" : "asleep",
      "seconds" : 4560
    },{
      "dateTime" : "2016-03-26T01:58:00.000",
      "level" : "restless",
      "seconds" : 300
    },{
      "dateTime" : "2016-03-26T02:03:00.000",
      "level" : "asleep",
      "seconds" : 720
    },{
      "dateTime" : "2016-03-26T02:15:00.000",
      "level" : "restless",
      "seconds" : 60
    },{
      "dateTime" : "2016-03-26T02:16:00.000",
      "level" : "asleep",
      "seconds" : 6900
    },{
      "dateTime" : "2016-03-26T04:11:00.000",
      "level" : "restless",
      "seconds" : 60
    },{
      "dateTime" : "2016-03-26T04:12:00.000",
      "level" : "asleep",
      "seconds" : 8640
    },{
      "dateTime" : "2016-03-26T06:36:00.000",
      "level" : "restless",
      "seconds" : 60
    },{
      "dateTime" : "2016-03-26T06:37:00.000",
      "level" : "asleep",
      "seconds" : 6600
    },{
      "dateTime" : "2016-03-26T08:27:00.000",
      "level" : "restless",
      "seconds" : 60
    },{
      "dateTime" : "2016-03-26T08:28:00.000",
      "level" : "asleep",
      "seconds" : 360
    }]
  },
  "mainSleep" : true
},{
  "logId" : 11211449482,
  "dateOfSleep" : "2016-03-25",
  "startTime" : "2016-03-25T01:34:30.000",
  "endTime" : "2016-03-25T09:33:30.000",
  "duration" : 28740000,
  "minutesToFallAsleep" : 0,
  "minutesAsleep" : 469,
  "minutesAwake" : 10,
  "minutesAfterWakeup" : 0,
  "timeInBed" : 479,
  "efficiency" : 98,
  "type" : "classic",
  "infoCode" : 0,
  "logType" : "auto_detected",
  "levels" : {
    "summary" : {
      "restless" : {
        "count" : 10,
        "minutes" : 10
      },
      "awake" : {
        "count" : 0,
        "minutes" : 0
      },
      "asleep" : {
        "count" : 0,
        "minutes" : 469
      }
    },
    "data" : [{
      "dateTime" : "2016-03-25T01:34:30.000",
      "level" : "restless",
      "seconds" : 60
    },{
      "dateTime" : "2016-03-25T01:35:30.000",
      "level" : "asleep",
      "seconds" : 2820
    },{
      "dateTime" : "2016-03-25T02:22:30.000",
      "level" : "restless",
      "seconds" : 60
    },{
      "dateTime" : "2016-03-25T02:23:30.000",
      "level" : "asleep",
      "seconds" : 120
    },{
      "dateTime" : "2016-03-25T02:25:30.000",
      "level" : "restless",
      "seconds" : 60
    },{
      "dateTime" : "2016-03-25T02:26:30.000",
      "level" : "asleep",
      "seconds" : 3180
    },{
      "dateTime" : "2016-03-25T03:19:30.000",
      "level" : "restless",
      "seconds" : 60
    },{
      "dateTime" : "2016-03-25T03:20:30.000",
      "level" : "asleep",
      "seconds" : 6660
    },{
      "dateTime" : "2016-03-25T05:11:30.000",
      "level" : "restless",
      "seconds" : 60
    },{
      "dateTime" : "2016-03-25T05:12:30.000",
      "level" : "asleep",
      "seconds" : 4140
    },{
      "dateTime" : "2016-03-25T06:21:30.000",
      "level" : "restless",
      "seconds" : 60
    },{
      "dateTime" : "2016-03-25T06:22:30.000",
      "level" : "asleep",
      "seconds" : 1440
    },{
      "dateTime" : "2016-03-25T06:46:30.000",
      "level" : "restless",
      "seconds" : 60
    },{
      "dateTime" : "2016-03-25T06:47:30.000",
      "level" : "asleep",
      "seconds" : 60
    },{
      "dateTime" : "2016-03-25T06:48:30.000",
      "level" : "restless",
      "seconds" : 60
    },{
      "dateTime" : "2016-03-25T06:49:30.000",
      "level" : "asleep",
      "seconds" : 4260
    },{
      "dateTime" : "2016-03-25T08:00:30.000",
      "level" : "restless",
      "seconds" : 60
    },{
      "dateTime" : "2016-03-25T08:01:30.000",
      "level" : "asleep",
      "seconds" : 1740
    },{
      "dateTime" : "2016-03-25T08:30:30.000",
      "level" : "restless",
      "seconds" : 60
    },{
      "dateTime" : "2016-03-25T08:31:30.000",
      "level" : "asleep",
      "seconds" : 3720
    }]
  },
  "mainSleep" : true
},{
  "logId" : 11199069347,
  "dateOfSleep" : "2016-03-24",
  "startTime" : "2016-03-23T22:40:30.000",
  "endTime" : "2016-03-24T06:44:00.000",
  "duration" : 28980000,
  "minutesToFallAsleep" : 0,
  "minutesAsleep" : 461,
  "minutesAwake" : 22,
  "minutesAfterWakeup" : 0,
  "timeInBed" : 483,
  "efficiency" : 95,
  "type" : "classic",
  "infoCode" : 0,
  "logType" : "auto_detected",
  "levels" : {
    "summary" : {
      "restless" : {
        "count" : 13,
        "minutes" : 22
      },
      "awake" : {
        "count" : 0,
        "minutes" : 0
      },
      "asleep" : {
        "count" : 0,
        "minutes" : 461
      }
    },
    "data" : [{
      "dateTime" : "2016-03-23T22:40:30.000",
      "level" : "restless",
      "seconds" : 360
    },{
      "dateTime" : "2016-03-23T22:46:30.000",
      "level" : "asleep",
      "seconds" : 360
    },{
      "dateTime" : "2016-03-23T22:52:30.000",
      "level" : "restless",
      "seconds" : 60
    },{
      "dateTime" : "2016-03-23T22:53:30.000",
      "level" : "asleep",
      "seconds" : 120
    },{
      "dateTime" : "2016-03-23T22:55:30.000",
      "level" : "restless",
      "seconds" : 240
    },{
      "dateTime" : "2016-03-23T22:59:30.000",
      "level" : "asleep",
      "seconds" : 4020
    },{
      "dateTime" : "2016-03-24T00:06:30.000",
      "level" : "restless",
      "seconds" : 60
    },{
      "dateTime" : "2016-03-24T00:07:30.000",
      "level" : "asleep",
      "seconds" : 1320
    },{
      "dateTime" : "2016-03-24T00:29:30.000",
      "level" : "restless",
      "seconds" : 60
    },{
      "dateTime" : "2016-03-24T00:30:30.000",
      "level" : "asleep",
      "seconds" : 420
    },{
      "dateTime" : "2016-03-24T00:37:30.000",
      "level" : "restless",
      "seconds" : 60
    },{
      "dateTime" : "2016-03-24T00:38:30.000",
      "level" : "asleep",
      "seconds" : 120
    },{
      "dateTime" : "2016-03-24T00:40:30.000",
      "level" : "restless",
      "seconds" : 60
    },{
      "dateTime" : "2016-03-24T00:41:30.000",
      "level" : "asleep",
      "seconds" : 1140
    },{
      "dateTime" : "2016-03-24T01:00:30.000",
      "level" : "restless",
      "seconds" : 120
    },{
      "dateTime" : "2016-03-24T01:02:30.000",
      "level" : "asleep",
      "seconds" : 2040
    },{
      "dateTime" : "2016-03-24T01:36:30.000",
      "level" : "restless",
      "seconds" : 60
    },{
      "dateTime" : "2016-03-24T01:37:30.000",
      "level" : "asleep",
      "seconds" : 4860
    },{
      "dateTime" : "2016-03-24T02:58:30.000",
      "level" : "restless",
      "seconds" : 60
    },{
      "dateTime" : "2016-03-24T02:59:30.000",
      "level" : "asleep",
      "seconds" : 780
    },{
      "dateTime" : "2016-03-24T03:12:30.000",
      "level" : "restless",
      "seconds" : 60
    },{
      "dateTime" : "2016-03-24T03:13:30.000",
      "level" : "asleep",
      "seconds" : 960
    },{
      "dateTime" : "2016-03-24T03:29:30.000",
      "level" : "restless",
      "seconds" : 60
    },{
      "dateTime" : "2016-03-24T03:30:30.000",
      "level" : "asleep",
      "seconds" : 11160
    },{
      "dateTime" : "2016-03-24T06:36:30.000",
      "level" : "restless",
      "seconds" : 60
    },{
      "dateTime" : "2016-03-24T06:37:30.000",
      "level" : "asleep",
      "seconds" : 360
    }]
  },
  "mainSleep" : true
},{
  "logId" : 11189790189,
  "dateOfSleep" : "2016-03-23",
  "startTime" : "2016-03-22T23:19:00.000",
  "endTime" : "2016-03-23T06:56:30.000",
  "duration" : 27420000,
  "minutesToFallAsleep" : 0,
  "minutesAsleep" : 447,
  "minutesAwake" : 10,
  "minutesAfterWakeup" : 0,
  "timeInBed" : 457,
  "efficiency" : 98,
  "type" : "classic",
  "infoCode" : 0,
  "logType" : "auto_detected",
  "levels" : {
    "summary" : {
      "restless" : {
        "count" : 5,
        "minutes" : 7
      },
      "awake" : {
        "count" : 1,
        "minutes" : 3
      },
      "asleep" : {
        "count" : 0,
        "minutes" : 447
      }
    },
    "data" : [{
      "dateTime" : "2016-03-22T23:19:00.000",
      "level" : "awake",
      "seconds" : 180
    },{
      "dateTime" : "2016-03-22T23:22:00.000",
      "level" : "restless",
      "seconds" : 120
    },{
      "dateTime" : "2016-03-22T23:24:00.000",
      "level" : "asleep",
      "seconds" : 540
    },{
      "dateTime" : "2016-03-22T23:33:00.000",
      "level" : "restless",
      "seconds" : 60
    },{
      "dateTime" : "2016-03-22T23:34:00.000",
      "level" : "asleep",
      "seconds" : 720
    },{
      "dateTime" : "2016-03-22T23:46:00.000",
      "level" : "restless",
      "seconds" : 60
    },{
      "dateTime" : "2016-03-22T23:47:00.000",
      "level" : "asleep",
      "seconds" : 11340
    },{
      "dateTime" : "2016-03-23T02:56:00.000",
      "level" : "restless",
      "seconds" : 60
    },{
      "dateTime" : "2016-03-23T02:57:00.000",
      "level" : "asleep",
      "seconds" : 13980
    },{
      "dateTime" : "2016-03-23T06:50:00.000",
      "level" : "restless",
      "seconds" : 120
    },{
      "dateTime" : "2016-03-23T06:52:00.000",
      "level" : "asleep",
      "seconds" : 240
    }]
  },
  "mainSleep" : true
},{
  "logId" : 11181392847,
  "dateOfSleep" : "2016-03-22",
  "startTime" : "2016-03-21T23:11:30.000",
  "endTime" : "2016-03-22T06:48:30.000",
  "duration" : 27420000,
  "minutesToFallAsleep" : 0,
  "minutesAsleep" : 453,
  "minutesAwake" : 4,
  "minutesAfterWakeup" : 0,
  "timeInBed" : 457,
  "efficiency" : 99,
  "type" : "classic",
  "infoCode" : 0,
  "logType" : "auto_detected",
  "levels" : {
    "summary" : {
      "restless" : {
        "count" : 4,
        "minutes" : 4
      },
      "awake" : {
        "count" : 0,
        "minutes" : 0
      },
      "asleep" : {
        "count" : 0,
        "minutes" : 453
      }
    },
    "data" : [{
      "dateTime" : "2016-03-21T23:11:30.000",
      "level" : "asleep",
      "seconds" : 1980
    },{
      "dateTime" : "2016-03-21T23:44:30.000",
      "level" : "restless",
      "seconds" : 60
    },{
      "dateTime" : "2016-03-21T23:45:30.000",
      "level" : "asleep",
      "seconds" : 120
    },{
      "dateTime" : "2016-03-21T23:47:30.000",
      "level" : "restless",
      "seconds" : 60
    },{
      "dateTime" : "2016-03-21T23:48:30.000",
      "level" : "asleep",
      "seconds" : 9660
    },{
      "dateTime" : "2016-03-22T02:29:30.000",
      "level" : "restless",
      "seconds" : 60
    },{
      "dateTime" : "2016-03-22T02:30:30.000",
      "level" : "asleep",
      "seconds" : 5040
    },{
      "dateTime" : "2016-03-22T03:54:30.000",
      "level" : "restless",
      "seconds" : 60
    },{
      "dateTime" : "2016-03-22T03:55:30.000",
      "level" : "asleep",
      "seconds" : 10380
    }]
  },
  "mainSleep" : true
},{
  "logId" : 11172405696,
  "dateOfSleep" : "2016-03-21",
  "startTime" : "2016-03-20T21:16:00.000",
  "endTime" : "2016-03-21T06:55:00.000",
  "duration" : 34740000,
  "minutesToFallAsleep" : 0,
  "minutesAsleep" : 566,
  "minutesAwake" : 13,
  "minutesAfterWakeup" : 0,
  "timeInBed" : 579,
  "efficiency" : 98,
  "type" : "classic",
  "infoCode" : 0,
  "logType" : "auto_detected",
  "levels" : {
    "summary" : {
      "restless" : {
        "count" : 6,
        "minutes" : 10
      },
      "awake" : {
        "count" : 2,
        "minutes" : 3
      },
      "asleep" : {
        "count" : 0,
        "minutes" : 566
      }
    },
    "data" : [{
      "dateTime" : "2016-03-20T21:16:00.000",
      "level" : "restless",
      "seconds" : 120
    },{
      "dateTime" : "2016-03-20T21:18:00.000",
      "level" : "asleep",
      "seconds" : 1800
    },{
      "dateTime" : "2016-03-20T21:48:00.000",
      "level" : "restless",
      "seconds" : 120
    },{
      "dateTime" : "2016-03-20T21:50:00.000",
      "level" : "awake",
      "seconds" : 120
    },{
      "dateTime" : "2016-03-20T21:52:00.000",
      "level" : "asleep",
      "seconds" : 1200
    },{
      "dateTime" : "2016-03-20T22:12:00.000",
      "level" : "restless",
      "seconds" : 180
    },{
      "dateTime" : "2016-03-20T22:15:00.000",
      "level" : "awake",
      "seconds" : 60
    },{
      "dateTime" : "2016-03-20T22:16:00.000",
      "level" : "asleep",
      "seconds" : 6240
    },{
      "dateTime" : "2016-03-21T00:00:00.000",
      "level" : "restless",
      "seconds" : 60
    },{
      "dateTime" : "2016-03-21T00:01:00.000",
      "level" : "asleep",
      "seconds" : 11460
    },{
      "dateTime" : "2016-03-21T03:12:00.000",
      "level" : "restless",
      "seconds" : 60
    },{
      "dateTime" : "2016-03-21T03:13:00.000",
      "level" : "asleep",
      "seconds" : 6720
    },{
      "dateTime" : "2016-03-21T05:05:00.000",
      "level" : "restless",
      "seconds" : 60
    },{
      "dateTime" : "2016-03-21T05:06:00.000",
      "level" : "asleep",
      "seconds" : 6540
    }]
  },
  "mainSleep" : true
},{
  "logId" : 11167495571,
  "dateOfSleep" : "2016-03-20",
  "startTime" : "2016-03-20T00:27:30.000",
  "endTime" : "2016-03-20T06:01:30.000",
  "duration" : 20040000,
  "minutesToFallAsleep" : 0,
  "minutesAsleep" : 323,
  "minutesAwake" : 11,
  "minutesAfterWakeup" : 0,
  "timeInBed" : 334,
  "efficiency" : 97,
  "type" : "classic",
  "infoCode" : 0,
  "logType" : "auto_detected",
  "levels" : {
    "summary" : {
      "restless" : {
        "count" : 5,
        "minutes" : 10
      },
      "awake" : {
        "count" : 1,
        "minutes" : 1
      },
      "asleep" : {
        "count" : 0,
        "minutes" : 323
      }
    },
    "data" : [{
      "dateTime" : "2016-03-20T00:27:30.000",
      "level" : "asleep",
      "seconds" : 8640
    },{
      "dateTime" : "2016-03-20T02:51:30.000",
      "level" : "restless",
      "seconds" : 120
    },{
      "dateTime" : "2016-03-20T02:53:30.000",
      "level" : "asleep",
      "seconds" : 4140
    },{
      "dateTime" : "2016-03-20T04:02:30.000",
      "level" : "restless",
      "seconds" : 60
    },{
      "dateTime" : "2016-03-20T04:03:30.000",
      "level" : "asleep",
      "seconds" : 1140
    },{
      "dateTime" : "2016-03-20T04:22:30.000",
      "level" : "restless",
      "seconds" : 180
    },{
      "dateTime" : "2016-03-20T04:25:30.000",
      "level" : "asleep",
      "seconds" : 300
    },{
      "dateTime" : "2016-03-20T04:30:30.000",
      "level" : "restless",
      "seconds" : 120
    },{
      "dateTime" : "2016-03-20T04:32:30.000",
      "level" : "awake",
      "seconds" : 60
    },{
      "dateTime" : "2016-03-20T04:33:30.000",
      "level" : "asleep",
      "seconds" : 600
    },{
      "dateTime" : "2016-03-20T04:43:30.000",
      "level" : "restless",
      "seconds" : 120
    },{
      "dateTime" : "2016-03-20T04:45:30.000",
      "level" : "asleep",
      "seconds" : 4560
    }]
  },
  "mainSleep" : true
},{
  "logId" : 11156815131,
  "dateOfSleep" : "2016-03-19",
  "startTime" : "2016-03-18T23:18:00.000",
  "endTime" : "2016-03-19T06:55:30.000",
  "duration" : 27420000,
  "minutesToFallAsleep" : 0,
  "minutesAsleep" : 447,
  "minutesAwake" : 10,
  "minutesAfterWakeup" : 0,
  "timeInBed" : 457,
  "efficiency" : 98,
  "type" : "classic",
  "infoCode" : 0,
  "logType" : "auto_detected",
  "levels" : {
    "summary" : {
      "restless" : {
        "count" : 4,
        "minutes" : 9
      },
      "awake" : {
        "count" : 1,
        "minutes" : 1
      },
      "asleep" : {
        "count" : 0,
        "minutes" : 447
      }
    },
    "data" : [{
      "dateTime" : "2016-03-18T23:18:00.000",
      "level" : "asleep",
      "seconds" : 840
    },{
      "dateTime" : "2016-03-18T23:32:00.000",
      "level" : "restless",
      "seconds" : 60
    },{
      "dateTime" : "2016-03-18T23:33:00.000",
      "level" : "asleep",
      "seconds" : 1860
    },{
      "dateTime" : "2016-03-19T00:04:00.000",
      "level" : "restless",
      "seconds" : 120
    },{
      "dateTime" : "2016-03-19T00:06:00.000",
      "level" : "awake",
      "seconds" : 60
    },{
      "dateTime" : "2016-03-19T00:07:00.000",
      "level" : "asleep",
      "seconds" : 17520
    },{
      "dateTime" : "2016-03-19T04:59:00.000",
      "level" : "restless",
      "seconds" : 60
    },{
      "dateTime" : "2016-03-19T05:00:00.000",
      "level" : "asleep",
      "seconds" : 60
    },{
      "dateTime" : "2016-03-19T05:01:00.000",
      "level" : "restless",
      "seconds" : 300
    },{
      "dateTime" : "2016-03-19T05:06:00.000",
      "level" : "asleep",
      "seconds" : 6540
    }]
  },
  "mainSleep" : true
},{
  "logId" : 11148315494,
  "dateOfSleep" : "2016-03-18",
  "startTime" : "2016-03-18T00:07:00.000",
  "endTime" : "2016-03-18T07:01:30.000",
  "duration" : 24840000,
  "minutesToFallAsleep" : 0,
  "minutesAsleep" : 387,
  "minutesAwake" : 18,
  "minutesAfterWakeup" : 9,
  "timeInBed" : 414,
  "efficiency" : 96,
  "type" : "classic",
  "infoCode" : 0,
  "logType" : "auto_detected",
  "levels" : {
    "summary" : {
      "restless" : {
        "count" : 10,
        "minutes" : 21
      },
      "awake" : {
        "count" : 1,
        "minutes" : 6
      },
      "asleep" : {
        "count" : 0,
        "minutes" : 387
      }
    },
    "data" : [{
      "dateTime" : "2016-03-18T00:07:00.000",
      "level" : "restless",
      "seconds" : 300
    },{
      "dateTime" : "2016-03-18T00:12:00.000",
      "level" : "asleep",
      "seconds" : 300
    },{
      "dateTime" : "2016-03-18T00:17:00.000",
      "level" : "restless",
      "seconds" : 60
    },{
      "dateTime" : "2016-03-18T00:18:00.000",
      "level" : "asleep",
      "seconds" : 7560
    },{
      "dateTime" : "2016-03-18T02:24:00.000",
      "level" : "restless",
      "seconds" : 120
    },{
      "dateTime" : "2016-03-18T02:26:00.000",
      "level" : "asleep",
      "seconds" : 360
    },{
      "dateTime" : "2016-03-18T02:32:00.000",
      "level" : "restless",
      "seconds" : 60
    },{
      "dateTime" : "2016-03-18T02:33:00.000",
      "level" : "asleep",
      "seconds" : 120
    },{
      "dateTime" : "2016-03-18T02:35:00.000",
      "level" : "restless",
      "seconds" : 60
    },{
      "dateTime" : "2016-03-18T02:36:00.000",
      "level" : "asleep",
      "seconds" : 1020
    },{
      "dateTime" : "2016-03-18T02:53:00.000",
      "level" : "restless",
      "seconds" : 120
    },{
      "dateTime" : "2016-03-18T02:55:00.000",
      "level" : "asleep",
      "seconds" : 6780
    },{
      "dateTime" : "2016-03-18T04:48:00.000",
      "level" : "restless",
      "seconds" : 60
    },{
      "dateTime" : "2016-03-18T04:49:00.000",
      "level" : "asleep",
      "seconds" : 6840
    },{
      "dateTime" : "2016-03-18T06:43:00.000",
      "level" : "restless",
      "seconds" : 240
    },{
      "dateTime" : "2016-03-18T06:47:00.000",
      "level" : "asleep",
      "seconds" : 60
    },{
      "dateTime" : "2016-03-18T06:48:00.000",
      "level" : "restless",
      "seconds" : 60
    },{
      "dateTime" : "2016-03-18T06:49:00.000",
      "level" : "asleep",
      "seconds" : 180
    },{
      "dateTime" : "2016-03-18T06:52:00.000",
      "level" : "restless",
      "seconds" : 180
    },{
      "dateTime" : "2016-03-18T06:55:00.000",
      "level" : "awake",
      "seconds" : 360
    }]
  },
  "mainSleep" : true
},{
  "logId" : 11140810258,
  "dateOfSleep" : "2016-03-17",
  "startTime" : "2016-03-16T23:30:00.000",
  "endTime" : "2016-03-17T06:55:30.000",
  "duration" : 26700000,
  "minutesToFallAsleep" : 0,
  "minutesAsleep" : 432,
  "minutesAwake" : 13,
  "minutesAfterWakeup" : 0,
  "timeInBed" : 445,
  "efficiency" : 97,
  "type" : "classic",
  "infoCode" : 0,
  "logType" : "auto_detected",
  "levels" : {
    "summary" : {
      "restless" : {
        "count" : 7,
        "minutes" : 12
      },
      "awake" : {
        "count" : 1,
        "minutes" : 1
      },
      "asleep" : {
        "count" : 0,
        "minutes" : 432
      }
    },
    "data" : [{
      "dateTime" : "2016-03-16T23:30:00.000",
      "level" : "asleep",
      "seconds" : 660
    },{
      "dateTime" : "2016-03-16T23:41:00.000",
      "level" : "restless",
      "seconds" : 300
    },{
      "dateTime" : "2016-03-16T23:46:00.000",
      "level" : "awake",
      "seconds" : 60
    },{
      "dateTime" : "2016-03-16T23:47:00.000",
      "level" : "restless",
      "seconds" : 60
    },{
      "dateTime" : "2016-03-16T23:48:00.000",
      "level" : "asleep",
      "seconds" : 13440
    },{
      "dateTime" : "2016-03-17T03:32:00.000",
      "level" : "restless",
      "seconds" : 60
    },{
      "dateTime" : "2016-03-17T03:33:00.000",
      "level" : "asleep",
      "seconds" : 120
    },{
      "dateTime" : "2016-03-17T03:35:00.000",
      "level" : "restless",
      "seconds" : 60
    },{
      "dateTime" : "2016-03-17T03:36:00.000",
      "level" : "asleep",
      "seconds" : 6480
    },{
      "dateTime" : "2016-03-17T05:24:00.000",
      "level" : "restless",
      "seconds" : 60
    },{
      "dateTime" : "2016-03-17T05:25:00.000",
      "level" : "asleep",
      "seconds" : 3360
    },{
      "dateTime" : "2016-03-17T06:21:00.000",
      "level" : "restless",
      "seconds" : 60
    },{
      "dateTime" : "2016-03-17T06:22:00.000",
      "level" : "asleep",
      "seconds" : 1620
    },{
      "dateTime" : "2016-03-17T06:49:00.000",
      "level" : "restless",
      "seconds" : 120
    },{
      "dateTime" : "2016-03-17T06:51:00.000",
      "level" : "asleep",
      "seconds" : 240
    }]
  },
  "mainSleep" : true
},{
  "logId" : 11133099447,
  "dateOfSleep" : "2016-03-16",
  "startTime" : "2016-03-15T23:43:00.000",
  "endTime" : "2016-03-16T06:50:30.000",
  "duration" : 25620000,
  "minutesToFallAsleep" : 0,
  "minutesAsleep" : 417,
  "minutesAwake" : 10,
  "minutesAfterWakeup" : 0,
  "timeInBed" : 427,
  "efficiency" : 98,
  "type" : "classic",
  "infoCode" : 0,
  "logType" : "auto_detected",
  "levels" : {
    "summary" : {
      "restless" : {
        "count" : 8,
        "minutes" : 10
      },
      "awake" : {
        "count" : 0,
        "minutes" : 0
      },
      "asleep" : {
        "count" : 0,
        "minutes" : 417
      }
    },
    "data" : [{
      "dateTime" : "2016-03-15T23:43:00.000",
      "level" : "asleep",
      "seconds" : 480
    },{
      "dateTime" : "2016-03-15T23:51:00.000",
      "level" : "restless",
      "seconds" : 60
    },{
      "dateTime" : "2016-03-15T23:52:00.000",
      "level" : "asleep",
      "seconds" : 660
    },{
      "dateTime" : "2016-03-16T00:03:00.000",
      "level" : "restless",
      "seconds" : 60
    },{
      "dateTime" : "2016-03-16T00:04:00.000",
      "level" : "asleep",
      "seconds" : 60
    },{
      "dateTime" : "2016-03-16T00:05:00.000",
      "level" : "restless",
      "seconds" : 60
    },{
      "dateTime" : "2016-03-16T00:06:00.000",
      "level" : "asleep",
      "seconds" : 2880
    },{
      "dateTime" : "2016-03-16T00:54:00.000",
      "level" : "restless",
      "seconds" : 60
    },{
      "dateTime" : "2016-03-16T00:55:00.000",
      "level" : "asleep",
      "seconds" : 120
    },{
      "dateTime" : "2016-03-16T00:57:00.000",
      "level" : "restless",
      "seconds" : 60
    },{
      "dateTime" : "2016-03-16T00:58:00.000",
      "level" : "asleep",
      "seconds" : 10980
    },{
      "dateTime" : "2016-03-16T04:01:00.000",
      "level" : "restless",
      "seconds" : 60
    },{
      "dateTime" : "2016-03-16T04:02:00.000",
      "level" : "asleep",
      "seconds" : 960
    },{
      "dateTime" : "2016-03-16T04:18:00.000",
      "level" : "restless",
      "seconds" : 60
    },{
      "dateTime" : "2016-03-16T04:19:00.000",
      "level" : "asleep",
      "seconds" : 8700
    },{
      "dateTime" : "2016-03-16T06:44:00.000",
      "level" : "restless",
      "seconds" : 240
    },{
      "dateTime" : "2016-03-16T06:48:00.000",
      "level" : "asleep",
      "seconds" : 60
    },{
      "dateTime" : "2016-03-16T06:49:00.000",
      "level" : "restless",
      "seconds" : 60
    }]
  },
  "mainSleep" : true
},{
  "logId" : 11124784428,
  "dateOfSleep" : "2016-03-15",
  "startTime" : "2016-03-14T23:57:30.000",
  "endTime" : "2016-03-15T06:57:00.000",
  "duration" : 25140000,
  "minutesToFallAsleep" : 0,
  "minutesAsleep" : 406,
  "minutesAwake" : 13,
  "minutesAfterWakeup" : 0,
  "timeInBed" : 419,
  "efficiency" : 97,
  "type" : "classic",
  "infoCode" : 0,
  "logType" : "auto_detected",
  "levels" : {
    "summary" : {
      "restless" : {
        "count" : 9,
        "minutes" : 13
      },
      "awake" : {
        "count" : 0,
        "minutes" : 0
      },
      "asleep" : {
        "count" : 0,
        "minutes" : 406
      }
    },
    "data" : [{
      "dateTime" : "2016-03-14T23:57:30.000",
      "level" : "restless",
      "seconds" : 60
    },{
      "dateTime" : "2016-03-14T23:58:30.000",
      "level" : "asleep",
      "seconds" : 4320
    },{
      "dateTime" : "2016-03-15T01:10:30.000",
      "level" : "restless",
      "seconds" : 120
    },{
      "dateTime" : "2016-03-15T01:12:30.000",
      "level" : "asleep",
      "seconds" : 2400
    },{
      "dateTime" : "2016-03-15T01:52:30.000",
      "level" : "restless",
      "seconds" : 60
    },{
      "dateTime" : "2016-03-15T01:53:30.000",
      "level" : "asleep",
      "seconds" : 1560
    },{
      "dateTime" : "2016-03-15T02:19:30.000",
      "level" : "restless",
      "seconds" : 60
    },{
      "dateTime" : "2016-03-15T02:20:30.000",
      "level" : "asleep",
      "seconds" : 1980
    },{
      "dateTime" : "2016-03-15T02:53:30.000",
      "level" : "restless",
      "seconds" : 60
    },{
      "dateTime" : "2016-03-15T02:54:30.000",
      "level" : "asleep",
      "seconds" : 1200
    },{
      "dateTime" : "2016-03-15T03:14:30.000",
      "level" : "restless",
      "seconds" : 60
    },{
      "dateTime" : "2016-03-15T03:15:30.000",
      "level" : "asleep",
      "seconds" : 11280
    },{
      "dateTime" : "2016-03-15T06:23:30.000",
      "level" : "restless",
      "seconds" : 120
    },{
      "dateTime" : "2016-03-15T06:25:30.000",
      "level" : "asleep",
      "seconds" : 60
    },{
      "dateTime" : "2016-03-15T06:26:30.000",
      "level" : "restless",
      "seconds" : 120
    },{
      "dateTime" : "2016-03-15T06:28:30.000",
      "level" : "asleep",
      "seconds" : 1200
    },{
      "dateTime" : "2016-03-15T06:48:30.000",
      "level" : "restless",
      "seconds" : 120
    },{
      "dateTime" : "2016-03-15T06:50:30.000",
      "level" : "asleep",
      "seconds" : 360
    }]
  },
  "mainSleep" : true
},{
  "logId" : 11119338577,
  "dateOfSleep" : "2016-03-14",
  "startTime" : "2016-03-13T23:37:00.000",
  "endTime" : "2016-03-14T06:44:30.000",
  "duration" : 25620000,
  "minutesToFallAsleep" : 0,
  "minutesAsleep" : 399,
  "minutesAwake" : 28,
  "minutesAfterWakeup" : 0,
  "timeInBed" : 427,
  "efficiency" : 93,
  "type" : "classic",
  "infoCode" : 0,
  "logType" : "auto_detected",
  "levels" : {
    "summary" : {
      "restless" : {
        "count" : 11,
        "minutes" : 26
      },
      "awake" : {
        "count" : 1,
        "minutes" : 2
      },
      "asleep" : {
        "count" : 0,
        "minutes" : 399
      }
    },
    "data" : [{
      "dateTime" : "2016-03-13T23:37:00.000",
      "level" : "awake",
      "seconds" : 120
    },{
      "dateTime" : "2016-03-13T23:39:00.000",
      "level" : "restless",
      "seconds" : 60
    },{
      "dateTime" : "2016-03-13T23:40:00.000",
      "level" : "asleep",
      "seconds" : 1080
    },{
      "dateTime" : "2016-03-13T23:58:00.000",
      "level" : "restless",
      "seconds" : 60
    },{
      "dateTime" : "2016-03-13T23:59:00.000",
      "level" : "asleep",
      "seconds" : 120
    },{
      "dateTime" : "2016-03-14T00:01:00.000",
      "level" : "restless",
      "seconds" : 360
    },{
      "dateTime" : "2016-03-14T00:07:00.000",
      "level" : "asleep",
      "seconds" : 840
    },{
      "dateTime" : "2016-03-14T00:21:00.000",
      "level" : "restless",
      "seconds" : 60
    },{
      "dateTime" : "2016-03-14T00:22:00.000",
      "level" : "asleep",
      "seconds" : 120
    },{
      "dateTime" : "2016-03-14T00:24:00.000",
      "level" : "restless",
      "seconds" : 60
    },{
      "dateTime" : "2016-03-14T00:25:00.000",
      "level" : "asleep",
      "seconds" : 8160
    },{
      "dateTime" : "2016-03-14T02:41:00.000",
      "level" : "restless",
      "seconds" : 60
    },{
      "dateTime" : "2016-03-14T02:42:00.000",
      "level" : "asleep",
      "seconds" : 4800
    },{
      "dateTime" : "2016-03-14T04:02:00.000",
      "level" : "restless",
      "seconds" : 240
    },{
      "dateTime" : "2016-03-14T04:06:00.000",
      "level" : "asleep",
      "seconds" : 720
    },{
      "dateTime" : "2016-03-14T04:18:00.000",
      "level" : "restless",
      "seconds" : 120
    },{
      "dateTime" : "2016-03-14T04:20:00.000",
      "level" : "asleep",
      "seconds" : 60
    },{
      "dateTime" : "2016-03-14T04:21:00.000",
      "level" : "restless",
      "seconds" : 120
    },{
      "dateTime" : "2016-03-14T04:23:00.000",
      "level" : "asleep",
      "seconds" : 960
    },{
      "dateTime" : "2016-03-14T04:39:00.000",
      "level" : "restless",
      "seconds" : 360
    },{
      "dateTime" : "2016-03-14T04:45:00.000",
      "level" : "asleep",
      "seconds" : 6720
    },{
      "dateTime" : "2016-03-14T06:37:00.000",
      "level" : "restless",
      "seconds" : 60
    },{
      "dateTime" : "2016-03-14T06:38:00.000",
      "level" : "asleep",
      "seconds" : 360
    }]
  },
  "mainSleep" : true
},{
  "logId" : 11108614119,
  "dateOfSleep" : "2016-03-13",
  "startTime" : "2016-03-13T00:07:00.000",
  "endTime" : "2016-03-13T09:59:30.000",
  "duration" : 35520000,
  "minutesToFallAsleep" : 0,
  "minutesAsleep" : 577,
  "minutesAwake" : 15,
  "minutesAfterWakeup" : 0,
  "timeInBed" : 592,
  "efficiency" : 97,
  "type" : "classic",
  "infoCode" : 0,
  "logType" : "auto_detected",
  "levels" : {
    "summary" : {
      "restless" : {
        "count" : 7,
        "minutes" : 11
      },
      "awake" : {
        "count" : 1,
        "minutes" : 4
      },
      "asleep" : {
        "count" : 0,
        "minutes" : 577
      }
    },
    "data" : [{
      "dateTime" : "2016-03-13T00:07:00.000",
      "level" : "awake",
      "seconds" : 240
    },{
      "dateTime" : "2016-03-13T00:11:00.000",
      "level" : "restless",
      "seconds" : 120
    },{
      "dateTime" : "2016-03-13T00:13:00.000",
      "level" : "asleep",
      "seconds" : 480
    },{
      "dateTime" : "2016-03-13T00:21:00.000",
      "level" : "restless",
      "seconds" : 60
    },{
      "dateTime" : "2016-03-13T00:22:00.000",
      "level" : "asleep",
      "seconds" : 240
    },{
      "dateTime" : "2016-03-13T00:26:00.000",
      "level" : "restless",
      "seconds" : 60
    },{
      "dateTime" : "2016-03-13T00:27:00.000",
      "level" : "asleep",
      "seconds" : 420
    },{
      "dateTime" : "2016-03-13T00:34:00.000",
      "level" : "restless",
      "seconds" : 120
    },{
      "dateTime" : "2016-03-13T00:36:00.000",
      "level" : "asleep",
      "seconds" : 60
    },{
      "dateTime" : "2016-03-13T00:37:00.000",
      "level" : "restless",
      "seconds" : 60
    },{
      "dateTime" : "2016-03-13T00:38:00.000",
      "level" : "asleep",
      "seconds" : 29640
    },{
      "dateTime" : "2016-03-13T08:52:00.000",
      "level" : "restless",
      "seconds" : 60
    },{
      "dateTime" : "2016-03-13T08:53:00.000",
      "level" : "asleep",
      "seconds" : 3660
    },{
      "dateTime" : "2016-03-13T09:54:00.000",
      "level" : "restless",
      "seconds" : 300
    }]
  },
  "mainSleep" : true
},{
  "logId" : 11102859725,
  "dateOfSleep" : "2016-03-12",
  "startTime" : "2016-03-12T16:40:00.000",
  "endTime" : "2016-03-12T18:56:00.000",
  "duration" : 8160000,
  "minutesToFallAsleep" : 0,
  "minutesAsleep" : 121,
  "minutesAwake" : 5,
  "minutesAfterWakeup" : 10,
  "timeInBed" : 136,
  "efficiency" : 96,
  "type" : "classic",
  "infoCode" : 0,
  "logType" : "auto_detected",
  "levels" : {
    "summary" : {
      "restless" : {
        "count" : 4,
        "minutes" : 13
      },
      "awake" : {
        "count" : 1,
        "minutes" : 2
      },
      "asleep" : {
        "count" : 0,
        "minutes" : 121
      }
    },
    "data" : [{
      "dateTime" : "2016-03-12T16:40:00.000",
      "level" : "restless",
      "seconds" : 240
    },{
      "dateTime" : "2016-03-12T16:44:00.000",
      "level" : "asleep",
      "seconds" : 4740
    },{
      "dateTime" : "2016-03-12T18:03:00.000",
      "level" : "restless",
      "seconds" : 60
    },{
      "dateTime" : "2016-03-12T18:04:00.000",
      "level" : "asleep",
      "seconds" : 2520
    },{
      "dateTime" : "2016-03-12T18:46:00.000",
      "level" : "restless",
      "seconds" : 180
    },{
      "dateTime" : "2016-03-12T18:49:00.000",
      "level" : "awake",
      "seconds" : 120
    },{
      "dateTime" : "2016-03-12T18:51:00.000",
      "level" : "restless",
      "seconds" : 300
    }]
  },
  "mainSleep" : false
},{
  "logId" : 11099641779,
  "dateOfSleep" : "2016-03-12",
  "startTime" : "2016-03-12T00:45:00.000",
  "endTime" : "2016-03-12T08:52:30.000",
  "duration" : 29220000,
  "minutesToFallAsleep" : 0,
  "minutesAsleep" : 468,
  "minutesAwake" : 13,
  "minutesAfterWakeup" : 6,
  "timeInBed" : 487,
  "efficiency" : 97,
  "type" : "classic",
  "infoCode" : 0,
  "logType" : "auto_detected",
  "levels" : {
    "summary" : {
      "restless" : {
        "count" : 7,
        "minutes" : 13
      },
      "awake" : {
        "count" : 2,
        "minutes" : 6
      },
      "asleep" : {
        "count" : 0,
        "minutes" : 468
      }
    },
    "data" : [{
      "dateTime" : "2016-03-12T00:45:00.000",
      "level" : "awake",
      "seconds" : 240
    },{
      "dateTime" : "2016-03-12T00:49:00.000",
      "level" : "restless",
      "seconds" : 60
    },{
      "dateTime" : "2016-03-12T00:50:00.000",
      "level" : "asleep",
      "seconds" : 5880
    },{
      "dateTime" : "2016-03-12T02:28:00.000",
      "level" : "restless",
      "seconds" : 60
    },{
      "dateTime" : "2016-03-12T02:29:00.000",
      "level" : "asleep",
      "seconds" : 15600
    },{
      "dateTime" : "2016-03-12T06:49:00.000",
      "level" : "restless",
      "seconds" : 60
    },{
      "dateTime" : "2016-03-12T06:50:00.000",
      "level" : "asleep",
      "seconds" : 780
    },{
      "dateTime" : "2016-03-12T07:03:00.000",
      "level" : "restless",
      "seconds" : 240
    },{
      "dateTime" : "2016-03-12T07:07:00.000",
      "level" : "asleep",
      "seconds" : 4980
    },{
      "dateTime" : "2016-03-12T08:30:00.000",
      "level" : "restless",
      "seconds" : 60
    },{
      "dateTime" : "2016-03-12T08:31:00.000",
      "level" : "asleep",
      "seconds" : 60
    },{
      "dateTime" : "2016-03-12T08:32:00.000",
      "level" : "restless",
      "seconds" : 60
    },{
      "dateTime" : "2016-03-12T08:33:00.000",
      "level" : "asleep",
      "seconds" : 780
    },{
      "dateTime" : "2016-03-12T08:46:00.000",
      "level" : "restless",
      "seconds" : 240
    },{
      "dateTime" : "2016-03-12T08:50:00.000",
      "level" : "awake",
      "seconds" : 120
    }]
  },
  "mainSleep" : true
},{
  "logId" : 11090956457,
  "dateOfSleep" : "2016-03-11",
  "startTime" : "2016-03-11T00:28:00.000",
  "endTime" : "2016-03-11T06:52:30.000",
  "duration" : 23040000,
  "minutesToFallAsleep" : 0,
  "minutesAsleep" : 367,
  "minutesAwake" : 11,
  "minutesAfterWakeup" : 6,
  "timeInBed" : 384,
  "efficiency" : 97,
  "type" : "classic",
  "infoCode" : 0,
  "logType" : "auto_detected",
  "levels" : {
    "summary" : {
      "restless" : {
        "count" : 7,
        "minutes" : 16
      },
      "awake" : {
        "count" : 1,
        "minutes" : 1
      },
      "asleep" : {
        "count" : 0,
        "minutes" : 367
      }
    },
    "data" : [{
      "dateTime" : "2016-03-11T00:28:00.000",
      "level" : "awake",
      "seconds" : 60
    },{
      "dateTime" : "2016-03-11T00:29:00.000",
      "level" : "restless",
      "seconds" : 240
    },{
      "dateTime" : "2016-03-11T00:33:00.000",
      "level" : "asleep",
      "seconds" : 60
    },{
      "dateTime" : "2016-03-11T00:34:00.000",
      "level" : "restless",
      "seconds" : 60
    },{
      "dateTime" : "2016-03-11T00:35:00.000",
      "level" : "asleep",
      "seconds" : 1560
    },{
      "dateTime" : "2016-03-11T01:01:00.000",
      "level" : "restless",
      "seconds" : 60
    },{
      "dateTime" : "2016-03-11T01:02:00.000",
      "level" : "asleep",
      "seconds" : 120
    },{
      "dateTime" : "2016-03-11T01:04:00.000",
      "level" : "restless",
      "seconds" : 60
    },{
      "dateTime" : "2016-03-11T01:05:00.000",
      "level" : "asleep",
      "seconds" : 3000
    },{
      "dateTime" : "2016-03-11T01:55:00.000",
      "level" : "restless",
      "seconds" : 60
    },{
      "dateTime" : "2016-03-11T01:56:00.000",
      "level" : "asleep",
      "seconds" : 4200
    },{
      "dateTime" : "2016-03-11T03:06:00.000",
      "level" : "restless",
      "seconds" : 120
    },{
      "dateTime" : "2016-03-11T03:08:00.000",
      "level" : "asleep",
      "seconds" : 13080
    },{
      "dateTime" : "2016-03-11T06:46:00.000",
      "level" : "restless",
      "seconds" : 360
    }]
  },
  "mainSleep" : true
},{
  "logId" : 11082669781,
  "dateOfSleep" : "2016-03-10",
  "startTime" : "2016-03-10T00:08:30.000",
  "endTime" : "2016-03-10T06:47:00.000",
  "duration" : 23880000,
  "minutesToFallAsleep" : 0,
  "minutesAsleep" : 387,
  "minutesAwake" : 11,
  "minutesAfterWakeup" : 0,
  "timeInBed" : 398,
  "efficiency" : 97,
  "type" : "classic",
  "infoCode" : 0,
  "logType" : "auto_detected",
  "levels" : {
    "summary" : {
      "restless" : {
        "count" : 6,
        "minutes" : 7
      },
      "awake" : {
        "count" : 3,
        "minutes" : 4
      },
      "asleep" : {
        "count" : 0,
        "minutes" : 387
      }
    },
    "data" : [{
      "dateTime" : "2016-03-10T00:08:30.000",
      "level" : "awake",
      "seconds" : 60
    },{
      "dateTime" : "2016-03-10T00:09:30.000",
      "level" : "restless",
      "seconds" : 60
    },{
      "dateTime" : "2016-03-10T00:10:30.000",
      "level" : "awake",
      "seconds" : 60
    },{
      "dateTime" : "2016-03-10T00:11:30.000",
      "level" : "restless",
      "seconds" : 60
    },{
      "dateTime" : "2016-03-10T00:12:30.000",
      "level" : "awake",
      "seconds" : 120
    },{
      "dateTime" : "2016-03-10T00:14:30.000",
      "level" : "restless",
      "seconds" : 120
    },{
      "dateTime" : "2016-03-10T00:16:30.000",
      "level" : "asleep",
      "seconds" : 9120
    },{
      "dateTime" : "2016-03-10T02:48:30.000",
      "level" : "restless",
      "seconds" : 60
    },{
      "dateTime" : "2016-03-10T02:49:30.000",
      "level" : "asleep",
      "seconds" : 11340
    },{
      "dateTime" : "2016-03-10T05:58:30.000",
      "level" : "restless",
      "seconds" : 60
    },{
      "dateTime" : "2016-03-10T05:59:30.000",
      "level" : "asleep",
      "seconds" : 2520
    },{
      "dateTime" : "2016-03-10T06:41:30.000",
      "level" : "restless",
      "seconds" : 60
    },{
      "dateTime" : "2016-03-10T06:42:30.000",
      "level" : "asleep",
      "seconds" : 240
    }]
  },
  "mainSleep" : true
},{
  "logId" : 11074351127,
  "dateOfSleep" : "2016-03-09",
  "startTime" : "2016-03-09T00:31:00.000",
  "endTime" : "2016-03-09T06:48:30.000",
  "duration" : 22620000,
  "minutesToFallAsleep" : 0,
  "minutesAsleep" : 368,
  "minutesAwake" : 9,
  "minutesAfterWakeup" : 0,
  "timeInBed" : 377,
  "efficiency" : 98,
  "type" : "classic",
  "infoCode" : 0,
  "logType" : "auto_detected",
  "levels" : {
    "summary" : {
      "restless" : {
        "count" : 4,
        "minutes" : 5
      },
      "awake" : {
        "count" : 1,
        "minutes" : 4
      },
      "asleep" : {
        "count" : 0,
        "minutes" : 368
      }
    },
    "data" : [{
      "dateTime" : "2016-03-09T00:31:00.000",
      "level" : "awake",
      "seconds" : 240
    },{
      "dateTime" : "2016-03-09T00:35:00.000",
      "level" : "restless",
      "seconds" : 60
    },{
      "dateTime" : "2016-03-09T00:36:00.000",
      "level" : "asleep",
      "seconds" : 9720
    },{
      "dateTime" : "2016-03-09T03:18:00.000",
      "level" : "restless",
      "seconds" : 60
    },{
      "dateTime" : "2016-03-09T03:19:00.000",
      "level" : "asleep",
      "seconds" : 7920
    },{
      "dateTime" : "2016-03-09T05:31:00.000",
      "level" : "restless",
      "seconds" : 120
    },{
      "dateTime" : "2016-03-09T05:33:00.000",
      "level" : "asleep",
      "seconds" : 2940
    },{
      "dateTime" : "2016-03-09T06:22:00.000",
      "level" : "restless",
      "seconds" : 60
    },{
      "dateTime" : "2016-03-09T06:23:00.000",
      "level" : "asleep",
      "seconds" : 1500
    }]
  },
  "mainSleep" : true
},{
  "logId" : 11064590616,
  "dateOfSleep" : "2016-03-08",
  "startTime" : "2016-03-08T00:42:00.000",
  "endTime" : "2016-03-08T07:08:30.000",
  "duration" : 23160000,
  "minutesToFallAsleep" : 0,
  "minutesAsleep" : 372,
  "minutesAwake" : 14,
  "minutesAfterWakeup" : 0,
  "timeInBed" : 386,
  "efficiency" : 96,
  "type" : "classic",
  "infoCode" : 0,
  "logType" : "auto_detected",
  "levels" : {
    "summary" : {
      "restless" : {
        "count" : 7,
        "minutes" : 11
      },
      "awake" : {
        "count" : 1,
        "minutes" : 3
      },
      "asleep" : {
        "count" : 0,
        "minutes" : 372
      }
    },
    "data" : [{
      "dateTime" : "2016-03-08T00:42:00.000",
      "level" : "awake",
      "seconds" : 180
    },{
      "dateTime" : "2016-03-08T00:45:00.000",
      "level" : "restless",
      "seconds" : 180
    },{
      "dateTime" : "2016-03-08T00:48:00.000",
      "level" : "asleep",
      "seconds" : 15180
    },{
      "dateTime" : "2016-03-08T05:01:00.000",
      "level" : "restless",
      "seconds" : 60
    },{
      "dateTime" : "2016-03-08T05:02:00.000",
      "level" : "asleep",
      "seconds" : 60
    },{
      "dateTime" : "2016-03-08T05:03:00.000",
      "level" : "restless",
      "seconds" : 120
    },{
      "dateTime" : "2016-03-08T05:05:00.000",
      "level" : "asleep",
      "seconds" : 5520
    },{
      "dateTime" : "2016-03-08T06:37:00.000",
      "level" : "restless",
      "seconds" : 60
    },{
      "dateTime" : "2016-03-08T06:38:00.000",
      "level" : "asleep",
      "seconds" : 660
    },{
      "dateTime" : "2016-03-08T06:49:00.000",
      "level" : "restless",
      "seconds" : 60
    },{
      "dateTime" : "2016-03-08T06:50:00.000",
      "level" : "asleep",
      "seconds" : 480
    },{
      "dateTime" : "2016-03-08T06:58:00.000",
      "level" : "restless",
      "seconds" : 120
    },{
      "dateTime" : "2016-03-08T07:00:00.000",
      "level" : "asleep",
      "seconds" : 60
    },{
      "dateTime" : "2016-03-08T07:01:00.000",
      "level" : "restless",
      "seconds" : 60
    },{
      "dateTime" : "2016-03-08T07:02:00.000",
      "level" : "asleep",
      "seconds" : 360
    }]
  },
  "mainSleep" : true
},{
  "logId" : 11058994217,
  "dateOfSleep" : "2016-03-07",
  "startTime" : "2016-03-07T15:32:00.000",
  "endTime" : "2016-03-07T16:54:30.000",
  "duration" : 4920000,
  "minutesToFallAsleep" : 0,
  "minutesAsleep" : 71,
  "minutesAwake" : 11,
  "minutesAfterWakeup" : 0,
  "timeInBed" : 82,
  "efficiency" : 87,
  "type" : "classic",
  "infoCode" : 0,
  "logType" : "auto_detected",
  "levels" : {
    "summary" : {
      "restless" : {
        "count" : 3,
        "minutes" : 9
      },
      "awake" : {
        "count" : 1,
        "minutes" : 2
      },
      "asleep" : {
        "count" : 0,
        "minutes" : 71
      }
    },
    "data" : [{
      "dateTime" : "2016-03-07T15:32:00.000",
      "level" : "awake",
      "seconds" : 120
    },{
      "dateTime" : "2016-03-07T15:34:00.000",
      "level" : "restless",
      "seconds" : 240
    },{
      "dateTime" : "2016-03-07T15:38:00.000",
      "level" : "asleep",
      "seconds" : 2100
    },{
      "dateTime" : "2016-03-07T16:13:00.000",
      "level" : "restless",
      "seconds" : 240
    },{
      "dateTime" : "2016-03-07T16:17:00.000",
      "level" : "asleep",
      "seconds" : 60
    },{
      "dateTime" : "2016-03-07T16:18:00.000",
      "level" : "restless",
      "seconds" : 60
    },{
      "dateTime" : "2016-03-07T16:19:00.000",
      "level" : "asleep",
      "seconds" : 2100
    }]
  },
  "mainSleep" : false
},{
  "logId" : 11056277573,
  "dateOfSleep" : "2016-03-07",
  "startTime" : "2016-03-07T01:21:00.000",
  "endTime" : "2016-03-07T06:52:00.000",
  "duration" : 19860000,
  "minutesToFallAsleep" : 0,
  "minutesAsleep" : 311,
  "minutesAwake" : 20,
  "minutesAfterWakeup" : 0,
  "timeInBed" : 331,
  "efficiency" : 94,
  "type" : "classic",
  "infoCode" : 0,
  "logType" : "auto_detected",
  "levels" : {
    "summary" : {
      "restless" : {
        "count" : 10,
        "minutes" : 15
      },
      "awake" : {
        "count" : 1,
        "minutes" : 5
      },
      "asleep" : {
        "count" : 0,
        "minutes" : 311
      }
    },
    "data" : [{
      "dateTime" : "2016-03-07T01:21:00.000",
      "level" : "awake",
      "seconds" : 300
    },{
      "dateTime" : "2016-03-07T01:26:00.000",
      "level" : "restless",
      "seconds" : 120
    },{
      "dateTime" : "2016-03-07T01:28:00.000",
      "level" : "asleep",
      "seconds" : 8820
    },{
      "dateTime" : "2016-03-07T03:55:00.000",
      "level" : "restless",
      "seconds" : 60
    },{
      "dateTime" : "2016-03-07T03:56:00.000",
      "level" : "asleep",
      "seconds" : 780
    },{
      "dateTime" : "2016-03-07T04:09:00.000",
      "level" : "restless",
      "seconds" : 120
    },{
      "dateTime" : "2016-03-07T04:11:00.000",
      "level" : "asleep",
      "seconds" : 3840
    },{
      "dateTime" : "2016-03-07T05:15:00.000",
      "level" : "restless",
      "seconds" : 120
    },{
      "dateTime" : "2016-03-07T05:17:00.000",
      "level" : "asleep",
      "seconds" : 1740
    },{
      "dateTime" : "2016-03-07T05:46:00.000",
      "level" : "restless",
      "seconds" : 60
    },{
      "dateTime" : "2016-03-07T05:47:00.000",
      "level" : "asleep",
      "seconds" : 1320
    },{
      "dateTime" : "2016-03-07T06:09:00.000",
      "level" : "restless",
      "seconds" : 60
    },{
      "dateTime" : "2016-03-07T06:10:00.000",
      "level" : "asleep",
      "seconds" : 120
    },{
      "dateTime" : "2016-03-07T06:12:00.000",
      "level" : "restless",
      "seconds" : 60
    },{
      "dateTime" : "2016-03-07T06:13:00.000",
      "level" : "asleep",
      "seconds" : 1140
    },{
      "dateTime" : "2016-03-07T06:32:00.000",
      "level" : "restless",
      "seconds" : 60
    },{
      "dateTime" : "2016-03-07T06:33:00.000",
      "level" : "asleep",
      "seconds" : 780
    },{
      "dateTime" : "2016-03-07T06:46:00.000",
      "level" : "restless",
      "seconds" : 120
    },{
      "dateTime" : "2016-03-07T06:48:00.000",
      "level" : "asleep",
      "seconds" : 60
    },{
      "dateTime" : "2016-03-07T06:49:00.000",
      "level" : "restless",
      "seconds" : 120
    },{
      "dateTime" : "2016-03-07T06:51:00.000",
      "level" : "asleep",
      "seconds" : 60
    }]
  },
  "mainSleep" : true
},{
  "logId" : 11049074514,
  "dateOfSleep" : "2016-03-06",
  "startTime" : "2016-03-06T00:08:30.000",
  "endTime" : "2016-03-06T08:23:30.000",
  "duration" : 29700000,
  "minutesToFallAsleep" : 0,
  "minutesAsleep" : 484,
  "minutesAwake" : 11,
  "minutesAfterWakeup" : 0,
  "timeInBed" : 495,
  "efficiency" : 98,
  "type" : "classic",
  "infoCode" : 0,
  "logType" : "auto_detected",
  "levels" : {
    "summary" : {
      "restless" : {
        "count" : 8,
        "minutes" : 11
      },
      "awake" : {
        "count" : 0,
        "minutes" : 0
      },
      "asleep" : {
        "count" : 0,
        "minutes" : 484
      }
    },
    "data" : [{
      "dateTime" : "2016-03-06T00:08:30.000",
      "level" : "asleep",
      "seconds" : 180
    },{
      "dateTime" : "2016-03-06T00:11:30.000",
      "level" : "restless",
      "seconds" : 120
    },{
      "dateTime" : "2016-03-06T00:13:30.000",
      "level" : "asleep",
      "seconds" : 60
    },{
      "dateTime" : "2016-03-06T00:14:30.000",
      "level" : "restless",
      "seconds" : 180
    },{
      "dateTime" : "2016-03-06T00:17:30.000",
      "level" : "asleep",
      "seconds" : 17040
    },{
      "dateTime" : "2016-03-06T05:01:30.000",
      "level" : "restless",
      "seconds" : 60
    },{
      "dateTime" : "2016-03-06T05:02:30.000",
      "level" : "asleep",
      "seconds" : 5280
    },{
      "dateTime" : "2016-03-06T06:30:30.000",
      "level" : "restless",
      "seconds" : 60
    },{
      "dateTime" : "2016-03-06T06:31:30.000",
      "level" : "asleep",
      "seconds" : 840
    },{
      "dateTime" : "2016-03-06T06:45:30.000",
      "level" : "restless",
      "seconds" : 60
    },{
      "dateTime" : "2016-03-06T06:46:30.000",
      "level" : "asleep",
      "seconds" : 2940
    },{
      "dateTime" : "2016-03-06T07:35:30.000",
      "level" : "restless",
      "seconds" : 60
    },{
      "dateTime" : "2016-03-06T07:36:30.000",
      "level" : "asleep",
      "seconds" : 1920
    },{
      "dateTime" : "2016-03-06T08:08:30.000",
      "level" : "restless",
      "seconds" : 60
    },{
      "dateTime" : "2016-03-06T08:09:30.000",
      "level" : "asleep",
      "seconds" : 720
    },{
      "dateTime" : "2016-03-06T08:21:30.000",
      "level" : "restless",
      "seconds" : 60
    },{
      "dateTime" : "2016-03-06T08:22:30.000",
      "level" : "asleep",
      "seconds" : 60
    }]
  },
  "mainSleep" : true
},{
  "logId" : 11041311505,
  "dateOfSleep" : "2016-03-05",
  "startTime" : "2016-03-05T01:16:00.000",
  "endTime" : "2016-03-05T08:10:00.000",
  "duration" : 24840000,
  "minutesToFallAsleep" : 0,
  "minutesAsleep" : 388,
  "minutesAwake" : 26,
  "minutesAfterWakeup" : 0,
  "timeInBed" : 414,
  "efficiency" : 94,
  "type" : "classic",
  "infoCode" : 0,
  "logType" : "auto_detected",
  "levels" : {
    "summary" : {
      "restless" : {
        "count" : 19,
        "minutes" : 24
      },
      "awake" : {
        "count" : 2,
        "minutes" : 2
      },
      "asleep" : {
        "count" : 0,
        "minutes" : 388
      }
    },
    "data" : [{
      "dateTime" : "2016-03-05T01:16:00.000",
      "level" : "awake",
      "seconds" : 60
    },{
      "dateTime" : "2016-03-05T01:17:00.000",
      "level" : "restless",
      "seconds" : 120
    },{
      "dateTime" : "2016-03-05T01:19:00.000",
      "level" : "asleep",
      "seconds" : 60
    },{
      "dateTime" : "2016-03-05T01:20:00.000",
      "level" : "restless",
      "seconds" : 60
    },{
      "dateTime" : "2016-03-05T01:21:00.000",
      "level" : "asleep",
      "seconds" : 240
    },{
      "dateTime" : "2016-03-05T01:25:00.000",
      "level" : "restless",
      "seconds" : 180
    },{
      "dateTime" : "2016-03-05T01:28:00.000",
      "level" : "asleep",
      "seconds" : 120
    },{
      "dateTime" : "2016-03-05T01:30:00.000",
      "level" : "restless",
      "seconds" : 60
    },{
      "dateTime" : "2016-03-05T01:31:00.000",
      "level" : "asleep",
      "seconds" : 120
    },{
      "dateTime" : "2016-03-05T01:33:00.000",
      "level" : "restless",
      "seconds" : 60
    },{
      "dateTime" : "2016-03-05T01:34:00.000",
      "level" : "asleep",
      "seconds" : 60
    },{
      "dateTime" : "2016-03-05T01:35:00.000",
      "level" : "restless",
      "seconds" : 60
    },{
      "dateTime" : "2016-03-05T01:36:00.000",
      "level" : "asleep",
      "seconds" : 120
    },{
      "dateTime" : "2016-03-05T01:38:00.000",
      "level" : "restless",
      "seconds" : 60
    },{
      "dateTime" : "2016-03-05T01:39:00.000",
      "level" : "asleep",
      "seconds" : 1020
    },{
      "dateTime" : "2016-03-05T01:56:00.000",
      "level" : "restless",
      "seconds" : 180
    },{
      "dateTime" : "2016-03-05T01:59:00.000",
      "level" : "awake",
      "seconds" : 60
    },{
      "dateTime" : "2016-03-05T02:00:00.000",
      "level" : "asleep",
      "seconds" : 7320
    },{
      "dateTime" : "2016-03-05T04:02:00.000",
      "level" : "restless",
      "seconds" : 60
    },{
      "dateTime" : "2016-03-05T04:03:00.000",
      "level" : "asleep",
      "seconds" : 3540
    },{
      "dateTime" : "2016-03-05T05:02:00.000",
      "level" : "restless",
      "seconds" : 60
    },{
      "dateTime" : "2016-03-05T05:03:00.000",
      "level" : "asleep",
      "seconds" : 360
    },{
      "dateTime" : "2016-03-05T05:09:00.000",
      "level" : "restless",
      "seconds" : 60
    },{
      "dateTime" : "2016-03-05T05:10:00.000",
      "level" : "asleep",
      "seconds" : 900
    },{
      "dateTime" : "2016-03-05T05:25:00.000",
      "level" : "restless",
      "seconds" : 60
    },{
      "dateTime" : "2016-03-05T05:26:00.000",
      "level" : "asleep",
      "seconds" : 540
    },{
      "dateTime" : "2016-03-05T05:35:00.000",
      "level" : "restless",
      "seconds" : 60
    },{
      "dateTime" : "2016-03-05T05:36:00.000",
      "level" : "asleep",
      "seconds" : 1740
    },{
      "dateTime" : "2016-03-05T06:05:00.000",
      "level" : "restless",
      "seconds" : 60
    },{
      "dateTime" : "2016-03-05T06:06:00.000",
      "level" : "asleep",
      "seconds" : 2040
    },{
      "dateTime" : "2016-03-05T06:40:00.000",
      "level" : "restless",
      "seconds" : 60
    },{
      "dateTime" : "2016-03-05T06:41:00.000",
      "level" : "asleep",
      "seconds" : 1980
    },{
      "dateTime" : "2016-03-05T07:14:00.000",
      "level" : "restless",
      "seconds" : 60
    },{
      "dateTime" : "2016-03-05T07:15:00.000",
      "level" : "asleep",
      "seconds" : 120
    },{
      "dateTime" : "2016-03-05T07:17:00.000",
      "level" : "restless",
      "seconds" : 60
    },{
      "dateTime" : "2016-03-05T07:18:00.000",
      "level" : "asleep",
      "seconds" : 600
    },{
      "dateTime" : "2016-03-05T07:28:00.000",
      "level" : "restless",
      "seconds" : 60
    },{
      "dateTime" : "2016-03-05T07:29:00.000",
      "level" : "asleep",
      "seconds" : 1980
    },{
      "dateTime" : "2016-03-05T08:02:00.000",
      "level" : "restless",
      "seconds" : 60
    },{
      "dateTime" : "2016-03-05T08:03:00.000",
      "level" : "asleep",
      "seconds" : 420
    }]
  },
  "mainSleep" : true
}]