[{
  "logId" : 1074327920,
  "dateOfSleep" : "2015-06-30",
  "startTime" : "2015-06-29T20:02:30.000",
  "endTime" : "2015-06-30T06:38:30.000",
  "duration" : 38160000,
  "minutesToFallAsleep" : 0,
  "minutesAsleep" : 612,
  "minutesAwake" : 22,
  "minutesAfterWakeup" : 0,
  "timeInBed" : 636,
  "efficiency" : 97,
  "type" : "classic",
  "infoCode" : 0,
  "logType" : "auto_detected",
  "levels" : {
    "summary" : {
      "restless" : {
        "count" : 12,
        "minutes" : 21
      },
      "awake" : {
        "count" : 3,
        "minutes" : 3
      },
      "asleep" : {
        "count" : 0,
        "minutes" : 612
      }
    },
    "data" : [{
      "dateTime" : "2015-06-29T20:02:30.000",
      "level" : "awake",
      "seconds" : 60
    },{
      "dateTime" : "2015-06-29T20:03:30.000",
      "level" : "restless",
      "seconds" : 60
    },{
      "dateTime" : "2015-06-29T20:04:30.000",
      "level" : "asleep",
      "seconds" : 1320
    },{
      "dateTime" : "2015-06-29T20:26:30.000",
      "level" : "restless",
      "seconds" : 120
    },{
      "dateTime" : "2015-06-29T20:28:30.000",
      "level" : "awake",
      "seconds" : 60
    },{
      "dateTime" : "2015-06-29T20:29:30.000",
      "level" : "restless",
      "seconds" : 60
    },{
      "dateTime" : "2015-06-29T20:30:30.000",
      "level" : "asleep",
      "seconds" : 6120
    },{
      "dateTime" : "2015-06-29T22:12:30.000",
      "level" : "restless",
      "seconds" : 60
    },{
      "dateTime" : "2015-06-29T22:13:30.000",
      "level" : "asleep",
      "seconds" : 4680
    },{
      "dateTime" : "2015-06-29T23:31:30.000",
      "level" : "restless",
      "seconds" : 60
    },{
      "dateTime" : "2015-06-29T23:32:30.000",
      "level" : "asleep",
      "seconds" : 10080
    },{
      "dateTime" : "2015-06-30T02:20:30.000",
      "level" : "restless",
      "seconds" : 60
    },{
      "dateTime" : "2015-06-30T02:21:30.000",
      "level" : "asleep",
      "seconds" : 6840
    },{
      "dateTime" : "2015-06-30T04:15:30.000",
      "level" : "restless",
      "seconds" : 60
    },{
      "dateTime" : "2015-06-30T04:16:30.000",
      "level" : "asleep",
      "seconds" : 120
    },{
      "dateTime" : "2015-06-30T04:18:30.000",
      "level" : "restless",
      "seconds" : 60
    },{
      "dateTime" : "2015-06-30T04:19:30.000",
      "level" : "asleep",
      "seconds" : 3420
    },{
      "dateTime" : "2015-06-30T05:16:30.000",
      "level" : "restless",
      "seconds" : 120
    },{
      "dateTime" : "2015-06-30T05:18:30.000",
      "level" : "asleep",
      "seconds" : 60
    },{
      "dateTime" : "2015-06-30T05:19:30.000",
      "level" : "restless",
      "seconds" : 300
    },{
      "dateTime" : "2015-06-30T05:24:30.000",
      "level" : "asleep",
      "seconds" : 1620
    },{
      "dateTime" : "2015-06-30T05:51:30.000",
      "level" : "restless",
      "seconds" : 120
    },{
      "dateTime" : "2015-06-30T05:53:30.000",
      "level" : "awake",
      "seconds" : 60
    },{
      "dateTime" : "2015-06-30T05:54:30.000",
      "level" : "asleep",
      "seconds" : 2040
    },{
      "dateTime" : "2015-06-30T06:28:30.000",
      "level" : "restless",
      "seconds" : 180
    },{
      "dateTime" : "2015-06-30T06:31:30.000",
      "level" : "asleep",
      "seconds" : 420
    }]
  },
  "mainSleep" : true
},{
  "logId" : 1070910623,
  "dateOfSleep" : "2015-06-29",
  "startTime" : "2015-06-29T00:31:30.000",
  "endTime" : "2015-06-29T07:59:30.000",
  "duration" : 26880000,
  "minutesToFallAsleep" : 0,
  "minutesAsleep" : 394,
  "minutesAwake" : 44,
  "minutesAfterWakeup" : 0,
  "timeInBed" : 448,
  "efficiency" : 90,
  "type" : "classic",
  "infoCode" : 0,
  "logType" : "auto_detected",
  "levels" : {
    "summary" : {
      "restless" : {
        "count" : 16,
        "minutes" : 49
      },
      "awake" : {
        "count" : 2,
        "minutes" : 4
      },
      "asleep" : {
        "count" : 0,
        "minutes" : 394
      }
    },
    "data" : [{
      "dateTime" : "2015-06-29T00:31:30.000",
      "level" : "restless",
      "seconds" : 360
    },{
      "dateTime" : "2015-06-29T00:37:30.000",
      "level" : "asleep",
      "seconds" : 60
    },{
      "dateTime" : "2015-06-29T00:38:30.000",
      "level" : "restless",
      "seconds" : 180
    },{
      "dateTime" : "2015-06-29T00:41:30.000",
      "level" : "asleep",
      "seconds" : 9900
    },{
      "dateTime" : "2015-06-29T03:26:30.000",
      "level" : "restless",
      "seconds" : 180
    },{
      "dateTime" : "2015-06-29T03:29:30.000",
      "level" : "asleep",
      "seconds" : 840
    },{
      "dateTime" : "2015-06-29T03:43:30.000",
      "level" : "restless",
      "seconds" : 60
    },{
      "dateTime" : "2015-06-29T03:44:30.000",
      "level" : "asleep",
      "seconds" : 2340
    },{
      "dateTime" : "2015-06-29T04:23:30.000",
      "level" : "restless",
      "seconds" : 60
    },{
      "dateTime" : "2015-06-29T04:24:30.000",
      "level" : "asleep",
      "seconds" : 5760
    },{
      "dateTime" : "2015-06-29T06:00:30.000",
      "level" : "restless",
      "seconds" : 480
    },{
      "dateTime" : "2015-06-29T06:08:30.000",
      "level" : "asleep",
      "seconds" : 420
    },{
      "dateTime" : "2015-06-29T06:15:30.000",
      "level" : "restless",
      "seconds" : 120
    },{
      "dateTime" : "2015-06-29T06:17:30.000",
      "level" : "asleep",
      "seconds" : 60
    },{
      "dateTime" : "2015-06-29T06:18:30.000",
      "level" : "restless",
      "seconds" : 60
    },{
      "dateTime" : "2015-06-29T06:19:30.000",
      "level" : "asleep",
      "seconds" : 240
    },{
      "dateTime" : "2015-06-29T06:23:30.000",
      "level" : "restless",
      "seconds" : 180
    },{
      "dateTime" : "2015-06-29T06:26:30.000",
      "level" : "awake",
      "seconds" : 120
    },{
      "dateTime" : "2015-06-29T06:28:30.000",
      "level" : "restless",
      "seconds" : 60
    },{
      "dateTime" : "2015-06-29T06:29:30.000",
      "level" : "asleep",
      "seconds" : 180
    },{
      "dateTime" : "2015-06-29T06:32:30.000",
      "level" : "restless",
      "seconds" : 180
    },{
      "dateTime" : "2015-06-29T06:35:30.000",
      "level" : "awake",
      "seconds" : 120
    },{
      "dateTime" : "2015-06-29T06:37:30.000",
      "level" : "restless",
      "seconds" : 120
    },{
      "dateTime" : "2015-06-29T06:39:30.000",
      "level" : "asleep",
      "seconds" : 60
    },{
      "dateTime" : "2015-06-29T06:40:30.000",
      "level" : "restless",
      "seconds" : 60
    },{
      "dateTime" : "2015-06-29T06:41:30.000",
      "level" : "asleep",
      "seconds" : 60
    },{
      "dateTime" : "2015-06-29T06:42:30.000",
      "level" : "restless",
      "seconds" : 240
    },{
      "dateTime" : "2015-06-29T06:46:30.000",
      "level" : "asleep",
      "seconds" : 60
    },{
      "dateTime" : "2015-06-29T06:47:30.000",
      "level" : "restless",
      "seconds" : 60
    },{
      "dateTime" : "2015-06-29T06:48:30.000",
      "level" : "asleep",
      "seconds" : 3660
    },{
      "dateTime" : "2015-06-29T07:49:30.000",
      "level" : "restless",
      "seconds" : 540
    },{
      "dateTime" : "2015-06-29T07:58:30.000",
      "level" : "asleep",
      "seconds" : 60
    }]
  },
  "mainSleep" : true
},{
  "logId" : 1067600484,
  "dateOfSleep" : "2015-06-28",
  "startTime" : "2015-06-28T00:21:00.000",
  "endTime" : "2015-06-28T08:15:30.000",
  "duration" : 28440000,
  "minutesToFallAsleep" : 0,
  "minutesAsleep" : 425,
  "minutesAwake" : 10,
  "minutesAfterWakeup" : 4,
  "timeInBed" : 474,
  "efficiency" : 98,
  "type" : "classic",
  "infoCode" : 0,
  "logType" : "auto_detected",
  "levels" : {
    "summary" : {
      "restless" : {
        "count" : 11,
        "minutes" : 16
      },
      "awake" : {
        "count" : 1,
        "minutes" : 4
      },
      "asleep" : {
        "count" : 0,
        "minutes" : 425
      }
    },
    "data" : [{
      "dateTime" : "2015-06-28T00:21:00.000",
      "level" : "awake",
      "seconds" : 240
    },{
      "dateTime" : "2015-06-28T00:25:00.000",
      "level" : "restless",
      "seconds" : 60
    },{
      "dateTime" : "2015-06-28T00:26:00.000",
      "level" : "asleep",
      "seconds" : 1620
    },{
      "dateTime" : "2015-06-28T00:53:00.000",
      "level" : "restless",
      "seconds" : 60
    },{
      "dateTime" : "2015-06-28T00:54:00.000",
      "level" : "asleep",
      "seconds" : 4560
    },{
      "dateTime" : "2015-06-28T02:10:00.000",
      "level" : "restless",
      "seconds" : 120
    },{
      "dateTime" : "2015-06-28T02:12:00.000",
      "level" : "asleep",
      "seconds" : 1800
    },{
      "dateTime" : "2015-06-28T02:42:00.000",
      "level" : "restless",
      "seconds" : 60
    },{
      "dateTime" : "2015-06-28T02:43:00.000",
      "level" : "asleep",
      "seconds" : 7500
    },{
      "dateTime" : "2015-06-28T04:48:00.000",
      "level" : "restless",
      "seconds" : 60
    },{
      "dateTime" : "2015-06-28T04:49:00.000",
      "level" : "asleep",
      "seconds" : 8520
    },{
      "dateTime" : "2015-06-28T07:11:00.000",
      "level" : "restless",
      "seconds" : 60
    },{
      "dateTime" : "2015-06-28T07:12:00.000",
      "level" : "asleep",
      "seconds" : 120
    },{
      "dateTime" : "2015-06-28T07:14:00.000",
      "level" : "restless",
      "seconds" : 60
    },{
      "dateTime" : "2015-06-28T07:15:00.000",
      "level" : "asleep",
      "seconds" : 1260
    },{
      "dateTime" : "2015-06-28T07:36:00.000",
      "level" : "restless",
      "seconds" : 60
    },{
      "dateTime" : "2015-06-28T07:37:00.000",
      "level" : "asleep",
      "seconds" : 1440
    },{
      "dateTime" : "2015-06-28T08:01:00.000",
      "level" : "restless",
      "seconds" : 120
    },{
      "dateTime" : "2015-06-28T08:03:00.000",
      "level" : "asleep",
      "seconds" : 60
    },{
      "dateTime" : "2015-06-28T08:04:00.000",
      "level" : "restless",
      "seconds" : 60
    },{
      "dateTime" : "2015-06-28T08:05:00.000",
      "level" : "asleep",
      "seconds" : 360
    },{
      "dateTime" : "2015-06-28T08:11:00.000",
      "level" : "restless",
      "seconds" : 240
    }]
  },
  "mainSleep" : true
},{
  "logId" : 1064446408,
  "dateOfSleep" : "2015-06-27",
  "startTime" : "2015-06-27T01:07:00.000",
  "endTime" : "2015-06-27T08:05:30.000",
  "duration" : 25080000,
  "minutesToFallAsleep" : 0,
  "minutesAsleep" : 397,
  "minutesAwake" : 5,
  "minutesAfterWakeup" : 3,
  "timeInBed" : 418,
  "efficiency" : 99,
  "type" : "classic",
  "infoCode" : 0,
  "logType" : "auto_detected",
  "levels" : {
    "summary" : {
      "restless" : {
        "count" : 9,
        "minutes" : 9
      },
      "awake" : {
        "count" : 2,
        "minutes" : 6
      },
      "asleep" : {
        "count" : 0,
        "minutes" : 397
      }
    },
    "data" : [{
      "dateTime" : "2015-06-27T01:07:00.000",
      "level" : "awake",
      "seconds" : 240
    },{
      "dateTime" : "2015-06-27T01:11:00.000",
      "level" : "restless",
      "seconds" : 60
    },{
      "dateTime" : "2015-06-27T01:12:00.000",
      "level" : "asleep",
      "seconds" : 240
    },{
      "dateTime" : "2015-06-27T01:16:00.000",
      "level" : "restless",
      "seconds" : 60
    },{
      "dateTime" : "2015-06-27T01:17:00.000",
      "level" : "asleep",
      "seconds" : 120
    },{
      "dateTime" : "2015-06-27T01:19:00.000",
      "level" : "restless",
      "seconds" : 60
    },{
      "dateTime" : "2015-06-27T01:20:00.000",
      "level" : "asleep",
      "seconds" : 4560
    },{
      "dateTime" : "2015-06-27T02:36:00.000",
      "level" : "restless",
      "seconds" : 60
    },{
      "dateTime" : "2015-06-27T02:37:00.000",
      "level" : "asleep",
      "seconds" : 3060
    },{
      "dateTime" : "2015-06-27T03:28:00.000",
      "level" : "restless",
      "seconds" : 60
    },{
      "dateTime" : "2015-06-27T03:29:00.000",
      "level" : "asleep",
      "seconds" : 4740
    },{
      "dateTime" : "2015-06-27T04:48:00.000",
      "level" : "restless",
      "seconds" : 60
    },{
      "dateTime" : "2015-06-27T04:49:00.000",
      "level" : "asleep",
      "seconds" : 9240
    },{
      "dateTime" : "2015-06-27T07:23:00.000",
      "level" : "restless",
      "seconds" : 60
    },{
      "dateTime" : "2015-06-27T07:24:00.000",
      "level" : "asleep",
      "seconds" : 120
    },{
      "dateTime" : "2015-06-27T07:26:00.000",
      "level" : "restless",
      "seconds" : 60
    },{
      "dateTime" : "2015-06-27T07:27:00.000",
      "level" : "asleep",
      "seconds" : 2100
    },{
      "dateTime" : "2015-06-27T08:02:00.000",
      "level" : "restless",
      "seconds" : 60
    },{
      "dateTime" : "2015-06-27T08:03:00.000",
      "level" : "awake",
      "seconds" : 120
    }]
  },
  "mainSleep" : true
},{
  "logId" : 1061242274,
  "dateOfSleep" : "2015-06-26",
  "startTime" : "2015-06-26T02:42:00.000",
  "endTime" : "2015-06-26T08:46:30.000",
  "duration" : 21840000,
  "minutesToFallAsleep" : 0,
  "minutesAsleep" : 350,
  "minutesAwake" : 9,
  "minutesAfterWakeup" : 0,
  "timeInBed" : 364,
  "efficiency" : 97,
  "type" : "classic",
  "infoCode" : 0,
  "logType" : "auto_detected",
  "levels" : {
    "summary" : {
      "restless" : {
        "count" : 8,
        "minutes" : 11
      },
      "awake" : {
        "count" : 1,
        "minutes" : 3
      },
      "asleep" : {
        "count" : 0,
        "minutes" : 350
      }
    },
    "data" : [{
      "dateTime" : "2015-06-26T02:42:00.000",
      "level" : "awake",
      "seconds" : 180
    },{
      "dateTime" : "2015-06-26T02:45:00.000",
      "level" : "restless",
      "seconds" : 120
    },{
      "dateTime" : "2015-06-26T02:47:00.000",
      "level" : "asleep",
      "seconds" : 6540
    },{
      "dateTime" : "2015-06-26T04:36:00.000",
      "level" : "restless",
      "seconds" : 60
    },{
      "dateTime" : "2015-06-26T04:37:00.000",
      "level" : "asleep",
      "seconds" : 3660
    },{
      "dateTime" : "2015-06-26T05:38:00.000",
      "level" : "restless",
      "seconds" : 60
    },{
      "dateTime" : "2015-06-26T05:39:00.000",
      "level" : "asleep",
      "seconds" : 5400
    },{
      "dateTime" : "2015-06-26T07:09:00.000",
      "level" : "restless",
      "seconds" : 60
    },{
      "dateTime" : "2015-06-26T07:10:00.000",
      "level" : "asleep",
      "seconds" : 60
    },{
      "dateTime" : "2015-06-26T07:11:00.000",
      "level" : "restless",
      "seconds" : 120
    },{
      "dateTime" : "2015-06-26T07:13:00.000",
      "level" : "asleep",
      "seconds" : 2220
    },{
      "dateTime" : "2015-06-26T07:50:00.000",
      "level" : "restless",
      "seconds" : 120
    },{
      "dateTime" : "2015-06-26T07:52:00.000",
      "level" : "asleep",
      "seconds" : 360
    },{
      "dateTime" : "2015-06-26T07:58:00.000",
      "level" : "restless",
      "seconds" : 60
    },{
      "dateTime" : "2015-06-26T07:59:00.000",
      "level" : "asleep",
      "seconds" : 480
    },{
      "dateTime" : "2015-06-26T08:07:00.000",
      "level" : "restless",
      "seconds" : 60
    },{
      "dateTime" : "2015-06-26T08:08:00.000",
      "level" : "asleep",
      "seconds" : 2280
    }]
  },
  "mainSleep" : true
},{
  "logId" : 1057958569,
  "dateOfSleep" : "2015-06-25",
  "startTime" : "2015-06-25T05:08:00.000",
  "endTime" : "2015-06-25T08:16:00.000",
  "duration" : 11280000,
  "minutesToFallAsleep" : 0,
  "minutesAsleep" : 181,
  "minutesAwake" : 7,
  "minutesAfterWakeup" : 0,
  "timeInBed" : 188,
  "efficiency" : 96,
  "type" : "classic",
  "infoCode" : 0,
  "logType" : "auto_detected",
  "levels" : {
    "summary" : {
      "restless" : {
        "count" : 2,
        "minutes" : 7
      },
      "awake" : {
        "count" : 0,
        "minutes" : 0
      },
      "asleep" : {
        "count" : 0,
        "minutes" : 181
      }
    },
    "data" : [{
      "dateTime" : "2015-06-25T05:08:00.000",
      "level" : "asleep",
      "seconds" : 3900
    },{
      "dateTime" : "2015-06-25T06:13:00.000",
      "level" : "restless",
      "seconds" : 240
    },{
      "dateTime" : "2015-06-25T06:17:00.000",
      "level" : "asleep",
      "seconds" : 6540
    },{
      "dateTime" : "2015-06-25T08:06:00.000",
      "level" : "restless",
      "seconds" : 180
    },{
      "dateTime" : "2015-06-25T08:09:00.000",
      "level" : "asleep",
      "seconds" : 420
    }]
  },
  "mainSleep" : false
},{
  "logId" : 1057642476,
  "dateOfSleep" : "2015-06-25",
  "startTime" : "2015-06-25T01:12:00.000",
  "endTime" : "2015-06-25T05:07:30.000",
  "duration" : 14100000,
  "minutesToFallAsleep" : 0,
  "minutesAsleep" : 188,
  "minutesAwake" : 8,
  "minutesAfterWakeup" : 0,
  "timeInBed" : 235,
  "efficiency" : 96,
  "type" : "classic",
  "infoCode" : 0,
  "logType" : "auto_detected",
  "levels" : {
    "summary" : {
      "restless" : {
        "count" : 12,
        "minutes" : 18
      },
      "awake" : {
        "count" : 1,
        "minutes" : 1
      },
      "asleep" : {
        "count" : 0,
        "minutes" : 188
      }
    },
    "data" : [{
      "dateTime" : "2015-06-25T01:12:00.000",
      "level" : "awake",
      "seconds" : 60
    },{
      "dateTime" : "2015-06-25T01:13:00.000",
      "level" : "restless",
      "seconds" : 60
    },{
      "dateTime" : "2015-06-25T01:14:00.000",
      "level" : "asleep",
      "seconds" : 60
    },{
      "dateTime" : "2015-06-25T01:15:00.000",
      "level" : "restless",
      "seconds" : 120
    },{
      "dateTime" : "2015-06-25T01:17:00.000",
      "level" : "asleep",
      "seconds" : 60
    },{
      "dateTime" : "2015-06-25T01:18:00.000",
      "level" : "restless",
      "seconds" : 180
    },{
      "dateTime" : "2015-06-25T01:21:00.000",
      "level" : "asleep",
      "seconds" : 60
    },{
      "dateTime" : "2015-06-25T01:22:00.000",
      "level" : "restless",
      "seconds" : 60
    },{
      "dateTime" : "2015-06-25T01:23:00.000",
      "level" : "asleep",
      "seconds" : 120
    },{
      "dateTime" : "2015-06-25T01:25:00.000",
      "level" : "restless",
      "seconds" : 60
    },{
      "dateTime" : "2015-06-25T01:26:00.000",
      "level" : "asleep",
      "seconds" : 780
    },{
      "dateTime" : "2015-06-25T01:39:00.000",
      "level" : "restless",
      "seconds" : 60
    },{
      "dateTime" : "2015-06-25T01:40:00.000",
      "level" : "asleep",
      "seconds" : 300
    },{
      "dateTime" : "2015-06-25T01:45:00.000",
      "level" : "restless",
      "seconds" : 60
    },{
      "dateTime" : "2015-06-25T01:46:00.000",
      "level" : "asleep",
      "seconds" : 1800
    },{
      "dateTime" : "2015-06-25T02:16:00.000",
      "level" : "restless",
      "seconds" : 240
    },{
      "dateTime" : "2015-06-25T02:20:00.000",
      "level" : "asleep",
      "seconds" : 2400
    },{
      "dateTime" : "2015-06-25T03:00:00.000",
      "level" : "restless",
      "seconds" : 60
    },{
      "dateTime" : "2015-06-25T03:01:00.000",
      "level" : "asleep",
      "seconds" : 1800
    },{
      "dateTime" : "2015-06-25T03:31:00.000",
      "level" : "restless",
      "seconds" : 60
    },{
      "dateTime" : "2015-06-25T03:32:00.000",
      "level" : "asleep",
      "seconds" : 3120
    },{
      "dateTime" : "2015-06-25T04:24:00.000",
      "level" : "restless",
      "seconds" : 60
    },{
      "dateTime" : "2015-06-25T04:25:00.000",
      "level" : "asleep",
      "seconds" : 120
    },{
      "dateTime" : "2015-06-25T04:27:00.000",
      "level" : "restless",
      "seconds" : 60
    },{
      "dateTime" : "2015-06-25T04:28:00.000",
      "level" : "asleep",
      "seconds" : 2340
    }]
  },
  "mainSleep" : true
},{
  "logId" : 1054642166,
  "dateOfSleep" : "2015-06-24",
  "startTime" : "2015-06-24T00:38:00.000",
  "endTime" : "2015-06-24T09:15:30.000",
  "duration" : 31020000,
  "minutesToFallAsleep" : 0,
  "minutesAsleep" : 495,
  "minutesAwake" : 18,
  "minutesAfterWakeup" : 0,
  "timeInBed" : 517,
  "efficiency" : 96,
  "type" : "classic",
  "infoCode" : 0,
  "logType" : "auto_detected",
  "levels" : {
    "summary" : {
      "restless" : {
        "count" : 13,
        "minutes" : 21
      },
      "awake" : {
        "count" : 1,
        "minutes" : 1
      },
      "asleep" : {
        "count" : 0,
        "minutes" : 495
      }
    },
    "data" : [{
      "dateTime" : "2015-06-24T00:38:00.000",
      "level" : "awake",
      "seconds" : 60
    },{
      "dateTime" : "2015-06-24T00:39:00.000",
      "level" : "restless",
      "seconds" : 180
    },{
      "dateTime" : "2015-06-24T00:42:00.000",
      "level" : "asleep",
      "seconds" : 3300
    },{
      "dateTime" : "2015-06-24T01:37:00.000",
      "level" : "restless",
      "seconds" : 60
    },{
      "dateTime" : "2015-06-24T01:38:00.000",
      "level" : "asleep",
      "seconds" : 60
    },{
      "dateTime" : "2015-06-24T01:39:00.000",
      "level" : "restless",
      "seconds" : 60
    },{
      "dateTime" : "2015-06-24T01:40:00.000",
      "level" : "asleep",
      "seconds" : 2520
    },{
      "dateTime" : "2015-06-24T02:22:00.000",
      "level" : "restless",
      "seconds" : 240
    },{
      "dateTime" : "2015-06-24T02:26:00.000",
      "level" : "asleep",
      "seconds" : 9060
    },{
      "dateTime" : "2015-06-24T04:57:00.000",
      "level" : "restless",
      "seconds" : 60
    },{
      "dateTime" : "2015-06-24T04:58:00.000",
      "level" : "asleep",
      "seconds" : 60
    },{
      "dateTime" : "2015-06-24T04:59:00.000",
      "level" : "restless",
      "seconds" : 60
    },{
      "dateTime" : "2015-06-24T05:00:00.000",
      "level" : "asleep",
      "seconds" : 60
    },{
      "dateTime" : "2015-06-24T05:01:00.000",
      "level" : "restless",
      "seconds" : 60
    },{
      "dateTime" : "2015-06-24T05:02:00.000",
      "level" : "asleep",
      "seconds" : 2460
    },{
      "dateTime" : "2015-06-24T05:43:00.000",
      "level" : "restless",
      "seconds" : 60
    },{
      "dateTime" : "2015-06-24T05:44:00.000",
      "level" : "asleep",
      "seconds" : 4560
    },{
      "dateTime" : "2015-06-24T07:00:00.000",
      "level" : "restless",
      "seconds" : 60
    },{
      "dateTime" : "2015-06-24T07:01:00.000",
      "level" : "asleep",
      "seconds" : 2340
    },{
      "dateTime" : "2015-06-24T07:40:00.000",
      "level" : "restless",
      "seconds" : 120
    },{
      "dateTime" : "2015-06-24T07:42:00.000",
      "level" : "asleep",
      "seconds" : 1620
    },{
      "dateTime" : "2015-06-24T08:09:00.000",
      "level" : "restless",
      "seconds" : 60
    },{
      "dateTime" : "2015-06-24T08:10:00.000",
      "level" : "asleep",
      "seconds" : 60
    },{
      "dateTime" : "2015-06-24T08:11:00.000",
      "level" : "restless",
      "seconds" : 60
    },{
      "dateTime" : "2015-06-24T08:12:00.000",
      "level" : "asleep",
      "seconds" : 3180
    },{
      "dateTime" : "2015-06-24T09:05:00.000",
      "level" : "restless",
      "seconds" : 180
    },{
      "dateTime" : "2015-06-24T09:08:00.000",
      "level" : "asleep",
      "seconds" : 420
    }]
  },
  "mainSleep" : true
},{
  "logId" : 1051464316,
  "dateOfSleep" : "2015-06-23",
  "startTime" : "2015-06-23T02:20:30.000",
  "endTime" : "2015-06-23T10:58:30.000",
  "duration" : 31080000,
  "minutesToFallAsleep" : 0,
  "minutesAsleep" : 477,
  "minutesAwake" : 22,
  "minutesAfterWakeup" : 0,
  "timeInBed" : 518,
  "efficiency" : 96,
  "type" : "classic",
  "infoCode" : 0,
  "logType" : "auto_detected",
  "levels" : {
    "summary" : {
      "restless" : {
        "count" : 18,
        "minutes" : 32
      },
      "awake" : {
        "count" : 2,
        "minutes" : 2
      },
      "asleep" : {
        "count" : 0,
        "minutes" : 477
      }
    },
    "data" : [{
      "dateTime" : "2015-06-23T02:20:30.000",
      "level" : "asleep",
      "seconds" : 420
    },{
      "dateTime" : "2015-06-23T02:27:30.000",
      "level" : "restless",
      "seconds" : 180
    },{
      "dateTime" : "2015-06-23T02:30:30.000",
      "level" : "awake",
      "seconds" : 60
    },{
      "dateTime" : "2015-06-23T02:31:30.000",
      "level" : "restless",
      "seconds" : 60
    },{
      "dateTime" : "2015-06-23T02:32:30.000",
      "level" : "awake",
      "seconds" : 60
    },{
      "dateTime" : "2015-06-23T02:33:30.000",
      "level" : "restless",
      "seconds" : 360
    },{
      "dateTime" : "2015-06-23T02:39:30.000",
      "level" : "asleep",
      "seconds" : 2220
    },{
      "dateTime" : "2015-06-23T03:16:30.000",
      "level" : "restless",
      "seconds" : 60
    },{
      "dateTime" : "2015-06-23T03:17:30.000",
      "level" : "asleep",
      "seconds" : 11160
    },{
      "dateTime" : "2015-06-23T06:23:30.000",
      "level" : "restless",
      "seconds" : 60
    },{
      "dateTime" : "2015-06-23T06:24:30.000",
      "level" : "asleep",
      "seconds" : 2160
    },{
      "dateTime" : "2015-06-23T07:00:30.000",
      "level" : "restless",
      "seconds" : 60
    },{
      "dateTime" : "2015-06-23T07:01:30.000",
      "level" : "asleep",
      "seconds" : 60
    },{
      "dateTime" : "2015-06-23T07:02:30.000",
      "level" : "restless",
      "seconds" : 60
    },{
      "dateTime" : "2015-06-23T07:03:30.000",
      "level" : "asleep",
      "seconds" : 2700
    },{
      "dateTime" : "2015-06-23T07:48:30.000",
      "level" : "restless",
      "seconds" : 60
    },{
      "dateTime" : "2015-06-23T07:49:30.000",
      "level" : "asleep",
      "seconds" : 60
    },{
      "dateTime" : "2015-06-23T07:50:30.000",
      "level" : "restless",
      "seconds" : 60
    },{
      "dateTime" : "2015-06-23T07:51:30.000",
      "level" : "asleep",
      "seconds" : 1500
    },{
      "dateTime" : "2015-06-23T08:16:30.000",
      "level" : "restless",
      "seconds" : 120
    },{
      "dateTime" : "2015-06-23T08:18:30.000",
      "level" : "asleep",
      "seconds" : 300
    },{
      "dateTime" : "2015-06-23T08:23:30.000",
      "level" : "restless",
      "seconds" : 60
    },{
      "dateTime" : "2015-06-23T08:24:30.000",
      "level" : "asleep",
      "seconds" : 60
    },{
      "dateTime" : "2015-06-23T08:25:30.000",
      "level" : "restless",
      "seconds" : 120
    },{
      "dateTime" : "2015-06-23T08:27:30.000",
      "level" : "asleep",
      "seconds" : 60
    },{
      "dateTime" : "2015-06-23T08:28:30.000",
      "level" : "restless",
      "seconds" : 60
    },{
      "dateTime" : "2015-06-23T08:29:30.000",
      "level" : "asleep",
      "seconds" : 5760
    },{
      "dateTime" : "2015-06-23T10:05:30.000",
      "level" : "restless",
      "seconds" : 60
    },{
      "dateTime" : "2015-06-23T10:06:30.000",
      "level" : "asleep",
      "seconds" : 60
    },{
      "dateTime" : "2015-06-23T10:07:30.000",
      "level" : "restless",
      "seconds" : 60
    },{
      "dateTime" : "2015-06-23T10:08:30.000",
      "level" : "asleep",
      "seconds" : 480
    },{
      "dateTime" : "2015-06-23T10:16:30.000",
      "level" : "restless",
      "seconds" : 120
    },{
      "dateTime" : "2015-06-23T10:18:30.000",
      "level" : "asleep",
      "seconds" : 60
    },{
      "dateTime" : "2015-06-23T10:19:30.000",
      "level" : "restless",
      "seconds" : 60
    },{
      "dateTime" : "2015-06-23T10:20:30.000",
      "level" : "asleep",
      "seconds" : 180
    },{
      "dateTime" : "2015-06-23T10:23:30.000",
      "level" : "restless",
      "seconds" : 300
    },{
      "dateTime" : "2015-06-23T10:28:30.000",
      "level" : "asleep",
      "seconds" : 1800
    }]
  },
  "mainSleep" : true
},{
  "logId" : 1047637741,
  "dateOfSleep" : "2015-06-22",
  "startTime" : "2015-06-22T02:40:00.000",
  "endTime" : "2015-06-22T09:19:00.000",
  "duration" : 23940000,
  "minutesToFallAsleep" : 0,
  "minutesAsleep" : 387,
  "minutesAwake" : 6,
  "minutesAfterWakeup" : 0,
  "timeInBed" : 399,
  "efficiency" : 98,
  "type" : "classic",
  "infoCode" : 0,
  "logType" : "auto_detected",
  "levels" : {
    "summary" : {
      "restless" : {
        "count" : 3,
        "minutes" : 7
      },
      "awake" : {
        "count" : 1,
        "minutes" : 5
      },
      "asleep" : {
        "count" : 0,
        "minutes" : 387
      }
    },
    "data" : [{
      "dateTime" : "2015-06-22T02:40:00.000",
      "level" : "awake",
      "seconds" : 300
    },{
      "dateTime" : "2015-06-22T02:45:00.000",
      "level" : "restless",
      "seconds" : 60
    },{
      "dateTime" : "2015-06-22T02:46:00.000",
      "level" : "asleep",
      "seconds" : 10920
    },{
      "dateTime" : "2015-06-22T05:48:00.000",
      "level" : "restless",
      "seconds" : 60
    },{
      "dateTime" : "2015-06-22T05:49:00.000",
      "level" : "asleep",
      "seconds" : 11940
    },{
      "dateTime" : "2015-06-22T09:08:00.000",
      "level" : "restless",
      "seconds" : 300
    },{
      "dateTime" : "2015-06-22T09:13:00.000",
      "level" : "asleep",
      "seconds" : 360
    }]
  },
  "mainSleep" : true
},{
  "logId" : 1044626883,
  "dateOfSleep" : "2015-06-21",
  "startTime" : "2015-06-20T23:48:00.000",
  "endTime" : "2015-06-21T10:31:00.000",
  "duration" : 38580000,
  "minutesToFallAsleep" : 0,
  "minutesAsleep" : 581,
  "minutesAwake" : 48,
  "minutesAfterWakeup" : 0,
  "timeInBed" : 643,
  "efficiency" : 92,
  "type" : "classic",
  "infoCode" : 0,
  "logType" : "auto_detected",
  "levels" : {
    "summary" : {
      "restless" : {
        "count" : 22,
        "minutes" : 50
      },
      "awake" : {
        "count" : 2,
        "minutes" : 6
      },
      "asleep" : {
        "count" : 0,
        "minutes" : 581
      }
    },
    "data" : [{
      "dateTime" : "2015-06-20T23:48:00.000",
      "level" : "restless",
      "seconds" : 120
    },{
      "dateTime" : "2015-06-20T23:50:00.000",
      "level" : "awake",
      "seconds" : 300
    },{
      "dateTime" : "2015-06-20T23:55:00.000",
      "level" : "asleep",
      "seconds" : 360
    },{
      "dateTime" : "2015-06-21T00:01:00.000",
      "level" : "restless",
      "seconds" : 60
    },{
      "dateTime" : "2015-06-21T00:02:00.000",
      "level" : "asleep",
      "seconds" : 1560
    },{
      "dateTime" : "2015-06-21T00:28:00.000",
      "level" : "restless",
      "seconds" : 120
    },{
      "dateTime" : "2015-06-21T00:30:00.000",
      "level" : "asleep",
      "seconds" : 120
    },{
      "dateTime" : "2015-06-21T00:32:00.000",
      "level" : "restless",
      "seconds" : 60
    },{
      "dateTime" : "2015-06-21T00:33:00.000",
      "level" : "asleep",
      "seconds" : 12660
    },{
      "dateTime" : "2015-06-21T04:04:00.000",
      "level" : "restless",
      "seconds" : 60
    },{
      "dateTime" : "2015-06-21T04:05:00.000",
      "level" : "asleep",
      "seconds" : 5760
    },{
      "dateTime" : "2015-06-21T05:41:00.000",
      "level" : "restless",
      "seconds" : 60
    },{
      "dateTime" : "2015-06-21T05:42:00.000",
      "level" : "asleep",
      "seconds" : 4320
    },{
      "dateTime" : "2015-06-21T06:54:00.000",
      "level" : "restless",
      "seconds" : 60
    },{
      "dateTime" : "2015-06-21T06:55:00.000",
      "level" : "asleep",
      "seconds" : 60
    },{
      "dateTime" : "2015-06-21T06:56:00.000",
      "level" : "restless",
      "seconds" : 120
    },{
      "dateTime" : "2015-06-21T06:58:00.000",
      "level" : "asleep",
      "seconds" : 360
    },{
      "dateTime" : "2015-06-21T07:04:00.000",
      "level" : "restless",
      "seconds" : 120
    },{
      "dateTime" : "2015-06-21T07:06:00.000",
      "level" : "asleep",
      "seconds" : 2640
    },{
      "dateTime" : "2015-06-21T07:50:00.000",
      "level" : "restless",
      "seconds" : 60
    },{
      "dateTime" : "2015-06-21T07:51:00.000",
      "level" : "asleep",
      "seconds" : 420
    },{
      "dateTime" : "2015-06-21T07:58:00.000",
      "level" : "restless",
      "seconds" : 420
    },{
      "dateTime" : "2015-06-21T08:05:00.000",
      "level" : "asleep",
      "seconds" : 420
    },{
      "dateTime" : "2015-06-21T08:12:00.000",
      "level" : "restless",
      "seconds" : 60
    },{
      "dateTime" : "2015-06-21T08:13:00.000",
      "level" : "asleep",
      "seconds" : 60
    },{
      "dateTime" : "2015-06-21T08:14:00.000",
      "level" : "restless",
      "seconds" : 180
    },{
      "dateTime" : "2015-06-21T08:17:00.000",
      "level" : "asleep",
      "seconds" : 300
    },{
      "dateTime" : "2015-06-21T08:22:00.000",
      "level" : "restless",
      "seconds" : 360
    },{
      "dateTime" : "2015-06-21T08:28:00.000",
      "level" : "asleep",
      "seconds" : 420
    },{
      "dateTime" : "2015-06-21T08:35:00.000",
      "level" : "restless",
      "seconds" : 60
    },{
      "dateTime" : "2015-06-21T08:36:00.000",
      "level" : "asleep",
      "seconds" : 120
    },{
      "dateTime" : "2015-06-21T08:38:00.000",
      "level" : "restless",
      "seconds" : 420
    },{
      "dateTime" : "2015-06-21T08:45:00.000",
      "level" : "asleep",
      "seconds" : 240
    },{
      "dateTime" : "2015-06-21T08:49:00.000",
      "level" : "restless",
      "seconds" : 120
    },{
      "dateTime" : "2015-06-21T08:51:00.000",
      "level" : "awake",
      "seconds" : 60
    },{
      "dateTime" : "2015-06-21T08:52:00.000",
      "level" : "restless",
      "seconds" : 120
    },{
      "dateTime" : "2015-06-21T08:54:00.000",
      "level" : "asleep",
      "seconds" : 1140
    },{
      "dateTime" : "2015-06-21T09:13:00.000",
      "level" : "restless",
      "seconds" : 60
    },{
      "dateTime" : "2015-06-21T09:14:00.000",
      "level" : "asleep",
      "seconds" : 420
    },{
      "dateTime" : "2015-06-21T09:21:00.000",
      "level" : "restless",
      "seconds" : 120
    },{
      "dateTime" : "2015-06-21T09:23:00.000",
      "level" : "asleep",
      "seconds" : 3540
    },{
      "dateTime" : "2015-06-21T10:22:00.000",
      "level" : "restless",
      "seconds" : 180
    },{
      "dateTime" : "2015-06-21T10:25:00.000",
      "level" : "asleep",
      "seconds" : 180
    },{
      "dateTime" : "2015-06-21T10:28:00.000",
      "level" : "restless",
      "seconds" : 60
    },{
      "dateTime" : "2015-06-21T10:29:00.000",
      "level" : "asleep",
      "seconds" : 120
    }]
  },
  "mainSleep" : true
},{
  "logId" : 1043021697,
  "dateOfSleep" : "2015-06-20",
  "startTime" : "2015-06-20T00:07:00.000",
  "endTime" : "2015-06-20T07:25:00.000",
  "duration" : 26280000,
  "minutesToFallAsleep" : 0,
  "minutesAsleep" : 406,
  "minutesAwake" : 8,
  "minutesAfterWakeup" : 6,
  "timeInBed" : 438,
  "efficiency" : 98,
  "type" : "classic",
  "infoCode" : 0,
  "logType" : "auto_detected",
  "levels" : {
    "summary" : {
      "restless" : {
        "count" : 11,
        "minutes" : 14
      },
      "awake" : {
        "count" : 1,
        "minutes" : 3
      },
      "asleep" : {
        "count" : 0,
        "minutes" : 406
      }
    },
    "data" : [{
      "dateTime" : "2015-06-20T00:07:00.000",
      "level" : "asleep",
      "seconds" : 480
    },{
      "dateTime" : "2015-06-20T00:15:00.000",
      "level" : "restless",
      "seconds" : 60
    },{
      "dateTime" : "2015-06-20T00:16:00.000",
      "level" : "asleep",
      "seconds" : 420
    },{
      "dateTime" : "2015-06-20T00:23:00.000",
      "level" : "restless",
      "seconds" : 120
    },{
      "dateTime" : "2015-06-20T00:25:00.000",
      "level" : "asleep",
      "seconds" : 2880
    },{
      "dateTime" : "2015-06-20T01:13:00.000",
      "level" : "restless",
      "seconds" : 60
    },{
      "dateTime" : "2015-06-20T01:14:00.000",
      "level" : "asleep",
      "seconds" : 3840
    },{
      "dateTime" : "2015-06-20T02:18:00.000",
      "level" : "restless",
      "seconds" : 60
    },{
      "dateTime" : "2015-06-20T02:19:00.000",
      "level" : "asleep",
      "seconds" : 1740
    },{
      "dateTime" : "2015-06-20T02:48:00.000",
      "level" : "restless",
      "seconds" : 60
    },{
      "dateTime" : "2015-06-20T02:49:00.000",
      "level" : "asleep",
      "seconds" : 1320
    },{
      "dateTime" : "2015-06-20T03:11:00.000",
      "level" : "restless",
      "seconds" : 60
    },{
      "dateTime" : "2015-06-20T03:12:00.000",
      "level" : "asleep",
      "seconds" : 8100
    },{
      "dateTime" : "2015-06-20T05:27:00.000",
      "level" : "restless",
      "seconds" : 60
    },{
      "dateTime" : "2015-06-20T05:28:00.000",
      "level" : "asleep",
      "seconds" : 120
    },{
      "dateTime" : "2015-06-20T05:30:00.000",
      "level" : "restless",
      "seconds" : 60
    },{
      "dateTime" : "2015-06-20T05:31:00.000",
      "level" : "asleep",
      "seconds" : 1320
    },{
      "dateTime" : "2015-06-20T05:53:00.000",
      "level" : "restless",
      "seconds" : 60
    },{
      "dateTime" : "2015-06-20T05:54:00.000",
      "level" : "asleep",
      "seconds" : 4020
    },{
      "dateTime" : "2015-06-20T07:01:00.000",
      "level" : "restless",
      "seconds" : 60
    },{
      "dateTime" : "2015-06-20T07:02:00.000",
      "level" : "asleep",
      "seconds" : 1020
    },{
      "dateTime" : "2015-06-20T07:19:00.000",
      "level" : "restless",
      "seconds" : 180
    },{
      "dateTime" : "2015-06-20T07:22:00.000",
      "level" : "awake",
      "seconds" : 180
    }]
  },
  "mainSleep" : true
},{
  "logId" : 1038106691,
  "dateOfSleep" : "2015-06-19",
  "startTime" : "2015-06-18T23:03:00.000",
  "endTime" : "2015-06-19T07:57:00.000",
  "duration" : 32040000,
  "minutesToFallAsleep" : 0,
  "minutesAsleep" : 489,
  "minutesAwake" : 11,
  "minutesAfterWakeup" : 0,
  "timeInBed" : 534,
  "efficiency" : 98,
  "type" : "classic",
  "infoCode" : 0,
  "logType" : "auto_detected",
  "levels" : {
    "summary" : {
      "restless" : {
        "count" : 9,
        "minutes" : 18
      },
      "awake" : {
        "count" : 2,
        "minutes" : 4
      },
      "asleep" : {
        "count" : 0,
        "minutes" : 489
      }
    },
    "data" : [{
      "dateTime" : "2015-06-18T23:03:00.000",
      "level" : "restless",
      "seconds" : 60
    },{
      "dateTime" : "2015-06-18T23:04:00.000",
      "level" : "asleep",
      "seconds" : 960
    },{
      "dateTime" : "2015-06-18T23:20:00.000",
      "level" : "restless",
      "seconds" : 180
    },{
      "dateTime" : "2015-06-18T23:23:00.000",
      "level" : "awake",
      "seconds" : 120
    },{
      "dateTime" : "2015-06-18T23:25:00.000",
      "level" : "asleep",
      "seconds" : 360
    },{
      "dateTime" : "2015-06-18T23:31:00.000",
      "level" : "restless",
      "seconds" : 300
    },{
      "dateTime" : "2015-06-18T23:36:00.000",
      "level" : "asleep",
      "seconds" : 840
    },{
      "dateTime" : "2015-06-18T23:50:00.000",
      "level" : "restless",
      "seconds" : 180
    },{
      "dateTime" : "2015-06-18T23:53:00.000",
      "level" : "awake",
      "seconds" : 120
    },{
      "dateTime" : "2015-06-18T23:55:00.000",
      "level" : "restless",
      "seconds" : 120
    },{
      "dateTime" : "2015-06-18T23:57:00.000",
      "level" : "asleep",
      "seconds" : 13320
    },{
      "dateTime" : "2015-06-19T03:39:00.000",
      "level" : "restless",
      "seconds" : 60
    },{
      "dateTime" : "2015-06-19T03:40:00.000",
      "level" : "asleep",
      "seconds" : 8640
    },{
      "dateTime" : "2015-06-19T06:04:00.000",
      "level" : "restless",
      "seconds" : 60
    },{
      "dateTime" : "2015-06-19T06:05:00.000",
      "level" : "asleep",
      "seconds" : 4080
    },{
      "dateTime" : "2015-06-19T07:13:00.000",
      "level" : "restless",
      "seconds" : 60
    },{
      "dateTime" : "2015-06-19T07:14:00.000",
      "level" : "asleep",
      "seconds" : 1140
    },{
      "dateTime" : "2015-06-19T07:33:00.000",
      "level" : "restless",
      "seconds" : 60
    },{
      "dateTime" : "2015-06-19T07:34:00.000",
      "level" : "asleep",
      "seconds" : 1380
    }]
  },
  "mainSleep" : true
},{
  "logId" : 1035160619,
  "dateOfSleep" : "2015-06-18",
  "startTime" : "2015-06-18T00:10:00.000",
  "endTime" : "2015-06-18T08:06:30.000",
  "duration" : 28560000,
  "minutesToFallAsleep" : 0,
  "minutesAsleep" : 442,
  "minutesAwake" : 22,
  "minutesAfterWakeup" : 0,
  "timeInBed" : 476,
  "efficiency" : 95,
  "type" : "classic",
  "infoCode" : 0,
  "logType" : "auto_detected",
  "levels" : {
    "summary" : {
      "restless" : {
        "count" : 14,
        "minutes" : 20
      },
      "awake" : {
        "count" : 2,
        "minutes" : 2
      },
      "asleep" : {
        "count" : 0,
        "minutes" : 442
      }
    },
    "data" : [{
      "dateTime" : "2015-06-18T00:10:00.000",
      "level" : "asleep",
      "seconds" : 1440
    },{
      "dateTime" : "2015-06-18T00:34:00.000",
      "level" : "restless",
      "seconds" : 120
    },{
      "dateTime" : "2015-06-18T00:36:00.000",
      "level" : "asleep",
      "seconds" : 7500
    },{
      "dateTime" : "2015-06-18T02:41:00.000",
      "level" : "restless",
      "seconds" : 60
    },{
      "dateTime" : "2015-06-18T02:42:00.000",
      "level" : "asleep",
      "seconds" : 3840
    },{
      "dateTime" : "2015-06-18T03:46:00.000",
      "level" : "restless",
      "seconds" : 60
    },{
      "dateTime" : "2015-06-18T03:47:00.000",
      "level" : "asleep",
      "seconds" : 720
    },{
      "dateTime" : "2015-06-18T03:59:00.000",
      "level" : "restless",
      "seconds" : 180
    },{
      "dateTime" : "2015-06-18T04:02:00.000",
      "level" : "awake",
      "seconds" : 60
    },{
      "dateTime" : "2015-06-18T04:03:00.000",
      "level" : "restless",
      "seconds" : 60
    },{
      "dateTime" : "2015-06-18T04:04:00.000",
      "level" : "asleep",
      "seconds" : 780
    },{
      "dateTime" : "2015-06-18T04:17:00.000",
      "level" : "restless",
      "seconds" : 60
    },{
      "dateTime" : "2015-06-18T04:18:00.000",
      "level" : "asleep",
      "seconds" : 2820
    },{
      "dateTime" : "2015-06-18T05:05:00.000",
      "level" : "restless",
      "seconds" : 60
    },{
      "dateTime" : "2015-06-18T05:06:00.000",
      "level" : "asleep",
      "seconds" : 4680
    },{
      "dateTime" : "2015-06-18T06:24:00.000",
      "level" : "restless",
      "seconds" : 180
    },{
      "dateTime" : "2015-06-18T06:27:00.000",
      "level" : "asleep",
      "seconds" : 1860
    },{
      "dateTime" : "2015-06-18T06:58:00.000",
      "level" : "restless",
      "seconds" : 60
    },{
      "dateTime" : "2015-06-18T06:59:00.000",
      "level" : "asleep",
      "seconds" : 120
    },{
      "dateTime" : "2015-06-18T07:01:00.000",
      "level" : "restless",
      "seconds" : 60
    },{
      "dateTime" : "2015-06-18T07:02:00.000",
      "level" : "asleep",
      "seconds" : 1440
    },{
      "dateTime" : "2015-06-18T07:26:00.000",
      "level" : "restless",
      "seconds" : 120
    },{
      "dateTime" : "2015-06-18T07:28:00.000",
      "level" : "awake",
      "seconds" : 60
    },{
      "dateTime" : "2015-06-18T07:29:00.000",
      "level" : "restless",
      "seconds" : 60
    },{
      "dateTime" : "2015-06-18T07:30:00.000",
      "level" : "asleep",
      "seconds" : 1380
    },{
      "dateTime" : "2015-06-18T07:53:00.000",
      "level" : "restless",
      "seconds" : 60
    },{
      "dateTime" : "2015-06-18T07:54:00.000",
      "level" : "asleep",
      "seconds" : 480
    },{
      "dateTime" : "2015-06-18T08:02:00.000",
      "level" : "restless",
      "seconds" : 60
    },{
      "dateTime" : "2015-06-18T08:03:00.000",
      "level" : "asleep",
      "seconds" : 180
    }]
  },
  "mainSleep" : true
},{
  "logId" : 1032402682,
  "dateOfSleep" : "2015-06-17",
  "startTime" : "2015-06-17T00:31:00.000",
  "endTime" : "2015-06-17T08:31:30.000",
  "duration" : 28800000,
  "minutesToFallAsleep" : 0,
  "minutesAsleep" : 454,
  "minutesAwake" : 20,
  "minutesAfterWakeup" : 0,
  "timeInBed" : 480,
  "efficiency" : 96,
  "type" : "classic",
  "infoCode" : 0,
  "logType" : "auto_detected",
  "levels" : {
    "summary" : {
      "restless" : {
        "count" : 14,
        "minutes" : 22
      },
      "awake" : {
        "count" : 1,
        "minutes" : 1
      },
      "asleep" : {
        "count" : 0,
        "minutes" : 454
      }
    },
    "data" : [{
      "dateTime" : "2015-06-17T00:31:00.000",
      "level" : "restless",
      "seconds" : 60
    },{
      "dateTime" : "2015-06-17T00:32:00.000",
      "level" : "asleep",
      "seconds" : 60
    },{
      "dateTime" : "2015-06-17T00:33:00.000",
      "level" : "restless",
      "seconds" : 60
    },{
      "dateTime" : "2015-06-17T00:34:00.000",
      "level" : "asleep",
      "seconds" : 120
    },{
      "dateTime" : "2015-06-17T00:36:00.000",
      "level" : "restless",
      "seconds" : 60
    },{
      "dateTime" : "2015-06-17T00:37:00.000",
      "level" : "asleep",
      "seconds" : 840
    },{
      "dateTime" : "2015-06-17T00:51:00.000",
      "level" : "restless",
      "seconds" : 60
    },{
      "dateTime" : "2015-06-17T00:52:00.000",
      "level" : "asleep",
      "seconds" : 840
    },{
      "dateTime" : "2015-06-17T01:06:00.000",
      "level" : "restless",
      "seconds" : 60
    },{
      "dateTime" : "2015-06-17T01:07:00.000",
      "level" : "asleep",
      "seconds" : 60
    },{
      "dateTime" : "2015-06-17T01:08:00.000",
      "level" : "restless",
      "seconds" : 60
    },{
      "dateTime" : "2015-06-17T01:09:00.000",
      "level" : "asleep",
      "seconds" : 60
    },{
      "dateTime" : "2015-06-17T01:10:00.000",
      "level" : "restless",
      "seconds" : 120
    },{
      "dateTime" : "2015-06-17T01:12:00.000",
      "level" : "asleep",
      "seconds" : 840
    },{
      "dateTime" : "2015-06-17T01:26:00.000",
      "level" : "restless",
      "seconds" : 60
    },{
      "dateTime" : "2015-06-17T01:27:00.000",
      "level" : "asleep",
      "seconds" : 1920
    },{
      "dateTime" : "2015-06-17T01:59:00.000",
      "level" : "restless",
      "seconds" : 360
    },{
      "dateTime" : "2015-06-17T02:05:00.000",
      "level" : "asleep",
      "seconds" : 3540
    },{
      "dateTime" : "2015-06-17T03:04:00.000",
      "level" : "restless",
      "seconds" : 60
    },{
      "dateTime" : "2015-06-17T03:05:00.000",
      "level" : "asleep",
      "seconds" : 10680
    },{
      "dateTime" : "2015-06-17T06:03:00.000",
      "level" : "restless",
      "seconds" : 60
    },{
      "dateTime" : "2015-06-17T06:04:00.000",
      "level" : "asleep",
      "seconds" : 3600
    },{
      "dateTime" : "2015-06-17T07:04:00.000",
      "level" : "restless",
      "seconds" : 60
    },{
      "dateTime" : "2015-06-17T07:05:00.000",
      "level" : "asleep",
      "seconds" : 4620
    },{
      "dateTime" : "2015-06-17T08:22:00.000",
      "level" : "restless",
      "seconds" : 180
    },{
      "dateTime" : "2015-06-17T08:25:00.000",
      "level" : "awake",
      "seconds" : 60
    },{
      "dateTime" : "2015-06-17T08:26:00.000",
      "level" : "restless",
      "seconds" : 60
    },{
      "dateTime" : "2015-06-17T08:27:00.000",
      "level" : "asleep",
      "seconds" : 240
    }]
  },
  "mainSleep" : true
},{
  "logId" : 1028587273,
  "dateOfSleep" : "2015-06-16",
  "startTime" : "2015-06-15T23:30:00.000",
  "endTime" : "2015-06-16T08:17:30.000",
  "duration" : 31620000,
  "minutesToFallAsleep" : 0,
  "minutesAsleep" : 493,
  "minutesAwake" : 13,
  "minutesAfterWakeup" : 0,
  "timeInBed" : 527,
  "efficiency" : 97,
  "type" : "classic",
  "infoCode" : 0,
  "logType" : "auto_detected",
  "levels" : {
    "summary" : {
      "restless" : {
        "count" : 9,
        "minutes" : 17
      },
      "awake" : {
        "count" : 1,
        "minutes" : 1
      },
      "asleep" : {
        "count" : 0,
        "minutes" : 493
      }
    },
    "data" : [{
      "dateTime" : "2015-06-15T23:30:00.000",
      "level" : "asleep",
      "seconds" : 720
    },{
      "dateTime" : "2015-06-15T23:42:00.000",
      "level" : "restless",
      "seconds" : 300
    },{
      "dateTime" : "2015-06-15T23:47:00.000",
      "level" : "asleep",
      "seconds" : 1320
    },{
      "dateTime" : "2015-06-16T00:09:00.000",
      "level" : "restless",
      "seconds" : 60
    },{
      "dateTime" : "2015-06-16T00:10:00.000",
      "level" : "asleep",
      "seconds" : 2040
    },{
      "dateTime" : "2015-06-16T00:44:00.000",
      "level" : "restless",
      "seconds" : 120
    },{
      "dateTime" : "2015-06-16T00:46:00.000",
      "level" : "awake",
      "seconds" : 60
    },{
      "dateTime" : "2015-06-16T00:47:00.000",
      "level" : "restless",
      "seconds" : 180
    },{
      "dateTime" : "2015-06-16T00:50:00.000",
      "level" : "asleep",
      "seconds" : 6120
    },{
      "dateTime" : "2015-06-16T02:32:00.000",
      "level" : "restless",
      "seconds" : 60
    },{
      "dateTime" : "2015-06-16T02:33:00.000",
      "level" : "asleep",
      "seconds" : 8280
    },{
      "dateTime" : "2015-06-16T04:51:00.000",
      "level" : "restless",
      "seconds" : 60
    },{
      "dateTime" : "2015-06-16T04:52:00.000",
      "level" : "asleep",
      "seconds" : 840
    },{
      "dateTime" : "2015-06-16T05:06:00.000",
      "level" : "restless",
      "seconds" : 60
    },{
      "dateTime" : "2015-06-16T05:07:00.000",
      "level" : "asleep",
      "seconds" : 1080
    },{
      "dateTime" : "2015-06-16T05:25:00.000",
      "level" : "restless",
      "seconds" : 60
    },{
      "dateTime" : "2015-06-16T05:26:00.000",
      "level" : "asleep",
      "seconds" : 7380
    },{
      "dateTime" : "2015-06-16T07:29:00.000",
      "level" : "restless",
      "seconds" : 120
    },{
      "dateTime" : "2015-06-16T07:31:00.000",
      "level" : "asleep",
      "seconds" : 2760
    }]
  },
  "mainSleep" : true
},{
  "logId" : 1025117701,
  "dateOfSleep" : "2015-06-15",
  "startTime" : "2015-06-14T22:46:00.000",
  "endTime" : "2015-06-15T08:10:00.000",
  "duration" : 33840000,
  "minutesToFallAsleep" : 0,
  "minutesAsleep" : 507,
  "minutesAwake" : 14,
  "minutesAfterWakeup" : 0,
  "timeInBed" : 564,
  "efficiency" : 97,
  "type" : "classic",
  "infoCode" : 0,
  "logType" : "auto_detected",
  "levels" : {
    "summary" : {
      "restless" : {
        "count" : 14,
        "minutes" : 29
      },
      "awake" : {
        "count" : 4,
        "minutes" : 4
      },
      "asleep" : {
        "count" : 0,
        "minutes" : 507
      }
    },
    "data" : [{
      "dateTime" : "2015-06-14T22:46:00.000",
      "level" : "awake",
      "seconds" : 60
    },{
      "dateTime" : "2015-06-14T22:47:00.000",
      "level" : "restless",
      "seconds" : 240
    },{
      "dateTime" : "2015-06-14T22:51:00.000",
      "level" : "awake",
      "seconds" : 60
    },{
      "dateTime" : "2015-06-14T22:52:00.000",
      "level" : "restless",
      "seconds" : 240
    },{
      "dateTime" : "2015-06-14T22:56:00.000",
      "level" : "asleep",
      "seconds" : 480
    },{
      "dateTime" : "2015-06-14T23:04:00.000",
      "level" : "restless",
      "seconds" : 120
    },{
      "dateTime" : "2015-06-14T23:06:00.000",
      "level" : "awake",
      "seconds" : 60
    },{
      "dateTime" : "2015-06-14T23:07:00.000",
      "level" : "restless",
      "seconds" : 120
    },{
      "dateTime" : "2015-06-14T23:09:00.000",
      "level" : "asleep",
      "seconds" : 420
    },{
      "dateTime" : "2015-06-14T23:16:00.000",
      "level" : "restless",
      "seconds" : 240
    },{
      "dateTime" : "2015-06-14T23:20:00.000",
      "level" : "asleep",
      "seconds" : 4260
    },{
      "dateTime" : "2015-06-15T00:31:00.000",
      "level" : "restless",
      "seconds" : 60
    },{
      "dateTime" : "2015-06-15T00:32:00.000",
      "level" : "asleep",
      "seconds" : 60
    },{
      "dateTime" : "2015-06-15T00:33:00.000",
      "level" : "restless",
      "seconds" : 60
    },{
      "dateTime" : "2015-06-15T00:34:00.000",
      "level" : "asleep",
      "seconds" : 3540
    },{
      "dateTime" : "2015-06-15T01:33:00.000",
      "level" : "restless",
      "seconds" : 60
    },{
      "dateTime" : "2015-06-15T01:34:00.000",
      "level" : "asleep",
      "seconds" : 10020
    },{
      "dateTime" : "2015-06-15T04:21:00.000",
      "level" : "restless",
      "seconds" : 60
    },{
      "dateTime" : "2015-06-15T04:22:00.000",
      "level" : "asleep",
      "seconds" : 3720
    },{
      "dateTime" : "2015-06-15T05:24:00.000",
      "level" : "restless",
      "seconds" : 60
    },{
      "dateTime" : "2015-06-15T05:25:00.000",
      "level" : "asleep",
      "seconds" : 5940
    },{
      "dateTime" : "2015-06-15T07:04:00.000",
      "level" : "restless",
      "seconds" : 60
    },{
      "dateTime" : "2015-06-15T07:05:00.000",
      "level" : "asleep",
      "seconds" : 240
    },{
      "dateTime" : "2015-06-15T07:09:00.000",
      "level" : "restless",
      "seconds" : 120
    },{
      "dateTime" : "2015-06-15T07:11:00.000",
      "level" : "awake",
      "seconds" : 60
    },{
      "dateTime" : "2015-06-15T07:12:00.000",
      "level" : "restless",
      "seconds" : 120
    },{
      "dateTime" : "2015-06-15T07:14:00.000",
      "level" : "asleep",
      "seconds" : 1920
    },{
      "dateTime" : "2015-06-15T07:46:00.000",
      "level" : "restless",
      "seconds" : 180
    },{
      "dateTime" : "2015-06-15T07:49:00.000",
      "level" : "asleep",
      "seconds" : 1260
    }]
  },
  "mainSleep" : true
},{
  "logId" : 1022113082,
  "dateOfSleep" : "2015-06-14",
  "startTime" : "2015-06-14T00:10:00.000",
  "endTime" : "2015-06-14T09:01:00.000",
  "duration" : 31860000,
  "minutesToFallAsleep" : 0,
  "minutesAsleep" : 506,
  "minutesAwake" : 22,
  "minutesAfterWakeup" : 0,
  "timeInBed" : 531,
  "efficiency" : 96,
  "type" : "classic",
  "infoCode" : 0,
  "logType" : "auto_detected",
  "levels" : {
    "summary" : {
      "restless" : {
        "count" : 15,
        "minutes" : 25
      },
      "awake" : {
        "count" : 0,
        "minutes" : 0
      },
      "asleep" : {
        "count" : 0,
        "minutes" : 506
      }
    },
    "data" : [{
      "dateTime" : "2015-06-14T00:10:00.000",
      "level" : "restless",
      "seconds" : 180
    },{
      "dateTime" : "2015-06-14T00:13:00.000",
      "level" : "asleep",
      "seconds" : 360
    },{
      "dateTime" : "2015-06-14T00:19:00.000",
      "level" : "restless",
      "seconds" : 120
    },{
      "dateTime" : "2015-06-14T00:21:00.000",
      "level" : "asleep",
      "seconds" : 60
    },{
      "dateTime" : "2015-06-14T00:22:00.000",
      "level" : "restless",
      "seconds" : 180
    },{
      "dateTime" : "2015-06-14T00:25:00.000",
      "level" : "asleep",
      "seconds" : 60
    },{
      "dateTime" : "2015-06-14T00:26:00.000",
      "level" : "restless",
      "seconds" : 120
    },{
      "dateTime" : "2015-06-14T00:28:00.000",
      "level" : "asleep",
      "seconds" : 120
    },{
      "dateTime" : "2015-06-14T00:30:00.000",
      "level" : "restless",
      "seconds" : 60
    },{
      "dateTime" : "2015-06-14T00:31:00.000",
      "level" : "asleep",
      "seconds" : 480
    },{
      "dateTime" : "2015-06-14T00:39:00.000",
      "level" : "restless",
      "seconds" : 180
    },{
      "dateTime" : "2015-06-14T00:42:00.000",
      "level" : "asleep",
      "seconds" : 6720
    },{
      "dateTime" : "2015-06-14T02:34:00.000",
      "level" : "restless",
      "seconds" : 60
    },{
      "dateTime" : "2015-06-14T02:35:00.000",
      "level" : "asleep",
      "seconds" : 120
    },{
      "dateTime" : "2015-06-14T02:37:00.000",
      "level" : "restless",
      "seconds" : 60
    },{
      "dateTime" : "2015-06-14T02:38:00.000",
      "level" : "asleep",
      "seconds" : 12900
    },{
      "dateTime" : "2015-06-14T06:13:00.000",
      "level" : "restless",
      "seconds" : 60
    },{
      "dateTime" : "2015-06-14T06:14:00.000",
      "level" : "asleep",
      "seconds" : 1620
    },{
      "dateTime" : "2015-06-14T06:41:00.000",
      "level" : "restless",
      "seconds" : 120
    },{
      "dateTime" : "2015-06-14T06:43:00.000",
      "level" : "asleep",
      "seconds" : 5280
    },{
      "dateTime" : "2015-06-14T08:11:00.000",
      "level" : "restless",
      "seconds" : 60
    },{
      "dateTime" : "2015-06-14T08:12:00.000",
      "level" : "asleep",
      "seconds" : 60
    },{
      "dateTime" : "2015-06-14T08:13:00.000",
      "level" : "restless",
      "seconds" : 60
    },{
      "dateTime" : "2015-06-14T08:14:00.000",
      "level" : "asleep",
      "seconds" : 1980
    },{
      "dateTime" : "2015-06-14T08:47:00.000",
      "level" : "restless",
      "seconds" : 60
    },{
      "dateTime" : "2015-06-14T08:48:00.000",
      "level" : "asleep",
      "seconds" : 120
    },{
      "dateTime" : "2015-06-14T08:50:00.000",
      "level" : "restless",
      "seconds" : 60
    },{
      "dateTime" : "2015-06-14T08:51:00.000",
      "level" : "asleep",
      "seconds" : 420
    },{
      "dateTime" : "2015-06-14T08:58:00.000",
      "level" : "restless",
      "seconds" : 120
    },{
      "dateTime" : "2015-06-14T09:00:00.000",
      "level" : "asleep",
      "seconds" : 60
    }]
  },
  "mainSleep" : true
},{
  "logId" : 1019033703,
  "dateOfSleep" : "2015-06-13",
  "startTime" : "2015-06-13T01:52:00.000",
  "endTime" : "2015-06-13T08:12:00.000",
  "duration" : 22800000,
  "minutesToFallAsleep" : 0,
  "minutesAsleep" : 340,
  "minutesAwake" : 20,
  "minutesAfterWakeup" : 0,
  "timeInBed" : 380,
  "efficiency" : 94,
  "type" : "classic",
  "infoCode" : 0,
  "logType" : "auto_detected",
  "levels" : {
    "summary" : {
      "restless" : {
        "count" : 13,
        "minutes" : 28
      },
      "awake" : {
        "count" : 1,
        "minutes" : 1
      },
      "asleep" : {
        "count" : 0,
        "minutes" : 340
      }
    },
    "data" : [{
      "dateTime" : "2015-06-13T01:52:00.000",
      "level" : "asleep",
      "seconds" : 60
    },{
      "dateTime" : "2015-06-13T01:53:00.000",
      "level" : "restless",
      "seconds" : 240
    },{
      "dateTime" : "2015-06-13T01:57:00.000",
      "level" : "asleep",
      "seconds" : 240
    },{
      "dateTime" : "2015-06-13T02:01:00.000",
      "level" : "restless",
      "seconds" : 60
    },{
      "dateTime" : "2015-06-13T02:02:00.000",
      "level" : "asleep",
      "seconds" : 360
    },{
      "dateTime" : "2015-06-13T02:08:00.000",
      "level" : "restless",
      "seconds" : 240
    },{
      "dateTime" : "2015-06-13T02:12:00.000",
      "level" : "asleep",
      "seconds" : 420
    },{
      "dateTime" : "2015-06-13T02:19:00.000",
      "level" : "restless",
      "seconds" : 180
    },{
      "dateTime" : "2015-06-13T02:22:00.000",
      "level" : "awake",
      "seconds" : 60
    },{
      "dateTime" : "2015-06-13T02:23:00.000",
      "level" : "restless",
      "seconds" : 120
    },{
      "dateTime" : "2015-06-13T02:25:00.000",
      "level" : "asleep",
      "seconds" : 9720
    },{
      "dateTime" : "2015-06-13T05:07:00.000",
      "level" : "restless",
      "seconds" : 60
    },{
      "dateTime" : "2015-06-13T05:08:00.000",
      "level" : "asleep",
      "seconds" : 60
    },{
      "dateTime" : "2015-06-13T05:09:00.000",
      "level" : "restless",
      "seconds" : 120
    },{
      "dateTime" : "2015-06-13T05:11:00.000",
      "level" : "asleep",
      "seconds" : 2940
    },{
      "dateTime" : "2015-06-13T06:00:00.000",
      "level" : "restless",
      "seconds" : 120
    },{
      "dateTime" : "2015-06-13T06:02:00.000",
      "level" : "asleep",
      "seconds" : 60
    },{
      "dateTime" : "2015-06-13T06:03:00.000",
      "level" : "restless",
      "seconds" : 180
    },{
      "dateTime" : "2015-06-13T06:06:00.000",
      "level" : "asleep",
      "seconds" : 720
    },{
      "dateTime" : "2015-06-13T06:18:00.000",
      "level" : "restless",
      "seconds" : 60
    },{
      "dateTime" : "2015-06-13T06:19:00.000",
      "level" : "asleep",
      "seconds" : 60
    },{
      "dateTime" : "2015-06-13T06:20:00.000",
      "level" : "restless",
      "seconds" : 120
    },{
      "dateTime" : "2015-06-13T06:22:00.000",
      "level" : "asleep",
      "seconds" : 2220
    },{
      "dateTime" : "2015-06-13T06:59:00.000",
      "level" : "restless",
      "seconds" : 120
    },{
      "dateTime" : "2015-06-13T07:01:00.000",
      "level" : "asleep",
      "seconds" : 2700
    },{
      "dateTime" : "2015-06-13T07:46:00.000",
      "level" : "restless",
      "seconds" : 60
    },{
      "dateTime" : "2015-06-13T07:47:00.000",
      "level" : "asleep",
      "seconds" : 1500
    }]
  },
  "mainSleep" : true
},{
  "logId" : 1015829815,
  "dateOfSleep" : "2015-06-12",
  "startTime" : "2015-06-11T21:54:00.000",
  "endTime" : "2015-06-12T06:24:00.000",
  "duration" : 30600000,
  "minutesToFallAsleep" : 0,
  "minutesAsleep" : 477,
  "minutesAwake" : 23,
  "minutesAfterWakeup" : 0,
  "timeInBed" : 510,
  "efficiency" : 95,
  "type" : "classic",
  "infoCode" : 0,
  "logType" : "auto_detected",
  "levels" : {
    "summary" : {
      "restless" : {
        "count" : 15,
        "minutes" : 25
      },
      "awake" : {
        "count" : 2,
        "minutes" : 8
      },
      "asleep" : {
        "count" : 0,
        "minutes" : 477
      }
    },
    "data" : [{
      "dateTime" : "2015-06-11T21:54:00.000",
      "level" : "awake",
      "seconds" : 300
    },{
      "dateTime" : "2015-06-11T21:59:00.000",
      "level" : "restless",
      "seconds" : 300
    },{
      "dateTime" : "2015-06-11T22:04:00.000",
      "level" : "asleep",
      "seconds" : 420
    },{
      "dateTime" : "2015-06-11T22:11:00.000",
      "level" : "restless",
      "seconds" : 240
    },{
      "dateTime" : "2015-06-11T22:15:00.000",
      "level" : "awake",
      "seconds" : 180
    },{
      "dateTime" : "2015-06-11T22:18:00.000",
      "level" : "restless",
      "seconds" : 180
    },{
      "dateTime" : "2015-06-11T22:21:00.000",
      "level" : "asleep",
      "seconds" : 1740
    },{
      "dateTime" : "2015-06-11T22:50:00.000",
      "level" : "restless",
      "seconds" : 60
    },{
      "dateTime" : "2015-06-11T22:51:00.000",
      "level" : "asleep",
      "seconds" : 120
    },{
      "dateTime" : "2015-06-11T22:53:00.000",
      "level" : "restless",
      "seconds" : 60
    },{
      "dateTime" : "2015-06-11T22:54:00.000",
      "level" : "asleep",
      "seconds" : 1980
    },{
      "dateTime" : "2015-06-11T23:27:00.000",
      "level" : "restless",
      "seconds" : 60
    },{
      "dateTime" : "2015-06-11T23:28:00.000",
      "level" : "asleep",
      "seconds" : 3960
    },{
      "dateTime" : "2015-06-12T00:34:00.000",
      "level" : "restless",
      "seconds" : 60
    },{
      "dateTime" : "2015-06-12T00:35:00.000",
      "level" : "asleep",
      "seconds" : 4920
    },{
      "dateTime" : "2015-06-12T01:57:00.000",
      "level" : "restless",
      "seconds" : 60
    },{
      "dateTime" : "2015-06-12T01:58:00.000",
      "level" : "asleep",
      "seconds" : 1620
    },{
      "dateTime" : "2015-06-12T02:25:00.000",
      "level" : "restless",
      "seconds" : 60
    },{
      "dateTime" : "2015-06-12T02:26:00.000",
      "level" : "asleep",
      "seconds" : 1200
    },{
      "dateTime" : "2015-06-12T02:46:00.000",
      "level" : "restless",
      "seconds" : 60
    },{
      "dateTime" : "2015-06-12T02:47:00.000",
      "level" : "asleep",
      "seconds" : 5280
    },{
      "dateTime" : "2015-06-12T04:15:00.000",
      "level" : "restless",
      "seconds" : 60
    },{
      "dateTime" : "2015-06-12T04:16:00.000",
      "level" : "asleep",
      "seconds" : 660
    },{
      "dateTime" : "2015-06-12T04:27:00.000",
      "level" : "restless",
      "seconds" : 120
    },{
      "dateTime" : "2015-06-12T04:29:00.000",
      "level" : "asleep",
      "seconds" : 120
    },{
      "dateTime" : "2015-06-12T04:31:00.000",
      "level" : "restless",
      "seconds" : 60
    },{
      "dateTime" : "2015-06-12T04:32:00.000",
      "level" : "asleep",
      "seconds" : 540
    },{
      "dateTime" : "2015-06-12T04:41:00.000",
      "level" : "restless",
      "seconds" : 60
    },{
      "dateTime" : "2015-06-12T04:42:00.000",
      "level" : "asleep",
      "seconds" : 5940
    },{
      "dateTime" : "2015-06-12T06:21:00.000",
      "level" : "restless",
      "seconds" : 60
    },{
      "dateTime" : "2015-06-12T06:22:00.000",
      "level" : "asleep",
      "seconds" : 120
    }]
  },
  "mainSleep" : true
},{
  "logId" : 1012698704,
  "dateOfSleep" : "2015-06-11",
  "startTime" : "2015-06-10T21:50:00.000",
  "endTime" : "2015-06-11T06:30:30.000",
  "duration" : 31200000,
  "minutesToFallAsleep" : 0,
  "minutesAsleep" : 475,
  "minutesAwake" : 22,
  "minutesAfterWakeup" : 4,
  "timeInBed" : 520,
  "efficiency" : 96,
  "type" : "classic",
  "infoCode" : 0,
  "logType" : "auto_detected",
  "levels" : {
    "summary" : {
      "restless" : {
        "count" : 13,
        "minutes" : 23
      },
      "awake" : {
        "count" : 3,
        "minutes" : 8
      },
      "asleep" : {
        "count" : 0,
        "minutes" : 475
      }
    },
    "data" : [{
      "dateTime" : "2015-06-10T21:50:00.000",
      "level" : "awake",
      "seconds" : 240
    },{
      "dateTime" : "2015-06-10T21:54:00.000",
      "level" : "restless",
      "seconds" : 60
    },{
      "dateTime" : "2015-06-10T21:55:00.000",
      "level" : "asleep",
      "seconds" : 1500
    },{
      "dateTime" : "2015-06-10T22:20:00.000",
      "level" : "restless",
      "seconds" : 60
    },{
      "dateTime" : "2015-06-10T22:21:00.000",
      "level" : "asleep",
      "seconds" : 300
    },{
      "dateTime" : "2015-06-10T22:26:00.000",
      "level" : "restless",
      "seconds" : 60
    },{
      "dateTime" : "2015-06-10T22:27:00.000",
      "level" : "asleep",
      "seconds" : 720
    },{
      "dateTime" : "2015-06-10T22:39:00.000",
      "level" : "restless",
      "seconds" : 180
    },{
      "dateTime" : "2015-06-10T22:42:00.000",
      "level" : "awake",
      "seconds" : 120
    },{
      "dateTime" : "2015-06-10T22:44:00.000",
      "level" : "restless",
      "seconds" : 120
    },{
      "dateTime" : "2015-06-10T22:46:00.000",
      "level" : "asleep",
      "seconds" : 9540
    },{
      "dateTime" : "2015-06-11T01:25:00.000",
      "level" : "restless",
      "seconds" : 60
    },{
      "dateTime" : "2015-06-11T01:26:00.000",
      "level" : "asleep",
      "seconds" : 60
    },{
      "dateTime" : "2015-06-11T01:27:00.000",
      "level" : "restless",
      "seconds" : 60
    },{
      "dateTime" : "2015-06-11T01:28:00.000",
      "level" : "asleep",
      "seconds" : 3360
    },{
      "dateTime" : "2015-06-11T02:24:00.000",
      "level" : "restless",
      "seconds" : 60
    },{
      "dateTime" : "2015-06-11T02:25:00.000",
      "level" : "asleep",
      "seconds" : 1980
    },{
      "dateTime" : "2015-06-11T02:58:00.000",
      "level" : "restless",
      "seconds" : 60
    },{
      "dateTime" : "2015-06-11T02:59:00.000",
      "level" : "asleep",
      "seconds" : 10620
    },{
      "dateTime" : "2015-06-11T05:56:00.000",
      "level" : "restless",
      "seconds" : 120
    },{
      "dateTime" : "2015-06-11T05:58:00.000",
      "level" : "asleep",
      "seconds" : 60
    },{
      "dateTime" : "2015-06-11T05:59:00.000",
      "level" : "restless",
      "seconds" : 60
    },{
      "dateTime" : "2015-06-11T06:00:00.000",
      "level" : "asleep",
      "seconds" : 720
    },{
      "dateTime" : "2015-06-11T06:12:00.000",
      "level" : "restless",
      "seconds" : 360
    },{
      "dateTime" : "2015-06-11T06:18:00.000",
      "level" : "asleep",
      "seconds" : 480
    },{
      "dateTime" : "2015-06-11T06:26:00.000",
      "level" : "restless",
      "seconds" : 120
    },{
      "dateTime" : "2015-06-11T06:28:00.000",
      "level" : "awake",
      "seconds" : 120
    }]
  },
  "mainSleep" : true
},{
  "logId" : 1009771672,
  "dateOfSleep" : "2015-06-10",
  "startTime" : "2015-06-10T00:09:30.000",
  "endTime" : "2015-06-10T08:21:30.000",
  "duration" : 29520000,
  "minutesToFallAsleep" : 0,
  "minutesAsleep" : 474,
  "minutesAwake" : 17,
  "minutesAfterWakeup" : 0,
  "timeInBed" : 492,
  "efficiency" : 97,
  "type" : "classic",
  "infoCode" : 0,
  "logType" : "auto_detected",
  "levels" : {
    "summary" : {
      "restless" : {
        "count" : 16,
        "minutes" : 18
      },
      "awake" : {
        "count" : 0,
        "minutes" : 0
      },
      "asleep" : {
        "count" : 0,
        "minutes" : 474
      }
    },
    "data" : [{
      "dateTime" : "2015-06-10T00:09:30.000",
      "level" : "restless",
      "seconds" : 60
    },{
      "dateTime" : "2015-06-10T00:10:30.000",
      "level" : "asleep",
      "seconds" : 480
    },{
      "dateTime" : "2015-06-10T00:18:30.000",
      "level" : "restless",
      "seconds" : 180
    },{
      "dateTime" : "2015-06-10T00:21:30.000",
      "level" : "asleep",
      "seconds" : 3420
    },{
      "dateTime" : "2015-06-10T01:18:30.000",
      "level" : "restless",
      "seconds" : 60
    },{
      "dateTime" : "2015-06-10T01:19:30.000",
      "level" : "asleep",
      "seconds" : 3480
    },{
      "dateTime" : "2015-06-10T02:17:30.000",
      "level" : "restless",
      "seconds" : 60
    },{
      "dateTime" : "2015-06-10T02:18:30.000",
      "level" : "asleep",
      "seconds" : 5700
    },{
      "dateTime" : "2015-06-10T03:53:30.000",
      "level" : "restless",
      "seconds" : 60
    },{
      "dateTime" : "2015-06-10T03:54:30.000",
      "level" : "asleep",
      "seconds" : 120
    },{
      "dateTime" : "2015-06-10T03:56:30.000",
      "level" : "restless",
      "seconds" : 60
    },{
      "dateTime" : "2015-06-10T03:57:30.000",
      "level" : "asleep",
      "seconds" : 780
    },{
      "dateTime" : "2015-06-10T04:10:30.000",
      "level" : "restless",
      "seconds" : 60
    },{
      "dateTime" : "2015-06-10T04:11:30.000",
      "level" : "asleep",
      "seconds" : 2280
    },{
      "dateTime" : "2015-06-10T04:49:30.000",
      "level" : "restless",
      "seconds" : 60
    },{
      "dateTime" : "2015-06-10T04:50:30.000",
      "level" : "asleep",
      "seconds" : 120
    },{
      "dateTime" : "2015-06-10T04:52:30.000",
      "level" : "restless",
      "seconds" : 60
    },{
      "dateTime" : "2015-06-10T04:53:30.000",
      "level" : "asleep",
      "seconds" : 6000
    },{
      "dateTime" : "2015-06-10T06:33:30.000",
      "level" : "restless",
      "seconds" : 60
    },{
      "dateTime" : "2015-06-10T06:34:30.000",
      "level" : "asleep",
      "seconds" : 600
    },{
      "dateTime" : "2015-06-10T06:44:30.000",
      "level" : "restless",
      "seconds" : 60
    },{
      "dateTime" : "2015-06-10T06:45:30.000",
      "level" : "asleep",
      "seconds" : 360
    },{
      "dateTime" : "2015-06-10T06:51:30.000",
      "level" : "restless",
      "seconds" : 60
    },{
      "dateTime" : "2015-06-10T06:52:30.000",
      "level" : "asleep",
      "seconds" : 660
    },{
      "dateTime" : "2015-06-10T07:03:30.000",
      "level" : "restless",
      "seconds" : 60
    },{
      "dateTime" : "2015-06-10T07:04:30.000",
      "level" : "asleep",
      "seconds" : 300
    },{
      "dateTime" : "2015-06-10T07:09:30.000",
      "level" : "restless",
      "seconds" : 60
    },{
      "dateTime" : "2015-06-10T07:10:30.000",
      "level" : "asleep",
      "seconds" : 120
    },{
      "dateTime" : "2015-06-10T07:12:30.000",
      "level" : "restless",
      "seconds" : 60
    },{
      "dateTime" : "2015-06-10T07:13:30.000",
      "level" : "asleep",
      "seconds" : 3660
    },{
      "dateTime" : "2015-06-10T08:14:30.000",
      "level" : "restless",
      "seconds" : 60
    },{
      "dateTime" : "2015-06-10T08:15:30.000",
      "level" : "asleep",
      "seconds" : 360
    }]
  },
  "mainSleep" : true
},{
  "logId" : 1006478798,
  "dateOfSleep" : "2015-06-09",
  "startTime" : "2015-06-08T23:26:30.000",
  "endTime" : "2015-06-09T08:15:30.000",
  "duration" : 31740000,
  "minutesToFallAsleep" : 0,
  "minutesAsleep" : 480,
  "minutesAwake" : 36,
  "minutesAfterWakeup" : 0,
  "timeInBed" : 529,
  "efficiency" : 93,
  "type" : "classic",
  "infoCode" : 0,
  "logType" : "auto_detected",
  "levels" : {
    "summary" : {
      "restless" : {
        "count" : 19,
        "minutes" : 40
      },
      "awake" : {
        "count" : 2,
        "minutes" : 2
      },
      "asleep" : {
        "count" : 0,
        "minutes" : 480
      }
    },
    "data" : [{
      "dateTime" : "2015-06-08T23:26:30.000",
      "level" : "restless",
      "seconds" : 180
    },{
      "dateTime" : "2015-06-08T23:29:30.000",
      "level" : "awake",
      "seconds" : 60
    },{
      "dateTime" : "2015-06-08T23:30:30.000",
      "level" : "restless",
      "seconds" : 120
    },{
      "dateTime" : "2015-06-08T23:32:30.000",
      "level" : "asleep",
      "seconds" : 1320
    },{
      "dateTime" : "2015-06-08T23:54:30.000",
      "level" : "restless",
      "seconds" : 60
    },{
      "dateTime" : "2015-06-08T23:55:30.000",
      "level" : "asleep",
      "seconds" : 4860
    },{
      "dateTime" : "2015-06-09T01:16:30.000",
      "level" : "restless",
      "seconds" : 60
    },{
      "dateTime" : "2015-06-09T01:17:30.000",
      "level" : "asleep",
      "seconds" : 660
    },{
      "dateTime" : "2015-06-09T01:28:30.000",
      "level" : "restless",
      "seconds" : 120
    },{
      "dateTime" : "2015-06-09T01:30:30.000",
      "level" : "asleep",
      "seconds" : 1440
    },{
      "dateTime" : "2015-06-09T01:54:30.000",
      "level" : "restless",
      "seconds" : 120
    },{
      "dateTime" : "2015-06-09T01:56:30.000",
      "level" : "asleep",
      "seconds" : 60
    },{
      "dateTime" : "2015-06-09T01:57:30.000",
      "level" : "restless",
      "seconds" : 180
    },{
      "dateTime" : "2015-06-09T02:00:30.000",
      "level" : "asleep",
      "seconds" : 240
    },{
      "dateTime" : "2015-06-09T02:04:30.000",
      "level" : "restless",
      "seconds" : 60
    },{
      "dateTime" : "2015-06-09T02:05:30.000",
      "level" : "asleep",
      "seconds" : 900
    },{
      "dateTime" : "2015-06-09T02:20:30.000",
      "level" : "restless",
      "seconds" : 360
    },{
      "dateTime" : "2015-06-09T02:26:30.000",
      "level" : "asleep",
      "seconds" : 1500
    },{
      "dateTime" : "2015-06-09T02:51:30.000",
      "level" : "restless",
      "seconds" : 60
    },{
      "dateTime" : "2015-06-09T02:52:30.000",
      "level" : "asleep",
      "seconds" : 2220
    },{
      "dateTime" : "2015-06-09T03:29:30.000",
      "level" : "restless",
      "seconds" : 60
    },{
      "dateTime" : "2015-06-09T03:30:30.000",
      "level" : "asleep",
      "seconds" : 6480
    },{
      "dateTime" : "2015-06-09T05:18:30.000",
      "level" : "restless",
      "seconds" : 60
    },{
      "dateTime" : "2015-06-09T05:19:30.000",
      "level" : "asleep",
      "seconds" : 6060
    },{
      "dateTime" : "2015-06-09T07:00:30.000",
      "level" : "restless",
      "seconds" : 240
    },{
      "dateTime" : "2015-06-09T07:04:30.000",
      "level" : "asleep",
      "seconds" : 60
    },{
      "dateTime" : "2015-06-09T07:05:30.000",
      "level" : "restless",
      "seconds" : 60
    },{
      "dateTime" : "2015-06-09T07:06:30.000",
      "level" : "asleep",
      "seconds" : 2280
    },{
      "dateTime" : "2015-06-09T07:44:30.000",
      "level" : "restless",
      "seconds" : 240
    },{
      "dateTime" : "2015-06-09T07:48:30.000",
      "level" : "asleep",
      "seconds" : 360
    },{
      "dateTime" : "2015-06-09T07:54:30.000",
      "level" : "restless",
      "seconds" : 120
    },{
      "dateTime" : "2015-06-09T07:56:30.000",
      "level" : "asleep",
      "seconds" : 360
    },{
      "dateTime" : "2015-06-09T08:02:30.000",
      "level" : "restless",
      "seconds" : 120
    },{
      "dateTime" : "2015-06-09T08:04:30.000",
      "level" : "awake",
      "seconds" : 60
    },{
      "dateTime" : "2015-06-09T08:05:30.000",
      "level" : "restless",
      "seconds" : 120
    },{
      "dateTime" : "2015-06-09T08:07:30.000",
      "level" : "asleep",
      "seconds" : 60
    },{
      "dateTime" : "2015-06-09T08:08:30.000",
      "level" : "restless",
      "seconds" : 60
    },{
      "dateTime" : "2015-06-09T08:09:30.000",
      "level" : "asleep",
      "seconds" : 360
    }]
  },
  "mainSleep" : true
}]