[{
  "logId" : 12238549343,
  "dateOfSleep" : "2016-08-02",
  "startTime" : "2016-08-01T23:15:30.000",
  "endTime" : "2016-08-02T07:00:00.000",
  "duration" : 27840000,
  "minutesToFallAsleep" : 0,
  "minutesAsleep" : 459,
  "minutesAwake" : 5,
  "minutesAfterWakeup" : 0,
  "timeInBed" : 464,
  "efficiency" : 99,
  "type" : "classic",
  "infoCode" : 0,
  "logType" : "auto_detected",
  "levels" : {
    "summary" : {
      "restless" : {
        "count" : 4,
        "minutes" : 5
      },
      "awake" : {
        "count" : 0,
        "minutes" : 0
      },
      "asleep" : {
        "count" : 0,
        "minutes" : 459
      }
    },
    "data" : [{
      "dateTime" : "2016-08-01T23:15:30.000",
      "level" : "asleep",
      "seconds" : 780
    },{
      "dateTime" : "2016-08-01T23:28:30.000",
      "level" : "restless",
      "seconds" : 60
    },{
      "dateTime" : "2016-08-01T23:29:30.000",
      "level" : "asleep",
      "seconds" : 120
    },{
      "dateTime" : "2016-08-01T23:31:30.000",
      "level" : "restless",
      "seconds" : 60
    },{
      "dateTime" : "2016-08-01T23:32:30.000",
      "level" : "asleep",
      "seconds" : 9480
    },{
      "dateTime" : "2016-08-02T02:10:30.000",
      "level" : "restless",
      "seconds" : 120
    },{
      "dateTime" : "2016-08-02T02:12:30.000",
      "level" : "asleep",
      "seconds" : 7140
    },{
      "dateTime" : "2016-08-02T04:11:30.000",
      "level" : "restless",
      "seconds" : 60
    },{
      "dateTime" : "2016-08-02T04:12:30.000",
      "level" : "asleep",
      "seconds" : 10020
    }]
  },
  "mainSleep" : true
},{
  "logId" : 12226378881,
  "dateOfSleep" : "2016-08-01",
  "startTime" : "2016-07-31T23:08:30.000",
  "endTime" : "2016-08-01T06:50:00.000",
  "duration" : 27660000,
  "minutesToFallAsleep" : 0,
  "minutesAsleep" : 454,
  "minutesAwake" : 7,
  "minutesAfterWakeup" : 0,
  "timeInBed" : 461,
  "efficiency" : 98,
  "type" : "classic",
  "infoCode" : 0,
  "logType" : "auto_detected",
  "levels" : {
    "summary" : {
      "restless" : {
        "count" : 6,
        "minutes" : 7
      },
      "awake" : {
        "count" : 0,
        "minutes" : 0
      },
      "asleep" : {
        "count" : 0,
        "minutes" : 454
      }
    },
    "data" : [{
      "dateTime" : "2016-07-31T23:08:30.000",
      "level" : "restless",
      "seconds" : 120
    },{
      "dateTime" : "2016-07-31T23:10:30.000",
      "level" : "asleep",
      "seconds" : 3240
    },{
      "dateTime" : "2016-08-01T00:04:30.000",
      "level" : "restless",
      "seconds" : 60
    },{
      "dateTime" : "2016-08-01T00:05:30.000",
      "level" : "asleep",
      "seconds" : 3420
    },{
      "dateTime" : "2016-08-01T01:02:30.000",
      "level" : "restless",
      "seconds" : 60
    },{
      "dateTime" : "2016-08-01T01:03:30.000",
      "level" : "asleep",
      "seconds" : 1620
    },{
      "dateTime" : "2016-08-01T01:30:30.000",
      "level" : "restless",
      "seconds" : 60
    },{
      "dateTime" : "2016-08-01T01:31:30.000",
      "level" : "asleep",
      "seconds" : 3780
    },{
      "dateTime" : "2016-08-01T02:34:30.000",
      "level" : "restless",
      "seconds" : 60
    },{
      "dateTime" : "2016-08-01T02:35:30.000",
      "level" : "asleep",
      "seconds" : 12660
    },{
      "dateTime" : "2016-08-01T06:06:30.000",
      "level" : "restless",
      "seconds" : 60
    },{
      "dateTime" : "2016-08-01T06:07:30.000",
      "level" : "asleep",
      "seconds" : 2520
    }]
  },
  "mainSleep" : true
},{
  "logId" : 12220590844,
  "dateOfSleep" : "2016-07-31",
  "startTime" : "2016-07-30T22:13:00.000",
  "endTime" : "2016-07-31T07:50:30.000",
  "duration" : 34620000,
  "minutesToFallAsleep" : 0,
  "minutesAsleep" : 556,
  "minutesAwake" : 21,
  "minutesAfterWakeup" : 0,
  "timeInBed" : 577,
  "efficiency" : 96,
  "type" : "classic",
  "infoCode" : 0,
  "logType" : "auto_detected",
  "levels" : {
    "summary" : {
      "restless" : {
        "count" : 13,
        "minutes" : 20
      },
      "awake" : {
        "count" : 1,
        "minutes" : 1
      },
      "asleep" : {
        "count" : 0,
        "minutes" : 556
      }
    },
    "data" : [{
      "dateTime" : "2016-07-30T22:13:00.000",
      "level" : "asleep",
      "seconds" : 900
    },{
      "dateTime" : "2016-07-30T22:28:00.000",
      "level" : "restless",
      "seconds" : 120
    },{
      "dateTime" : "2016-07-30T22:30:00.000",
      "level" : "asleep",
      "seconds" : 120
    },{
      "dateTime" : "2016-07-30T22:32:00.000",
      "level" : "restless",
      "seconds" : 60
    },{
      "dateTime" : "2016-07-30T22:33:00.000",
      "level" : "asleep",
      "seconds" : 1560
    },{
      "dateTime" : "2016-07-30T22:59:00.000",
      "level" : "restless",
      "seconds" : 180
    },{
      "dateTime" : "2016-07-30T23:02:00.000",
      "level" : "awake",
      "seconds" : 60
    },{
      "dateTime" : "2016-07-30T23:03:00.000",
      "level" : "asleep",
      "seconds" : 5520
    },{
      "dateTime" : "2016-07-31T00:35:00.000",
      "level" : "restless",
      "seconds" : 60
    },{
      "dateTime" : "2016-07-31T00:36:00.000",
      "level" : "asleep",
      "seconds" : 4560
    },{
      "dateTime" : "2016-07-31T01:52:00.000",
      "level" : "restless",
      "seconds" : 60
    },{
      "dateTime" : "2016-07-31T01:53:00.000",
      "level" : "asleep",
      "seconds" : 9780
    },{
      "dateTime" : "2016-07-31T04:36:00.000",
      "level" : "restless",
      "seconds" : 60
    },{
      "dateTime" : "2016-07-31T04:37:00.000",
      "level" : "asleep",
      "seconds" : 600
    },{
      "dateTime" : "2016-07-31T04:47:00.000",
      "level" : "restless",
      "seconds" : 60
    },{
      "dateTime" : "2016-07-31T04:48:00.000",
      "level" : "asleep",
      "seconds" : 4980
    },{
      "dateTime" : "2016-07-31T06:11:00.000",
      "level" : "restless",
      "seconds" : 60
    },{
      "dateTime" : "2016-07-31T06:12:00.000",
      "level" : "asleep",
      "seconds" : 1680
    },{
      "dateTime" : "2016-07-31T06:40:00.000",
      "level" : "restless",
      "seconds" : 60
    },{
      "dateTime" : "2016-07-31T06:41:00.000",
      "level" : "asleep",
      "seconds" : 120
    },{
      "dateTime" : "2016-07-31T06:43:00.000",
      "level" : "restless",
      "seconds" : 60
    },{
      "dateTime" : "2016-07-31T06:44:00.000",
      "level" : "asleep",
      "seconds" : 1200
    },{
      "dateTime" : "2016-07-31T07:04:00.000",
      "level" : "restless",
      "seconds" : 60
    },{
      "dateTime" : "2016-07-31T07:05:00.000",
      "level" : "asleep",
      "seconds" : 1800
    },{
      "dateTime" : "2016-07-31T07:35:00.000",
      "level" : "restless",
      "seconds" : 120
    },{
      "dateTime" : "2016-07-31T07:37:00.000",
      "level" : "asleep",
      "seconds" : 60
    },{
      "dateTime" : "2016-07-31T07:38:00.000",
      "level" : "restless",
      "seconds" : 240
    },{
      "dateTime" : "2016-07-31T07:42:00.000",
      "level" : "asleep",
      "seconds" : 480
    }]
  },
  "mainSleep" : true
}]