[{
  "logId" : 15072603460,
  "dateOfSleep" : "2017-06-28",
  "startTime" : "2017-06-27T21:08:30.000",
  "endTime" : "2017-06-28T07:18:30.000",
  "duration" : 36600000,
  "minutesToFallAsleep" : 0,
  "minutesAsleep" : 575,
  "minutesAwake" : 35,
  "minutesAfterWakeup" : 0,
  "timeInBed" : 610,
  "efficiency" : 94,
  "type" : "classic",
  "infoCode" : 0,
  "logType" : "auto_detected",
  "levels" : {
    "summary" : {
      "restless" : {
        "count" : 15,
        "minutes" : 29
      },
      "awake" : {
        "count" : 1,
        "minutes" : 6
      },
      "asleep" : {
        "count" : 0,
        "minutes" : 575
      }
    },
    "data" : [{
      "dateTime" : "2017-06-27T21:08:30.000",
      "level" : "asleep",
      "seconds" : 60
    },{
      "dateTime" : "2017-06-27T21:09:30.000",
      "level" : "restless",
      "seconds" : 240
    },{
      "dateTime" : "2017-06-27T21:13:30.000",
      "level" : "awake",
      "seconds" : 360
    },{
      "dateTime" : "2017-06-27T21:19:30.000",
      "level" : "restless",
      "seconds" : 120
    },{
      "dateTime" : "2017-06-27T21:21:30.000",
      "level" : "asleep",
      "seconds" : 960
    },{
      "dateTime" : "2017-06-27T21:37:30.000",
      "level" : "restless",
      "seconds" : 60
    },{
      "dateTime" : "2017-06-27T21:38:30.000",
      "level" : "asleep",
      "seconds" : 3660
    },{
      "dateTime" : "2017-06-27T22:39:30.000",
      "level" : "restless",
      "seconds" : 60
    },{
      "dateTime" : "2017-06-27T22:40:30.000",
      "level" : "asleep",
      "seconds" : 180
    },{
      "dateTime" : "2017-06-27T22:43:30.000",
      "level" : "restless",
      "seconds" : 120
    },{
      "dateTime" : "2017-06-27T22:45:30.000",
      "level" : "asleep",
      "seconds" : 2400
    },{
      "dateTime" : "2017-06-27T23:25:30.000",
      "level" : "restless",
      "seconds" : 120
    },{
      "dateTime" : "2017-06-27T23:27:30.000",
      "level" : "asleep",
      "seconds" : 8460
    },{
      "dateTime" : "2017-06-28T01:48:30.000",
      "level" : "restless",
      "seconds" : 60
    },{
      "dateTime" : "2017-06-28T01:49:30.000",
      "level" : "asleep",
      "seconds" : 9360
    },{
      "dateTime" : "2017-06-28T04:25:30.000",
      "level" : "restless",
      "seconds" : 60
    },{
      "dateTime" : "2017-06-28T04:26:30.000",
      "level" : "asleep",
      "seconds" : 360
    },{
      "dateTime" : "2017-06-28T04:32:30.000",
      "level" : "restless",
      "seconds" : 60
    },{
      "dateTime" : "2017-06-28T04:33:30.000",
      "level" : "asleep",
      "seconds" : 60
    },{
      "dateTime" : "2017-06-28T04:34:30.000",
      "level" : "restless",
      "seconds" : 420
    },{
      "dateTime" : "2017-06-28T04:41:30.000",
      "level" : "asleep",
      "seconds" : 120
    },{
      "dateTime" : "2017-06-28T04:43:30.000",
      "level" : "restless",
      "seconds" : 60
    },{
      "dateTime" : "2017-06-28T04:44:30.000",
      "level" : "asleep",
      "seconds" : 60
    },{
      "dateTime" : "2017-06-28T04:45:30.000",
      "level" : "restless",
      "seconds" : 180
    },{
      "dateTime" : "2017-06-28T04:48:30.000",
      "level" : "asleep",
      "seconds" : 600
    },{
      "dateTime" : "2017-06-28T04:58:30.000",
      "level" : "restless",
      "seconds" : 60
    },{
      "dateTime" : "2017-06-28T04:59:30.000",
      "level" : "asleep",
      "seconds" : 7440
    },{
      "dateTime" : "2017-06-28T07:03:30.000",
      "level" : "restless",
      "seconds" : 60
    },{
      "dateTime" : "2017-06-28T07:04:30.000",
      "level" : "asleep",
      "seconds" : 720
    },{
      "dateTime" : "2017-06-28T07:16:30.000",
      "level" : "restless",
      "seconds" : 60
    },{
      "dateTime" : "2017-06-28T07:17:30.000",
      "level" : "asleep",
      "seconds" : 60
    }]
  },
  "mainSleep" : true
},{
  "logId" : 15063094252,
  "dateOfSleep" : "2017-06-27",
  "startTime" : "2017-06-26T22:16:30.000",
  "endTime" : "2017-06-27T06:32:00.000",
  "duration" : 29700000,
  "minutesToFallAsleep" : 0,
  "minutesAsleep" : 466,
  "minutesAwake" : 29,
  "minutesAfterWakeup" : 0,
  "timeInBed" : 495,
  "efficiency" : 94,
  "type" : "classic",
  "infoCode" : 0,
  "logType" : "auto_detected",
  "levels" : {
    "summary" : {
      "restless" : {
        "count" : 10,
        "minutes" : 26
      },
      "awake" : {
        "count" : 3,
        "minutes" : 3
      },
      "asleep" : {
        "count" : 0,
        "minutes" : 466
      }
    },
    "data" : [{
      "dateTime" : "2017-06-26T22:16:30.000",
      "level" : "asleep",
      "seconds" : 180
    },{
      "dateTime" : "2017-06-26T22:19:30.000",
      "level" : "restless",
      "seconds" : 60
    },{
      "dateTime" : "2017-06-26T22:20:30.000",
      "level" : "asleep",
      "seconds" : 120
    },{
      "dateTime" : "2017-06-26T22:22:30.000",
      "level" : "restless",
      "seconds" : 60
    },{
      "dateTime" : "2017-06-26T22:23:30.000",
      "level" : "asleep",
      "seconds" : 12060
    },{
      "dateTime" : "2017-06-27T01:44:30.000",
      "level" : "restless",
      "seconds" : 180
    },{
      "dateTime" : "2017-06-27T01:47:30.000",
      "level" : "asleep",
      "seconds" : 60
    },{
      "dateTime" : "2017-06-27T01:48:30.000",
      "level" : "restless",
      "seconds" : 180
    },{
      "dateTime" : "2017-06-27T01:51:30.000",
      "level" : "asleep",
      "seconds" : 120
    },{
      "dateTime" : "2017-06-27T01:53:30.000",
      "level" : "restless",
      "seconds" : 60
    },{
      "dateTime" : "2017-06-27T01:54:30.000",
      "level" : "asleep",
      "seconds" : 660
    },{
      "dateTime" : "2017-06-27T02:05:30.000",
      "level" : "restless",
      "seconds" : 420
    },{
      "dateTime" : "2017-06-27T02:12:30.000",
      "level" : "awake",
      "seconds" : 60
    },{
      "dateTime" : "2017-06-27T02:13:30.000",
      "level" : "restless",
      "seconds" : 60
    },{
      "dateTime" : "2017-06-27T02:14:30.000",
      "level" : "awake",
      "seconds" : 60
    },{
      "dateTime" : "2017-06-27T02:15:30.000",
      "level" : "restless",
      "seconds" : 120
    },{
      "dateTime" : "2017-06-27T02:17:30.000",
      "level" : "asleep",
      "seconds" : 480
    },{
      "dateTime" : "2017-06-27T02:25:30.000",
      "level" : "restless",
      "seconds" : 360
    },{
      "dateTime" : "2017-06-27T02:31:30.000",
      "level" : "awake",
      "seconds" : 60
    },{
      "dateTime" : "2017-06-27T02:32:30.000",
      "level" : "restless",
      "seconds" : 60
    },{
      "dateTime" : "2017-06-27T02:33:30.000",
      "level" : "asleep",
      "seconds" : 14280
    }]
  },
  "mainSleep" : true
},{
  "logId" : 15056704060,
  "dateOfSleep" : "2017-06-26",
  "startTime" : "2017-06-25T21:24:30.000",
  "endTime" : "2017-06-26T06:26:30.000",
  "duration" : 32520000,
  "minutesToFallAsleep" : 0,
  "minutesAsleep" : 521,
  "minutesAwake" : 21,
  "minutesAfterWakeup" : 0,
  "timeInBed" : 542,
  "efficiency" : 96,
  "type" : "classic",
  "infoCode" : 0,
  "logType" : "auto_detected",
  "levels" : {
    "summary" : {
      "restless" : {
        "count" : 14,
        "minutes" : 20
      },
      "awake" : {
        "count" : 1,
        "minutes" : 1
      },
      "asleep" : {
        "count" : 0,
        "minutes" : 521
      }
    },
    "data" : [{
      "dateTime" : "2017-06-25T21:24:30.000",
      "level" : "restless",
      "seconds" : 120
    },{
      "dateTime" : "2017-06-25T21:26:30.000",
      "level" : "asleep",
      "seconds" : 60
    },{
      "dateTime" : "2017-06-25T21:27:30.000",
      "level" : "restless",
      "seconds" : 60
    },{
      "dateTime" : "2017-06-25T21:28:30.000",
      "level" : "awake",
      "seconds" : 60
    },{
      "dateTime" : "2017-06-25T21:29:30.000",
      "level" : "restless",
      "seconds" : 60
    },{
      "dateTime" : "2017-06-25T21:30:30.000",
      "level" : "asleep",
      "seconds" : 60
    },{
      "dateTime" : "2017-06-25T21:31:30.000",
      "level" : "restless",
      "seconds" : 60
    },{
      "dateTime" : "2017-06-25T21:32:30.000",
      "level" : "asleep",
      "seconds" : 2940
    },{
      "dateTime" : "2017-06-25T22:21:30.000",
      "level" : "restless",
      "seconds" : 120
    },{
      "dateTime" : "2017-06-25T22:23:30.000",
      "level" : "asleep",
      "seconds" : 120
    },{
      "dateTime" : "2017-06-25T22:25:30.000",
      "level" : "restless",
      "seconds" : 60
    },{
      "dateTime" : "2017-06-25T22:26:30.000",
      "level" : "asleep",
      "seconds" : 4500
    },{
      "dateTime" : "2017-06-25T23:41:30.000",
      "level" : "restless",
      "seconds" : 120
    },{
      "dateTime" : "2017-06-25T23:43:30.000",
      "level" : "asleep",
      "seconds" : 2460
    },{
      "dateTime" : "2017-06-26T00:24:30.000",
      "level" : "restless",
      "seconds" : 120
    },{
      "dateTime" : "2017-06-26T00:26:30.000",
      "level" : "asleep",
      "seconds" : 120
    },{
      "dateTime" : "2017-06-26T00:28:30.000",
      "level" : "restless",
      "seconds" : 60
    },{
      "dateTime" : "2017-06-26T00:29:30.000",
      "level" : "asleep",
      "seconds" : 10320
    },{
      "dateTime" : "2017-06-26T03:21:30.000",
      "level" : "restless",
      "seconds" : 60
    },{
      "dateTime" : "2017-06-26T03:22:30.000",
      "level" : "asleep",
      "seconds" : 180
    },{
      "dateTime" : "2017-06-26T03:25:30.000",
      "level" : "restless",
      "seconds" : 60
    },{
      "dateTime" : "2017-06-26T03:26:30.000",
      "level" : "asleep",
      "seconds" : 6840
    },{
      "dateTime" : "2017-06-26T05:20:30.000",
      "level" : "restless",
      "seconds" : 180
    },{
      "dateTime" : "2017-06-26T05:23:30.000",
      "level" : "asleep",
      "seconds" : 180
    },{
      "dateTime" : "2017-06-26T05:26:30.000",
      "level" : "restless",
      "seconds" : 60
    },{
      "dateTime" : "2017-06-26T05:27:30.000",
      "level" : "asleep",
      "seconds" : 600
    },{
      "dateTime" : "2017-06-26T05:37:30.000",
      "level" : "restless",
      "seconds" : 60
    },{
      "dateTime" : "2017-06-26T05:38:30.000",
      "level" : "asleep",
      "seconds" : 2880
    }]
  },
  "mainSleep" : true
},{
  "logId" : 15056704059,
  "dateOfSleep" : "2017-06-25",
  "startTime" : "2017-06-24T21:38:00.000",
  "endTime" : "2017-06-25T06:46:00.000",
  "duration" : 32880000,
  "minutesToFallAsleep" : 0,
  "minutesAsleep" : 522,
  "minutesAwake" : 25,
  "minutesAfterWakeup" : 1,
  "timeInBed" : 548,
  "efficiency" : 95,
  "type" : "classic",
  "infoCode" : 0,
  "logType" : "auto_detected",
  "levels" : {
    "summary" : {
      "restless" : {
        "count" : 16,
        "minutes" : 26
      },
      "awake" : {
        "count" : 0,
        "minutes" : 0
      },
      "asleep" : {
        "count" : 0,
        "minutes" : 522
      }
    },
    "data" : [{
      "dateTime" : "2017-06-24T21:38:00.000",
      "level" : "restless",
      "seconds" : 60
    },{
      "dateTime" : "2017-06-24T21:39:00.000",
      "level" : "asleep",
      "seconds" : 2640
    },{
      "dateTime" : "2017-06-24T22:23:00.000",
      "level" : "restless",
      "seconds" : 60
    },{
      "dateTime" : "2017-06-24T22:24:00.000",
      "level" : "asleep",
      "seconds" : 120
    },{
      "dateTime" : "2017-06-24T22:26:00.000",
      "level" : "restless",
      "seconds" : 120
    },{
      "dateTime" : "2017-06-24T22:28:00.000",
      "level" : "asleep",
      "seconds" : 6000
    },{
      "dateTime" : "2017-06-25T00:08:00.000",
      "level" : "restless",
      "seconds" : 60
    },{
      "dateTime" : "2017-06-25T00:09:00.000",
      "level" : "asleep",
      "seconds" : 180
    },{
      "dateTime" : "2017-06-25T00:12:00.000",
      "level" : "restless",
      "seconds" : 60
    },{
      "dateTime" : "2017-06-25T00:13:00.000",
      "level" : "asleep",
      "seconds" : 1620
    },{
      "dateTime" : "2017-06-25T00:40:00.000",
      "level" : "restless",
      "seconds" : 120
    },{
      "dateTime" : "2017-06-25T00:42:00.000",
      "level" : "asleep",
      "seconds" : 2460
    },{
      "dateTime" : "2017-06-25T01:23:00.000",
      "level" : "restless",
      "seconds" : 120
    },{
      "dateTime" : "2017-06-25T01:25:00.000",
      "level" : "asleep",
      "seconds" : 180
    },{
      "dateTime" : "2017-06-25T01:28:00.000",
      "level" : "restless",
      "seconds" : 60
    },{
      "dateTime" : "2017-06-25T01:29:00.000",
      "level" : "asleep",
      "seconds" : 4620
    },{
      "dateTime" : "2017-06-25T02:46:00.000",
      "level" : "restless",
      "seconds" : 60
    },{
      "dateTime" : "2017-06-25T02:47:00.000",
      "level" : "asleep",
      "seconds" : 3840
    },{
      "dateTime" : "2017-06-25T03:51:00.000",
      "level" : "restless",
      "seconds" : 60
    },{
      "dateTime" : "2017-06-25T03:52:00.000",
      "level" : "asleep",
      "seconds" : 8100
    },{
      "dateTime" : "2017-06-25T06:07:00.000",
      "level" : "restless",
      "seconds" : 60
    },{
      "dateTime" : "2017-06-25T06:08:00.000",
      "level" : "asleep",
      "seconds" : 720
    },{
      "dateTime" : "2017-06-25T06:20:00.000",
      "level" : "restless",
      "seconds" : 60
    },{
      "dateTime" : "2017-06-25T06:21:00.000",
      "level" : "asleep",
      "seconds" : 60
    },{
      "dateTime" : "2017-06-25T06:22:00.000",
      "level" : "restless",
      "seconds" : 180
    },{
      "dateTime" : "2017-06-25T06:25:00.000",
      "level" : "asleep",
      "seconds" : 60
    },{
      "dateTime" : "2017-06-25T06:26:00.000",
      "level" : "restless",
      "seconds" : 120
    },{
      "dateTime" : "2017-06-25T06:28:00.000",
      "level" : "asleep",
      "seconds" : 660
    },{
      "dateTime" : "2017-06-25T06:39:00.000",
      "level" : "restless",
      "seconds" : 300
    },{
      "dateTime" : "2017-06-25T06:44:00.000",
      "level" : "asleep",
      "seconds" : 60
    },{
      "dateTime" : "2017-06-25T06:45:00.000",
      "level" : "restless",
      "seconds" : 60
    }]
  },
  "mainSleep" : true
},{
  "logId" : 15056704058,
  "dateOfSleep" : "2017-06-24",
  "startTime" : "2017-06-23T22:42:30.000",
  "endTime" : "2017-06-24T06:25:30.000",
  "duration" : 27780000,
  "minutesToFallAsleep" : 0,
  "minutesAsleep" : 451,
  "minutesAwake" : 9,
  "minutesAfterWakeup" : 3,
  "timeInBed" : 463,
  "efficiency" : 98,
  "type" : "classic",
  "infoCode" : 0,
  "logType" : "auto_detected",
  "levels" : {
    "summary" : {
      "restless" : {
        "count" : 8,
        "minutes" : 12
      },
      "awake" : {
        "count" : 0,
        "minutes" : 0
      },
      "asleep" : {
        "count" : 0,
        "minutes" : 451
      }
    },
    "data" : [{
      "dateTime" : "2017-06-23T22:42:30.000",
      "level" : "asleep",
      "seconds" : 1080
    },{
      "dateTime" : "2017-06-23T23:00:30.000",
      "level" : "restless",
      "seconds" : 60
    },{
      "dateTime" : "2017-06-23T23:01:30.000",
      "level" : "asleep",
      "seconds" : 6420
    },{
      "dateTime" : "2017-06-24T00:48:30.000",
      "level" : "restless",
      "seconds" : 60
    },{
      "dateTime" : "2017-06-24T00:49:30.000",
      "level" : "asleep",
      "seconds" : 60
    },{
      "dateTime" : "2017-06-24T00:50:30.000",
      "level" : "restless",
      "seconds" : 60
    },{
      "dateTime" : "2017-06-24T00:51:30.000",
      "level" : "asleep",
      "seconds" : 8580
    },{
      "dateTime" : "2017-06-24T03:14:30.000",
      "level" : "restless",
      "seconds" : 60
    },{
      "dateTime" : "2017-06-24T03:15:30.000",
      "level" : "asleep",
      "seconds" : 900
    },{
      "dateTime" : "2017-06-24T03:30:30.000",
      "level" : "restless",
      "seconds" : 60
    },{
      "dateTime" : "2017-06-24T03:31:30.000",
      "level" : "asleep",
      "seconds" : 2820
    },{
      "dateTime" : "2017-06-24T04:18:30.000",
      "level" : "restless",
      "seconds" : 60
    },{
      "dateTime" : "2017-06-24T04:19:30.000",
      "level" : "asleep",
      "seconds" : 2640
    },{
      "dateTime" : "2017-06-24T05:03:30.000",
      "level" : "restless",
      "seconds" : 180
    },{
      "dateTime" : "2017-06-24T05:06:30.000",
      "level" : "asleep",
      "seconds" : 4560
    },{
      "dateTime" : "2017-06-24T06:22:30.000",
      "level" : "restless",
      "seconds" : 180
    }]
  },
  "mainSleep" : true
},{
  "logId" : 15025830866,
  "dateOfSleep" : "2017-06-23",
  "startTime" : "2017-06-23T01:03:00.000",
  "endTime" : "2017-06-23T04:49:30.000",
  "duration" : 13560000,
  "minutesToFallAsleep" : 0,
  "minutesAsleep" : 212,
  "minutesAwake" : 14,
  "minutesAfterWakeup" : 0,
  "timeInBed" : 226,
  "efficiency" : 94,
  "type" : "classic",
  "infoCode" : 0,
  "logType" : "auto_detected",
  "levels" : {
    "summary" : {
      "restless" : {
        "count" : 8,
        "minutes" : 11
      },
      "awake" : {
        "count" : 1,
        "minutes" : 3
      },
      "asleep" : {
        "count" : 0,
        "minutes" : 212
      }
    },
    "data" : [{
      "dateTime" : "2017-06-23T01:03:00.000",
      "level" : "restless",
      "seconds" : 120
    },{
      "dateTime" : "2017-06-23T01:05:00.000",
      "level" : "awake",
      "seconds" : 180
    },{
      "dateTime" : "2017-06-23T01:08:00.000",
      "level" : "asleep",
      "seconds" : 3060
    },{
      "dateTime" : "2017-06-23T01:59:00.000",
      "level" : "restless",
      "seconds" : 60
    },{
      "dateTime" : "2017-06-23T02:00:00.000",
      "level" : "asleep",
      "seconds" : 180
    },{
      "dateTime" : "2017-06-23T02:03:00.000",
      "level" : "restless",
      "seconds" : 60
    },{
      "dateTime" : "2017-06-23T02:04:00.000",
      "level" : "asleep",
      "seconds" : 4200
    },{
      "dateTime" : "2017-06-23T03:14:00.000",
      "level" : "restless",
      "seconds" : 60
    },{
      "dateTime" : "2017-06-23T03:15:00.000",
      "level" : "asleep",
      "seconds" : 180
    },{
      "dateTime" : "2017-06-23T03:18:00.000",
      "level" : "restless",
      "seconds" : 60
    },{
      "dateTime" : "2017-06-23T03:19:00.000",
      "level" : "asleep",
      "seconds" : 3060
    },{
      "dateTime" : "2017-06-23T04:10:00.000",
      "level" : "restless",
      "seconds" : 120
    },{
      "dateTime" : "2017-06-23T04:12:00.000",
      "level" : "asleep",
      "seconds" : 120
    },{
      "dateTime" : "2017-06-23T04:14:00.000",
      "level" : "restless",
      "seconds" : 120
    },{
      "dateTime" : "2017-06-23T04:16:00.000",
      "level" : "asleep",
      "seconds" : 1440
    },{
      "dateTime" : "2017-06-23T04:40:00.000",
      "level" : "restless",
      "seconds" : 60
    },{
      "dateTime" : "2017-06-23T04:41:00.000",
      "level" : "asleep",
      "seconds" : 480
    }]
  },
  "mainSleep" : true
},{
  "logId" : 15023980252,
  "dateOfSleep" : "2017-06-22",
  "startTime" : "2017-06-21T23:29:00.000",
  "endTime" : "2017-06-22T07:16:30.000",
  "duration" : 28020000,
  "minutesToFallAsleep" : 0,
  "minutesAsleep" : 455,
  "minutesAwake" : 12,
  "minutesAfterWakeup" : 0,
  "timeInBed" : 467,
  "efficiency" : 97,
  "type" : "classic",
  "infoCode" : 0,
  "logType" : "auto_detected",
  "levels" : {
    "summary" : {
      "restless" : {
        "count" : 7,
        "minutes" : 8
      },
      "awake" : {
        "count" : 2,
        "minutes" : 4
      },
      "asleep" : {
        "count" : 0,
        "minutes" : 455
      }
    },
    "data" : [{
      "dateTime" : "2017-06-21T23:29:00.000",
      "level" : "awake",
      "seconds" : 180
    },{
      "dateTime" : "2017-06-21T23:32:00.000",
      "level" : "asleep",
      "seconds" : 1080
    },{
      "dateTime" : "2017-06-21T23:50:00.000",
      "level" : "restless",
      "seconds" : 60
    },{
      "dateTime" : "2017-06-21T23:51:00.000",
      "level" : "asleep",
      "seconds" : 180
    },{
      "dateTime" : "2017-06-21T23:54:00.000",
      "level" : "restless",
      "seconds" : 60
    },{
      "dateTime" : "2017-06-21T23:55:00.000",
      "level" : "asleep",
      "seconds" : 2640
    },{
      "dateTime" : "2017-06-22T00:39:00.000",
      "level" : "restless",
      "seconds" : 60
    },{
      "dateTime" : "2017-06-22T00:40:00.000",
      "level" : "asleep",
      "seconds" : 10380
    },{
      "dateTime" : "2017-06-22T03:33:00.000",
      "level" : "restless",
      "seconds" : 60
    },{
      "dateTime" : "2017-06-22T03:34:00.000",
      "level" : "asleep",
      "seconds" : 10320
    },{
      "dateTime" : "2017-06-22T06:26:00.000",
      "level" : "restless",
      "seconds" : 60
    },{
      "dateTime" : "2017-06-22T06:27:00.000",
      "level" : "asleep",
      "seconds" : 2100
    },{
      "dateTime" : "2017-06-22T07:02:00.000",
      "level" : "restless",
      "seconds" : 120
    },{
      "dateTime" : "2017-06-22T07:04:00.000",
      "level" : "awake",
      "seconds" : 60
    },{
      "dateTime" : "2017-06-22T07:05:00.000",
      "level" : "restless",
      "seconds" : 60
    },{
      "dateTime" : "2017-06-22T07:06:00.000",
      "level" : "asleep",
      "seconds" : 600
    }]
  },
  "mainSleep" : true
},{
  "logId" : 15007534175,
  "dateOfSleep" : "2017-06-21",
  "startTime" : "2017-06-20T23:29:00.000",
  "endTime" : "2017-06-21T07:04:00.000",
  "duration" : 27300000,
  "minutesToFallAsleep" : 0,
  "minutesAsleep" : 441,
  "minutesAwake" : 12,
  "minutesAfterWakeup" : 2,
  "timeInBed" : 455,
  "efficiency" : 97,
  "type" : "classic",
  "infoCode" : 0,
  "logType" : "auto_detected",
  "levels" : {
    "summary" : {
      "restless" : {
        "count" : 9,
        "minutes" : 14
      },
      "awake" : {
        "count" : 0,
        "minutes" : 0
      },
      "asleep" : {
        "count" : 0,
        "minutes" : 441
      }
    },
    "data" : [{
      "dateTime" : "2017-06-20T23:29:00.000",
      "level" : "asleep",
      "seconds" : 1020
    },{
      "dateTime" : "2017-06-20T23:46:00.000",
      "level" : "restless",
      "seconds" : 120
    },{
      "dateTime" : "2017-06-20T23:48:00.000",
      "level" : "asleep",
      "seconds" : 60
    },{
      "dateTime" : "2017-06-20T23:49:00.000",
      "level" : "restless",
      "seconds" : 180
    },{
      "dateTime" : "2017-06-20T23:52:00.000",
      "level" : "asleep",
      "seconds" : 300
    },{
      "dateTime" : "2017-06-20T23:57:00.000",
      "level" : "restless",
      "seconds" : 120
    },{
      "dateTime" : "2017-06-20T23:59:00.000",
      "level" : "asleep",
      "seconds" : 480
    },{
      "dateTime" : "2017-06-21T00:07:00.000",
      "level" : "restless",
      "seconds" : 60
    },{
      "dateTime" : "2017-06-21T00:08:00.000",
      "level" : "asleep",
      "seconds" : 3240
    },{
      "dateTime" : "2017-06-21T01:02:00.000",
      "level" : "restless",
      "seconds" : 60
    },{
      "dateTime" : "2017-06-21T01:03:00.000",
      "level" : "asleep",
      "seconds" : 180
    },{
      "dateTime" : "2017-06-21T01:06:00.000",
      "level" : "restless",
      "seconds" : 60
    },{
      "dateTime" : "2017-06-21T01:07:00.000",
      "level" : "asleep",
      "seconds" : 3000
    },{
      "dateTime" : "2017-06-21T01:57:00.000",
      "level" : "restless",
      "seconds" : 60
    },{
      "dateTime" : "2017-06-21T01:58:00.000",
      "level" : "asleep",
      "seconds" : 2700
    },{
      "dateTime" : "2017-06-21T02:43:00.000",
      "level" : "restless",
      "seconds" : 60
    },{
      "dateTime" : "2017-06-21T02:44:00.000",
      "level" : "asleep",
      "seconds" : 15480
    },{
      "dateTime" : "2017-06-21T07:02:00.000",
      "level" : "restless",
      "seconds" : 120
    }]
  },
  "mainSleep" : true
},{
  "logId" : 14996769381,
  "dateOfSleep" : "2017-06-20",
  "startTime" : "2017-06-20T00:29:30.000",
  "endTime" : "2017-06-20T07:11:00.000",
  "duration" : 24060000,
  "minutesToFallAsleep" : 0,
  "minutesAsleep" : 391,
  "minutesAwake" : 10,
  "minutesAfterWakeup" : 0,
  "timeInBed" : 401,
  "efficiency" : 98,
  "type" : "classic",
  "infoCode" : 0,
  "logType" : "auto_detected",
  "levels" : {
    "summary" : {
      "restless" : {
        "count" : 6,
        "minutes" : 9
      },
      "awake" : {
        "count" : 1,
        "minutes" : 1
      },
      "asleep" : {
        "count" : 0,
        "minutes" : 391
      }
    },
    "data" : [{
      "dateTime" : "2017-06-20T00:29:30.000",
      "level" : "restless",
      "seconds" : 60
    },{
      "dateTime" : "2017-06-20T00:30:30.000",
      "level" : "asleep",
      "seconds" : 240
    },{
      "dateTime" : "2017-06-20T00:34:30.000",
      "level" : "restless",
      "seconds" : 180
    },{
      "dateTime" : "2017-06-20T00:37:30.000",
      "level" : "awake",
      "seconds" : 60
    },{
      "dateTime" : "2017-06-20T00:38:30.000",
      "level" : "asleep",
      "seconds" : 2220
    },{
      "dateTime" : "2017-06-20T01:15:30.000",
      "level" : "restless",
      "seconds" : 60
    },{
      "dateTime" : "2017-06-20T01:16:30.000",
      "level" : "asleep",
      "seconds" : 12300
    },{
      "dateTime" : "2017-06-20T04:41:30.000",
      "level" : "restless",
      "seconds" : 60
    },{
      "dateTime" : "2017-06-20T04:42:30.000",
      "level" : "asleep",
      "seconds" : 6480
    },{
      "dateTime" : "2017-06-20T06:30:30.000",
      "level" : "restless",
      "seconds" : 120
    },{
      "dateTime" : "2017-06-20T06:32:30.000",
      "level" : "asleep",
      "seconds" : 120
    },{
      "dateTime" : "2017-06-20T06:34:30.000",
      "level" : "restless",
      "seconds" : 60
    },{
      "dateTime" : "2017-06-20T06:35:30.000",
      "level" : "asleep",
      "seconds" : 2100
    }]
  },
  "mainSleep" : true
},{
  "logId" : 14991276057,
  "dateOfSleep" : "2017-06-19",
  "startTime" : "2017-06-19T00:28:30.000",
  "endTime" : "2017-06-19T06:50:00.000",
  "duration" : 22860000,
  "minutesToFallAsleep" : 0,
  "minutesAsleep" : 373,
  "minutesAwake" : 8,
  "minutesAfterWakeup" : 0,
  "timeInBed" : 381,
  "efficiency" : 98,
  "type" : "classic",
  "infoCode" : 0,
  "logType" : "auto_detected",
  "levels" : {
    "summary" : {
      "restless" : {
        "count" : 5,
        "minutes" : 6
      },
      "awake" : {
        "count" : 1,
        "minutes" : 2
      },
      "asleep" : {
        "count" : 0,
        "minutes" : 373
      }
    },
    "data" : [{
      "dateTime" : "2017-06-19T00:28:30.000",
      "level" : "awake",
      "seconds" : 120
    },{
      "dateTime" : "2017-06-19T00:30:30.000",
      "level" : "restless",
      "seconds" : 60
    },{
      "dateTime" : "2017-06-19T00:31:30.000",
      "level" : "asleep",
      "seconds" : 1140
    },{
      "dateTime" : "2017-06-19T00:50:30.000",
      "level" : "restless",
      "seconds" : 120
    },{
      "dateTime" : "2017-06-19T00:52:30.000",
      "level" : "asleep",
      "seconds" : 2760
    },{
      "dateTime" : "2017-06-19T01:38:30.000",
      "level" : "restless",
      "seconds" : 60
    },{
      "dateTime" : "2017-06-19T01:39:30.000",
      "level" : "asleep",
      "seconds" : 17700
    },{
      "dateTime" : "2017-06-19T06:34:30.000",
      "level" : "restless",
      "seconds" : 60
    },{
      "dateTime" : "2017-06-19T06:35:30.000",
      "level" : "asleep",
      "seconds" : 540
    },{
      "dateTime" : "2017-06-19T06:44:30.000",
      "level" : "restless",
      "seconds" : 60
    },{
      "dateTime" : "2017-06-19T06:45:30.000",
      "level" : "asleep",
      "seconds" : 240
    }]
  },
  "mainSleep" : true
},{
  "logId" : 14991276056,
  "dateOfSleep" : "2017-06-18",
  "startTime" : "2017-06-17T23:39:30.000",
  "endTime" : "2017-06-18T11:07:30.000",
  "duration" : 41280000,
  "minutesToFallAsleep" : 0,
  "minutesAsleep" : 651,
  "minutesAwake" : 37,
  "minutesAfterWakeup" : 0,
  "timeInBed" : 688,
  "efficiency" : 95,
  "type" : "classic",
  "infoCode" : 0,
  "logType" : "auto_detected",
  "levels" : {
    "summary" : {
      "restless" : {
        "count" : 24,
        "minutes" : 35
      },
      "awake" : {
        "count" : 2,
        "minutes" : 2
      },
      "asleep" : {
        "count" : 0,
        "minutes" : 651
      }
    },
    "data" : [{
      "dateTime" : "2017-06-17T23:39:30.000",
      "level" : "asleep",
      "seconds" : 180
    },{
      "dateTime" : "2017-06-17T23:42:30.000",
      "level" : "restless",
      "seconds" : 60
    },{
      "dateTime" : "2017-06-17T23:43:30.000",
      "level" : "asleep",
      "seconds" : 300
    },{
      "dateTime" : "2017-06-17T23:48:30.000",
      "level" : "restless",
      "seconds" : 60
    },{
      "dateTime" : "2017-06-17T23:49:30.000",
      "level" : "asleep",
      "seconds" : 5400
    },{
      "dateTime" : "2017-06-18T01:19:30.000",
      "level" : "restless",
      "seconds" : 60
    },{
      "dateTime" : "2017-06-18T01:20:30.000",
      "level" : "asleep",
      "seconds" : 60
    },{
      "dateTime" : "2017-06-18T01:21:30.000",
      "level" : "restless",
      "seconds" : 120
    },{
      "dateTime" : "2017-06-18T01:23:30.000",
      "level" : "awake",
      "seconds" : 60
    },{
      "dateTime" : "2017-06-18T01:24:30.000",
      "level" : "restless",
      "seconds" : 60
    },{
      "dateTime" : "2017-06-18T01:25:30.000",
      "level" : "asleep",
      "seconds" : 7140
    },{
      "dateTime" : "2017-06-18T03:24:30.000",
      "level" : "restless",
      "seconds" : 60
    },{
      "dateTime" : "2017-06-18T03:25:30.000",
      "level" : "asleep",
      "seconds" : 4020
    },{
      "dateTime" : "2017-06-18T04:32:30.000",
      "level" : "restless",
      "seconds" : 120
    },{
      "dateTime" : "2017-06-18T04:34:30.000",
      "level" : "asleep",
      "seconds" : 60
    },{
      "dateTime" : "2017-06-18T04:35:30.000",
      "level" : "restless",
      "seconds" : 180
    },{
      "dateTime" : "2017-06-18T04:38:30.000",
      "level" : "asleep",
      "seconds" : 960
    },{
      "dateTime" : "2017-06-18T04:54:30.000",
      "level" : "restless",
      "seconds" : 60
    },{
      "dateTime" : "2017-06-18T04:55:30.000",
      "level" : "asleep",
      "seconds" : 4200
    },{
      "dateTime" : "2017-06-18T06:05:30.000",
      "level" : "restless",
      "seconds" : 60
    },{
      "dateTime" : "2017-06-18T06:06:30.000",
      "level" : "asleep",
      "seconds" : 3420
    },{
      "dateTime" : "2017-06-18T07:03:30.000",
      "level" : "restless",
      "seconds" : 60
    },{
      "dateTime" : "2017-06-18T07:04:30.000",
      "level" : "asleep",
      "seconds" : 3420
    },{
      "dateTime" : "2017-06-18T08:01:30.000",
      "level" : "restless",
      "seconds" : 60
    },{
      "dateTime" : "2017-06-18T08:02:30.000",
      "level" : "asleep",
      "seconds" : 1020
    },{
      "dateTime" : "2017-06-18T08:19:30.000",
      "level" : "restless",
      "seconds" : 60
    },{
      "dateTime" : "2017-06-18T08:20:30.000",
      "level" : "asleep",
      "seconds" : 180
    },{
      "dateTime" : "2017-06-18T08:23:30.000",
      "level" : "restless",
      "seconds" : 60
    },{
      "dateTime" : "2017-06-18T08:24:30.000",
      "level" : "asleep",
      "seconds" : 120
    },{
      "dateTime" : "2017-06-18T08:26:30.000",
      "level" : "restless",
      "seconds" : 60
    },{
      "dateTime" : "2017-06-18T08:27:30.000",
      "level" : "asleep",
      "seconds" : 240
    },{
      "dateTime" : "2017-06-18T08:31:30.000",
      "level" : "restless",
      "seconds" : 60
    },{
      "dateTime" : "2017-06-18T08:32:30.000",
      "level" : "asleep",
      "seconds" : 540
    },{
      "dateTime" : "2017-06-18T08:41:30.000",
      "level" : "restless",
      "seconds" : 180
    },{
      "dateTime" : "2017-06-18T08:44:30.000",
      "level" : "asleep",
      "seconds" : 540
    },{
      "dateTime" : "2017-06-18T08:53:30.000",
      "level" : "restless",
      "seconds" : 180
    },{
      "dateTime" : "2017-06-18T08:56:30.000",
      "level" : "asleep",
      "seconds" : 60
    },{
      "dateTime" : "2017-06-18T08:57:30.000",
      "level" : "restless",
      "seconds" : 60
    },{
      "dateTime" : "2017-06-18T08:58:30.000",
      "level" : "asleep",
      "seconds" : 240
    },{
      "dateTime" : "2017-06-18T09:02:30.000",
      "level" : "restless",
      "seconds" : 60
    },{
      "dateTime" : "2017-06-18T09:03:30.000",
      "level" : "asleep",
      "seconds" : 5220
    },{
      "dateTime" : "2017-06-18T10:30:30.000",
      "level" : "restless",
      "seconds" : 120
    },{
      "dateTime" : "2017-06-18T10:32:30.000",
      "level" : "asleep",
      "seconds" : 1200
    },{
      "dateTime" : "2017-06-18T10:52:30.000",
      "level" : "restless",
      "seconds" : 60
    },{
      "dateTime" : "2017-06-18T10:53:30.000",
      "level" : "asleep",
      "seconds" : 120
    },{
      "dateTime" : "2017-06-18T10:55:30.000",
      "level" : "restless",
      "seconds" : 60
    },{
      "dateTime" : "2017-06-18T10:56:30.000",
      "level" : "awake",
      "seconds" : 60
    },{
      "dateTime" : "2017-06-18T10:57:30.000",
      "level" : "restless",
      "seconds" : 180
    },{
      "dateTime" : "2017-06-18T11:00:30.000",
      "level" : "asleep",
      "seconds" : 420
    }]
  },
  "mainSleep" : true
},{
  "logId" : 14991276054,
  "dateOfSleep" : "2017-06-17",
  "startTime" : "2017-06-17T01:03:30.000",
  "endTime" : "2017-06-17T08:22:30.000",
  "duration" : 26340000,
  "minutesToFallAsleep" : 0,
  "minutesAsleep" : 430,
  "minutesAwake" : 9,
  "minutesAfterWakeup" : 0,
  "timeInBed" : 439,
  "efficiency" : 98,
  "type" : "classic",
  "infoCode" : 0,
  "logType" : "auto_detected",
  "levels" : {
    "summary" : {
      "restless" : {
        "count" : 7,
        "minutes" : 8
      },
      "awake" : {
        "count" : 1,
        "minutes" : 1
      },
      "asleep" : {
        "count" : 0,
        "minutes" : 430
      }
    },
    "data" : [{
      "dateTime" : "2017-06-17T01:03:30.000",
      "level" : "awake",
      "seconds" : 60
    },{
      "dateTime" : "2017-06-17T01:04:30.000",
      "level" : "restless",
      "seconds" : 60
    },{
      "dateTime" : "2017-06-17T01:05:30.000",
      "level" : "asleep",
      "seconds" : 2580
    },{
      "dateTime" : "2017-06-17T01:48:30.000",
      "level" : "restless",
      "seconds" : 60
    },{
      "dateTime" : "2017-06-17T01:49:30.000",
      "level" : "asleep",
      "seconds" : 4560
    },{
      "dateTime" : "2017-06-17T03:05:30.000",
      "level" : "restless",
      "seconds" : 60
    },{
      "dateTime" : "2017-06-17T03:06:30.000",
      "level" : "asleep",
      "seconds" : 3240
    },{
      "dateTime" : "2017-06-17T04:00:30.000",
      "level" : "restless",
      "seconds" : 60
    },{
      "dateTime" : "2017-06-17T04:01:30.000",
      "level" : "asleep",
      "seconds" : 9240
    },{
      "dateTime" : "2017-06-17T06:35:30.000",
      "level" : "restless",
      "seconds" : 60
    },{
      "dateTime" : "2017-06-17T06:36:30.000",
      "level" : "asleep",
      "seconds" : 3660
    },{
      "dateTime" : "2017-06-17T07:37:30.000",
      "level" : "restless",
      "seconds" : 60
    },{
      "dateTime" : "2017-06-17T07:38:30.000",
      "level" : "asleep",
      "seconds" : 120
    },{
      "dateTime" : "2017-06-17T07:40:30.000",
      "level" : "restless",
      "seconds" : 120
    },{
      "dateTime" : "2017-06-17T07:42:30.000",
      "level" : "asleep",
      "seconds" : 2400
    }]
  },
  "mainSleep" : true
},{
  "logId" : 14962863603,
  "dateOfSleep" : "2017-06-15",
  "startTime" : "2017-06-14T23:54:30.000",
  "endTime" : "2017-06-15T07:36:30.000",
  "duration" : 27720000,
  "minutesToFallAsleep" : 0,
  "minutesAsleep" : 444,
  "minutesAwake" : 18,
  "minutesAfterWakeup" : 0,
  "timeInBed" : 462,
  "efficiency" : 96,
  "type" : "classic",
  "infoCode" : 0,
  "logType" : "auto_detected",
  "levels" : {
    "summary" : {
      "restless" : {
        "count" : 7,
        "minutes" : 15
      },
      "awake" : {
        "count" : 1,
        "minutes" : 3
      },
      "asleep" : {
        "count" : 0,
        "minutes" : 444
      }
    },
    "data" : [{
      "dateTime" : "2017-06-14T23:54:30.000",
      "level" : "restless",
      "seconds" : 180
    },{
      "dateTime" : "2017-06-14T23:57:30.000",
      "level" : "awake",
      "seconds" : 180
    },{
      "dateTime" : "2017-06-15T00:00:30.000",
      "level" : "restless",
      "seconds" : 120
    },{
      "dateTime" : "2017-06-15T00:02:30.000",
      "level" : "asleep",
      "seconds" : 15720
    },{
      "dateTime" : "2017-06-15T04:24:30.000",
      "level" : "restless",
      "seconds" : 180
    },{
      "dateTime" : "2017-06-15T04:27:30.000",
      "level" : "asleep",
      "seconds" : 7740
    },{
      "dateTime" : "2017-06-15T06:36:30.000",
      "level" : "restless",
      "seconds" : 120
    },{
      "dateTime" : "2017-06-15T06:38:30.000",
      "level" : "asleep",
      "seconds" : 1500
    },{
      "dateTime" : "2017-06-15T07:03:30.000",
      "level" : "restless",
      "seconds" : 60
    },{
      "dateTime" : "2017-06-15T07:04:30.000",
      "level" : "asleep",
      "seconds" : 1020
    },{
      "dateTime" : "2017-06-15T07:21:30.000",
      "level" : "restless",
      "seconds" : 180
    },{
      "dateTime" : "2017-06-15T07:24:30.000",
      "level" : "asleep",
      "seconds" : 60
    },{
      "dateTime" : "2017-06-15T07:25:30.000",
      "level" : "restless",
      "seconds" : 60
    },{
      "dateTime" : "2017-06-15T07:26:30.000",
      "level" : "asleep",
      "seconds" : 600
    }]
  },
  "mainSleep" : true
},{
  "logId" : 14941412427,
  "dateOfSleep" : "2017-06-14",
  "startTime" : "2017-06-13T21:29:00.000",
  "endTime" : "2017-06-14T06:00:30.000",
  "duration" : 30660000,
  "minutesToFallAsleep" : 0,
  "minutesAsleep" : 472,
  "minutesAwake" : 39,
  "minutesAfterWakeup" : 0,
  "timeInBed" : 511,
  "efficiency" : 92,
  "type" : "classic",
  "infoCode" : 0,
  "logType" : "auto_detected",
  "levels" : {
    "summary" : {
      "restless" : {
        "count" : 17,
        "minutes" : 32
      },
      "awake" : {
        "count" : 3,
        "minutes" : 7
      },
      "asleep" : {
        "count" : 0,
        "minutes" : 472
      }
    },
    "data" : [{
      "dateTime" : "2017-06-13T21:29:00.000",
      "level" : "restless",
      "seconds" : 60
    },{
      "dateTime" : "2017-06-13T21:30:00.000",
      "level" : "awake",
      "seconds" : 240
    },{
      "dateTime" : "2017-06-13T21:34:00.000",
      "level" : "restless",
      "seconds" : 120
    },{
      "dateTime" : "2017-06-13T21:36:00.000",
      "level" : "asleep",
      "seconds" : 60
    },{
      "dateTime" : "2017-06-13T21:37:00.000",
      "level" : "restless",
      "seconds" : 60
    },{
      "dateTime" : "2017-06-13T21:38:00.000",
      "level" : "asleep",
      "seconds" : 600
    },{
      "dateTime" : "2017-06-13T21:48:00.000",
      "level" : "restless",
      "seconds" : 60
    },{
      "dateTime" : "2017-06-13T21:49:00.000",
      "level" : "asleep",
      "seconds" : 120
    },{
      "dateTime" : "2017-06-13T21:51:00.000",
      "level" : "restless",
      "seconds" : 240
    },{
      "dateTime" : "2017-06-13T21:55:00.000",
      "level" : "asleep",
      "seconds" : 360
    },{
      "dateTime" : "2017-06-13T22:01:00.000",
      "level" : "restless",
      "seconds" : 60
    },{
      "dateTime" : "2017-06-13T22:02:00.000",
      "level" : "asleep",
      "seconds" : 180
    },{
      "dateTime" : "2017-06-13T22:05:00.000",
      "level" : "restless",
      "seconds" : 300
    },{
      "dateTime" : "2017-06-13T22:10:00.000",
      "level" : "asleep",
      "seconds" : 840
    },{
      "dateTime" : "2017-06-13T22:24:00.000",
      "level" : "restless",
      "seconds" : 120
    },{
      "dateTime" : "2017-06-13T22:26:00.000",
      "level" : "asleep",
      "seconds" : 60
    },{
      "dateTime" : "2017-06-13T22:27:00.000",
      "level" : "restless",
      "seconds" : 180
    },{
      "dateTime" : "2017-06-13T22:30:00.000",
      "level" : "asleep",
      "seconds" : 780
    },{
      "dateTime" : "2017-06-13T22:43:00.000",
      "level" : "restless",
      "seconds" : 180
    },{
      "dateTime" : "2017-06-13T22:46:00.000",
      "level" : "awake",
      "seconds" : 120
    },{
      "dateTime" : "2017-06-13T22:48:00.000",
      "level" : "restless",
      "seconds" : 120
    },{
      "dateTime" : "2017-06-13T22:50:00.000",
      "level" : "awake",
      "seconds" : 60
    },{
      "dateTime" : "2017-06-13T22:51:00.000",
      "level" : "restless",
      "seconds" : 60
    },{
      "dateTime" : "2017-06-13T22:52:00.000",
      "level" : "asleep",
      "seconds" : 1020
    },{
      "dateTime" : "2017-06-13T23:09:00.000",
      "level" : "restless",
      "seconds" : 60
    },{
      "dateTime" : "2017-06-13T23:10:00.000",
      "level" : "asleep",
      "seconds" : 180
    },{
      "dateTime" : "2017-06-13T23:13:00.000",
      "level" : "restless",
      "seconds" : 60
    },{
      "dateTime" : "2017-06-13T23:14:00.000",
      "level" : "asleep",
      "seconds" : 7920
    },{
      "dateTime" : "2017-06-14T01:26:00.000",
      "level" : "restless",
      "seconds" : 60
    },{
      "dateTime" : "2017-06-14T01:27:00.000",
      "level" : "asleep",
      "seconds" : 11100
    },{
      "dateTime" : "2017-06-14T04:32:00.000",
      "level" : "restless",
      "seconds" : 60
    },{
      "dateTime" : "2017-06-14T04:33:00.000",
      "level" : "asleep",
      "seconds" : 4560
    },{
      "dateTime" : "2017-06-14T05:49:00.000",
      "level" : "restless",
      "seconds" : 120
    },{
      "dateTime" : "2017-06-14T05:51:00.000",
      "level" : "asleep",
      "seconds" : 540
    }]
  },
  "mainSleep" : true
},{
  "logId" : 14934763352,
  "dateOfSleep" : "2017-06-12",
  "startTime" : "2017-06-11T23:40:00.000",
  "endTime" : "2017-06-12T08:22:00.000",
  "duration" : 31320000,
  "minutesToFallAsleep" : 0,
  "minutesAsleep" : 500,
  "minutesAwake" : 22,
  "minutesAfterWakeup" : 0,
  "timeInBed" : 522,
  "efficiency" : 96,
  "type" : "classic",
  "infoCode" : 0,
  "logType" : "auto_detected",
  "levels" : {
    "summary" : {
      "restless" : {
        "count" : 9,
        "minutes" : 22
      },
      "awake" : {
        "count" : 0,
        "minutes" : 0
      },
      "asleep" : {
        "count" : 0,
        "minutes" : 500
      }
    },
    "data" : [{
      "dateTime" : "2017-06-11T23:40:00.000",
      "level" : "asleep",
      "seconds" : 300
    },{
      "dateTime" : "2017-06-11T23:45:00.000",
      "level" : "restless",
      "seconds" : 240
    },{
      "dateTime" : "2017-06-11T23:49:00.000",
      "level" : "asleep",
      "seconds" : 480
    },{
      "dateTime" : "2017-06-11T23:57:00.000",
      "level" : "restless",
      "seconds" : 180
    },{
      "dateTime" : "2017-06-12T00:00:00.000",
      "level" : "asleep",
      "seconds" : 120
    },{
      "dateTime" : "2017-06-12T00:02:00.000",
      "level" : "restless",
      "seconds" : 120
    },{
      "dateTime" : "2017-06-12T00:04:00.000",
      "level" : "asleep",
      "seconds" : 60
    },{
      "dateTime" : "2017-06-12T00:05:00.000",
      "level" : "restless",
      "seconds" : 420
    },{
      "dateTime" : "2017-06-12T00:12:00.000",
      "level" : "asleep",
      "seconds" : 3960
    },{
      "dateTime" : "2017-06-12T01:18:00.000",
      "level" : "restless",
      "seconds" : 60
    },{
      "dateTime" : "2017-06-12T01:19:00.000",
      "level" : "asleep",
      "seconds" : 2760
    },{
      "dateTime" : "2017-06-12T02:05:00.000",
      "level" : "restless",
      "seconds" : 60
    },{
      "dateTime" : "2017-06-12T02:06:00.000",
      "level" : "asleep",
      "seconds" : 120
    },{
      "dateTime" : "2017-06-12T02:08:00.000",
      "level" : "restless",
      "seconds" : 60
    },{
      "dateTime" : "2017-06-12T02:09:00.000",
      "level" : "asleep",
      "seconds" : 20400
    },{
      "dateTime" : "2017-06-12T07:49:00.000",
      "level" : "restless",
      "seconds" : 60
    },{
      "dateTime" : "2017-06-12T07:50:00.000",
      "level" : "asleep",
      "seconds" : 60
    },{
      "dateTime" : "2017-06-12T07:51:00.000",
      "level" : "restless",
      "seconds" : 120
    },{
      "dateTime" : "2017-06-12T07:53:00.000",
      "level" : "asleep",
      "seconds" : 1740
    }]
  },
  "mainSleep" : true
},{
  "logId" : 14934763351,
  "dateOfSleep" : "2017-06-11",
  "startTime" : "2017-06-11T01:12:30.000",
  "endTime" : "2017-06-11T08:39:00.000",
  "duration" : 26760000,
  "minutesToFallAsleep" : 0,
  "minutesAsleep" : 427,
  "minutesAwake" : 19,
  "minutesAfterWakeup" : 0,
  "timeInBed" : 446,
  "efficiency" : 96,
  "type" : "classic",
  "infoCode" : 0,
  "logType" : "auto_detected",
  "levels" : {
    "summary" : {
      "restless" : {
        "count" : 9,
        "minutes" : 18
      },
      "awake" : {
        "count" : 1,
        "minutes" : 1
      },
      "asleep" : {
        "count" : 0,
        "minutes" : 427
      }
    },
    "data" : [{
      "dateTime" : "2017-06-11T01:12:30.000",
      "level" : "asleep",
      "seconds" : 60
    },{
      "dateTime" : "2017-06-11T01:13:30.000",
      "level" : "restless",
      "seconds" : 540
    },{
      "dateTime" : "2017-06-11T01:22:30.000",
      "level" : "asleep",
      "seconds" : 660
    },{
      "dateTime" : "2017-06-11T01:33:30.000",
      "level" : "restless",
      "seconds" : 60
    },{
      "dateTime" : "2017-06-11T01:34:30.000",
      "level" : "asleep",
      "seconds" : 1080
    },{
      "dateTime" : "2017-06-11T01:52:30.000",
      "level" : "restless",
      "seconds" : 120
    },{
      "dateTime" : "2017-06-11T01:54:30.000",
      "level" : "awake",
      "seconds" : 60
    },{
      "dateTime" : "2017-06-11T01:55:30.000",
      "level" : "restless",
      "seconds" : 60
    },{
      "dateTime" : "2017-06-11T01:56:30.000",
      "level" : "asleep",
      "seconds" : 1560
    },{
      "dateTime" : "2017-06-11T02:22:30.000",
      "level" : "restless",
      "seconds" : 60
    },{
      "dateTime" : "2017-06-11T02:23:30.000",
      "level" : "asleep",
      "seconds" : 4260
    },{
      "dateTime" : "2017-06-11T03:34:30.000",
      "level" : "restless",
      "seconds" : 60
    },{
      "dateTime" : "2017-06-11T03:35:30.000",
      "level" : "asleep",
      "seconds" : 5820
    },{
      "dateTime" : "2017-06-11T05:12:30.000",
      "level" : "restless",
      "seconds" : 60
    },{
      "dateTime" : "2017-06-11T05:13:30.000",
      "level" : "asleep",
      "seconds" : 1200
    },{
      "dateTime" : "2017-06-11T05:33:30.000",
      "level" : "restless",
      "seconds" : 60
    },{
      "dateTime" : "2017-06-11T05:34:30.000",
      "level" : "asleep",
      "seconds" : 6900
    },{
      "dateTime" : "2017-06-11T07:29:30.000",
      "level" : "restless",
      "seconds" : 60
    },{
      "dateTime" : "2017-06-11T07:30:30.000",
      "level" : "asleep",
      "seconds" : 4080
    }]
  },
  "mainSleep" : true
},{
  "logId" : 14934763350,
  "dateOfSleep" : "2017-06-10",
  "startTime" : "2017-06-09T23:47:00.000",
  "endTime" : "2017-06-10T08:17:00.000",
  "duration" : 30600000,
  "minutesToFallAsleep" : 0,
  "minutesAsleep" : 502,
  "minutesAwake" : 8,
  "minutesAfterWakeup" : 0,
  "timeInBed" : 510,
  "efficiency" : 98,
  "type" : "classic",
  "infoCode" : 0,
  "logType" : "auto_detected",
  "levels" : {
    "summary" : {
      "restless" : {
        "count" : 7,
        "minutes" : 8
      },
      "awake" : {
        "count" : 0,
        "minutes" : 0
      },
      "asleep" : {
        "count" : 0,
        "minutes" : 502
      }
    },
    "data" : [{
      "dateTime" : "2017-06-09T23:47:00.000",
      "level" : "asleep",
      "seconds" : 720
    },{
      "dateTime" : "2017-06-09T23:59:00.000",
      "level" : "restless",
      "seconds" : 60
    },{
      "dateTime" : "2017-06-10T00:00:00.000",
      "level" : "asleep",
      "seconds" : 120
    },{
      "dateTime" : "2017-06-10T00:02:00.000",
      "level" : "restless",
      "seconds" : 60
    },{
      "dateTime" : "2017-06-10T00:03:00.000",
      "level" : "asleep",
      "seconds" : 5880
    },{
      "dateTime" : "2017-06-10T01:41:00.000",
      "level" : "restless",
      "seconds" : 60
    },{
      "dateTime" : "2017-06-10T01:42:00.000",
      "level" : "asleep",
      "seconds" : 1200
    },{
      "dateTime" : "2017-06-10T02:02:00.000",
      "level" : "restless",
      "seconds" : 120
    },{
      "dateTime" : "2017-06-10T02:04:00.000",
      "level" : "asleep",
      "seconds" : 10560
    },{
      "dateTime" : "2017-06-10T05:00:00.000",
      "level" : "restless",
      "seconds" : 60
    },{
      "dateTime" : "2017-06-10T05:01:00.000",
      "level" : "asleep",
      "seconds" : 7320
    },{
      "dateTime" : "2017-06-10T07:03:00.000",
      "level" : "restless",
      "seconds" : 60
    },{
      "dateTime" : "2017-06-10T07:04:00.000",
      "level" : "asleep",
      "seconds" : 1140
    },{
      "dateTime" : "2017-06-10T07:23:00.000",
      "level" : "restless",
      "seconds" : 60
    },{
      "dateTime" : "2017-06-10T07:24:00.000",
      "level" : "asleep",
      "seconds" : 3180
    }]
  },
  "mainSleep" : true
},{
  "logId" : 14934763348,
  "dateOfSleep" : "2017-06-09",
  "startTime" : "2017-06-09T00:30:00.000",
  "endTime" : "2017-06-09T08:15:30.000",
  "duration" : 27900000,
  "minutesToFallAsleep" : 0,
  "minutesAsleep" : 448,
  "minutesAwake" : 17,
  "minutesAfterWakeup" : 0,
  "timeInBed" : 465,
  "efficiency" : 96,
  "type" : "classic",
  "infoCode" : 0,
  "logType" : "auto_detected",
  "levels" : {
    "summary" : {
      "restless" : {
        "count" : 12,
        "minutes" : 17
      },
      "awake" : {
        "count" : 0,
        "minutes" : 0
      },
      "asleep" : {
        "count" : 0,
        "minutes" : 448
      }
    },
    "data" : [{
      "dateTime" : "2017-06-09T00:30:00.000",
      "level" : "asleep",
      "seconds" : 3180
    },{
      "dateTime" : "2017-06-09T01:23:00.000",
      "level" : "restless",
      "seconds" : 120
    },{
      "dateTime" : "2017-06-09T01:25:00.000",
      "level" : "asleep",
      "seconds" : 4980
    },{
      "dateTime" : "2017-06-09T02:48:00.000",
      "level" : "restless",
      "seconds" : 60
    },{
      "dateTime" : "2017-06-09T02:49:00.000",
      "level" : "asleep",
      "seconds" : 960
    },{
      "dateTime" : "2017-06-09T03:05:00.000",
      "level" : "restless",
      "seconds" : 60
    },{
      "dateTime" : "2017-06-09T03:06:00.000",
      "level" : "asleep",
      "seconds" : 60
    },{
      "dateTime" : "2017-06-09T03:07:00.000",
      "level" : "restless",
      "seconds" : 180
    },{
      "dateTime" : "2017-06-09T03:10:00.000",
      "level" : "asleep",
      "seconds" : 4140
    },{
      "dateTime" : "2017-06-09T04:19:00.000",
      "level" : "restless",
      "seconds" : 120
    },{
      "dateTime" : "2017-06-09T04:21:00.000",
      "level" : "asleep",
      "seconds" : 120
    },{
      "dateTime" : "2017-06-09T04:23:00.000",
      "level" : "restless",
      "seconds" : 60
    },{
      "dateTime" : "2017-06-09T04:24:00.000",
      "level" : "asleep",
      "seconds" : 1620
    },{
      "dateTime" : "2017-06-09T04:51:00.000",
      "level" : "restless",
      "seconds" : 60
    },{
      "dateTime" : "2017-06-09T04:52:00.000",
      "level" : "asleep",
      "seconds" : 6480
    },{
      "dateTime" : "2017-06-09T06:40:00.000",
      "level" : "restless",
      "seconds" : 120
    },{
      "dateTime" : "2017-06-09T06:42:00.000",
      "level" : "asleep",
      "seconds" : 120
    },{
      "dateTime" : "2017-06-09T06:44:00.000",
      "level" : "restless",
      "seconds" : 60
    },{
      "dateTime" : "2017-06-09T06:45:00.000",
      "level" : "asleep",
      "seconds" : 3180
    },{
      "dateTime" : "2017-06-09T07:38:00.000",
      "level" : "restless",
      "seconds" : 60
    },{
      "dateTime" : "2017-06-09T07:39:00.000",
      "level" : "asleep",
      "seconds" : 60
    },{
      "dateTime" : "2017-06-09T07:40:00.000",
      "level" : "restless",
      "seconds" : 60
    },{
      "dateTime" : "2017-06-09T07:41:00.000",
      "level" : "asleep",
      "seconds" : 900
    },{
      "dateTime" : "2017-06-09T07:56:00.000",
      "level" : "restless",
      "seconds" : 60
    },{
      "dateTime" : "2017-06-09T07:57:00.000",
      "level" : "asleep",
      "seconds" : 1080
    }]
  },
  "mainSleep" : true
},{
  "logId" : 14934763347,
  "dateOfSleep" : "2017-06-08",
  "startTime" : "2017-06-08T20:51:30.000",
  "endTime" : "2017-06-08T21:54:00.000",
  "duration" : 3720000,
  "minutesToFallAsleep" : 0,
  "minutesAsleep" : 58,
  "minutesAwake" : 4,
  "minutesAfterWakeup" : 0,
  "timeInBed" : 62,
  "efficiency" : 94,
  "type" : "classic",
  "infoCode" : 0,
  "logType" : "auto_detected",
  "levels" : {
    "summary" : {
      "restless" : {
        "count" : 1,
        "minutes" : 2
      },
      "awake" : {
        "count" : 1,
        "minutes" : 2
      },
      "asleep" : {
        "count" : 0,
        "minutes" : 58
      }
    },
    "data" : [{
      "dateTime" : "2017-06-08T20:51:30.000",
      "level" : "restless",
      "seconds" : 120
    },{
      "dateTime" : "2017-06-08T20:53:30.000",
      "level" : "awake",
      "seconds" : 120
    },{
      "dateTime" : "2017-06-08T20:55:30.000",
      "level" : "asleep",
      "seconds" : 3480
    }]
  },
  "mainSleep" : true
},{
  "logId" : 14873624795,
  "dateOfSleep" : "2017-06-07",
  "startTime" : "2017-06-06T23:51:30.000",
  "endTime" : "2017-06-07T07:15:30.000",
  "duration" : 26640000,
  "minutesToFallAsleep" : 0,
  "minutesAsleep" : 420,
  "minutesAwake" : 10,
  "minutesAfterWakeup" : 14,
  "timeInBed" : 444,
  "efficiency" : 98,
  "type" : "classic",
  "infoCode" : 0,
  "logType" : "auto_detected",
  "levels" : {
    "summary" : {
      "restless" : {
        "count" : 7,
        "minutes" : 16
      },
      "awake" : {
        "count" : 1,
        "minutes" : 8
      },
      "asleep" : {
        "count" : 0,
        "minutes" : 420
      }
    },
    "data" : [{
      "dateTime" : "2017-06-06T23:51:30.000",
      "level" : "asleep",
      "seconds" : 2940
    },{
      "dateTime" : "2017-06-07T00:40:30.000",
      "level" : "restless",
      "seconds" : 360
    },{
      "dateTime" : "2017-06-07T00:46:30.000",
      "level" : "asleep",
      "seconds" : 10740
    },{
      "dateTime" : "2017-06-07T03:45:30.000",
      "level" : "restless",
      "seconds" : 60
    },{
      "dateTime" : "2017-06-07T03:46:30.000",
      "level" : "asleep",
      "seconds" : 2820
    },{
      "dateTime" : "2017-06-07T04:33:30.000",
      "level" : "restless",
      "seconds" : 60
    },{
      "dateTime" : "2017-06-07T04:34:30.000",
      "level" : "asleep",
      "seconds" : 5220
    },{
      "dateTime" : "2017-06-07T06:01:30.000",
      "level" : "restless",
      "seconds" : 60
    },{
      "dateTime" : "2017-06-07T06:02:30.000",
      "level" : "asleep",
      "seconds" : 3360
    },{
      "dateTime" : "2017-06-07T06:58:30.000",
      "level" : "restless",
      "seconds" : 60
    },{
      "dateTime" : "2017-06-07T06:59:30.000",
      "level" : "asleep",
      "seconds" : 120
    },{
      "dateTime" : "2017-06-07T07:01:30.000",
      "level" : "restless",
      "seconds" : 300
    },{
      "dateTime" : "2017-06-07T07:06:30.000",
      "level" : "awake",
      "seconds" : 480
    },{
      "dateTime" : "2017-06-07T07:14:30.000",
      "level" : "restless",
      "seconds" : 60
    }]
  },
  "mainSleep" : true
},{
  "logId" : 14863674818,
  "dateOfSleep" : "2017-06-06",
  "startTime" : "2017-06-06T00:07:30.000",
  "endTime" : "2017-06-06T07:04:00.000",
  "duration" : 24960000,
  "minutesToFallAsleep" : 0,
  "minutesAsleep" : 410,
  "minutesAwake" : 6,
  "minutesAfterWakeup" : 0,
  "timeInBed" : 416,
  "efficiency" : 99,
  "type" : "classic",
  "infoCode" : 0,
  "logType" : "auto_detected",
  "levels" : {
    "summary" : {
      "restless" : {
        "count" : 4,
        "minutes" : 6
      },
      "awake" : {
        "count" : 0,
        "minutes" : 0
      },
      "asleep" : {
        "count" : 0,
        "minutes" : 410
      }
    },
    "data" : [{
      "dateTime" : "2017-06-06T00:07:30.000",
      "level" : "asleep",
      "seconds" : 1800
    },{
      "dateTime" : "2017-06-06T00:37:30.000",
      "level" : "restless",
      "seconds" : 60
    },{
      "dateTime" : "2017-06-06T00:38:30.000",
      "level" : "asleep",
      "seconds" : 480
    },{
      "dateTime" : "2017-06-06T00:46:30.000",
      "level" : "restless",
      "seconds" : 60
    },{
      "dateTime" : "2017-06-06T00:47:30.000",
      "level" : "asleep",
      "seconds" : 3120
    },{
      "dateTime" : "2017-06-06T01:39:30.000",
      "level" : "restless",
      "seconds" : 120
    },{
      "dateTime" : "2017-06-06T01:41:30.000",
      "level" : "asleep",
      "seconds" : 120
    },{
      "dateTime" : "2017-06-06T01:43:30.000",
      "level" : "restless",
      "seconds" : 120
    },{
      "dateTime" : "2017-06-06T01:45:30.000",
      "level" : "asleep",
      "seconds" : 19080
    }]
  },
  "mainSleep" : true
},{
  "logId" : 14853593052,
  "dateOfSleep" : "2017-06-05",
  "startTime" : "2017-06-05T00:00:00.000",
  "endTime" : "2017-06-05T07:29:30.000",
  "duration" : 26940000,
  "minutesToFallAsleep" : 0,
  "minutesAsleep" : 436,
  "minutesAwake" : 13,
  "minutesAfterWakeup" : 0,
  "timeInBed" : 449,
  "efficiency" : 97,
  "type" : "classic",
  "infoCode" : 0,
  "logType" : "auto_detected",
  "levels" : {
    "summary" : {
      "restless" : {
        "count" : 7,
        "minutes" : 13
      },
      "awake" : {
        "count" : 0,
        "minutes" : 0
      },
      "asleep" : {
        "count" : 0,
        "minutes" : 436
      }
    },
    "data" : [{
      "dateTime" : "2017-06-05T00:00:00.000",
      "level" : "asleep",
      "seconds" : 420
    },{
      "dateTime" : "2017-06-05T00:07:00.000",
      "level" : "restless",
      "seconds" : 360
    },{
      "dateTime" : "2017-06-05T00:13:00.000",
      "level" : "asleep",
      "seconds" : 1320
    },{
      "dateTime" : "2017-06-05T00:35:00.000",
      "level" : "restless",
      "seconds" : 60
    },{
      "dateTime" : "2017-06-05T00:36:00.000",
      "level" : "asleep",
      "seconds" : 4860
    },{
      "dateTime" : "2017-06-05T01:57:00.000",
      "level" : "restless",
      "seconds" : 60
    },{
      "dateTime" : "2017-06-05T01:58:00.000",
      "level" : "asleep",
      "seconds" : 6960
    },{
      "dateTime" : "2017-06-05T03:54:00.000",
      "level" : "restless",
      "seconds" : 60
    },{
      "dateTime" : "2017-06-05T03:55:00.000",
      "level" : "asleep",
      "seconds" : 8340
    },{
      "dateTime" : "2017-06-05T06:14:00.000",
      "level" : "restless",
      "seconds" : 60
    },{
      "dateTime" : "2017-06-05T06:15:00.000",
      "level" : "asleep",
      "seconds" : 2880
    },{
      "dateTime" : "2017-06-05T07:03:00.000",
      "level" : "restless",
      "seconds" : 120
    },{
      "dateTime" : "2017-06-05T07:05:00.000",
      "level" : "asleep",
      "seconds" : 60
    },{
      "dateTime" : "2017-06-05T07:06:00.000",
      "level" : "restless",
      "seconds" : 60
    },{
      "dateTime" : "2017-06-05T07:07:00.000",
      "level" : "asleep",
      "seconds" : 1320
    }]
  },
  "mainSleep" : true
},{
  "logId" : 14836746791,
  "dateOfSleep" : "2017-06-03",
  "startTime" : "2017-06-03T01:03:30.000",
  "endTime" : "2017-06-03T07:03:30.000",
  "duration" : 21600000,
  "minutesToFallAsleep" : 0,
  "minutesAsleep" : 330,
  "minutesAwake" : 28,
  "minutesAfterWakeup" : 2,
  "timeInBed" : 360,
  "efficiency" : 92,
  "type" : "classic",
  "infoCode" : 0,
  "logType" : "auto_detected",
  "levels" : {
    "summary" : {
      "restless" : {
        "count" : 11,
        "minutes" : 27
      },
      "awake" : {
        "count" : 2,
        "minutes" : 3
      },
      "asleep" : {
        "count" : 0,
        "minutes" : 330
      }
    },
    "data" : [{
      "dateTime" : "2017-06-03T01:03:30.000",
      "level" : "asleep",
      "seconds" : 300
    },{
      "dateTime" : "2017-06-03T01:08:30.000",
      "level" : "restless",
      "seconds" : 300
    },{
      "dateTime" : "2017-06-03T01:13:30.000",
      "level" : "awake",
      "seconds" : 120
    },{
      "dateTime" : "2017-06-03T01:15:30.000",
      "level" : "restless",
      "seconds" : 60
    },{
      "dateTime" : "2017-06-03T01:16:30.000",
      "level" : "asleep",
      "seconds" : 180
    },{
      "dateTime" : "2017-06-03T01:19:30.000",
      "level" : "restless",
      "seconds" : 120
    },{
      "dateTime" : "2017-06-03T01:21:30.000",
      "level" : "asleep",
      "seconds" : 180
    },{
      "dateTime" : "2017-06-03T01:24:30.000",
      "level" : "restless",
      "seconds" : 420
    },{
      "dateTime" : "2017-06-03T01:31:30.000",
      "level" : "asleep",
      "seconds" : 240
    },{
      "dateTime" : "2017-06-03T01:35:30.000",
      "level" : "restless",
      "seconds" : 120
    },{
      "dateTime" : "2017-06-03T01:37:30.000",
      "level" : "asleep",
      "seconds" : 4200
    },{
      "dateTime" : "2017-06-03T02:47:30.000",
      "level" : "restless",
      "seconds" : 60
    },{
      "dateTime" : "2017-06-03T02:48:30.000",
      "level" : "asleep",
      "seconds" : 5580
    },{
      "dateTime" : "2017-06-03T04:21:30.000",
      "level" : "restless",
      "seconds" : 60
    },{
      "dateTime" : "2017-06-03T04:22:30.000",
      "level" : "asleep",
      "seconds" : 8640
    },{
      "dateTime" : "2017-06-03T06:46:30.000",
      "level" : "restless",
      "seconds" : 300
    },{
      "dateTime" : "2017-06-03T06:51:30.000",
      "level" : "asleep",
      "seconds" : 60
    },{
      "dateTime" : "2017-06-03T06:52:30.000",
      "level" : "restless",
      "seconds" : 60
    },{
      "dateTime" : "2017-06-03T06:53:30.000",
      "level" : "asleep",
      "seconds" : 240
    },{
      "dateTime" : "2017-06-03T06:57:30.000",
      "level" : "restless",
      "seconds" : 60
    },{
      "dateTime" : "2017-06-03T06:58:30.000",
      "level" : "asleep",
      "seconds" : 180
    },{
      "dateTime" : "2017-06-03T07:01:30.000",
      "level" : "restless",
      "seconds" : 60
    },{
      "dateTime" : "2017-06-03T07:02:30.000",
      "level" : "awake",
      "seconds" : 60
    }]
  },
  "mainSleep" : true
},{
  "logId" : 14836746790,
  "dateOfSleep" : "2017-06-02",
  "startTime" : "2017-06-01T22:58:30.000",
  "endTime" : "2017-06-02T11:07:00.000",
  "duration" : 43680000,
  "minutesToFallAsleep" : 0,
  "minutesAsleep" : 677,
  "minutesAwake" : 44,
  "minutesAfterWakeup" : 7,
  "timeInBed" : 728,
  "efficiency" : 94,
  "type" : "classic",
  "infoCode" : 0,
  "logType" : "auto_detected",
  "levels" : {
    "summary" : {
      "restless" : {
        "count" : 26,
        "minutes" : 44
      },
      "awake" : {
        "count" : 3,
        "minutes" : 7
      },
      "asleep" : {
        "count" : 0,
        "minutes" : 677
      }
    },
    "data" : [{
      "dateTime" : "2017-06-01T22:58:30.000",
      "level" : "asleep",
      "seconds" : 360
    },{
      "dateTime" : "2017-06-01T23:04:30.000",
      "level" : "restless",
      "seconds" : 60
    },{
      "dateTime" : "2017-06-01T23:05:30.000",
      "level" : "asleep",
      "seconds" : 180
    },{
      "dateTime" : "2017-06-01T23:08:30.000",
      "level" : "restless",
      "seconds" : 60
    },{
      "dateTime" : "2017-06-01T23:09:30.000",
      "level" : "asleep",
      "seconds" : 840
    },{
      "dateTime" : "2017-06-01T23:23:30.000",
      "level" : "restless",
      "seconds" : 120
    },{
      "dateTime" : "2017-06-01T23:25:30.000",
      "level" : "asleep",
      "seconds" : 60
    },{
      "dateTime" : "2017-06-01T23:26:30.000",
      "level" : "restless",
      "seconds" : 60
    },{
      "dateTime" : "2017-06-01T23:27:30.000",
      "level" : "asleep",
      "seconds" : 7200
    },{
      "dateTime" : "2017-06-02T01:27:30.000",
      "level" : "restless",
      "seconds" : 60
    },{
      "dateTime" : "2017-06-02T01:28:30.000",
      "level" : "asleep",
      "seconds" : 2940
    },{
      "dateTime" : "2017-06-02T02:17:30.000",
      "level" : "restless",
      "seconds" : 60
    },{
      "dateTime" : "2017-06-02T02:18:30.000",
      "level" : "asleep",
      "seconds" : 9840
    },{
      "dateTime" : "2017-06-02T05:02:30.000",
      "level" : "restless",
      "seconds" : 60
    },{
      "dateTime" : "2017-06-02T05:03:30.000",
      "level" : "asleep",
      "seconds" : 4260
    },{
      "dateTime" : "2017-06-02T06:14:30.000",
      "level" : "restless",
      "seconds" : 60
    },{
      "dateTime" : "2017-06-02T06:15:30.000",
      "level" : "asleep",
      "seconds" : 2520
    },{
      "dateTime" : "2017-06-02T06:57:30.000",
      "level" : "restless",
      "seconds" : 60
    },{
      "dateTime" : "2017-06-02T06:58:30.000",
      "level" : "asleep",
      "seconds" : 120
    },{
      "dateTime" : "2017-06-02T07:00:30.000",
      "level" : "restless",
      "seconds" : 60
    },{
      "dateTime" : "2017-06-02T07:01:30.000",
      "level" : "asleep",
      "seconds" : 240
    },{
      "dateTime" : "2017-06-02T07:05:30.000",
      "level" : "restless",
      "seconds" : 120
    },{
      "dateTime" : "2017-06-02T07:07:30.000",
      "level" : "awake",
      "seconds" : 60
    },{
      "dateTime" : "2017-06-02T07:08:30.000",
      "level" : "restless",
      "seconds" : 60
    },{
      "dateTime" : "2017-06-02T07:09:30.000",
      "level" : "asleep",
      "seconds" : 1560
    },{
      "dateTime" : "2017-06-02T07:35:30.000",
      "level" : "restless",
      "seconds" : 60
    },{
      "dateTime" : "2017-06-02T07:36:30.000",
      "level" : "asleep",
      "seconds" : 3180
    },{
      "dateTime" : "2017-06-02T08:29:30.000",
      "level" : "restless",
      "seconds" : 60
    },{
      "dateTime" : "2017-06-02T08:30:30.000",
      "level" : "asleep",
      "seconds" : 180
    },{
      "dateTime" : "2017-06-02T08:33:30.000",
      "level" : "restless",
      "seconds" : 60
    },{
      "dateTime" : "2017-06-02T08:34:30.000",
      "level" : "asleep",
      "seconds" : 60
    },{
      "dateTime" : "2017-06-02T08:35:30.000",
      "level" : "restless",
      "seconds" : 60
    },{
      "dateTime" : "2017-06-02T08:36:30.000",
      "level" : "asleep",
      "seconds" : 1080
    },{
      "dateTime" : "2017-06-02T08:54:30.000",
      "level" : "restless",
      "seconds" : 60
    },{
      "dateTime" : "2017-06-02T08:55:30.000",
      "level" : "asleep",
      "seconds" : 1620
    },{
      "dateTime" : "2017-06-02T09:22:30.000",
      "level" : "restless",
      "seconds" : 240
    },{
      "dateTime" : "2017-06-02T09:26:30.000",
      "level" : "awake",
      "seconds" : 60
    },{
      "dateTime" : "2017-06-02T09:27:30.000",
      "level" : "restless",
      "seconds" : 120
    },{
      "dateTime" : "2017-06-02T09:29:30.000",
      "level" : "asleep",
      "seconds" : 660
    },{
      "dateTime" : "2017-06-02T09:40:30.000",
      "level" : "restless",
      "seconds" : 120
    },{
      "dateTime" : "2017-06-02T09:42:30.000",
      "level" : "asleep",
      "seconds" : 120
    },{
      "dateTime" : "2017-06-02T09:44:30.000",
      "level" : "restless",
      "seconds" : 120
    },{
      "dateTime" : "2017-06-02T09:46:30.000",
      "level" : "asleep",
      "seconds" : 120
    },{
      "dateTime" : "2017-06-02T09:48:30.000",
      "level" : "restless",
      "seconds" : 60
    },{
      "dateTime" : "2017-06-02T09:49:30.000",
      "level" : "asleep",
      "seconds" : 2820
    },{
      "dateTime" : "2017-06-02T10:36:30.000",
      "level" : "restless",
      "seconds" : 180
    },{
      "dateTime" : "2017-06-02T10:39:30.000",
      "level" : "awake",
      "seconds" : 300
    },{
      "dateTime" : "2017-06-02T10:44:30.000",
      "level" : "restless",
      "seconds" : 120
    },{
      "dateTime" : "2017-06-02T10:46:30.000",
      "level" : "asleep",
      "seconds" : 60
    },{
      "dateTime" : "2017-06-02T10:47:30.000",
      "level" : "restless",
      "seconds" : 120
    },{
      "dateTime" : "2017-06-02T10:49:30.000",
      "level" : "asleep",
      "seconds" : 600
    },{
      "dateTime" : "2017-06-02T10:59:30.000",
      "level" : "restless",
      "seconds" : 420
    }]
  },
  "mainSleep" : true
},{
  "logId" : 14836746789,
  "dateOfSleep" : "2017-06-01",
  "startTime" : "2017-06-01T01:05:00.000",
  "endTime" : "2017-06-01T09:12:30.000",
  "duration" : 29220000,
  "minutesToFallAsleep" : 0,
  "minutesAsleep" : 474,
  "minutesAwake" : 13,
  "minutesAfterWakeup" : 0,
  "timeInBed" : 487,
  "efficiency" : 97,
  "type" : "classic",
  "infoCode" : 0,
  "logType" : "auto_detected",
  "levels" : {
    "summary" : {
      "restless" : {
        "count" : 7,
        "minutes" : 10
      },
      "awake" : {
        "count" : 1,
        "minutes" : 3
      },
      "asleep" : {
        "count" : 0,
        "minutes" : 474
      }
    },
    "data" : [{
      "dateTime" : "2017-06-01T01:05:00.000",
      "level" : "restless",
      "seconds" : 60
    },{
      "dateTime" : "2017-06-01T01:06:00.000",
      "level" : "awake",
      "seconds" : 180
    },{
      "dateTime" : "2017-06-01T01:09:00.000",
      "level" : "asleep",
      "seconds" : 4980
    },{
      "dateTime" : "2017-06-01T02:32:00.000",
      "level" : "restless",
      "seconds" : 60
    },{
      "dateTime" : "2017-06-01T02:33:00.000",
      "level" : "asleep",
      "seconds" : 15480
    },{
      "dateTime" : "2017-06-01T06:51:00.000",
      "level" : "restless",
      "seconds" : 120
    },{
      "dateTime" : "2017-06-01T06:53:00.000",
      "level" : "asleep",
      "seconds" : 2460
    },{
      "dateTime" : "2017-06-01T07:34:00.000",
      "level" : "restless",
      "seconds" : 60
    },{
      "dateTime" : "2017-06-01T07:35:00.000",
      "level" : "asleep",
      "seconds" : 540
    },{
      "dateTime" : "2017-06-01T07:44:00.000",
      "level" : "restless",
      "seconds" : 60
    },{
      "dateTime" : "2017-06-01T07:45:00.000",
      "level" : "asleep",
      "seconds" : 1800
    },{
      "dateTime" : "2017-06-01T08:15:00.000",
      "level" : "restless",
      "seconds" : 180
    },{
      "dateTime" : "2017-06-01T08:18:00.000",
      "level" : "asleep",
      "seconds" : 1920
    },{
      "dateTime" : "2017-06-01T08:50:00.000",
      "level" : "restless",
      "seconds" : 60
    },{
      "dateTime" : "2017-06-01T08:51:00.000",
      "level" : "asleep",
      "seconds" : 1260
    }]
  },
  "mainSleep" : true
},{
  "logId" : 14836746788,
  "dateOfSleep" : "2017-05-31",
  "startTime" : "2017-05-31T00:08:00.000",
  "endTime" : "2017-05-31T07:16:30.000",
  "duration" : 25680000,
  "minutesToFallAsleep" : 0,
  "minutesAsleep" : 404,
  "minutesAwake" : 24,
  "minutesAfterWakeup" : 0,
  "timeInBed" : 428,
  "efficiency" : 94,
  "type" : "classic",
  "infoCode" : 0,
  "logType" : "auto_detected",
  "levels" : {
    "summary" : {
      "restless" : {
        "count" : 15,
        "minutes" : 22
      },
      "awake" : {
        "count" : 2,
        "minutes" : 2
      },
      "asleep" : {
        "count" : 0,
        "minutes" : 404
      }
    },
    "data" : [{
      "dateTime" : "2017-05-31T00:08:00.000",
      "level" : "asleep",
      "seconds" : 840
    },{
      "dateTime" : "2017-05-31T00:22:00.000",
      "level" : "restless",
      "seconds" : 60
    },{
      "dateTime" : "2017-05-31T00:23:00.000",
      "level" : "asleep",
      "seconds" : 60
    },{
      "dateTime" : "2017-05-31T00:24:00.000",
      "level" : "restless",
      "seconds" : 120
    },{
      "dateTime" : "2017-05-31T00:26:00.000",
      "level" : "awake",
      "seconds" : 60
    },{
      "dateTime" : "2017-05-31T00:27:00.000",
      "level" : "restless",
      "seconds" : 120
    },{
      "dateTime" : "2017-05-31T00:29:00.000",
      "level" : "asleep",
      "seconds" : 300
    },{
      "dateTime" : "2017-05-31T00:34:00.000",
      "level" : "restless",
      "seconds" : 60
    },{
      "dateTime" : "2017-05-31T00:35:00.000",
      "level" : "asleep",
      "seconds" : 3840
    },{
      "dateTime" : "2017-05-31T01:39:00.000",
      "level" : "restless",
      "seconds" : 60
    },{
      "dateTime" : "2017-05-31T01:40:00.000",
      "level" : "asleep",
      "seconds" : 180
    },{
      "dateTime" : "2017-05-31T01:43:00.000",
      "level" : "restless",
      "seconds" : 60
    },{
      "dateTime" : "2017-05-31T01:44:00.000",
      "level" : "asleep",
      "seconds" : 3120
    },{
      "dateTime" : "2017-05-31T02:36:00.000",
      "level" : "restless",
      "seconds" : 60
    },{
      "dateTime" : "2017-05-31T02:37:00.000",
      "level" : "asleep",
      "seconds" : 180
    },{
      "dateTime" : "2017-05-31T02:40:00.000",
      "level" : "restless",
      "seconds" : 60
    },{
      "dateTime" : "2017-05-31T02:41:00.000",
      "level" : "asleep",
      "seconds" : 2820
    },{
      "dateTime" : "2017-05-31T03:28:00.000",
      "level" : "restless",
      "seconds" : 240
    },{
      "dateTime" : "2017-05-31T03:32:00.000",
      "level" : "awake",
      "seconds" : 60
    },{
      "dateTime" : "2017-05-31T03:33:00.000",
      "level" : "restless",
      "seconds" : 60
    },{
      "dateTime" : "2017-05-31T03:34:00.000",
      "level" : "asleep",
      "seconds" : 300
    },{
      "dateTime" : "2017-05-31T03:39:00.000",
      "level" : "restless",
      "seconds" : 60
    },{
      "dateTime" : "2017-05-31T03:40:00.000",
      "level" : "asleep",
      "seconds" : 120
    },{
      "dateTime" : "2017-05-31T03:42:00.000",
      "level" : "restless",
      "seconds" : 180
    },{
      "dateTime" : "2017-05-31T03:45:00.000",
      "level" : "asleep",
      "seconds" : 4920
    },{
      "dateTime" : "2017-05-31T05:07:00.000",
      "level" : "restless",
      "seconds" : 60
    },{
      "dateTime" : "2017-05-31T05:08:00.000",
      "level" : "asleep",
      "seconds" : 180
    },{
      "dateTime" : "2017-05-31T05:11:00.000",
      "level" : "restless",
      "seconds" : 60
    },{
      "dateTime" : "2017-05-31T05:12:00.000",
      "level" : "asleep",
      "seconds" : 7260
    },{
      "dateTime" : "2017-05-31T07:13:00.000",
      "level" : "restless",
      "seconds" : 60
    },{
      "dateTime" : "2017-05-31T07:14:00.000",
      "level" : "asleep",
      "seconds" : 120
    }]
  },
  "mainSleep" : true
},{
  "logId" : 14836746787,
  "dateOfSleep" : "2017-05-30",
  "startTime" : "2017-05-30T00:56:30.000",
  "endTime" : "2017-05-30T10:25:00.000",
  "duration" : 34080000,
  "minutesToFallAsleep" : 0,
  "minutesAsleep" : 541,
  "minutesAwake" : 26,
  "minutesAfterWakeup" : 1,
  "timeInBed" : 568,
  "efficiency" : 95,
  "type" : "classic",
  "infoCode" : 0,
  "logType" : "auto_detected",
  "levels" : {
    "summary" : {
      "restless" : {
        "count" : 15,
        "minutes" : 24
      },
      "awake" : {
        "count" : 2,
        "minutes" : 3
      },
      "asleep" : {
        "count" : 0,
        "minutes" : 541
      }
    },
    "data" : [{
      "dateTime" : "2017-05-30T00:56:30.000",
      "level" : "awake",
      "seconds" : 120
    },{
      "dateTime" : "2017-05-30T00:58:30.000",
      "level" : "restless",
      "seconds" : 60
    },{
      "dateTime" : "2017-05-30T00:59:30.000",
      "level" : "asleep",
      "seconds" : 2040
    },{
      "dateTime" : "2017-05-30T01:33:30.000",
      "level" : "restless",
      "seconds" : 60
    },{
      "dateTime" : "2017-05-30T01:34:30.000",
      "level" : "asleep",
      "seconds" : 1440
    },{
      "dateTime" : "2017-05-30T01:58:30.000",
      "level" : "restless",
      "seconds" : 60
    },{
      "dateTime" : "2017-05-30T01:59:30.000",
      "level" : "asleep",
      "seconds" : 60
    },{
      "dateTime" : "2017-05-30T02:00:30.000",
      "level" : "restless",
      "seconds" : 120
    },{
      "dateTime" : "2017-05-30T02:02:30.000",
      "level" : "awake",
      "seconds" : 60
    },{
      "dateTime" : "2017-05-30T02:03:30.000",
      "level" : "restless",
      "seconds" : 120
    },{
      "dateTime" : "2017-05-30T02:05:30.000",
      "level" : "asleep",
      "seconds" : 1920
    },{
      "dateTime" : "2017-05-30T02:37:30.000",
      "level" : "restless",
      "seconds" : 180
    },{
      "dateTime" : "2017-05-30T02:40:30.000",
      "level" : "asleep",
      "seconds" : 60
    },{
      "dateTime" : "2017-05-30T02:41:30.000",
      "level" : "restless",
      "seconds" : 180
    },{
      "dateTime" : "2017-05-30T02:44:30.000",
      "level" : "asleep",
      "seconds" : 9480
    },{
      "dateTime" : "2017-05-30T05:22:30.000",
      "level" : "restless",
      "seconds" : 60
    },{
      "dateTime" : "2017-05-30T05:23:30.000",
      "level" : "asleep",
      "seconds" : 3420
    },{
      "dateTime" : "2017-05-30T06:20:30.000",
      "level" : "restless",
      "seconds" : 60
    },{
      "dateTime" : "2017-05-30T06:21:30.000",
      "level" : "asleep",
      "seconds" : 3660
    },{
      "dateTime" : "2017-05-30T07:22:30.000",
      "level" : "restless",
      "seconds" : 60
    },{
      "dateTime" : "2017-05-30T07:23:30.000",
      "level" : "asleep",
      "seconds" : 180
    },{
      "dateTime" : "2017-05-30T07:26:30.000",
      "level" : "restless",
      "seconds" : 60
    },{
      "dateTime" : "2017-05-30T07:27:30.000",
      "level" : "asleep",
      "seconds" : 2160
    },{
      "dateTime" : "2017-05-30T08:03:30.000",
      "level" : "restless",
      "seconds" : 60
    },{
      "dateTime" : "2017-05-30T08:04:30.000",
      "level" : "asleep",
      "seconds" : 7320
    },{
      "dateTime" : "2017-05-30T10:06:30.000",
      "level" : "restless",
      "seconds" : 180
    },{
      "dateTime" : "2017-05-30T10:09:30.000",
      "level" : "asleep",
      "seconds" : 60
    },{
      "dateTime" : "2017-05-30T10:10:30.000",
      "level" : "restless",
      "seconds" : 120
    },{
      "dateTime" : "2017-05-30T10:12:30.000",
      "level" : "asleep",
      "seconds" : 660
    },{
      "dateTime" : "2017-05-30T10:23:30.000",
      "level" : "restless",
      "seconds" : 60
    }]
  },
  "mainSleep" : true
},{
  "logId" : 14836746786,
  "dateOfSleep" : "2017-05-29",
  "startTime" : "2017-05-29T00:47:30.000",
  "endTime" : "2017-05-29T06:52:00.000",
  "duration" : 21840000,
  "minutesToFallAsleep" : 0,
  "minutesAsleep" : 340,
  "minutesAwake" : 24,
  "minutesAfterWakeup" : 0,
  "timeInBed" : 364,
  "efficiency" : 93,
  "type" : "classic",
  "infoCode" : 0,
  "logType" : "auto_detected",
  "levels" : {
    "summary" : {
      "restless" : {
        "count" : 12,
        "minutes" : 21
      },
      "awake" : {
        "count" : 1,
        "minutes" : 3
      },
      "asleep" : {
        "count" : 0,
        "minutes" : 340
      }
    },
    "data" : [{
      "dateTime" : "2017-05-29T00:47:30.000",
      "level" : "restless",
      "seconds" : 120
    },{
      "dateTime" : "2017-05-29T00:49:30.000",
      "level" : "awake",
      "seconds" : 180
    },{
      "dateTime" : "2017-05-29T00:52:30.000",
      "level" : "restless",
      "seconds" : 60
    },{
      "dateTime" : "2017-05-29T00:53:30.000",
      "level" : "asleep",
      "seconds" : 300
    },{
      "dateTime" : "2017-05-29T00:58:30.000",
      "level" : "restless",
      "seconds" : 60
    },{
      "dateTime" : "2017-05-29T00:59:30.000",
      "level" : "asleep",
      "seconds" : 2280
    },{
      "dateTime" : "2017-05-29T01:37:30.000",
      "level" : "restless",
      "seconds" : 60
    },{
      "dateTime" : "2017-05-29T01:38:30.000",
      "level" : "asleep",
      "seconds" : 1980
    },{
      "dateTime" : "2017-05-29T02:11:30.000",
      "level" : "restless",
      "seconds" : 180
    },{
      "dateTime" : "2017-05-29T02:14:30.000",
      "level" : "asleep",
      "seconds" : 60
    },{
      "dateTime" : "2017-05-29T02:15:30.000",
      "level" : "restless",
      "seconds" : 60
    },{
      "dateTime" : "2017-05-29T02:16:30.000",
      "level" : "asleep",
      "seconds" : 4740
    },{
      "dateTime" : "2017-05-29T03:35:30.000",
      "level" : "restless",
      "seconds" : 180
    },{
      "dateTime" : "2017-05-29T03:38:30.000",
      "level" : "asleep",
      "seconds" : 1980
    },{
      "dateTime" : "2017-05-29T04:11:30.000",
      "level" : "restless",
      "seconds" : 300
    },{
      "dateTime" : "2017-05-29T04:16:30.000",
      "level" : "asleep",
      "seconds" : 1140
    },{
      "dateTime" : "2017-05-29T04:35:30.000",
      "level" : "restless",
      "seconds" : 60
    },{
      "dateTime" : "2017-05-29T04:36:30.000",
      "level" : "asleep",
      "seconds" : 1440
    },{
      "dateTime" : "2017-05-29T05:00:30.000",
      "level" : "restless",
      "seconds" : 60
    },{
      "dateTime" : "2017-05-29T05:01:30.000",
      "level" : "asleep",
      "seconds" : 180
    },{
      "dateTime" : "2017-05-29T05:04:30.000",
      "level" : "restless",
      "seconds" : 60
    },{
      "dateTime" : "2017-05-29T05:05:30.000",
      "level" : "asleep",
      "seconds" : 6240
    },{
      "dateTime" : "2017-05-29T06:49:30.000",
      "level" : "restless",
      "seconds" : 60
    },{
      "dateTime" : "2017-05-29T06:50:30.000",
      "level" : "asleep",
      "seconds" : 60
    }]
  },
  "mainSleep" : true
}]