[{
  "logId" : 1006478798,
  "dateOfSleep" : "2015-06-09",
  "startTime" : "2015-06-08T23:26:30.000",
  "endTime" : "2015-06-09T08:15:30.000",
  "duration" : 31740000,
  "minutesToFallAsleep" : 0,
  "minutesAsleep" : 480,
  "minutesAwake" : 36,
  "minutesAfterWakeup" : 0,
  "timeInBed" : 529,
  "efficiency" : 93,
  "type" : "classic",
  "infoCode" : 0,
  "logType" : "auto_detected",
  "levels" : {
    "summary" : {
      "restless" : {
        "count" : 19,
        "minutes" : 40
      },
      "awake" : {
        "count" : 2,
        "minutes" : 2
      },
      "asleep" : {
        "count" : 0,
        "minutes" : 480
      }
    },
    "data" : [{
      "dateTime" : "2015-06-08T23:26:30.000",
      "level" : "restless",
      "seconds" : 180
    },{
      "dateTime" : "2015-06-08T23:29:30.000",
      "level" : "awake",
      "seconds" : 60
    },{
      "dateTime" : "2015-06-08T23:30:30.000",
      "level" : "restless",
      "seconds" : 120
    },{
      "dateTime" : "2015-06-08T23:32:30.000",
      "level" : "asleep",
      "seconds" : 1320
    },{
      "dateTime" : "2015-06-08T23:54:30.000",
      "level" : "restless",
      "seconds" : 60
    },{
      "dateTime" : "2015-06-08T23:55:30.000",
      "level" : "asleep",
      "seconds" : 4860
    },{
      "dateTime" : "2015-06-09T01:16:30.000",
      "level" : "restless",
      "seconds" : 60
    },{
      "dateTime" : "2015-06-09T01:17:30.000",
      "level" : "asleep",
      "seconds" : 660
    },{
      "dateTime" : "2015-06-09T01:28:30.000",
      "level" : "restless",
      "seconds" : 120
    },{
      "dateTime" : "2015-06-09T01:30:30.000",
      "level" : "asleep",
      "seconds" : 1440
    },{
      "dateTime" : "2015-06-09T01:54:30.000",
      "level" : "restless",
      "seconds" : 120
    },{
      "dateTime" : "2015-06-09T01:56:30.000",
      "level" : "asleep",
      "seconds" : 60
    },{
      "dateTime" : "2015-06-09T01:57:30.000",
      "level" : "restless",
      "seconds" : 180
    },{
      "dateTime" : "2015-06-09T02:00:30.000",
      "level" : "asleep",
      "seconds" : 240
    },{
      "dateTime" : "2015-06-09T02:04:30.000",
      "level" : "restless",
      "seconds" : 60
    },{
      "dateTime" : "2015-06-09T02:05:30.000",
      "level" : "asleep",
      "seconds" : 900
    },{
      "dateTime" : "2015-06-09T02:20:30.000",
      "level" : "restless",
      "seconds" : 360
    },{
      "dateTime" : "2015-06-09T02:26:30.000",
      "level" : "asleep",
      "seconds" : 1500
    },{
      "dateTime" : "2015-06-09T02:51:30.000",
      "level" : "restless",
      "seconds" : 60
    },{
      "dateTime" : "2015-06-09T02:52:30.000",
      "level" : "asleep",
      "seconds" : 2220
    },{
      "dateTime" : "2015-06-09T03:29:30.000",
      "level" : "restless",
      "seconds" : 60
    },{
      "dateTime" : "2015-06-09T03:30:30.000",
      "level" : "asleep",
      "seconds" : 6480
    },{
      "dateTime" : "2015-06-09T05:18:30.000",
      "level" : "restless",
      "seconds" : 60
    },{
      "dateTime" : "2015-06-09T05:19:30.000",
      "level" : "asleep",
      "seconds" : 6060
    },{
      "dateTime" : "2015-06-09T07:00:30.000",
      "level" : "restless",
      "seconds" : 240
    },{
      "dateTime" : "2015-06-09T07:04:30.000",
      "level" : "asleep",
      "seconds" : 60
    },{
      "dateTime" : "2015-06-09T07:05:30.000",
      "level" : "restless",
      "seconds" : 60
    },{
      "dateTime" : "2015-06-09T07:06:30.000",
      "level" : "asleep",
      "seconds" : 2280
    },{
      "dateTime" : "2015-06-09T07:44:30.000",
      "level" : "restless",
      "seconds" : 240
    },{
      "dateTime" : "2015-06-09T07:48:30.000",
      "level" : "asleep",
      "seconds" : 360
    },{
      "dateTime" : "2015-06-09T07:54:30.000",
      "level" : "restless",
      "seconds" : 120
    },{
      "dateTime" : "2015-06-09T07:56:30.000",
      "level" : "asleep",
      "seconds" : 360
    },{
      "dateTime" : "2015-06-09T08:02:30.000",
      "level" : "restless",
      "seconds" : 120
    },{
      "dateTime" : "2015-06-09T08:04:30.000",
      "level" : "awake",
      "seconds" : 60
    },{
      "dateTime" : "2015-06-09T08:05:30.000",
      "level" : "restless",
      "seconds" : 120
    },{
      "dateTime" : "2015-06-09T08:07:30.000",
      "level" : "asleep",
      "seconds" : 60
    },{
      "dateTime" : "2015-06-09T08:08:30.000",
      "level" : "restless",
      "seconds" : 60
    },{
      "dateTime" : "2015-06-09T08:09:30.000",
      "level" : "asleep",
      "seconds" : 360
    }]
  },
  "mainSleep" : true
},{
  "logId" : 1003151732,
  "dateOfSleep" : "2015-06-08",
  "startTime" : "2015-06-07T23:56:00.000",
  "endTime" : "2015-06-08T09:16:00.000",
  "duration" : 33600000,
  "minutesToFallAsleep" : 0,
  "minutesAsleep" : 526,
  "minutesAwake" : 18,
  "minutesAfterWakeup" : 0,
  "timeInBed" : 560,
  "efficiency" : 97,
  "type" : "classic",
  "infoCode" : 0,
  "logType" : "auto_detected",
  "levels" : {
    "summary" : {
      "restless" : {
        "count" : 12,
        "minutes" : 20
      },
      "awake" : {
        "count" : 2,
        "minutes" : 3
      },
      "asleep" : {
        "count" : 0,
        "minutes" : 526
      }
    },
    "data" : [{
      "dateTime" : "2015-06-07T23:56:00.000",
      "level" : "awake",
      "seconds" : 120
    },{
      "dateTime" : "2015-06-07T23:58:00.000",
      "level" : "restless",
      "seconds" : 60
    },{
      "dateTime" : "2015-06-07T23:59:00.000",
      "level" : "awake",
      "seconds" : 60
    },{
      "dateTime" : "2015-06-08T00:00:00.000",
      "level" : "restless",
      "seconds" : 60
    },{
      "dateTime" : "2015-06-08T00:01:00.000",
      "level" : "asleep",
      "seconds" : 2760
    },{
      "dateTime" : "2015-06-08T00:47:00.000",
      "level" : "restless",
      "seconds" : 60
    },{
      "dateTime" : "2015-06-08T00:48:00.000",
      "level" : "asleep",
      "seconds" : 120
    },{
      "dateTime" : "2015-06-08T00:50:00.000",
      "level" : "restless",
      "seconds" : 60
    },{
      "dateTime" : "2015-06-08T00:51:00.000",
      "level" : "asleep",
      "seconds" : 12000
    },{
      "dateTime" : "2015-06-08T04:11:00.000",
      "level" : "restless",
      "seconds" : 60
    },{
      "dateTime" : "2015-06-08T04:12:00.000",
      "level" : "asleep",
      "seconds" : 9780
    },{
      "dateTime" : "2015-06-08T06:55:00.000",
      "level" : "restless",
      "seconds" : 180
    },{
      "dateTime" : "2015-06-08T06:58:00.000",
      "level" : "asleep",
      "seconds" : 900
    },{
      "dateTime" : "2015-06-08T07:13:00.000",
      "level" : "restless",
      "seconds" : 60
    },{
      "dateTime" : "2015-06-08T07:14:00.000",
      "level" : "asleep",
      "seconds" : 300
    },{
      "dateTime" : "2015-06-08T07:19:00.000",
      "level" : "restless",
      "seconds" : 60
    },{
      "dateTime" : "2015-06-08T07:20:00.000",
      "level" : "asleep",
      "seconds" : 4320
    },{
      "dateTime" : "2015-06-08T08:32:00.000",
      "level" : "restless",
      "seconds" : 60
    },{
      "dateTime" : "2015-06-08T08:33:00.000",
      "level" : "asleep",
      "seconds" : 540
    },{
      "dateTime" : "2015-06-08T08:42:00.000",
      "level" : "restless",
      "seconds" : 300
    },{
      "dateTime" : "2015-06-08T08:47:00.000",
      "level" : "asleep",
      "seconds" : 360
    },{
      "dateTime" : "2015-06-08T08:53:00.000",
      "level" : "restless",
      "seconds" : 60
    },{
      "dateTime" : "2015-06-08T08:54:00.000",
      "level" : "asleep",
      "seconds" : 840
    },{
      "dateTime" : "2015-06-08T09:08:00.000",
      "level" : "restless",
      "seconds" : 180
    },{
      "dateTime" : "2015-06-08T09:11:00.000",
      "level" : "asleep",
      "seconds" : 300
    }]
  },
  "mainSleep" : true
},{
  "logId" : 999796637,
  "dateOfSleep" : "2015-06-07",
  "startTime" : "2015-06-07T01:10:00.000",
  "endTime" : "2015-06-07T03:41:30.000",
  "duration" : 9060000,
  "minutesToFallAsleep" : 0,
  "minutesAsleep" : 134,
  "minutesAwake" : 0,
  "minutesAfterWakeup" : 0,
  "timeInBed" : 151,
  "efficiency" : 100,
  "type" : "classic",
  "infoCode" : 0,
  "logType" : "auto_detected",
  "levels" : {
    "summary" : {
      "restless" : {
        "count" : 1,
        "minutes" : 3
      },
      "awake" : {
        "count" : 0,
        "minutes" : 0
      },
      "asleep" : {
        "count" : 0,
        "minutes" : 134
      }
    },
    "data" : [{
      "dateTime" : "2015-06-07T01:10:00.000",
      "level" : "asleep",
      "seconds" : 720
    },{
      "dateTime" : "2015-06-07T01:22:00.000",
      "level" : "restless",
      "seconds" : 180
    },{
      "dateTime" : "2015-06-07T01:25:00.000",
      "level" : "asleep",
      "seconds" : 8160
    }]
  },
  "mainSleep" : true
},{
  "logId" : 997105235,
  "dateOfSleep" : "2015-06-06",
  "startTime" : "2015-06-05T23:48:00.000",
  "endTime" : "2015-06-06T07:41:30.000",
  "duration" : 28380000,
  "minutesToFallAsleep" : 0,
  "minutesAsleep" : 444,
  "minutesAwake" : 10,
  "minutesAfterWakeup" : 0,
  "timeInBed" : 473,
  "efficiency" : 98,
  "type" : "classic",
  "infoCode" : 0,
  "logType" : "auto_detected",
  "levels" : {
    "summary" : {
      "restless" : {
        "count" : 8,
        "minutes" : 14
      },
      "awake" : {
        "count" : 1,
        "minutes" : 5
      },
      "asleep" : {
        "count" : 0,
        "minutes" : 444
      }
    },
    "data" : [{
      "dateTime" : "2015-06-05T23:48:00.000",
      "level" : "asleep",
      "seconds" : 120
    },{
      "dateTime" : "2015-06-05T23:50:00.000",
      "level" : "restless",
      "seconds" : 120
    },{
      "dateTime" : "2015-06-05T23:52:00.000",
      "level" : "awake",
      "seconds" : 300
    },{
      "dateTime" : "2015-06-05T23:57:00.000",
      "level" : "restless",
      "seconds" : 60
    },{
      "dateTime" : "2015-06-05T23:58:00.000",
      "level" : "asleep",
      "seconds" : 480
    },{
      "dateTime" : "2015-06-06T00:06:00.000",
      "level" : "restless",
      "seconds" : 60
    },{
      "dateTime" : "2015-06-06T00:07:00.000",
      "level" : "asleep",
      "seconds" : 12660
    },{
      "dateTime" : "2015-06-06T03:38:00.000",
      "level" : "restless",
      "seconds" : 60
    },{
      "dateTime" : "2015-06-06T03:39:00.000",
      "level" : "asleep",
      "seconds" : 840
    },{
      "dateTime" : "2015-06-06T03:53:00.000",
      "level" : "restless",
      "seconds" : 60
    },{
      "dateTime" : "2015-06-06T03:54:00.000",
      "level" : "asleep",
      "seconds" : 5460
    },{
      "dateTime" : "2015-06-06T05:25:00.000",
      "level" : "restless",
      "seconds" : 60
    },{
      "dateTime" : "2015-06-06T05:26:00.000",
      "level" : "asleep",
      "seconds" : 7140
    },{
      "dateTime" : "2015-06-06T07:25:00.000",
      "level" : "restless",
      "seconds" : 360
    },{
      "dateTime" : "2015-06-06T07:31:00.000",
      "level" : "asleep",
      "seconds" : 180
    },{
      "dateTime" : "2015-06-06T07:34:00.000",
      "level" : "restless",
      "seconds" : 60
    },{
      "dateTime" : "2015-06-06T07:35:00.000",
      "level" : "asleep",
      "seconds" : 360
    }]
  },
  "mainSleep" : true
},{
  "logId" : 994259543,
  "dateOfSleep" : "2015-06-05",
  "startTime" : "2015-06-04T22:54:00.000",
  "endTime" : "2015-06-05T08:48:00.000",
  "duration" : 35640000,
  "minutesToFallAsleep" : 0,
  "minutesAsleep" : 572,
  "minutesAwake" : 19,
  "minutesAfterWakeup" : 0,
  "timeInBed" : 594,
  "efficiency" : 97,
  "type" : "classic",
  "infoCode" : 0,
  "logType" : "auto_detected",
  "levels" : {
    "summary" : {
      "restless" : {
        "count" : 11,
        "minutes" : 18
      },
      "awake" : {
        "count" : 2,
        "minutes" : 3
      },
      "asleep" : {
        "count" : 0,
        "minutes" : 572
      }
    },
    "data" : [{
      "dateTime" : "2015-06-04T22:54:00.000",
      "level" : "awake",
      "seconds" : 120
    },{
      "dateTime" : "2015-06-04T22:56:00.000",
      "level" : "asleep",
      "seconds" : 1320
    },{
      "dateTime" : "2015-06-04T23:18:00.000",
      "level" : "awake",
      "seconds" : 60
    },{
      "dateTime" : "2015-06-04T23:19:00.000",
      "level" : "asleep",
      "seconds" : 2580
    },{
      "dateTime" : "2015-06-05T00:02:00.000",
      "level" : "restless",
      "seconds" : 180
    },{
      "dateTime" : "2015-06-05T00:05:00.000",
      "level" : "asleep",
      "seconds" : 12180
    },{
      "dateTime" : "2015-06-05T03:28:00.000",
      "level" : "restless",
      "seconds" : 60
    },{
      "dateTime" : "2015-06-05T03:29:00.000",
      "level" : "asleep",
      "seconds" : 1140
    },{
      "dateTime" : "2015-06-05T03:48:00.000",
      "level" : "restless",
      "seconds" : 180
    },{
      "dateTime" : "2015-06-05T03:51:00.000",
      "level" : "asleep",
      "seconds" : 60
    },{
      "dateTime" : "2015-06-05T03:52:00.000",
      "level" : "restless",
      "seconds" : 60
    },{
      "dateTime" : "2015-06-05T03:53:00.000",
      "level" : "asleep",
      "seconds" : 780
    },{
      "dateTime" : "2015-06-05T04:06:00.000",
      "level" : "restless",
      "seconds" : 60
    },{
      "dateTime" : "2015-06-05T04:07:00.000",
      "level" : "asleep",
      "seconds" : 300
    },{
      "dateTime" : "2015-06-05T04:12:00.000",
      "level" : "restless",
      "seconds" : 120
    },{
      "dateTime" : "2015-06-05T04:14:00.000",
      "level" : "asleep",
      "seconds" : 600
    },{
      "dateTime" : "2015-06-05T04:24:00.000",
      "level" : "restless",
      "seconds" : 60
    },{
      "dateTime" : "2015-06-05T04:25:00.000",
      "level" : "asleep",
      "seconds" : 4440
    },{
      "dateTime" : "2015-06-05T05:39:00.000",
      "level" : "restless",
      "seconds" : 60
    },{
      "dateTime" : "2015-06-05T05:40:00.000",
      "level" : "asleep",
      "seconds" : 4560
    },{
      "dateTime" : "2015-06-05T06:56:00.000",
      "level" : "restless",
      "seconds" : 60
    },{
      "dateTime" : "2015-06-05T06:57:00.000",
      "level" : "asleep",
      "seconds" : 4860
    },{
      "dateTime" : "2015-06-05T08:18:00.000",
      "level" : "restless",
      "seconds" : 120
    },{
      "dateTime" : "2015-06-05T08:20:00.000",
      "level" : "asleep",
      "seconds" : 300
    },{
      "dateTime" : "2015-06-05T08:25:00.000",
      "level" : "restless",
      "seconds" : 120
    },{
      "dateTime" : "2015-06-05T08:27:00.000",
      "level" : "asleep",
      "seconds" : 1260
    }]
  },
  "mainSleep" : true
},{
  "logId" : 990810568,
  "dateOfSleep" : "2015-06-04",
  "startTime" : "2015-06-03T22:38:30.000",
  "endTime" : "2015-06-04T06:24:30.000",
  "duration" : 27960000,
  "minutesToFallAsleep" : 0,
  "minutesAsleep" : 428,
  "minutesAwake" : 26,
  "minutesAfterWakeup" : 2,
  "timeInBed" : 466,
  "efficiency" : 94,
  "type" : "classic",
  "infoCode" : 0,
  "logType" : "auto_detected",
  "levels" : {
    "summary" : {
      "restless" : {
        "count" : 19,
        "minutes" : 31
      },
      "awake" : {
        "count" : 2,
        "minutes" : 2
      },
      "asleep" : {
        "count" : 0,
        "minutes" : 428
      }
    },
    "data" : [{
      "dateTime" : "2015-06-03T22:38:30.000",
      "level" : "restless",
      "seconds" : 60
    },{
      "dateTime" : "2015-06-03T22:39:30.000",
      "level" : "asleep",
      "seconds" : 60
    },{
      "dateTime" : "2015-06-03T22:40:30.000",
      "level" : "restless",
      "seconds" : 120
    },{
      "dateTime" : "2015-06-03T22:42:30.000",
      "level" : "asleep",
      "seconds" : 120
    },{
      "dateTime" : "2015-06-03T22:44:30.000",
      "level" : "restless",
      "seconds" : 120
    },{
      "dateTime" : "2015-06-03T22:46:30.000",
      "level" : "asleep",
      "seconds" : 8880
    },{
      "dateTime" : "2015-06-04T01:14:30.000",
      "level" : "restless",
      "seconds" : 60
    },{
      "dateTime" : "2015-06-04T01:15:30.000",
      "level" : "asleep",
      "seconds" : 1500
    },{
      "dateTime" : "2015-06-04T01:40:30.000",
      "level" : "restless",
      "seconds" : 60
    },{
      "dateTime" : "2015-06-04T01:41:30.000",
      "level" : "asleep",
      "seconds" : 180
    },{
      "dateTime" : "2015-06-04T01:44:30.000",
      "level" : "restless",
      "seconds" : 60
    },{
      "dateTime" : "2015-06-04T01:45:30.000",
      "level" : "asleep",
      "seconds" : 60
    },{
      "dateTime" : "2015-06-04T01:46:30.000",
      "level" : "restless",
      "seconds" : 60
    },{
      "dateTime" : "2015-06-04T01:47:30.000",
      "level" : "asleep",
      "seconds" : 2640
    },{
      "dateTime" : "2015-06-04T02:31:30.000",
      "level" : "restless",
      "seconds" : 120
    },{
      "dateTime" : "2015-06-04T02:33:30.000",
      "level" : "asleep",
      "seconds" : 60
    },{
      "dateTime" : "2015-06-04T02:34:30.000",
      "level" : "restless",
      "seconds" : 60
    },{
      "dateTime" : "2015-06-04T02:35:30.000",
      "level" : "asleep",
      "seconds" : 360
    },{
      "dateTime" : "2015-06-04T02:41:30.000",
      "level" : "restless",
      "seconds" : 60
    },{
      "dateTime" : "2015-06-04T02:42:30.000",
      "level" : "asleep",
      "seconds" : 3060
    },{
      "dateTime" : "2015-06-04T03:33:30.000",
      "level" : "restless",
      "seconds" : 120
    },{
      "dateTime" : "2015-06-04T03:35:30.000",
      "level" : "asleep",
      "seconds" : 1080
    },{
      "dateTime" : "2015-06-04T03:53:30.000",
      "level" : "restless",
      "seconds" : 300
    },{
      "dateTime" : "2015-06-04T03:58:30.000",
      "level" : "awake",
      "seconds" : 60
    },{
      "dateTime" : "2015-06-04T03:59:30.000",
      "level" : "asleep",
      "seconds" : 2700
    },{
      "dateTime" : "2015-06-04T04:44:30.000",
      "level" : "restless",
      "seconds" : 60
    },{
      "dateTime" : "2015-06-04T04:45:30.000",
      "level" : "asleep",
      "seconds" : 1620
    },{
      "dateTime" : "2015-06-04T05:12:30.000",
      "level" : "restless",
      "seconds" : 60
    },{
      "dateTime" : "2015-06-04T05:13:30.000",
      "level" : "asleep",
      "seconds" : 60
    },{
      "dateTime" : "2015-06-04T05:14:30.000",
      "level" : "restless",
      "seconds" : 60
    },{
      "dateTime" : "2015-06-04T05:15:30.000",
      "level" : "asleep",
      "seconds" : 3240
    },{
      "dateTime" : "2015-06-04T06:09:30.000",
      "level" : "restless",
      "seconds" : 180
    },{
      "dateTime" : "2015-06-04T06:12:30.000",
      "level" : "awake",
      "seconds" : 60
    },{
      "dateTime" : "2015-06-04T06:13:30.000",
      "level" : "asleep",
      "seconds" : 240
    },{
      "dateTime" : "2015-06-04T06:17:30.000",
      "level" : "restless",
      "seconds" : 60
    },{
      "dateTime" : "2015-06-04T06:18:30.000",
      "level" : "asleep",
      "seconds" : 60
    },{
      "dateTime" : "2015-06-04T06:19:30.000",
      "level" : "restless",
      "seconds" : 120
    },{
      "dateTime" : "2015-06-04T06:21:30.000",
      "level" : "asleep",
      "seconds" : 60
    },{
      "dateTime" : "2015-06-04T06:22:30.000",
      "level" : "restless",
      "seconds" : 120
    }]
  },
  "mainSleep" : true
},{
  "logId" : 987944426,
  "dateOfSleep" : "2015-06-03",
  "startTime" : "2015-06-02T23:23:00.000",
  "endTime" : "2015-06-03T08:39:00.000",
  "duration" : 33360000,
  "minutesToFallAsleep" : 0,
  "minutesAsleep" : 526,
  "minutesAwake" : 11,
  "minutesAfterWakeup" : 4,
  "timeInBed" : 556,
  "efficiency" : 98,
  "type" : "classic",
  "infoCode" : 0,
  "logType" : "auto_detected",
  "levels" : {
    "summary" : {
      "restless" : {
        "count" : 16,
        "minutes" : 20
      },
      "awake" : {
        "count" : 3,
        "minutes" : 5
      },
      "asleep" : {
        "count" : 0,
        "minutes" : 526
      }
    },
    "data" : [{
      "dateTime" : "2015-06-02T23:23:00.000",
      "level" : "restless",
      "seconds" : 60
    },{
      "dateTime" : "2015-06-02T23:24:00.000",
      "level" : "awake",
      "seconds" : 120
    },{
      "dateTime" : "2015-06-02T23:26:00.000",
      "level" : "restless",
      "seconds" : 60
    },{
      "dateTime" : "2015-06-02T23:27:00.000",
      "level" : "asleep",
      "seconds" : 300
    },{
      "dateTime" : "2015-06-02T23:32:00.000",
      "level" : "restless",
      "seconds" : 180
    },{
      "dateTime" : "2015-06-02T23:35:00.000",
      "level" : "awake",
      "seconds" : 120
    },{
      "dateTime" : "2015-06-02T23:37:00.000",
      "level" : "restless",
      "seconds" : 60
    },{
      "dateTime" : "2015-06-02T23:38:00.000",
      "level" : "asleep",
      "seconds" : 1680
    },{
      "dateTime" : "2015-06-03T00:06:00.000",
      "level" : "restless",
      "seconds" : 60
    },{
      "dateTime" : "2015-06-03T00:07:00.000",
      "level" : "asleep",
      "seconds" : 1500
    },{
      "dateTime" : "2015-06-03T00:32:00.000",
      "level" : "restless",
      "seconds" : 60
    },{
      "dateTime" : "2015-06-03T00:33:00.000",
      "level" : "asleep",
      "seconds" : 4920
    },{
      "dateTime" : "2015-06-03T01:55:00.000",
      "level" : "restless",
      "seconds" : 60
    },{
      "dateTime" : "2015-06-03T01:56:00.000",
      "level" : "asleep",
      "seconds" : 12900
    },{
      "dateTime" : "2015-06-03T05:31:00.000",
      "level" : "restless",
      "seconds" : 60
    },{
      "dateTime" : "2015-06-03T05:32:00.000",
      "level" : "asleep",
      "seconds" : 1440
    },{
      "dateTime" : "2015-06-03T05:56:00.000",
      "level" : "restless",
      "seconds" : 60
    },{
      "dateTime" : "2015-06-03T05:57:00.000",
      "level" : "asleep",
      "seconds" : 5940
    },{
      "dateTime" : "2015-06-03T07:36:00.000",
      "level" : "restless",
      "seconds" : 60
    },{
      "dateTime" : "2015-06-03T07:37:00.000",
      "level" : "asleep",
      "seconds" : 480
    },{
      "dateTime" : "2015-06-03T07:45:00.000",
      "level" : "restless",
      "seconds" : 60
    },{
      "dateTime" : "2015-06-03T07:46:00.000",
      "level" : "asleep",
      "seconds" : 300
    },{
      "dateTime" : "2015-06-03T07:51:00.000",
      "level" : "restless",
      "seconds" : 60
    },{
      "dateTime" : "2015-06-03T07:52:00.000",
      "level" : "asleep",
      "seconds" : 1380
    },{
      "dateTime" : "2015-06-03T08:15:00.000",
      "level" : "restless",
      "seconds" : 60
    },{
      "dateTime" : "2015-06-03T08:16:00.000",
      "level" : "asleep",
      "seconds" : 600
    },{
      "dateTime" : "2015-06-03T08:26:00.000",
      "level" : "restless",
      "seconds" : 60
    },{
      "dateTime" : "2015-06-03T08:27:00.000",
      "level" : "asleep",
      "seconds" : 180
    },{
      "dateTime" : "2015-06-03T08:30:00.000",
      "level" : "restless",
      "seconds" : 60
    },{
      "dateTime" : "2015-06-03T08:31:00.000",
      "level" : "asleep",
      "seconds" : 240
    },{
      "dateTime" : "2015-06-03T08:35:00.000",
      "level" : "restless",
      "seconds" : 180
    },{
      "dateTime" : "2015-06-03T08:38:00.000",
      "level" : "awake",
      "seconds" : 60
    }]
  },
  "mainSleep" : true
},{
  "logId" : 984754451,
  "dateOfSleep" : "2015-06-02",
  "startTime" : "2015-06-01T22:55:00.000",
  "endTime" : "2015-06-02T09:27:30.000",
  "duration" : 37920000,
  "minutesToFallAsleep" : 0,
  "minutesAsleep" : 587,
  "minutesAwake" : 39,
  "minutesAfterWakeup" : 0,
  "timeInBed" : 632,
  "efficiency" : 94,
  "type" : "classic",
  "infoCode" : 0,
  "logType" : "auto_detected",
  "levels" : {
    "summary" : {
      "restless" : {
        "count" : 20,
        "minutes" : 42
      },
      "awake" : {
        "count" : 3,
        "minutes" : 3
      },
      "asleep" : {
        "count" : 0,
        "minutes" : 587
      }
    },
    "data" : [{
      "dateTime" : "2015-06-01T22:55:00.000",
      "level" : "restless",
      "seconds" : 360
    },{
      "dateTime" : "2015-06-01T23:01:00.000",
      "level" : "asleep",
      "seconds" : 540
    },{
      "dateTime" : "2015-06-01T23:10:00.000",
      "level" : "restless",
      "seconds" : 240
    },{
      "dateTime" : "2015-06-01T23:14:00.000",
      "level" : "awake",
      "seconds" : 60
    },{
      "dateTime" : "2015-06-01T23:15:00.000",
      "level" : "restless",
      "seconds" : 180
    },{
      "dateTime" : "2015-06-01T23:18:00.000",
      "level" : "asleep",
      "seconds" : 180
    },{
      "dateTime" : "2015-06-01T23:21:00.000",
      "level" : "restless",
      "seconds" : 120
    },{
      "dateTime" : "2015-06-01T23:23:00.000",
      "level" : "asleep",
      "seconds" : 60
    },{
      "dateTime" : "2015-06-01T23:24:00.000",
      "level" : "restless",
      "seconds" : 60
    },{
      "dateTime" : "2015-06-01T23:25:00.000",
      "level" : "asleep",
      "seconds" : 60
    },{
      "dateTime" : "2015-06-01T23:26:00.000",
      "level" : "restless",
      "seconds" : 60
    },{
      "dateTime" : "2015-06-01T23:27:00.000",
      "level" : "asleep",
      "seconds" : 3420
    },{
      "dateTime" : "2015-06-02T00:24:00.000",
      "level" : "restless",
      "seconds" : 120
    },{
      "dateTime" : "2015-06-02T00:26:00.000",
      "level" : "awake",
      "seconds" : 60
    },{
      "dateTime" : "2015-06-02T00:27:00.000",
      "level" : "asleep",
      "seconds" : 3720
    },{
      "dateTime" : "2015-06-02T01:29:00.000",
      "level" : "restless",
      "seconds" : 60
    },{
      "dateTime" : "2015-06-02T01:30:00.000",
      "level" : "asleep",
      "seconds" : 1260
    },{
      "dateTime" : "2015-06-02T01:51:00.000",
      "level" : "restless",
      "seconds" : 60
    },{
      "dateTime" : "2015-06-02T01:52:00.000",
      "level" : "asleep",
      "seconds" : 3660
    },{
      "dateTime" : "2015-06-02T02:53:00.000",
      "level" : "restless",
      "seconds" : 60
    },{
      "dateTime" : "2015-06-02T02:54:00.000",
      "level" : "asleep",
      "seconds" : 4380
    },{
      "dateTime" : "2015-06-02T04:07:00.000",
      "level" : "restless",
      "seconds" : 60
    },{
      "dateTime" : "2015-06-02T04:08:00.000",
      "level" : "asleep",
      "seconds" : 9180
    },{
      "dateTime" : "2015-06-02T06:41:00.000",
      "level" : "restless",
      "seconds" : 60
    },{
      "dateTime" : "2015-06-02T06:42:00.000",
      "level" : "asleep",
      "seconds" : 5340
    },{
      "dateTime" : "2015-06-02T08:11:00.000",
      "level" : "restless",
      "seconds" : 60
    },{
      "dateTime" : "2015-06-02T08:12:00.000",
      "level" : "asleep",
      "seconds" : 960
    },{
      "dateTime" : "2015-06-02T08:28:00.000",
      "level" : "restless",
      "seconds" : 180
    },{
      "dateTime" : "2015-06-02T08:31:00.000",
      "level" : "asleep",
      "seconds" : 660
    },{
      "dateTime" : "2015-06-02T08:42:00.000",
      "level" : "restless",
      "seconds" : 60
    },{
      "dateTime" : "2015-06-02T08:43:00.000",
      "level" : "awake",
      "seconds" : 60
    },{
      "dateTime" : "2015-06-02T08:44:00.000",
      "level" : "restless",
      "seconds" : 180
    },{
      "dateTime" : "2015-06-02T08:47:00.000",
      "level" : "asleep",
      "seconds" : 840
    },{
      "dateTime" : "2015-06-02T09:01:00.000",
      "level" : "restless",
      "seconds" : 240
    },{
      "dateTime" : "2015-06-02T09:05:00.000",
      "level" : "asleep",
      "seconds" : 60
    },{
      "dateTime" : "2015-06-02T09:06:00.000",
      "level" : "restless",
      "seconds" : 180
    },{
      "dateTime" : "2015-06-02T09:09:00.000",
      "level" : "asleep",
      "seconds" : 420
    },{
      "dateTime" : "2015-06-02T09:16:00.000",
      "level" : "restless",
      "seconds" : 60
    },{
      "dateTime" : "2015-06-02T09:17:00.000",
      "level" : "asleep",
      "seconds" : 120
    },{
      "dateTime" : "2015-06-02T09:19:00.000",
      "level" : "restless",
      "seconds" : 120
    },{
      "dateTime" : "2015-06-02T09:21:00.000",
      "level" : "asleep",
      "seconds" : 360
    }]
  },
  "mainSleep" : true
},{
  "logId" : 981482618,
  "dateOfSleep" : "2015-06-01",
  "startTime" : "2015-05-31T23:58:00.000",
  "endTime" : "2015-06-01T09:03:30.000",
  "duration" : 32700000,
  "minutesToFallAsleep" : 0,
  "minutesAsleep" : 522,
  "minutesAwake" : 16,
  "minutesAfterWakeup" : 0,
  "timeInBed" : 545,
  "efficiency" : 97,
  "type" : "classic",
  "infoCode" : 0,
  "logType" : "auto_detected",
  "levels" : {
    "summary" : {
      "restless" : {
        "count" : 13,
        "minutes" : 22
      },
      "awake" : {
        "count" : 0,
        "minutes" : 0
      },
      "asleep" : {
        "count" : 0,
        "minutes" : 522
      }
    },
    "data" : [{
      "dateTime" : "2015-05-31T23:58:00.000",
      "level" : "restless",
      "seconds" : 300
    },{
      "dateTime" : "2015-06-01T00:03:00.000",
      "level" : "asleep",
      "seconds" : 60
    },{
      "dateTime" : "2015-06-01T00:04:00.000",
      "level" : "restless",
      "seconds" : 60
    },{
      "dateTime" : "2015-06-01T00:05:00.000",
      "level" : "asleep",
      "seconds" : 7620
    },{
      "dateTime" : "2015-06-01T02:12:00.000",
      "level" : "restless",
      "seconds" : 60
    },{
      "dateTime" : "2015-06-01T02:13:00.000",
      "level" : "asleep",
      "seconds" : 2520
    },{
      "dateTime" : "2015-06-01T02:55:00.000",
      "level" : "restless",
      "seconds" : 60
    },{
      "dateTime" : "2015-06-01T02:56:00.000",
      "level" : "asleep",
      "seconds" : 600
    },{
      "dateTime" : "2015-06-01T03:06:00.000",
      "level" : "restless",
      "seconds" : 60
    },{
      "dateTime" : "2015-06-01T03:07:00.000",
      "level" : "asleep",
      "seconds" : 4620
    },{
      "dateTime" : "2015-06-01T04:24:00.000",
      "level" : "restless",
      "seconds" : 60
    },{
      "dateTime" : "2015-06-01T04:25:00.000",
      "level" : "asleep",
      "seconds" : 60
    },{
      "dateTime" : "2015-06-01T04:26:00.000",
      "level" : "restless",
      "seconds" : 60
    },{
      "dateTime" : "2015-06-01T04:27:00.000",
      "level" : "asleep",
      "seconds" : 6060
    },{
      "dateTime" : "2015-06-01T06:08:00.000",
      "level" : "restless",
      "seconds" : 60
    },{
      "dateTime" : "2015-06-01T06:09:00.000",
      "level" : "asleep",
      "seconds" : 6180
    },{
      "dateTime" : "2015-06-01T07:52:00.000",
      "level" : "restless",
      "seconds" : 60
    },{
      "dateTime" : "2015-06-01T07:53:00.000",
      "level" : "asleep",
      "seconds" : 1440
    },{
      "dateTime" : "2015-06-01T08:17:00.000",
      "level" : "restless",
      "seconds" : 180
    },{
      "dateTime" : "2015-06-01T08:20:00.000",
      "level" : "asleep",
      "seconds" : 420
    },{
      "dateTime" : "2015-06-01T08:27:00.000",
      "level" : "restless",
      "seconds" : 60
    },{
      "dateTime" : "2015-06-01T08:28:00.000",
      "level" : "asleep",
      "seconds" : 1680
    },{
      "dateTime" : "2015-06-01T08:56:00.000",
      "level" : "restless",
      "seconds" : 240
    },{
      "dateTime" : "2015-06-01T09:00:00.000",
      "level" : "asleep",
      "seconds" : 60
    },{
      "dateTime" : "2015-06-01T09:01:00.000",
      "level" : "restless",
      "seconds" : 60
    },{
      "dateTime" : "2015-06-01T09:02:00.000",
      "level" : "asleep",
      "seconds" : 60
    }]
  },
  "mainSleep" : true
},{
  "logId" : 978343839,
  "dateOfSleep" : "2015-05-31",
  "startTime" : "2015-05-31T00:27:00.000",
  "endTime" : "2015-05-31T08:33:00.000",
  "duration" : 29160000,
  "minutesToFallAsleep" : 0,
  "minutesAsleep" : 445,
  "minutesAwake" : 7,
  "minutesAfterWakeup" : 3,
  "timeInBed" : 486,
  "efficiency" : 98,
  "type" : "classic",
  "infoCode" : 0,
  "logType" : "auto_detected",
  "levels" : {
    "summary" : {
      "restless" : {
        "count" : 13,
        "minutes" : 22
      },
      "awake" : {
        "count" : 2,
        "minutes" : 5
      },
      "asleep" : {
        "count" : 0,
        "minutes" : 445
      }
    },
    "data" : [{
      "dateTime" : "2015-05-31T00:27:00.000",
      "level" : "awake",
      "seconds" : 180
    },{
      "dateTime" : "2015-05-31T00:30:00.000",
      "level" : "restless",
      "seconds" : 120
    },{
      "dateTime" : "2015-05-31T00:32:00.000",
      "level" : "asleep",
      "seconds" : 480
    },{
      "dateTime" : "2015-05-31T00:40:00.000",
      "level" : "restless",
      "seconds" : 180
    },{
      "dateTime" : "2015-05-31T00:43:00.000",
      "level" : "awake",
      "seconds" : 120
    },{
      "dateTime" : "2015-05-31T00:45:00.000",
      "level" : "restless",
      "seconds" : 240
    },{
      "dateTime" : "2015-05-31T00:49:00.000",
      "level" : "asleep",
      "seconds" : 180
    },{
      "dateTime" : "2015-05-31T00:52:00.000",
      "level" : "restless",
      "seconds" : 60
    },{
      "dateTime" : "2015-05-31T00:53:00.000",
      "level" : "asleep",
      "seconds" : 120
    },{
      "dateTime" : "2015-05-31T00:55:00.000",
      "level" : "restless",
      "seconds" : 60
    },{
      "dateTime" : "2015-05-31T00:56:00.000",
      "level" : "asleep",
      "seconds" : 60
    },{
      "dateTime" : "2015-05-31T00:57:00.000",
      "level" : "restless",
      "seconds" : 60
    },{
      "dateTime" : "2015-05-31T00:58:00.000",
      "level" : "asleep",
      "seconds" : 6180
    },{
      "dateTime" : "2015-05-31T02:41:00.000",
      "level" : "restless",
      "seconds" : 60
    },{
      "dateTime" : "2015-05-31T02:42:00.000",
      "level" : "asleep",
      "seconds" : 2940
    },{
      "dateTime" : "2015-05-31T03:31:00.000",
      "level" : "restless",
      "seconds" : 120
    },{
      "dateTime" : "2015-05-31T03:33:00.000",
      "level" : "asleep",
      "seconds" : 120
    },{
      "dateTime" : "2015-05-31T03:35:00.000",
      "level" : "restless",
      "seconds" : 60
    },{
      "dateTime" : "2015-05-31T03:36:00.000",
      "level" : "asleep",
      "seconds" : 5640
    },{
      "dateTime" : "2015-05-31T05:10:00.000",
      "level" : "restless",
      "seconds" : 60
    },{
      "dateTime" : "2015-05-31T05:11:00.000",
      "level" : "asleep",
      "seconds" : 4740
    },{
      "dateTime" : "2015-05-31T06:30:00.000",
      "level" : "restless",
      "seconds" : 60
    },{
      "dateTime" : "2015-05-31T06:31:00.000",
      "level" : "asleep",
      "seconds" : 1800
    },{
      "dateTime" : "2015-05-31T07:01:00.000",
      "level" : "restless",
      "seconds" : 60
    },{
      "dateTime" : "2015-05-31T07:02:00.000",
      "level" : "asleep",
      "seconds" : 5280
    },{
      "dateTime" : "2015-05-31T08:30:00.000",
      "level" : "restless",
      "seconds" : 180
    }]
  },
  "mainSleep" : true
},{
  "logId" : 972004733,
  "dateOfSleep" : "2015-05-29",
  "startTime" : "2015-05-28T23:28:00.000",
  "endTime" : "2015-05-29T08:17:00.000",
  "duration" : 31740000,
  "minutesToFallAsleep" : 0,
  "minutesAsleep" : 460,
  "minutesAwake" : 7,
  "minutesAfterWakeup" : 3,
  "timeInBed" : 529,
  "efficiency" : 99,
  "type" : "classic",
  "infoCode" : 0,
  "logType" : "auto_detected",
  "levels" : {
    "summary" : {
      "restless" : {
        "count" : 15,
        "minutes" : 20
      },
      "awake" : {
        "count" : 2,
        "minutes" : 5
      },
      "asleep" : {
        "count" : 0,
        "minutes" : 460
      }
    },
    "data" : [{
      "dateTime" : "2015-05-28T23:28:00.000",
      "level" : "awake",
      "seconds" : 240
    },{
      "dateTime" : "2015-05-28T23:32:00.000",
      "level" : "restless",
      "seconds" : 60
    },{
      "dateTime" : "2015-05-28T23:33:00.000",
      "level" : "asleep",
      "seconds" : 1200
    },{
      "dateTime" : "2015-05-28T23:53:00.000",
      "level" : "restless",
      "seconds" : 60
    },{
      "dateTime" : "2015-05-28T23:54:00.000",
      "level" : "asleep",
      "seconds" : 480
    },{
      "dateTime" : "2015-05-29T00:02:00.000",
      "level" : "restless",
      "seconds" : 60
    },{
      "dateTime" : "2015-05-29T00:03:00.000",
      "level" : "asleep",
      "seconds" : 60
    },{
      "dateTime" : "2015-05-29T00:04:00.000",
      "level" : "restless",
      "seconds" : 60
    },{
      "dateTime" : "2015-05-29T00:05:00.000",
      "level" : "asleep",
      "seconds" : 480
    },{
      "dateTime" : "2015-05-29T00:13:00.000",
      "level" : "restless",
      "seconds" : 60
    },{
      "dateTime" : "2015-05-29T00:14:00.000",
      "level" : "asleep",
      "seconds" : 120
    },{
      "dateTime" : "2015-05-29T00:16:00.000",
      "level" : "restless",
      "seconds" : 240
    },{
      "dateTime" : "2015-05-29T00:20:00.000",
      "level" : "awake",
      "seconds" : 60
    },{
      "dateTime" : "2015-05-29T00:21:00.000",
      "level" : "restless",
      "seconds" : 60
    },{
      "dateTime" : "2015-05-29T00:22:00.000",
      "level" : "asleep",
      "seconds" : 3360
    },{
      "dateTime" : "2015-05-29T01:18:00.000",
      "level" : "restless",
      "seconds" : 60
    },{
      "dateTime" : "2015-05-29T01:19:00.000",
      "level" : "asleep",
      "seconds" : 2580
    },{
      "dateTime" : "2015-05-29T02:02:00.000",
      "level" : "restless",
      "seconds" : 60
    },{
      "dateTime" : "2015-05-29T02:03:00.000",
      "level" : "asleep",
      "seconds" : 1620
    },{
      "dateTime" : "2015-05-29T02:30:00.000",
      "level" : "restless",
      "seconds" : 60
    },{
      "dateTime" : "2015-05-29T02:31:00.000",
      "level" : "asleep",
      "seconds" : 60
    },{
      "dateTime" : "2015-05-29T02:32:00.000",
      "level" : "restless",
      "seconds" : 60
    },{
      "dateTime" : "2015-05-29T02:33:00.000",
      "level" : "asleep",
      "seconds" : 11760
    },{
      "dateTime" : "2015-05-29T05:49:00.000",
      "level" : "restless",
      "seconds" : 60
    },{
      "dateTime" : "2015-05-29T05:50:00.000",
      "level" : "asleep",
      "seconds" : 4440
    },{
      "dateTime" : "2015-05-29T07:04:00.000",
      "level" : "restless",
      "seconds" : 60
    },{
      "dateTime" : "2015-05-29T07:05:00.000",
      "level" : "asleep",
      "seconds" : 720
    },{
      "dateTime" : "2015-05-29T07:17:00.000",
      "level" : "restless",
      "seconds" : 60
    },{
      "dateTime" : "2015-05-29T07:18:00.000",
      "level" : "asleep",
      "seconds" : 3360
    },{
      "dateTime" : "2015-05-29T08:14:00.000",
      "level" : "restless",
      "seconds" : 180
    }]
  },
  "mainSleep" : true
},{
  "logId" : 969171393,
  "dateOfSleep" : "2015-05-28",
  "startTime" : "2015-05-28T00:42:00.000",
  "endTime" : "2015-05-28T09:13:30.000",
  "duration" : 30660000,
  "minutesToFallAsleep" : 0,
  "minutesAsleep" : 484,
  "minutesAwake" : 6,
  "minutesAfterWakeup" : 0,
  "timeInBed" : 511,
  "efficiency" : 99,
  "type" : "classic",
  "infoCode" : 0,
  "logType" : "auto_detected",
  "levels" : {
    "summary" : {
      "restless" : {
        "count" : 8,
        "minutes" : 15
      },
      "awake" : {
        "count" : 1,
        "minutes" : 2
      },
      "asleep" : {
        "count" : 0,
        "minutes" : 484
      }
    },
    "data" : [{
      "dateTime" : "2015-05-28T00:42:00.000",
      "level" : "restless",
      "seconds" : 240
    },{
      "dateTime" : "2015-05-28T00:46:00.000",
      "level" : "asleep",
      "seconds" : 120
    },{
      "dateTime" : "2015-05-28T00:48:00.000",
      "level" : "restless",
      "seconds" : 120
    },{
      "dateTime" : "2015-05-28T00:50:00.000",
      "level" : "asleep",
      "seconds" : 480
    },{
      "dateTime" : "2015-05-28T00:58:00.000",
      "level" : "restless",
      "seconds" : 180
    },{
      "dateTime" : "2015-05-28T01:01:00.000",
      "level" : "awake",
      "seconds" : 120
    },{
      "dateTime" : "2015-05-28T01:03:00.000",
      "level" : "asleep",
      "seconds" : 5340
    },{
      "dateTime" : "2015-05-28T02:32:00.000",
      "level" : "restless",
      "seconds" : 60
    },{
      "dateTime" : "2015-05-28T02:33:00.000",
      "level" : "asleep",
      "seconds" : 3360
    },{
      "dateTime" : "2015-05-28T03:29:00.000",
      "level" : "restless",
      "seconds" : 60
    },{
      "dateTime" : "2015-05-28T03:30:00.000",
      "level" : "asleep",
      "seconds" : 12840
    },{
      "dateTime" : "2015-05-28T07:04:00.000",
      "level" : "restless",
      "seconds" : 60
    },{
      "dateTime" : "2015-05-28T07:05:00.000",
      "level" : "asleep",
      "seconds" : 300
    },{
      "dateTime" : "2015-05-28T07:10:00.000",
      "level" : "restless",
      "seconds" : 60
    },{
      "dateTime" : "2015-05-28T07:11:00.000",
      "level" : "asleep",
      "seconds" : 7080
    },{
      "dateTime" : "2015-05-28T09:09:00.000",
      "level" : "restless",
      "seconds" : 120
    },{
      "dateTime" : "2015-05-28T09:11:00.000",
      "level" : "asleep",
      "seconds" : 120
    }]
  },
  "mainSleep" : true
},{
  "logId" : 965735299,
  "dateOfSleep" : "2015-05-27",
  "startTime" : "2015-05-27T02:06:00.000",
  "endTime" : "2015-05-27T07:10:00.000",
  "duration" : 18240000,
  "minutesToFallAsleep" : 0,
  "minutesAsleep" : 296,
  "minutesAwake" : 4,
  "minutesAfterWakeup" : 0,
  "timeInBed" : 304,
  "efficiency" : 99,
  "type" : "classic",
  "infoCode" : 0,
  "logType" : "auto_detected",
  "levels" : {
    "summary" : {
      "restless" : {
        "count" : 4,
        "minutes" : 8
      },
      "awake" : {
        "count" : 0,
        "minutes" : 0
      },
      "asleep" : {
        "count" : 0,
        "minutes" : 296
      }
    },
    "data" : [{
      "dateTime" : "2015-05-27T02:06:00.000",
      "level" : "restless",
      "seconds" : 240
    },{
      "dateTime" : "2015-05-27T02:10:00.000",
      "level" : "asleep",
      "seconds" : 1500
    },{
      "dateTime" : "2015-05-27T02:35:00.000",
      "level" : "restless",
      "seconds" : 120
    },{
      "dateTime" : "2015-05-27T02:37:00.000",
      "level" : "asleep",
      "seconds" : 15840
    },{
      "dateTime" : "2015-05-27T07:01:00.000",
      "level" : "restless",
      "seconds" : 60
    },{
      "dateTime" : "2015-05-27T07:02:00.000",
      "level" : "asleep",
      "seconds" : 120
    },{
      "dateTime" : "2015-05-27T07:04:00.000",
      "level" : "restless",
      "seconds" : 60
    },{
      "dateTime" : "2015-05-27T07:05:00.000",
      "level" : "asleep",
      "seconds" : 300
    }]
  },
  "mainSleep" : true
},{
  "logId" : 962701625,
  "dateOfSleep" : "2015-05-26",
  "startTime" : "2015-05-25T22:39:00.000",
  "endTime" : "2015-05-26T08:53:00.000",
  "duration" : 36840000,
  "minutesToFallAsleep" : 0,
  "minutesAsleep" : 574,
  "minutesAwake" : 19,
  "minutesAfterWakeup" : 1,
  "timeInBed" : 614,
  "efficiency" : 97,
  "type" : "classic",
  "infoCode" : 0,
  "logType" : "auto_detected",
  "levels" : {
    "summary" : {
      "restless" : {
        "count" : 13,
        "minutes" : 23
      },
      "awake" : {
        "count" : 2,
        "minutes" : 4
      },
      "asleep" : {
        "count" : 0,
        "minutes" : 574
      }
    },
    "data" : [{
      "dateTime" : "2015-05-25T22:39:00.000",
      "level" : "asleep",
      "seconds" : 540
    },{
      "dateTime" : "2015-05-25T22:48:00.000",
      "level" : "restless",
      "seconds" : 180
    },{
      "dateTime" : "2015-05-25T22:51:00.000",
      "level" : "awake",
      "seconds" : 180
    },{
      "dateTime" : "2015-05-25T22:54:00.000",
      "level" : "restless",
      "seconds" : 60
    },{
      "dateTime" : "2015-05-25T22:55:00.000",
      "level" : "asleep",
      "seconds" : 1320
    },{
      "dateTime" : "2015-05-25T23:17:00.000",
      "level" : "restless",
      "seconds" : 120
    },{
      "dateTime" : "2015-05-25T23:19:00.000",
      "level" : "asleep",
      "seconds" : 1560
    },{
      "dateTime" : "2015-05-25T23:45:00.000",
      "level" : "restless",
      "seconds" : 300
    },{
      "dateTime" : "2015-05-25T23:50:00.000",
      "level" : "awake",
      "seconds" : 60
    },{
      "dateTime" : "2015-05-25T23:51:00.000",
      "level" : "asleep",
      "seconds" : 4440
    },{
      "dateTime" : "2015-05-26T01:05:00.000",
      "level" : "restless",
      "seconds" : 60
    },{
      "dateTime" : "2015-05-26T01:06:00.000",
      "level" : "asleep",
      "seconds" : 7320
    },{
      "dateTime" : "2015-05-26T03:08:00.000",
      "level" : "restless",
      "seconds" : 60
    },{
      "dateTime" : "2015-05-26T03:09:00.000",
      "level" : "asleep",
      "seconds" : 7560
    },{
      "dateTime" : "2015-05-26T05:15:00.000",
      "level" : "restless",
      "seconds" : 60
    },{
      "dateTime" : "2015-05-26T05:16:00.000",
      "level" : "asleep",
      "seconds" : 120
    },{
      "dateTime" : "2015-05-26T05:18:00.000",
      "level" : "restless",
      "seconds" : 60
    },{
      "dateTime" : "2015-05-26T05:19:00.000",
      "level" : "asleep",
      "seconds" : 3600
    },{
      "dateTime" : "2015-05-26T06:19:00.000",
      "level" : "restless",
      "seconds" : 60
    },{
      "dateTime" : "2015-05-26T06:20:00.000",
      "level" : "asleep",
      "seconds" : 1920
    },{
      "dateTime" : "2015-05-26T06:52:00.000",
      "level" : "restless",
      "seconds" : 60
    },{
      "dateTime" : "2015-05-26T06:53:00.000",
      "level" : "asleep",
      "seconds" : 2520
    },{
      "dateTime" : "2015-05-26T07:35:00.000",
      "level" : "restless",
      "seconds" : 60
    },{
      "dateTime" : "2015-05-26T07:36:00.000",
      "level" : "asleep",
      "seconds" : 2760
    },{
      "dateTime" : "2015-05-26T08:22:00.000",
      "level" : "restless",
      "seconds" : 240
    },{
      "dateTime" : "2015-05-26T08:26:00.000",
      "level" : "asleep",
      "seconds" : 1560
    },{
      "dateTime" : "2015-05-26T08:52:00.000",
      "level" : "restless",
      "seconds" : 60
    }]
  },
  "mainSleep" : true
},{
  "logId" : 959470691,
  "dateOfSleep" : "2015-05-25",
  "startTime" : "2015-05-25T00:28:00.000",
  "endTime" : "2015-05-25T06:48:30.000",
  "duration" : 22800000,
  "minutesToFallAsleep" : 0,
  "minutesAsleep" : 327,
  "minutesAwake" : 10,
  "minutesAfterWakeup" : 0,
  "timeInBed" : 380,
  "efficiency" : 97,
  "type" : "classic",
  "infoCode" : 0,
  "logType" : "auto_detected",
  "levels" : {
    "summary" : {
      "restless" : {
        "count" : 11,
        "minutes" : 20
      },
      "awake" : {
        "count" : 5,
        "minutes" : 12
      },
      "asleep" : {
        "count" : 0,
        "minutes" : 327
      }
    },
    "data" : [{
      "dateTime" : "2015-05-25T00:28:00.000",
      "level" : "awake",
      "seconds" : 300
    },{
      "dateTime" : "2015-05-25T00:33:00.000",
      "level" : "restless",
      "seconds" : 60
    },{
      "dateTime" : "2015-05-25T00:34:00.000",
      "level" : "asleep",
      "seconds" : 300
    },{
      "dateTime" : "2015-05-25T00:39:00.000",
      "level" : "restless",
      "seconds" : 180
    },{
      "dateTime" : "2015-05-25T00:42:00.000",
      "level" : "awake",
      "seconds" : 60
    },{
      "dateTime" : "2015-05-25T00:43:00.000",
      "level" : "restless",
      "seconds" : 240
    },{
      "dateTime" : "2015-05-25T00:47:00.000",
      "level" : "asleep",
      "seconds" : 540
    },{
      "dateTime" : "2015-05-25T00:56:00.000",
      "level" : "restless",
      "seconds" : 180
    },{
      "dateTime" : "2015-05-25T00:59:00.000",
      "level" : "awake",
      "seconds" : 240
    },{
      "dateTime" : "2015-05-25T01:03:00.000",
      "level" : "restless",
      "seconds" : 60
    },{
      "dateTime" : "2015-05-25T01:04:00.000",
      "level" : "asleep",
      "seconds" : 900
    },{
      "dateTime" : "2015-05-25T01:19:00.000",
      "level" : "restless",
      "seconds" : 120
    },{
      "dateTime" : "2015-05-25T01:21:00.000",
      "level" : "awake",
      "seconds" : 60
    },{
      "dateTime" : "2015-05-25T01:22:00.000",
      "level" : "restless",
      "seconds" : 60
    },{
      "dateTime" : "2015-05-25T01:23:00.000",
      "level" : "asleep",
      "seconds" : 6780
    },{
      "dateTime" : "2015-05-25T03:16:00.000",
      "level" : "restless",
      "seconds" : 120
    },{
      "dateTime" : "2015-05-25T03:18:00.000",
      "level" : "asleep",
      "seconds" : 10920
    },{
      "dateTime" : "2015-05-25T06:20:00.000",
      "level" : "restless",
      "seconds" : 60
    },{
      "dateTime" : "2015-05-25T06:21:00.000",
      "level" : "awake",
      "seconds" : 60
    },{
      "dateTime" : "2015-05-25T06:22:00.000",
      "level" : "restless",
      "seconds" : 60
    },{
      "dateTime" : "2015-05-25T06:23:00.000",
      "level" : "asleep",
      "seconds" : 300
    },{
      "dateTime" : "2015-05-25T06:28:00.000",
      "level" : "restless",
      "seconds" : 60
    },{
      "dateTime" : "2015-05-25T06:29:00.000",
      "level" : "asleep",
      "seconds" : 1140
    }]
  },
  "mainSleep" : true
},{
  "logId" : 957061977,
  "dateOfSleep" : "2015-05-24",
  "startTime" : "2015-05-24T04:33:00.000",
  "endTime" : "2015-05-24T10:52:00.000",
  "duration" : 22740000,
  "minutesToFallAsleep" : 0,
  "minutesAsleep" : 367,
  "minutesAwake" : 6,
  "minutesAfterWakeup" : 0,
  "timeInBed" : 379,
  "efficiency" : 98,
  "type" : "classic",
  "infoCode" : 0,
  "logType" : "auto_detected",
  "levels" : {
    "summary" : {
      "restless" : {
        "count" : 5,
        "minutes" : 10
      },
      "awake" : {
        "count" : 1,
        "minutes" : 2
      },
      "asleep" : {
        "count" : 0,
        "minutes" : 367
      }
    },
    "data" : [{
      "dateTime" : "2015-05-24T04:33:00.000",
      "level" : "awake",
      "seconds" : 120
    },{
      "dateTime" : "2015-05-24T04:35:00.000",
      "level" : "restless",
      "seconds" : 240
    },{
      "dateTime" : "2015-05-24T04:39:00.000",
      "level" : "asleep",
      "seconds" : 3960
    },{
      "dateTime" : "2015-05-24T05:45:00.000",
      "level" : "restless",
      "seconds" : 120
    },{
      "dateTime" : "2015-05-24T05:47:00.000",
      "level" : "asleep",
      "seconds" : 6780
    },{
      "dateTime" : "2015-05-24T07:40:00.000",
      "level" : "restless",
      "seconds" : 60
    },{
      "dateTime" : "2015-05-24T07:41:00.000",
      "level" : "asleep",
      "seconds" : 4380
    },{
      "dateTime" : "2015-05-24T08:54:00.000",
      "level" : "restless",
      "seconds" : 120
    },{
      "dateTime" : "2015-05-24T08:56:00.000",
      "level" : "asleep",
      "seconds" : 5340
    },{
      "dateTime" : "2015-05-24T10:25:00.000",
      "level" : "restless",
      "seconds" : 60
    },{
      "dateTime" : "2015-05-24T10:26:00.000",
      "level" : "asleep",
      "seconds" : 1560
    }]
  },
  "mainSleep" : true
},{
  "logId" : 954890315,
  "dateOfSleep" : "2015-05-23",
  "startTime" : "2015-05-23T00:11:00.000",
  "endTime" : "2015-05-23T07:21:30.000",
  "duration" : 25800000,
  "minutesToFallAsleep" : 0,
  "minutesAsleep" : 417,
  "minutesAwake" : 4,
  "minutesAfterWakeup" : 0,
  "timeInBed" : 430,
  "efficiency" : 99,
  "type" : "classic",
  "infoCode" : 0,
  "logType" : "auto_detected",
  "levels" : {
    "summary" : {
      "restless" : {
        "count" : 7,
        "minutes" : 8
      },
      "awake" : {
        "count" : 2,
        "minutes" : 4
      },
      "asleep" : {
        "count" : 0,
        "minutes" : 417
      }
    },
    "data" : [{
      "dateTime" : "2015-05-23T00:11:00.000",
      "level" : "awake",
      "seconds" : 180
    },{
      "dateTime" : "2015-05-23T00:14:00.000",
      "level" : "restless",
      "seconds" : 60
    },{
      "dateTime" : "2015-05-23T00:15:00.000",
      "level" : "asleep",
      "seconds" : 60
    },{
      "dateTime" : "2015-05-23T00:16:00.000",
      "level" : "restless",
      "seconds" : 120
    },{
      "dateTime" : "2015-05-23T00:18:00.000",
      "level" : "awake",
      "seconds" : 60
    },{
      "dateTime" : "2015-05-23T00:19:00.000",
      "level" : "restless",
      "seconds" : 60
    },{
      "dateTime" : "2015-05-23T00:20:00.000",
      "level" : "asleep",
      "seconds" : 11520
    },{
      "dateTime" : "2015-05-23T03:32:00.000",
      "level" : "restless",
      "seconds" : 60
    },{
      "dateTime" : "2015-05-23T03:33:00.000",
      "level" : "asleep",
      "seconds" : 11940
    },{
      "dateTime" : "2015-05-23T06:52:00.000",
      "level" : "restless",
      "seconds" : 60
    },{
      "dateTime" : "2015-05-23T06:53:00.000",
      "level" : "asleep",
      "seconds" : 540
    },{
      "dateTime" : "2015-05-23T07:02:00.000",
      "level" : "restless",
      "seconds" : 60
    },{
      "dateTime" : "2015-05-23T07:03:00.000",
      "level" : "asleep",
      "seconds" : 60
    },{
      "dateTime" : "2015-05-23T07:04:00.000",
      "level" : "restless",
      "seconds" : 60
    },{
      "dateTime" : "2015-05-23T07:05:00.000",
      "level" : "asleep",
      "seconds" : 960
    }]
  },
  "mainSleep" : true
},{
  "logId" : 951230266,
  "dateOfSleep" : "2015-05-22",
  "startTime" : "2015-05-21T23:05:00.000",
  "endTime" : "2015-05-22T07:59:00.000",
  "duration" : 32040000,
  "minutesToFallAsleep" : 0,
  "minutesAsleep" : 479,
  "minutesAwake" : 17,
  "minutesAfterWakeup" : 0,
  "timeInBed" : 534,
  "efficiency" : 97,
  "type" : "classic",
  "infoCode" : 0,
  "logType" : "auto_detected",
  "levels" : {
    "summary" : {
      "restless" : {
        "count" : 15,
        "minutes" : 24
      },
      "awake" : {
        "count" : 2,
        "minutes" : 6
      },
      "asleep" : {
        "count" : 0,
        "minutes" : 479
      }
    },
    "data" : [{
      "dateTime" : "2015-05-21T23:05:00.000",
      "level" : "awake",
      "seconds" : 300
    },{
      "dateTime" : "2015-05-21T23:10:00.000",
      "level" : "restless",
      "seconds" : 60
    },{
      "dateTime" : "2015-05-21T23:11:00.000",
      "level" : "asleep",
      "seconds" : 1020
    },{
      "dateTime" : "2015-05-21T23:28:00.000",
      "level" : "restless",
      "seconds" : 60
    },{
      "dateTime" : "2015-05-21T23:29:00.000",
      "level" : "asleep",
      "seconds" : 480
    },{
      "dateTime" : "2015-05-21T23:37:00.000",
      "level" : "restless",
      "seconds" : 240
    },{
      "dateTime" : "2015-05-21T23:41:00.000",
      "level" : "awake",
      "seconds" : 60
    },{
      "dateTime" : "2015-05-21T23:42:00.000",
      "level" : "restless",
      "seconds" : 60
    },{
      "dateTime" : "2015-05-21T23:43:00.000",
      "level" : "asleep",
      "seconds" : 2400
    },{
      "dateTime" : "2015-05-22T00:23:00.000",
      "level" : "restless",
      "seconds" : 60
    },{
      "dateTime" : "2015-05-22T00:24:00.000",
      "level" : "asleep",
      "seconds" : 4920
    },{
      "dateTime" : "2015-05-22T01:46:00.000",
      "level" : "restless",
      "seconds" : 60
    },{
      "dateTime" : "2015-05-22T01:47:00.000",
      "level" : "asleep",
      "seconds" : 60
    },{
      "dateTime" : "2015-05-22T01:48:00.000",
      "level" : "restless",
      "seconds" : 60
    },{
      "dateTime" : "2015-05-22T01:49:00.000",
      "level" : "asleep",
      "seconds" : 8940
    },{
      "dateTime" : "2015-05-22T04:18:00.000",
      "level" : "restless",
      "seconds" : 60
    },{
      "dateTime" : "2015-05-22T04:19:00.000",
      "level" : "asleep",
      "seconds" : 8100
    },{
      "dateTime" : "2015-05-22T06:34:00.000",
      "level" : "restless",
      "seconds" : 60
    },{
      "dateTime" : "2015-05-22T06:35:00.000",
      "level" : "asleep",
      "seconds" : 2460
    },{
      "dateTime" : "2015-05-22T07:16:00.000",
      "level" : "restless",
      "seconds" : 180
    },{
      "dateTime" : "2015-05-22T07:19:00.000",
      "level" : "asleep",
      "seconds" : 60
    },{
      "dateTime" : "2015-05-22T07:20:00.000",
      "level" : "restless",
      "seconds" : 60
    },{
      "dateTime" : "2015-05-22T07:21:00.000",
      "level" : "asleep",
      "seconds" : 420
    },{
      "dateTime" : "2015-05-22T07:28:00.000",
      "level" : "restless",
      "seconds" : 60
    },{
      "dateTime" : "2015-05-22T07:29:00.000",
      "level" : "asleep",
      "seconds" : 420
    },{
      "dateTime" : "2015-05-22T07:36:00.000",
      "level" : "restless",
      "seconds" : 180
    },{
      "dateTime" : "2015-05-22T07:39:00.000",
      "level" : "asleep",
      "seconds" : 180
    },{
      "dateTime" : "2015-05-22T07:42:00.000",
      "level" : "restless",
      "seconds" : 60
    },{
      "dateTime" : "2015-05-22T07:43:00.000",
      "level" : "asleep",
      "seconds" : 60
    },{
      "dateTime" : "2015-05-22T07:44:00.000",
      "level" : "restless",
      "seconds" : 180
    },{
      "dateTime" : "2015-05-22T07:47:00.000",
      "level" : "asleep",
      "seconds" : 720
    }]
  },
  "mainSleep" : true
},{
  "logId" : 948343480,
  "dateOfSleep" : "2015-05-21",
  "startTime" : "2015-05-21T00:43:00.000",
  "endTime" : "2015-05-21T08:47:00.000",
  "duration" : 29040000,
  "minutesToFallAsleep" : 0,
  "minutesAsleep" : 454,
  "minutesAwake" : 9,
  "minutesAfterWakeup" : 0,
  "timeInBed" : 484,
  "efficiency" : 98,
  "type" : "classic",
  "infoCode" : 0,
  "logType" : "auto_detected",
  "levels" : {
    "summary" : {
      "restless" : {
        "count" : 14,
        "minutes" : 20
      },
      "awake" : {
        "count" : 1,
        "minutes" : 2
      },
      "asleep" : {
        "count" : 0,
        "minutes" : 454
      }
    },
    "data" : [{
      "dateTime" : "2015-05-21T00:43:00.000",
      "level" : "restless",
      "seconds" : 60
    },{
      "dateTime" : "2015-05-21T00:44:00.000",
      "level" : "asleep",
      "seconds" : 60
    },{
      "dateTime" : "2015-05-21T00:45:00.000",
      "level" : "restless",
      "seconds" : 60
    },{
      "dateTime" : "2015-05-21T00:46:00.000",
      "level" : "asleep",
      "seconds" : 180
    },{
      "dateTime" : "2015-05-21T00:49:00.000",
      "level" : "restless",
      "seconds" : 360
    },{
      "dateTime" : "2015-05-21T00:55:00.000",
      "level" : "asleep",
      "seconds" : 120
    },{
      "dateTime" : "2015-05-21T00:57:00.000",
      "level" : "restless",
      "seconds" : 120
    },{
      "dateTime" : "2015-05-21T00:59:00.000",
      "level" : "awake",
      "seconds" : 120
    },{
      "dateTime" : "2015-05-21T01:01:00.000",
      "level" : "restless",
      "seconds" : 60
    },{
      "dateTime" : "2015-05-21T01:02:00.000",
      "level" : "asleep",
      "seconds" : 8340
    },{
      "dateTime" : "2015-05-21T03:21:00.000",
      "level" : "restless",
      "seconds" : 60
    },{
      "dateTime" : "2015-05-21T03:22:00.000",
      "level" : "asleep",
      "seconds" : 60
    },{
      "dateTime" : "2015-05-21T03:23:00.000",
      "level" : "restless",
      "seconds" : 60
    },{
      "dateTime" : "2015-05-21T03:24:00.000",
      "level" : "asleep",
      "seconds" : 5940
    },{
      "dateTime" : "2015-05-21T05:03:00.000",
      "level" : "restless",
      "seconds" : 60
    },{
      "dateTime" : "2015-05-21T05:04:00.000",
      "level" : "asleep",
      "seconds" : 60
    },{
      "dateTime" : "2015-05-21T05:05:00.000",
      "level" : "restless",
      "seconds" : 60
    },{
      "dateTime" : "2015-05-21T05:06:00.000",
      "level" : "asleep",
      "seconds" : 3480
    },{
      "dateTime" : "2015-05-21T06:04:00.000",
      "level" : "restless",
      "seconds" : 60
    },{
      "dateTime" : "2015-05-21T06:05:00.000",
      "level" : "asleep",
      "seconds" : 540
    },{
      "dateTime" : "2015-05-21T06:14:00.000",
      "level" : "restless",
      "seconds" : 60
    },{
      "dateTime" : "2015-05-21T06:15:00.000",
      "level" : "asleep",
      "seconds" : 2400
    },{
      "dateTime" : "2015-05-21T06:55:00.000",
      "level" : "restless",
      "seconds" : 60
    },{
      "dateTime" : "2015-05-21T06:56:00.000",
      "level" : "asleep",
      "seconds" : 420
    },{
      "dateTime" : "2015-05-21T07:03:00.000",
      "level" : "restless",
      "seconds" : 60
    },{
      "dateTime" : "2015-05-21T07:04:00.000",
      "level" : "asleep",
      "seconds" : 5820
    },{
      "dateTime" : "2015-05-21T08:41:00.000",
      "level" : "restless",
      "seconds" : 60
    },{
      "dateTime" : "2015-05-21T08:42:00.000",
      "level" : "asleep",
      "seconds" : 300
    }]
  },
  "mainSleep" : true
},{
  "logId" : 945088137,
  "dateOfSleep" : "2015-05-20",
  "startTime" : "2015-05-20T00:16:00.000",
  "endTime" : "2015-05-20T07:07:30.000",
  "duration" : 24660000,
  "minutesToFallAsleep" : 0,
  "minutesAsleep" : 392,
  "minutesAwake" : 4,
  "minutesAfterWakeup" : 1,
  "timeInBed" : 411,
  "efficiency" : 99,
  "type" : "classic",
  "infoCode" : 0,
  "logType" : "auto_detected",
  "levels" : {
    "summary" : {
      "restless" : {
        "count" : 6,
        "minutes" : 9
      },
      "awake" : {
        "count" : 0,
        "minutes" : 0
      },
      "asleep" : {
        "count" : 0,
        "minutes" : 392
      }
    },
    "data" : [{
      "dateTime" : "2015-05-20T00:16:00.000",
      "level" : "asleep",
      "seconds" : 60
    },{
      "dateTime" : "2015-05-20T00:17:00.000",
      "level" : "restless",
      "seconds" : 240
    },{
      "dateTime" : "2015-05-20T00:21:00.000",
      "level" : "asleep",
      "seconds" : 3180
    },{
      "dateTime" : "2015-05-20T01:14:00.000",
      "level" : "restless",
      "seconds" : 60
    },{
      "dateTime" : "2015-05-20T01:15:00.000",
      "level" : "asleep",
      "seconds" : 8940
    },{
      "dateTime" : "2015-05-20T03:44:00.000",
      "level" : "restless",
      "seconds" : 60
    },{
      "dateTime" : "2015-05-20T03:45:00.000",
      "level" : "asleep",
      "seconds" : 11160
    },{
      "dateTime" : "2015-05-20T06:51:00.000",
      "level" : "restless",
      "seconds" : 60
    },{
      "dateTime" : "2015-05-20T06:52:00.000",
      "level" : "asleep",
      "seconds" : 720
    },{
      "dateTime" : "2015-05-20T07:04:00.000",
      "level" : "restless",
      "seconds" : 60
    },{
      "dateTime" : "2015-05-20T07:05:00.000",
      "level" : "asleep",
      "seconds" : 60
    },{
      "dateTime" : "2015-05-20T07:06:00.000",
      "level" : "restless",
      "seconds" : 60
    }]
  },
  "mainSleep" : true
}]