[{
  "logId" : 10793016795,
  "dateOfSleep" : "2016-02-04",
  "startTime" : "2016-02-04T01:06:00.000",
  "endTime" : "2016-02-04T07:01:00.000",
  "duration" : 21300000,
  "minutesToFallAsleep" : 0,
  "minutesAsleep" : 336,
  "minutesAwake" : 19,
  "minutesAfterWakeup" : 0,
  "timeInBed" : 355,
  "efficiency" : 95,
  "type" : "classic",
  "infoCode" : 0,
  "logType" : "auto_detected",
  "levels" : {
    "summary" : {
      "restless" : {
        "count" : 8,
        "minutes" : 15
      },
      "awake" : {
        "count" : 2,
        "minutes" : 4
      },
      "asleep" : {
        "count" : 0,
        "minutes" : 336
      }
    },
    "data" : [{
      "dateTime" : "2016-02-04T01:06:00.000",
      "level" : "restless",
      "seconds" : 180
    },{
      "dateTime" : "2016-02-04T01:09:00.000",
      "level" : "asleep",
      "seconds" : 540
    },{
      "dateTime" : "2016-02-04T01:18:00.000",
      "level" : "restless",
      "seconds" : 120
    },{
      "dateTime" : "2016-02-04T01:20:00.000",
      "level" : "awake",
      "seconds" : 180
    },{
      "dateTime" : "2016-02-04T01:23:00.000",
      "level" : "restless",
      "seconds" : 60
    },{
      "dateTime" : "2016-02-04T01:24:00.000",
      "level" : "asleep",
      "seconds" : 300
    },{
      "dateTime" : "2016-02-04T01:29:00.000",
      "level" : "restless",
      "seconds" : 240
    },{
      "dateTime" : "2016-02-04T01:33:00.000",
      "level" : "awake",
      "seconds" : 60
    },{
      "dateTime" : "2016-02-04T01:34:00.000",
      "level" : "restless",
      "seconds" : 60
    },{
      "dateTime" : "2016-02-04T01:35:00.000",
      "level" : "asleep",
      "seconds" : 480
    },{
      "dateTime" : "2016-02-04T01:43:00.000",
      "level" : "restless",
      "seconds" : 120
    },{
      "dateTime" : "2016-02-04T01:45:00.000",
      "level" : "asleep",
      "seconds" : 7860
    },{
      "dateTime" : "2016-02-04T03:56:00.000",
      "level" : "restless",
      "seconds" : 60
    },{
      "dateTime" : "2016-02-04T03:57:00.000",
      "level" : "asleep",
      "seconds" : 1560
    },{
      "dateTime" : "2016-02-04T04:23:00.000",
      "level" : "restless",
      "seconds" : 60
    },{
      "dateTime" : "2016-02-04T04:24:00.000",
      "level" : "asleep",
      "seconds" : 9420
    }]
  },
  "mainSleep" : true
},{
  "logId" : 10784381186,
  "dateOfSleep" : "2016-02-03",
  "startTime" : "2016-02-03T00:43:00.000",
  "endTime" : "2016-02-03T06:53:00.000",
  "duration" : 22200000,
  "minutesToFallAsleep" : 0,
  "minutesAsleep" : 350,
  "minutesAwake" : 15,
  "minutesAfterWakeup" : 5,
  "timeInBed" : 370,
  "efficiency" : 96,
  "type" : "classic",
  "infoCode" : 0,
  "logType" : "auto_detected",
  "levels" : {
    "summary" : {
      "restless" : {
        "count" : 8,
        "minutes" : 19
      },
      "awake" : {
        "count" : 1,
        "minutes" : 1
      },
      "asleep" : {
        "count" : 0,
        "minutes" : 350
      }
    },
    "data" : [{
      "dateTime" : "2016-02-03T00:43:00.000",
      "level" : "restless",
      "seconds" : 300
    },{
      "dateTime" : "2016-02-03T00:48:00.000",
      "level" : "asleep",
      "seconds" : 840
    },{
      "dateTime" : "2016-02-03T01:02:00.000",
      "level" : "restless",
      "seconds" : 60
    },{
      "dateTime" : "2016-02-03T01:03:00.000",
      "level" : "asleep",
      "seconds" : 120
    },{
      "dateTime" : "2016-02-03T01:05:00.000",
      "level" : "restless",
      "seconds" : 360
    },{
      "dateTime" : "2016-02-03T01:11:00.000",
      "level" : "asleep",
      "seconds" : 480
    },{
      "dateTime" : "2016-02-03T01:19:00.000",
      "level" : "restless",
      "seconds" : 60
    },{
      "dateTime" : "2016-02-03T01:20:00.000",
      "level" : "asleep",
      "seconds" : 3240
    },{
      "dateTime" : "2016-02-03T02:14:00.000",
      "level" : "restless",
      "seconds" : 60
    },{
      "dateTime" : "2016-02-03T02:15:00.000",
      "level" : "asleep",
      "seconds" : 12960
    },{
      "dateTime" : "2016-02-03T05:51:00.000",
      "level" : "restless",
      "seconds" : 60
    },{
      "dateTime" : "2016-02-03T05:52:00.000",
      "level" : "asleep",
      "seconds" : 3360
    },{
      "dateTime" : "2016-02-03T06:48:00.000",
      "level" : "restless",
      "seconds" : 180
    },{
      "dateTime" : "2016-02-03T06:51:00.000",
      "level" : "awake",
      "seconds" : 60
    },{
      "dateTime" : "2016-02-03T06:52:00.000",
      "level" : "restless",
      "seconds" : 60
    }]
  },
  "mainSleep" : true
},{
  "logId" : 10775532110,
  "dateOfSleep" : "2016-02-02",
  "startTime" : "2016-02-02T00:20:00.000",
  "endTime" : "2016-02-02T06:53:00.000",
  "duration" : 23580000,
  "minutesToFallAsleep" : 0,
  "minutesAsleep" : 365,
  "minutesAwake" : 23,
  "minutesAfterWakeup" : 5,
  "timeInBed" : 393,
  "efficiency" : 94,
  "type" : "classic",
  "infoCode" : 0,
  "logType" : "auto_detected",
  "levels" : {
    "summary" : {
      "restless" : {
        "count" : 15,
        "minutes" : 22
      },
      "awake" : {
        "count" : 2,
        "minutes" : 6
      },
      "asleep" : {
        "count" : 0,
        "minutes" : 365
      }
    },
    "data" : [{
      "dateTime" : "2016-02-02T00:20:00.000",
      "level" : "awake",
      "seconds" : 300
    },{
      "dateTime" : "2016-02-02T00:25:00.000",
      "level" : "restless",
      "seconds" : 60
    },{
      "dateTime" : "2016-02-02T00:26:00.000",
      "level" : "asleep",
      "seconds" : 240
    },{
      "dateTime" : "2016-02-02T00:30:00.000",
      "level" : "restless",
      "seconds" : 60
    },{
      "dateTime" : "2016-02-02T00:31:00.000",
      "level" : "asleep",
      "seconds" : 240
    },{
      "dateTime" : "2016-02-02T00:35:00.000",
      "level" : "restless",
      "seconds" : 180
    },{
      "dateTime" : "2016-02-02T00:38:00.000",
      "level" : "awake",
      "seconds" : 60
    },{
      "dateTime" : "2016-02-02T00:39:00.000",
      "level" : "restless",
      "seconds" : 60
    },{
      "dateTime" : "2016-02-02T00:40:00.000",
      "level" : "asleep",
      "seconds" : 3900
    },{
      "dateTime" : "2016-02-02T01:45:00.000",
      "level" : "restless",
      "seconds" : 120
    },{
      "dateTime" : "2016-02-02T01:47:00.000",
      "level" : "asleep",
      "seconds" : 60
    },{
      "dateTime" : "2016-02-02T01:48:00.000",
      "level" : "restless",
      "seconds" : 60
    },{
      "dateTime" : "2016-02-02T01:49:00.000",
      "level" : "asleep",
      "seconds" : 3480
    },{
      "dateTime" : "2016-02-02T02:47:00.000",
      "level" : "restless",
      "seconds" : 60
    },{
      "dateTime" : "2016-02-02T02:48:00.000",
      "level" : "asleep",
      "seconds" : 480
    },{
      "dateTime" : "2016-02-02T02:56:00.000",
      "level" : "restless",
      "seconds" : 60
    },{
      "dateTime" : "2016-02-02T02:57:00.000",
      "level" : "asleep",
      "seconds" : 120
    },{
      "dateTime" : "2016-02-02T02:59:00.000",
      "level" : "restless",
      "seconds" : 60
    },{
      "dateTime" : "2016-02-02T03:00:00.000",
      "level" : "asleep",
      "seconds" : 1140
    },{
      "dateTime" : "2016-02-02T03:19:00.000",
      "level" : "restless",
      "seconds" : 60
    },{
      "dateTime" : "2016-02-02T03:20:00.000",
      "level" : "asleep",
      "seconds" : 7980
    },{
      "dateTime" : "2016-02-02T05:33:00.000",
      "level" : "restless",
      "seconds" : 60
    },{
      "dateTime" : "2016-02-02T05:34:00.000",
      "level" : "asleep",
      "seconds" : 480
    },{
      "dateTime" : "2016-02-02T05:42:00.000",
      "level" : "restless",
      "seconds" : 60
    },{
      "dateTime" : "2016-02-02T05:43:00.000",
      "level" : "asleep",
      "seconds" : 2040
    },{
      "dateTime" : "2016-02-02T06:17:00.000",
      "level" : "restless",
      "seconds" : 60
    },{
      "dateTime" : "2016-02-02T06:18:00.000",
      "level" : "asleep",
      "seconds" : 1680
    },{
      "dateTime" : "2016-02-02T06:46:00.000",
      "level" : "restless",
      "seconds" : 60
    },{
      "dateTime" : "2016-02-02T06:47:00.000",
      "level" : "asleep",
      "seconds" : 60
    },{
      "dateTime" : "2016-02-02T06:48:00.000",
      "level" : "restless",
      "seconds" : 300
    }]
  },
  "mainSleep" : true
},{
  "logId" : 10766900937,
  "dateOfSleep" : "2016-02-01",
  "startTime" : "2016-01-31T23:03:30.000",
  "endTime" : "2016-02-01T06:46:30.000",
  "duration" : 27780000,
  "minutesToFallAsleep" : 0,
  "minutesAsleep" : 454,
  "minutesAwake" : 9,
  "minutesAfterWakeup" : 0,
  "timeInBed" : 463,
  "efficiency" : 98,
  "type" : "classic",
  "infoCode" : 0,
  "logType" : "auto_detected",
  "levels" : {
    "summary" : {
      "restless" : {
        "count" : 8,
        "minutes" : 9
      },
      "awake" : {
        "count" : 0,
        "minutes" : 0
      },
      "asleep" : {
        "count" : 0,
        "minutes" : 454
      }
    },
    "data" : [{
      "dateTime" : "2016-01-31T23:03:30.000",
      "level" : "asleep",
      "seconds" : 180
    },{
      "dateTime" : "2016-01-31T23:06:30.000",
      "level" : "restless",
      "seconds" : 120
    },{
      "dateTime" : "2016-01-31T23:08:30.000",
      "level" : "asleep",
      "seconds" : 420
    },{
      "dateTime" : "2016-01-31T23:15:30.000",
      "level" : "restless",
      "seconds" : 60
    },{
      "dateTime" : "2016-01-31T23:16:30.000",
      "level" : "asleep",
      "seconds" : 3240
    },{
      "dateTime" : "2016-02-01T00:10:30.000",
      "level" : "restless",
      "seconds" : 60
    },{
      "dateTime" : "2016-02-01T00:11:30.000",
      "level" : "asleep",
      "seconds" : 1740
    },{
      "dateTime" : "2016-02-01T00:40:30.000",
      "level" : "restless",
      "seconds" : 60
    },{
      "dateTime" : "2016-02-01T00:41:30.000",
      "level" : "asleep",
      "seconds" : 1380
    },{
      "dateTime" : "2016-02-01T01:04:30.000",
      "level" : "restless",
      "seconds" : 60
    },{
      "dateTime" : "2016-02-01T01:05:30.000",
      "level" : "asleep",
      "seconds" : 9360
    },{
      "dateTime" : "2016-02-01T03:41:30.000",
      "level" : "restless",
      "seconds" : 60
    },{
      "dateTime" : "2016-02-01T03:42:30.000",
      "level" : "asleep",
      "seconds" : 840
    },{
      "dateTime" : "2016-02-01T03:56:30.000",
      "level" : "restless",
      "seconds" : 60
    },{
      "dateTime" : "2016-02-01T03:57:30.000",
      "level" : "asleep",
      "seconds" : 1320
    },{
      "dateTime" : "2016-02-01T04:19:30.000",
      "level" : "restless",
      "seconds" : 60
    },{
      "dateTime" : "2016-02-01T04:20:30.000",
      "level" : "asleep",
      "seconds" : 8760
    }]
  },
  "mainSleep" : true
},{
  "logId" : 10759580327,
  "dateOfSleep" : "2016-01-31",
  "startTime" : "2016-01-31T00:10:00.000",
  "endTime" : "2016-01-31T08:41:30.000",
  "duration" : 30660000,
  "minutesToFallAsleep" : 0,
  "minutesAsleep" : 494,
  "minutesAwake" : 15,
  "minutesAfterWakeup" : 2,
  "timeInBed" : 511,
  "efficiency" : 97,
  "type" : "classic",
  "infoCode" : 0,
  "logType" : "auto_detected",
  "levels" : {
    "summary" : {
      "restless" : {
        "count" : 8,
        "minutes" : 17
      },
      "awake" : {
        "count" : 0,
        "minutes" : 0
      },
      "asleep" : {
        "count" : 0,
        "minutes" : 494
      }
    },
    "data" : [{
      "dateTime" : "2016-01-31T00:10:00.000",
      "level" : "asleep",
      "seconds" : 240
    },{
      "dateTime" : "2016-01-31T00:14:00.000",
      "level" : "restless",
      "seconds" : 480
    },{
      "dateTime" : "2016-01-31T00:22:00.000",
      "level" : "asleep",
      "seconds" : 960
    },{
      "dateTime" : "2016-01-31T00:38:00.000",
      "level" : "restless",
      "seconds" : 60
    },{
      "dateTime" : "2016-01-31T00:39:00.000",
      "level" : "asleep",
      "seconds" : 6300
    },{
      "dateTime" : "2016-01-31T02:24:00.000",
      "level" : "restless",
      "seconds" : 60
    },{
      "dateTime" : "2016-01-31T02:25:00.000",
      "level" : "asleep",
      "seconds" : 7740
    },{
      "dateTime" : "2016-01-31T04:34:00.000",
      "level" : "restless",
      "seconds" : 60
    },{
      "dateTime" : "2016-01-31T04:35:00.000",
      "level" : "asleep",
      "seconds" : 5820
    },{
      "dateTime" : "2016-01-31T06:12:00.000",
      "level" : "restless",
      "seconds" : 60
    },{
      "dateTime" : "2016-01-31T06:13:00.000",
      "level" : "asleep",
      "seconds" : 4980
    },{
      "dateTime" : "2016-01-31T07:36:00.000",
      "level" : "restless",
      "seconds" : 60
    },{
      "dateTime" : "2016-01-31T07:37:00.000",
      "level" : "asleep",
      "seconds" : 2880
    },{
      "dateTime" : "2016-01-31T08:25:00.000",
      "level" : "restless",
      "seconds" : 120
    },{
      "dateTime" : "2016-01-31T08:27:00.000",
      "level" : "asleep",
      "seconds" : 720
    },{
      "dateTime" : "2016-01-31T08:39:00.000",
      "level" : "restless",
      "seconds" : 120
    }]
  },
  "mainSleep" : true
},{
  "logId" : 10751813864,
  "dateOfSleep" : "2016-01-30",
  "startTime" : "2016-01-29T23:53:00.000",
  "endTime" : "2016-01-30T08:55:30.000",
  "duration" : 32520000,
  "minutesToFallAsleep" : 0,
  "minutesAsleep" : 533,
  "minutesAwake" : 9,
  "minutesAfterWakeup" : 0,
  "timeInBed" : 542,
  "efficiency" : 98,
  "type" : "classic",
  "infoCode" : 0,
  "logType" : "auto_detected",
  "levels" : {
    "summary" : {
      "restless" : {
        "count" : 9,
        "minutes" : 9
      },
      "awake" : {
        "count" : 0,
        "minutes" : 0
      },
      "asleep" : {
        "count" : 0,
        "minutes" : 533
      }
    },
    "data" : [{
      "dateTime" : "2016-01-29T23:53:00.000",
      "level" : "asleep",
      "seconds" : 60
    },{
      "dateTime" : "2016-01-29T23:54:00.000",
      "level" : "restless",
      "seconds" : 60
    },{
      "dateTime" : "2016-01-29T23:55:00.000",
      "level" : "asleep",
      "seconds" : 120
    },{
      "dateTime" : "2016-01-29T23:57:00.000",
      "level" : "restless",
      "seconds" : 60
    },{
      "dateTime" : "2016-01-29T23:58:00.000",
      "level" : "asleep",
      "seconds" : 2340
    },{
      "dateTime" : "2016-01-30T00:37:00.000",
      "level" : "restless",
      "seconds" : 60
    },{
      "dateTime" : "2016-01-30T00:38:00.000",
      "level" : "asleep",
      "seconds" : 8880
    },{
      "dateTime" : "2016-01-30T03:06:00.000",
      "level" : "restless",
      "seconds" : 60
    },{
      "dateTime" : "2016-01-30T03:07:00.000",
      "level" : "asleep",
      "seconds" : 1380
    },{
      "dateTime" : "2016-01-30T03:30:00.000",
      "level" : "restless",
      "seconds" : 60
    },{
      "dateTime" : "2016-01-30T03:31:00.000",
      "level" : "asleep",
      "seconds" : 7080
    },{
      "dateTime" : "2016-01-30T05:29:00.000",
      "level" : "restless",
      "seconds" : 60
    },{
      "dateTime" : "2016-01-30T05:30:00.000",
      "level" : "asleep",
      "seconds" : 1260
    },{
      "dateTime" : "2016-01-30T05:51:00.000",
      "level" : "restless",
      "seconds" : 60
    },{
      "dateTime" : "2016-01-30T05:52:00.000",
      "level" : "asleep",
      "seconds" : 2760
    },{
      "dateTime" : "2016-01-30T06:38:00.000",
      "level" : "restless",
      "seconds" : 60
    },{
      "dateTime" : "2016-01-30T06:39:00.000",
      "level" : "asleep",
      "seconds" : 3420
    },{
      "dateTime" : "2016-01-30T07:36:00.000",
      "level" : "restless",
      "seconds" : 60
    },{
      "dateTime" : "2016-01-30T07:37:00.000",
      "level" : "asleep",
      "seconds" : 4680
    }]
  },
  "mainSleep" : true
},{
  "logId" : 10743487823,
  "dateOfSleep" : "2016-01-29",
  "startTime" : "2016-01-28T23:09:00.000",
  "endTime" : "2016-01-29T05:40:30.000",
  "duration" : 23460000,
  "minutesToFallAsleep" : 0,
  "minutesAsleep" : 384,
  "minutesAwake" : 7,
  "minutesAfterWakeup" : 0,
  "timeInBed" : 391,
  "efficiency" : 98,
  "type" : "classic",
  "infoCode" : 0,
  "logType" : "auto_detected",
  "levels" : {
    "summary" : {
      "restless" : {
        "count" : 2,
        "minutes" : 3
      },
      "awake" : {
        "count" : 2,
        "minutes" : 4
      },
      "asleep" : {
        "count" : 0,
        "minutes" : 384
      }
    },
    "data" : [{
      "dateTime" : "2016-01-28T23:09:00.000",
      "level" : "awake",
      "seconds" : 180
    },{
      "dateTime" : "2016-01-28T23:12:00.000",
      "level" : "asleep",
      "seconds" : 5640
    },{
      "dateTime" : "2016-01-29T00:46:00.000",
      "level" : "restless",
      "seconds" : 120
    },{
      "dateTime" : "2016-01-29T00:48:00.000",
      "level" : "awake",
      "seconds" : 60
    },{
      "dateTime" : "2016-01-29T00:49:00.000",
      "level" : "asleep",
      "seconds" : 2880
    },{
      "dateTime" : "2016-01-29T01:37:00.000",
      "level" : "restless",
      "seconds" : 60
    },{
      "dateTime" : "2016-01-29T01:38:00.000",
      "level" : "asleep",
      "seconds" : 14520
    }]
  },
  "mainSleep" : true
},{
  "logId" : 10734346739,
  "dateOfSleep" : "2016-01-28",
  "startTime" : "2016-01-27T22:30:00.000",
  "endTime" : "2016-01-28T06:49:00.000",
  "duration" : 29940000,
  "minutesToFallAsleep" : 0,
  "minutesAsleep" : 484,
  "minutesAwake" : 12,
  "minutesAfterWakeup" : 3,
  "timeInBed" : 499,
  "efficiency" : 98,
  "type" : "classic",
  "infoCode" : 0,
  "logType" : "auto_detected",
  "levels" : {
    "summary" : {
      "restless" : {
        "count" : 6,
        "minutes" : 11
      },
      "awake" : {
        "count" : 1,
        "minutes" : 4
      },
      "asleep" : {
        "count" : 0,
        "minutes" : 484
      }
    },
    "data" : [{
      "dateTime" : "2016-01-27T22:30:00.000",
      "level" : "awake",
      "seconds" : 240
    },{
      "dateTime" : "2016-01-27T22:34:00.000",
      "level" : "restless",
      "seconds" : 60
    },{
      "dateTime" : "2016-01-27T22:35:00.000",
      "level" : "asleep",
      "seconds" : 1140
    },{
      "dateTime" : "2016-01-27T22:54:00.000",
      "level" : "restless",
      "seconds" : 180
    },{
      "dateTime" : "2016-01-27T22:57:00.000",
      "level" : "asleep",
      "seconds" : 14400
    },{
      "dateTime" : "2016-01-28T02:57:00.000",
      "level" : "restless",
      "seconds" : 60
    },{
      "dateTime" : "2016-01-28T02:58:00.000",
      "level" : "asleep",
      "seconds" : 2700
    },{
      "dateTime" : "2016-01-28T03:43:00.000",
      "level" : "restless",
      "seconds" : 60
    },{
      "dateTime" : "2016-01-28T03:44:00.000",
      "level" : "asleep",
      "seconds" : 6360
    },{
      "dateTime" : "2016-01-28T05:30:00.000",
      "level" : "restless",
      "seconds" : 120
    },{
      "dateTime" : "2016-01-28T05:32:00.000",
      "level" : "asleep",
      "seconds" : 4440
    },{
      "dateTime" : "2016-01-28T06:46:00.000",
      "level" : "restless",
      "seconds" : 180
    }]
  },
  "mainSleep" : true
},{
  "logId" : 10726172882,
  "dateOfSleep" : "2016-01-27",
  "startTime" : "2016-01-26T23:32:00.000",
  "endTime" : "2016-01-27T06:43:30.000",
  "duration" : 25860000,
  "minutesToFallAsleep" : 0,
  "minutesAsleep" : 424,
  "minutesAwake" : 7,
  "minutesAfterWakeup" : 0,
  "timeInBed" : 431,
  "efficiency" : 98,
  "type" : "classic",
  "infoCode" : 0,
  "logType" : "auto_detected",
  "levels" : {
    "summary" : {
      "restless" : {
        "count" : 5,
        "minutes" : 6
      },
      "awake" : {
        "count" : 1,
        "minutes" : 1
      },
      "asleep" : {
        "count" : 0,
        "minutes" : 424
      }
    },
    "data" : [{
      "dateTime" : "2016-01-26T23:32:00.000",
      "level" : "restless",
      "seconds" : 120
    },{
      "dateTime" : "2016-01-26T23:34:00.000",
      "level" : "asleep",
      "seconds" : 60
    },{
      "dateTime" : "2016-01-26T23:35:00.000",
      "level" : "awake",
      "seconds" : 60
    },{
      "dateTime" : "2016-01-26T23:36:00.000",
      "level" : "asleep",
      "seconds" : 60
    },{
      "dateTime" : "2016-01-26T23:37:00.000",
      "level" : "restless",
      "seconds" : 60
    },{
      "dateTime" : "2016-01-26T23:38:00.000",
      "level" : "asleep",
      "seconds" : 600
    },{
      "dateTime" : "2016-01-26T23:48:00.000",
      "level" : "restless",
      "seconds" : 60
    },{
      "dateTime" : "2016-01-26T23:49:00.000",
      "level" : "asleep",
      "seconds" : 8400
    },{
      "dateTime" : "2016-01-27T02:09:00.000",
      "level" : "restless",
      "seconds" : 60
    },{
      "dateTime" : "2016-01-27T02:10:00.000",
      "level" : "asleep",
      "seconds" : 5400
    },{
      "dateTime" : "2016-01-27T03:40:00.000",
      "level" : "restless",
      "seconds" : 60
    },{
      "dateTime" : "2016-01-27T03:41:00.000",
      "level" : "asleep",
      "seconds" : 10920
    }]
  },
  "mainSleep" : true
},{
  "logId" : 10717739310,
  "dateOfSleep" : "2016-01-26",
  "startTime" : "2016-01-25T23:21:30.000",
  "endTime" : "2016-01-26T07:14:00.000",
  "duration" : 28320000,
  "minutesToFallAsleep" : 0,
  "minutesAsleep" : 443,
  "minutesAwake" : 25,
  "minutesAfterWakeup" : 4,
  "timeInBed" : 472,
  "efficiency" : 95,
  "type" : "classic",
  "infoCode" : 0,
  "logType" : "auto_detected",
  "levels" : {
    "summary" : {
      "restless" : {
        "count" : 11,
        "minutes" : 25
      },
      "awake" : {
        "count" : 1,
        "minutes" : 4
      },
      "asleep" : {
        "count" : 0,
        "minutes" : 443
      }
    },
    "data" : [{
      "dateTime" : "2016-01-25T23:21:30.000",
      "level" : "asleep",
      "seconds" : 360
    },{
      "dateTime" : "2016-01-25T23:27:30.000",
      "level" : "restless",
      "seconds" : 180
    },{
      "dateTime" : "2016-01-25T23:30:30.000",
      "level" : "asleep",
      "seconds" : 2520
    },{
      "dateTime" : "2016-01-26T00:12:30.000",
      "level" : "restless",
      "seconds" : 120
    },{
      "dateTime" : "2016-01-26T00:14:30.000",
      "level" : "awake",
      "seconds" : 240
    },{
      "dateTime" : "2016-01-26T00:18:30.000",
      "level" : "asleep",
      "seconds" : 3900
    },{
      "dateTime" : "2016-01-26T01:23:30.000",
      "level" : "restless",
      "seconds" : 60
    },{
      "dateTime" : "2016-01-26T01:24:30.000",
      "level" : "asleep",
      "seconds" : 660
    },{
      "dateTime" : "2016-01-26T01:35:30.000",
      "level" : "restless",
      "seconds" : 60
    },{
      "dateTime" : "2016-01-26T01:36:30.000",
      "level" : "asleep",
      "seconds" : 2160
    },{
      "dateTime" : "2016-01-26T02:12:30.000",
      "level" : "restless",
      "seconds" : 60
    },{
      "dateTime" : "2016-01-26T02:13:30.000",
      "level" : "asleep",
      "seconds" : 2880
    },{
      "dateTime" : "2016-01-26T03:01:30.000",
      "level" : "restless",
      "seconds" : 120
    },{
      "dateTime" : "2016-01-26T03:03:30.000",
      "level" : "asleep",
      "seconds" : 1080
    },{
      "dateTime" : "2016-01-26T03:21:30.000",
      "level" : "restless",
      "seconds" : 60
    },{
      "dateTime" : "2016-01-26T03:22:30.000",
      "level" : "asleep",
      "seconds" : 4560
    },{
      "dateTime" : "2016-01-26T04:38:30.000",
      "level" : "restless",
      "seconds" : 60
    },{
      "dateTime" : "2016-01-26T04:39:30.000",
      "level" : "asleep",
      "seconds" : 120
    },{
      "dateTime" : "2016-01-26T04:41:30.000",
      "level" : "restless",
      "seconds" : 60
    },{
      "dateTime" : "2016-01-26T04:42:30.000",
      "level" : "asleep",
      "seconds" : 8280
    },{
      "dateTime" : "2016-01-26T07:00:30.000",
      "level" : "restless",
      "seconds" : 480
    },{
      "dateTime" : "2016-01-26T07:08:30.000",
      "level" : "asleep",
      "seconds" : 60
    },{
      "dateTime" : "2016-01-26T07:09:30.000",
      "level" : "restless",
      "seconds" : 240
    }]
  },
  "mainSleep" : true
},{
  "logId" : 10710169411,
  "dateOfSleep" : "2016-01-25",
  "startTime" : "2016-01-24T23:08:00.000",
  "endTime" : "2016-01-25T08:48:30.000",
  "duration" : 34800000,
  "minutesToFallAsleep" : 0,
  "minutesAsleep" : 556,
  "minutesAwake" : 24,
  "minutesAfterWakeup" : 0,
  "timeInBed" : 580,
  "efficiency" : 96,
  "type" : "classic",
  "infoCode" : 0,
  "logType" : "auto_detected",
  "levels" : {
    "summary" : {
      "restless" : {
        "count" : 14,
        "minutes" : 20
      },
      "awake" : {
        "count" : 3,
        "minutes" : 4
      },
      "asleep" : {
        "count" : 0,
        "minutes" : 556
      }
    },
    "data" : [{
      "dateTime" : "2016-01-24T23:08:00.000",
      "level" : "awake",
      "seconds" : 120
    },{
      "dateTime" : "2016-01-24T23:10:00.000",
      "level" : "restless",
      "seconds" : 60
    },{
      "dateTime" : "2016-01-24T23:11:00.000",
      "level" : "awake",
      "seconds" : 60
    },{
      "dateTime" : "2016-01-24T23:12:00.000",
      "level" : "restless",
      "seconds" : 60
    },{
      "dateTime" : "2016-01-24T23:13:00.000",
      "level" : "asleep",
      "seconds" : 2220
    },{
      "dateTime" : "2016-01-24T23:50:00.000",
      "level" : "restless",
      "seconds" : 60
    },{
      "dateTime" : "2016-01-24T23:51:00.000",
      "level" : "asleep",
      "seconds" : 2400
    },{
      "dateTime" : "2016-01-25T00:31:00.000",
      "level" : "restless",
      "seconds" : 120
    },{
      "dateTime" : "2016-01-25T00:33:00.000",
      "level" : "awake",
      "seconds" : 60
    },{
      "dateTime" : "2016-01-25T00:34:00.000",
      "level" : "restless",
      "seconds" : 120
    },{
      "dateTime" : "2016-01-25T00:36:00.000",
      "level" : "asleep",
      "seconds" : 60
    },{
      "dateTime" : "2016-01-25T00:37:00.000",
      "level" : "restless",
      "seconds" : 60
    },{
      "dateTime" : "2016-01-25T00:38:00.000",
      "level" : "asleep",
      "seconds" : 5280
    },{
      "dateTime" : "2016-01-25T02:06:00.000",
      "level" : "restless",
      "seconds" : 60
    },{
      "dateTime" : "2016-01-25T02:07:00.000",
      "level" : "asleep",
      "seconds" : 60
    },{
      "dateTime" : "2016-01-25T02:08:00.000",
      "level" : "restless",
      "seconds" : 120
    },{
      "dateTime" : "2016-01-25T02:10:00.000",
      "level" : "asleep",
      "seconds" : 1740
    },{
      "dateTime" : "2016-01-25T02:39:00.000",
      "level" : "restless",
      "seconds" : 60
    },{
      "dateTime" : "2016-01-25T02:40:00.000",
      "level" : "asleep",
      "seconds" : 6720
    },{
      "dateTime" : "2016-01-25T04:32:00.000",
      "level" : "restless",
      "seconds" : 120
    },{
      "dateTime" : "2016-01-25T04:34:00.000",
      "level" : "asleep",
      "seconds" : 8940
    },{
      "dateTime" : "2016-01-25T07:03:00.000",
      "level" : "restless",
      "seconds" : 60
    },{
      "dateTime" : "2016-01-25T07:04:00.000",
      "level" : "asleep",
      "seconds" : 1800
    },{
      "dateTime" : "2016-01-25T07:34:00.000",
      "level" : "restless",
      "seconds" : 60
    },{
      "dateTime" : "2016-01-25T07:35:00.000",
      "level" : "asleep",
      "seconds" : 2760
    },{
      "dateTime" : "2016-01-25T08:21:00.000",
      "level" : "restless",
      "seconds" : 60
    },{
      "dateTime" : "2016-01-25T08:22:00.000",
      "level" : "asleep",
      "seconds" : 60
    },{
      "dateTime" : "2016-01-25T08:23:00.000",
      "level" : "restless",
      "seconds" : 180
    },{
      "dateTime" : "2016-01-25T08:26:00.000",
      "level" : "asleep",
      "seconds" : 1320
    }]
  },
  "mainSleep" : true
},{
  "logId" : 10702121948,
  "dateOfSleep" : "2016-01-24",
  "startTime" : "2016-01-23T23:35:00.000",
  "endTime" : "2016-01-24T08:40:30.000",
  "duration" : 32700000,
  "minutesToFallAsleep" : 0,
  "minutesAsleep" : 528,
  "minutesAwake" : 17,
  "minutesAfterWakeup" : 0,
  "timeInBed" : 545,
  "efficiency" : 97,
  "type" : "classic",
  "infoCode" : 0,
  "logType" : "auto_detected",
  "levels" : {
    "summary" : {
      "restless" : {
        "count" : 10,
        "minutes" : 15
      },
      "awake" : {
        "count" : 1,
        "minutes" : 2
      },
      "asleep" : {
        "count" : 0,
        "minutes" : 528
      }
    },
    "data" : [{
      "dateTime" : "2016-01-23T23:35:00.000",
      "level" : "restless",
      "seconds" : 60
    },{
      "dateTime" : "2016-01-23T23:36:00.000",
      "level" : "asleep",
      "seconds" : 60
    },{
      "dateTime" : "2016-01-23T23:37:00.000",
      "level" : "restless",
      "seconds" : 180
    },{
      "dateTime" : "2016-01-23T23:40:00.000",
      "level" : "asleep",
      "seconds" : 240
    },{
      "dateTime" : "2016-01-23T23:44:00.000",
      "level" : "restless",
      "seconds" : 120
    },{
      "dateTime" : "2016-01-23T23:46:00.000",
      "level" : "awake",
      "seconds" : 120
    },{
      "dateTime" : "2016-01-23T23:48:00.000",
      "level" : "restless",
      "seconds" : 60
    },{
      "dateTime" : "2016-01-23T23:49:00.000",
      "level" : "asleep",
      "seconds" : 5520
    },{
      "dateTime" : "2016-01-24T01:21:00.000",
      "level" : "restless",
      "seconds" : 60
    },{
      "dateTime" : "2016-01-24T01:22:00.000",
      "level" : "asleep",
      "seconds" : 5700
    },{
      "dateTime" : "2016-01-24T02:57:00.000",
      "level" : "restless",
      "seconds" : 60
    },{
      "dateTime" : "2016-01-24T02:58:00.000",
      "level" : "asleep",
      "seconds" : 1500
    },{
      "dateTime" : "2016-01-24T03:23:00.000",
      "level" : "restless",
      "seconds" : 60
    },{
      "dateTime" : "2016-01-24T03:24:00.000",
      "level" : "asleep",
      "seconds" : 9180
    },{
      "dateTime" : "2016-01-24T05:57:00.000",
      "level" : "restless",
      "seconds" : 60
    },{
      "dateTime" : "2016-01-24T05:58:00.000",
      "level" : "asleep",
      "seconds" : 8580
    },{
      "dateTime" : "2016-01-24T08:21:00.000",
      "level" : "restless",
      "seconds" : 180
    },{
      "dateTime" : "2016-01-24T08:24:00.000",
      "level" : "asleep",
      "seconds" : 480
    },{
      "dateTime" : "2016-01-24T08:32:00.000",
      "level" : "restless",
      "seconds" : 60
    },{
      "dateTime" : "2016-01-24T08:33:00.000",
      "level" : "asleep",
      "seconds" : 420
    }]
  },
  "mainSleep" : true
},{
  "logId" : 10693430649,
  "dateOfSleep" : "2016-01-23",
  "startTime" : "2016-01-23T00:49:00.000",
  "endTime" : "2016-01-23T07:59:30.000",
  "duration" : 25800000,
  "minutesToFallAsleep" : 0,
  "minutesAsleep" : 419,
  "minutesAwake" : 11,
  "minutesAfterWakeup" : 0,
  "timeInBed" : 430,
  "efficiency" : 97,
  "type" : "classic",
  "infoCode" : 0,
  "logType" : "auto_detected",
  "levels" : {
    "summary" : {
      "restless" : {
        "count" : 6,
        "minutes" : 10
      },
      "awake" : {
        "count" : 1,
        "minutes" : 1
      },
      "asleep" : {
        "count" : 0,
        "minutes" : 419
      }
    },
    "data" : [{
      "dateTime" : "2016-01-23T00:49:00.000",
      "level" : "asleep",
      "seconds" : 240
    },{
      "dateTime" : "2016-01-23T00:53:00.000",
      "level" : "restless",
      "seconds" : 60
    },{
      "dateTime" : "2016-01-23T00:54:00.000",
      "level" : "asleep",
      "seconds" : 240
    },{
      "dateTime" : "2016-01-23T00:58:00.000",
      "level" : "restless",
      "seconds" : 300
    },{
      "dateTime" : "2016-01-23T01:03:00.000",
      "level" : "awake",
      "seconds" : 60
    },{
      "dateTime" : "2016-01-23T01:04:00.000",
      "level" : "asleep",
      "seconds" : 8100
    },{
      "dateTime" : "2016-01-23T03:19:00.000",
      "level" : "restless",
      "seconds" : 60
    },{
      "dateTime" : "2016-01-23T03:20:00.000",
      "level" : "asleep",
      "seconds" : 11220
    },{
      "dateTime" : "2016-01-23T06:27:00.000",
      "level" : "restless",
      "seconds" : 60
    },{
      "dateTime" : "2016-01-23T06:28:00.000",
      "level" : "asleep",
      "seconds" : 2460
    },{
      "dateTime" : "2016-01-23T07:09:00.000",
      "level" : "restless",
      "seconds" : 60
    },{
      "dateTime" : "2016-01-23T07:10:00.000",
      "level" : "asleep",
      "seconds" : 1560
    },{
      "dateTime" : "2016-01-23T07:36:00.000",
      "level" : "restless",
      "seconds" : 60
    },{
      "dateTime" : "2016-01-23T07:37:00.000",
      "level" : "asleep",
      "seconds" : 1320
    }]
  },
  "mainSleep" : true
},{
  "logId" : 10685641649,
  "dateOfSleep" : "2016-01-22",
  "startTime" : "2016-01-21T23:08:00.000",
  "endTime" : "2016-01-22T07:04:30.000",
  "duration" : 28560000,
  "minutesToFallAsleep" : 0,
  "minutesAsleep" : 458,
  "minutesAwake" : 16,
  "minutesAfterWakeup" : 2,
  "timeInBed" : 476,
  "efficiency" : 97,
  "type" : "classic",
  "infoCode" : 0,
  "logType" : "auto_detected",
  "levels" : {
    "summary" : {
      "restless" : {
        "count" : 9,
        "minutes" : 16
      },
      "awake" : {
        "count" : 1,
        "minutes" : 2
      },
      "asleep" : {
        "count" : 0,
        "minutes" : 458
      }
    },
    "data" : [{
      "dateTime" : "2016-01-21T23:08:00.000",
      "level" : "awake",
      "seconds" : 120
    },{
      "dateTime" : "2016-01-21T23:10:00.000",
      "level" : "restless",
      "seconds" : 120
    },{
      "dateTime" : "2016-01-21T23:12:00.000",
      "level" : "asleep",
      "seconds" : 2040
    },{
      "dateTime" : "2016-01-21T23:46:00.000",
      "level" : "restless",
      "seconds" : 360
    },{
      "dateTime" : "2016-01-21T23:52:00.000",
      "level" : "asleep",
      "seconds" : 600
    },{
      "dateTime" : "2016-01-22T00:02:00.000",
      "level" : "restless",
      "seconds" : 60
    },{
      "dateTime" : "2016-01-22T00:03:00.000",
      "level" : "asleep",
      "seconds" : 2100
    },{
      "dateTime" : "2016-01-22T00:38:00.000",
      "level" : "restless",
      "seconds" : 60
    },{
      "dateTime" : "2016-01-22T00:39:00.000",
      "level" : "asleep",
      "seconds" : 7200
    },{
      "dateTime" : "2016-01-22T02:39:00.000",
      "level" : "restless",
      "seconds" : 60
    },{
      "dateTime" : "2016-01-22T02:40:00.000",
      "level" : "asleep",
      "seconds" : 1800
    },{
      "dateTime" : "2016-01-22T03:10:00.000",
      "level" : "restless",
      "seconds" : 60
    },{
      "dateTime" : "2016-01-22T03:11:00.000",
      "level" : "asleep",
      "seconds" : 8400
    },{
      "dateTime" : "2016-01-22T05:31:00.000",
      "level" : "restless",
      "seconds" : 60
    },{
      "dateTime" : "2016-01-22T05:32:00.000",
      "level" : "asleep",
      "seconds" : 3240
    },{
      "dateTime" : "2016-01-22T06:26:00.000",
      "level" : "restless",
      "seconds" : 60
    },{
      "dateTime" : "2016-01-22T06:27:00.000",
      "level" : "asleep",
      "seconds" : 2100
    },{
      "dateTime" : "2016-01-22T07:02:00.000",
      "level" : "restless",
      "seconds" : 120
    }]
  },
  "mainSleep" : true
},{
  "logId" : 10677388716,
  "dateOfSleep" : "2016-01-21",
  "startTime" : "2016-01-21T00:40:00.000",
  "endTime" : "2016-01-21T07:03:00.000",
  "duration" : 22980000,
  "minutesToFallAsleep" : 0,
  "minutesAsleep" : 376,
  "minutesAwake" : 7,
  "minutesAfterWakeup" : 0,
  "timeInBed" : 383,
  "efficiency" : 98,
  "type" : "classic",
  "infoCode" : 0,
  "logType" : "auto_detected",
  "levels" : {
    "summary" : {
      "restless" : {
        "count" : 3,
        "minutes" : 7
      },
      "awake" : {
        "count" : 0,
        "minutes" : 0
      },
      "asleep" : {
        "count" : 0,
        "minutes" : 376
      }
    },
    "data" : [{
      "dateTime" : "2016-01-21T00:40:00.000",
      "level" : "restless",
      "seconds" : 240
    },{
      "dateTime" : "2016-01-21T00:44:00.000",
      "level" : "asleep",
      "seconds" : 480
    },{
      "dateTime" : "2016-01-21T00:52:00.000",
      "level" : "restless",
      "seconds" : 120
    },{
      "dateTime" : "2016-01-21T00:54:00.000",
      "level" : "asleep",
      "seconds" : 60
    },{
      "dateTime" : "2016-01-21T00:55:00.000",
      "level" : "restless",
      "seconds" : 60
    },{
      "dateTime" : "2016-01-21T00:56:00.000",
      "level" : "asleep",
      "seconds" : 22020
    }]
  },
  "mainSleep" : true
},{
  "logId" : 10668889693,
  "dateOfSleep" : "2016-01-20",
  "startTime" : "2016-01-19T23:15:00.000",
  "endTime" : "2016-01-20T06:57:30.000",
  "duration" : 27720000,
  "minutesToFallAsleep" : 0,
  "minutesAsleep" : 455,
  "minutesAwake" : 7,
  "minutesAfterWakeup" : 0,
  "timeInBed" : 462,
  "efficiency" : 98,
  "type" : "classic",
  "infoCode" : 0,
  "logType" : "auto_detected",
  "levels" : {
    "summary" : {
      "restless" : {
        "count" : 3,
        "minutes" : 3
      },
      "awake" : {
        "count" : 2,
        "minutes" : 4
      },
      "asleep" : {
        "count" : 0,
        "minutes" : 455
      }
    },
    "data" : [{
      "dateTime" : "2016-01-19T23:15:00.000",
      "level" : "awake",
      "seconds" : 120
    },{
      "dateTime" : "2016-01-19T23:17:00.000",
      "level" : "asleep",
      "seconds" : 60
    },{
      "dateTime" : "2016-01-19T23:18:00.000",
      "level" : "restless",
      "seconds" : 60
    },{
      "dateTime" : "2016-01-19T23:19:00.000",
      "level" : "awake",
      "seconds" : 120
    },{
      "dateTime" : "2016-01-19T23:21:00.000",
      "level" : "asleep",
      "seconds" : 900
    },{
      "dateTime" : "2016-01-19T23:36:00.000",
      "level" : "restless",
      "seconds" : 60
    },{
      "dateTime" : "2016-01-19T23:37:00.000",
      "level" : "asleep",
      "seconds" : 5280
    },{
      "dateTime" : "2016-01-20T01:05:00.000",
      "level" : "restless",
      "seconds" : 60
    },{
      "dateTime" : "2016-01-20T01:06:00.000",
      "level" : "asleep",
      "seconds" : 21060
    }]
  },
  "mainSleep" : true
},{
  "logId" : 10660564660,
  "dateOfSleep" : "2016-01-19",
  "startTime" : "2016-01-18T23:35:00.000",
  "endTime" : "2016-01-19T06:57:00.000",
  "duration" : 26520000,
  "minutesToFallAsleep" : 0,
  "minutesAsleep" : 425,
  "minutesAwake" : 17,
  "minutesAfterWakeup" : 0,
  "timeInBed" : 442,
  "efficiency" : 96,
  "type" : "classic",
  "infoCode" : 0,
  "logType" : "auto_detected",
  "levels" : {
    "summary" : {
      "restless" : {
        "count" : 9,
        "minutes" : 17
      },
      "awake" : {
        "count" : 0,
        "minutes" : 0
      },
      "asleep" : {
        "count" : 0,
        "minutes" : 425
      }
    },
    "data" : [{
      "dateTime" : "2016-01-18T23:35:00.000",
      "level" : "restless",
      "seconds" : 240
    },{
      "dateTime" : "2016-01-18T23:39:00.000",
      "level" : "asleep",
      "seconds" : 360
    },{
      "dateTime" : "2016-01-18T23:45:00.000",
      "level" : "restless",
      "seconds" : 60
    },{
      "dateTime" : "2016-01-18T23:46:00.000",
      "level" : "asleep",
      "seconds" : 60
    },{
      "dateTime" : "2016-01-18T23:47:00.000",
      "level" : "restless",
      "seconds" : 60
    },{
      "dateTime" : "2016-01-18T23:48:00.000",
      "level" : "asleep",
      "seconds" : 1680
    },{
      "dateTime" : "2016-01-19T00:16:00.000",
      "level" : "restless",
      "seconds" : 240
    },{
      "dateTime" : "2016-01-19T00:20:00.000",
      "level" : "asleep",
      "seconds" : 960
    },{
      "dateTime" : "2016-01-19T00:36:00.000",
      "level" : "restless",
      "seconds" : 180
    },{
      "dateTime" : "2016-01-19T00:39:00.000",
      "level" : "asleep",
      "seconds" : 60
    },{
      "dateTime" : "2016-01-19T00:40:00.000",
      "level" : "restless",
      "seconds" : 60
    },{
      "dateTime" : "2016-01-19T00:41:00.000",
      "level" : "asleep",
      "seconds" : 6300
    },{
      "dateTime" : "2016-01-19T02:26:00.000",
      "level" : "restless",
      "seconds" : 60
    },{
      "dateTime" : "2016-01-19T02:27:00.000",
      "level" : "asleep",
      "seconds" : 5940
    },{
      "dateTime" : "2016-01-19T04:06:00.000",
      "level" : "restless",
      "seconds" : 60
    },{
      "dateTime" : "2016-01-19T04:07:00.000",
      "level" : "asleep",
      "seconds" : 9720
    },{
      "dateTime" : "2016-01-19T06:49:00.000",
      "level" : "restless",
      "seconds" : 60
    },{
      "dateTime" : "2016-01-19T06:50:00.000",
      "level" : "asleep",
      "seconds" : 420
    }]
  },
  "mainSleep" : true
},{
  "logId" : 10651954936,
  "dateOfSleep" : "2016-01-18",
  "startTime" : "2016-01-17T23:13:00.000",
  "endTime" : "2016-01-18T06:43:30.000",
  "duration" : 27000000,
  "minutesToFallAsleep" : 0,
  "minutesAsleep" : 435,
  "minutesAwake" : 15,
  "minutesAfterWakeup" : 0,
  "timeInBed" : 450,
  "efficiency" : 97,
  "type" : "classic",
  "infoCode" : 0,
  "logType" : "auto_detected",
  "levels" : {
    "summary" : {
      "restless" : {
        "count" : 8,
        "minutes" : 15
      },
      "awake" : {
        "count" : 0,
        "minutes" : 0
      },
      "asleep" : {
        "count" : 0,
        "minutes" : 435
      }
    },
    "data" : [{
      "dateTime" : "2016-01-17T23:13:00.000",
      "level" : "restless",
      "seconds" : 420
    },{
      "dateTime" : "2016-01-17T23:20:00.000",
      "level" : "asleep",
      "seconds" : 1080
    },{
      "dateTime" : "2016-01-17T23:38:00.000",
      "level" : "restless",
      "seconds" : 60
    },{
      "dateTime" : "2016-01-17T23:39:00.000",
      "level" : "asleep",
      "seconds" : 120
    },{
      "dateTime" : "2016-01-17T23:41:00.000",
      "level" : "restless",
      "seconds" : 60
    },{
      "dateTime" : "2016-01-17T23:42:00.000",
      "level" : "asleep",
      "seconds" : 12420
    },{
      "dateTime" : "2016-01-18T03:09:00.000",
      "level" : "restless",
      "seconds" : 60
    },{
      "dateTime" : "2016-01-18T03:10:00.000",
      "level" : "asleep",
      "seconds" : 120
    },{
      "dateTime" : "2016-01-18T03:12:00.000",
      "level" : "restless",
      "seconds" : 60
    },{
      "dateTime" : "2016-01-18T03:13:00.000",
      "level" : "asleep",
      "seconds" : 1200
    },{
      "dateTime" : "2016-01-18T03:33:00.000",
      "level" : "restless",
      "seconds" : 60
    },{
      "dateTime" : "2016-01-18T03:34:00.000",
      "level" : "asleep",
      "seconds" : 5940
    },{
      "dateTime" : "2016-01-18T05:13:00.000",
      "level" : "restless",
      "seconds" : 120
    },{
      "dateTime" : "2016-01-18T05:15:00.000",
      "level" : "asleep",
      "seconds" : 1380
    },{
      "dateTime" : "2016-01-18T05:38:00.000",
      "level" : "restless",
      "seconds" : 60
    },{
      "dateTime" : "2016-01-18T05:39:00.000",
      "level" : "asleep",
      "seconds" : 3840
    }]
  },
  "mainSleep" : true
},{
  "logId" : 10644051692,
  "dateOfSleep" : "2016-01-17",
  "startTime" : "2016-01-16T23:37:00.000",
  "endTime" : "2016-01-17T08:02:00.000",
  "duration" : 30300000,
  "minutesToFallAsleep" : 0,
  "minutesAsleep" : 493,
  "minutesAwake" : 12,
  "minutesAfterWakeup" : 0,
  "timeInBed" : 505,
  "efficiency" : 98,
  "type" : "classic",
  "infoCode" : 0,
  "logType" : "auto_detected",
  "levels" : {
    "summary" : {
      "restless" : {
        "count" : 10,
        "minutes" : 12
      },
      "awake" : {
        "count" : 0,
        "minutes" : 0
      },
      "asleep" : {
        "count" : 0,
        "minutes" : 493
      }
    },
    "data" : [{
      "dateTime" : "2016-01-16T23:37:00.000",
      "level" : "restless",
      "seconds" : 60
    },{
      "dateTime" : "2016-01-16T23:38:00.000",
      "level" : "asleep",
      "seconds" : 1260
    },{
      "dateTime" : "2016-01-16T23:59:00.000",
      "level" : "restless",
      "seconds" : 60
    },{
      "dateTime" : "2016-01-17T00:00:00.000",
      "level" : "asleep",
      "seconds" : 60
    },{
      "dateTime" : "2016-01-17T00:01:00.000",
      "level" : "restless",
      "seconds" : 60
    },{
      "dateTime" : "2016-01-17T00:02:00.000",
      "level" : "asleep",
      "seconds" : 4800
    },{
      "dateTime" : "2016-01-17T01:22:00.000",
      "level" : "restless",
      "seconds" : 60
    },{
      "dateTime" : "2016-01-17T01:23:00.000",
      "level" : "asleep",
      "seconds" : 4440
    },{
      "dateTime" : "2016-01-17T02:37:00.000",
      "level" : "restless",
      "seconds" : 120
    },{
      "dateTime" : "2016-01-17T02:39:00.000",
      "level" : "asleep",
      "seconds" : 60
    },{
      "dateTime" : "2016-01-17T02:40:00.000",
      "level" : "restless",
      "seconds" : 120
    },{
      "dateTime" : "2016-01-17T02:42:00.000",
      "level" : "asleep",
      "seconds" : 8460
    },{
      "dateTime" : "2016-01-17T05:03:00.000",
      "level" : "restless",
      "seconds" : 60
    },{
      "dateTime" : "2016-01-17T05:04:00.000",
      "level" : "asleep",
      "seconds" : 2520
    },{
      "dateTime" : "2016-01-17T05:46:00.000",
      "level" : "restless",
      "seconds" : 60
    },{
      "dateTime" : "2016-01-17T05:47:00.000",
      "level" : "asleep",
      "seconds" : 1380
    },{
      "dateTime" : "2016-01-17T06:10:00.000",
      "level" : "restless",
      "seconds" : 60
    },{
      "dateTime" : "2016-01-17T06:11:00.000",
      "level" : "asleep",
      "seconds" : 5760
    },{
      "dateTime" : "2016-01-17T07:47:00.000",
      "level" : "restless",
      "seconds" : 60
    },{
      "dateTime" : "2016-01-17T07:48:00.000",
      "level" : "asleep",
      "seconds" : 840
    }]
  },
  "mainSleep" : true
},{
  "logId" : 10636902198,
  "dateOfSleep" : "2016-01-16",
  "startTime" : "2016-01-16T00:18:30.000",
  "endTime" : "2016-01-16T08:45:00.000",
  "duration" : 30360000,
  "minutesToFallAsleep" : 0,
  "minutesAsleep" : 480,
  "minutesAwake" : 23,
  "minutesAfterWakeup" : 3,
  "timeInBed" : 506,
  "efficiency" : 95,
  "type" : "classic",
  "infoCode" : 0,
  "logType" : "auto_detected",
  "levels" : {
    "summary" : {
      "restless" : {
        "count" : 16,
        "minutes" : 26
      },
      "awake" : {
        "count" : 0,
        "minutes" : 0
      },
      "asleep" : {
        "count" : 0,
        "minutes" : 480
      }
    },
    "data" : [{
      "dateTime" : "2016-01-16T00:18:30.000",
      "level" : "asleep",
      "seconds" : 540
    },{
      "dateTime" : "2016-01-16T00:27:30.000",
      "level" : "restless",
      "seconds" : 60
    },{
      "dateTime" : "2016-01-16T00:28:30.000",
      "level" : "asleep",
      "seconds" : 2640
    },{
      "dateTime" : "2016-01-16T01:12:30.000",
      "level" : "restless",
      "seconds" : 60
    },{
      "dateTime" : "2016-01-16T01:13:30.000",
      "level" : "asleep",
      "seconds" : 3600
    },{
      "dateTime" : "2016-01-16T02:13:30.000",
      "level" : "restless",
      "seconds" : 60
    },{
      "dateTime" : "2016-01-16T02:14:30.000",
      "level" : "asleep",
      "seconds" : 5580
    },{
      "dateTime" : "2016-01-16T03:47:30.000",
      "level" : "restless",
      "seconds" : 60
    },{
      "dateTime" : "2016-01-16T03:48:30.000",
      "level" : "asleep",
      "seconds" : 60
    },{
      "dateTime" : "2016-01-16T03:49:30.000",
      "level" : "restless",
      "seconds" : 60
    },{
      "dateTime" : "2016-01-16T03:50:30.000",
      "level" : "asleep",
      "seconds" : 3000
    },{
      "dateTime" : "2016-01-16T04:40:30.000",
      "level" : "restless",
      "seconds" : 120
    },{
      "dateTime" : "2016-01-16T04:42:30.000",
      "level" : "asleep",
      "seconds" : 480
    },{
      "dateTime" : "2016-01-16T04:50:30.000",
      "level" : "restless",
      "seconds" : 60
    },{
      "dateTime" : "2016-01-16T04:51:30.000",
      "level" : "asleep",
      "seconds" : 660
    },{
      "dateTime" : "2016-01-16T05:02:30.000",
      "level" : "restless",
      "seconds" : 60
    },{
      "dateTime" : "2016-01-16T05:03:30.000",
      "level" : "asleep",
      "seconds" : 1560
    },{
      "dateTime" : "2016-01-16T05:29:30.000",
      "level" : "restless",
      "seconds" : 60
    },{
      "dateTime" : "2016-01-16T05:30:30.000",
      "level" : "asleep",
      "seconds" : 2280
    },{
      "dateTime" : "2016-01-16T06:08:30.000",
      "level" : "restless",
      "seconds" : 60
    },{
      "dateTime" : "2016-01-16T06:09:30.000",
      "level" : "asleep",
      "seconds" : 2040
    },{
      "dateTime" : "2016-01-16T06:43:30.000",
      "level" : "restless",
      "seconds" : 60
    },{
      "dateTime" : "2016-01-16T06:44:30.000",
      "level" : "asleep",
      "seconds" : 1860
    },{
      "dateTime" : "2016-01-16T07:15:30.000",
      "level" : "restless",
      "seconds" : 60
    },{
      "dateTime" : "2016-01-16T07:16:30.000",
      "level" : "asleep",
      "seconds" : 120
    },{
      "dateTime" : "2016-01-16T07:18:30.000",
      "level" : "restless",
      "seconds" : 120
    },{
      "dateTime" : "2016-01-16T07:20:30.000",
      "level" : "asleep",
      "seconds" : 1860
    },{
      "dateTime" : "2016-01-16T07:51:30.000",
      "level" : "restless",
      "seconds" : 120
    },{
      "dateTime" : "2016-01-16T07:53:30.000",
      "level" : "asleep",
      "seconds" : 840
    },{
      "dateTime" : "2016-01-16T08:07:30.000",
      "level" : "restless",
      "seconds" : 360
    },{
      "dateTime" : "2016-01-16T08:13:30.000",
      "level" : "asleep",
      "seconds" : 1680
    },{
      "dateTime" : "2016-01-16T08:41:30.000",
      "level" : "restless",
      "seconds" : 180
    }]
  },
  "mainSleep" : true
},{
  "logId" : 10630357122,
  "dateOfSleep" : "2016-01-15",
  "startTime" : "2016-01-15T01:56:00.000",
  "endTime" : "2016-01-15T07:09:30.000",
  "duration" : 18780000,
  "minutesToFallAsleep" : 0,
  "minutesAsleep" : 285,
  "minutesAwake" : 22,
  "minutesAfterWakeup" : 6,
  "timeInBed" : 313,
  "efficiency" : 93,
  "type" : "classic",
  "infoCode" : 0,
  "logType" : "auto_detected",
  "levels" : {
    "summary" : {
      "restless" : {
        "count" : 10,
        "minutes" : 28
      },
      "awake" : {
        "count" : 0,
        "minutes" : 0
      },
      "asleep" : {
        "count" : 0,
        "minutes" : 285
      }
    },
    "data" : [{
      "dateTime" : "2016-01-15T01:56:00.000",
      "level" : "restless",
      "seconds" : 60
    },{
      "dateTime" : "2016-01-15T01:57:00.000",
      "level" : "asleep",
      "seconds" : 240
    },{
      "dateTime" : "2016-01-15T02:01:00.000",
      "level" : "restless",
      "seconds" : 300
    },{
      "dateTime" : "2016-01-15T02:06:00.000",
      "level" : "asleep",
      "seconds" : 60
    },{
      "dateTime" : "2016-01-15T02:07:00.000",
      "level" : "restless",
      "seconds" : 60
    },{
      "dateTime" : "2016-01-15T02:08:00.000",
      "level" : "asleep",
      "seconds" : 60
    },{
      "dateTime" : "2016-01-15T02:09:00.000",
      "level" : "restless",
      "seconds" : 540
    },{
      "dateTime" : "2016-01-15T02:18:00.000",
      "level" : "asleep",
      "seconds" : 1380
    },{
      "dateTime" : "2016-01-15T02:41:00.000",
      "level" : "restless",
      "seconds" : 60
    },{
      "dateTime" : "2016-01-15T02:42:00.000",
      "level" : "asleep",
      "seconds" : 360
    },{
      "dateTime" : "2016-01-15T02:48:00.000",
      "level" : "restless",
      "seconds" : 60
    },{
      "dateTime" : "2016-01-15T02:49:00.000",
      "level" : "asleep",
      "seconds" : 120
    },{
      "dateTime" : "2016-01-15T02:51:00.000",
      "level" : "restless",
      "seconds" : 120
    },{
      "dateTime" : "2016-01-15T02:53:00.000",
      "level" : "asleep",
      "seconds" : 60
    },{
      "dateTime" : "2016-01-15T02:54:00.000",
      "level" : "restless",
      "seconds" : 60
    },{
      "dateTime" : "2016-01-15T02:55:00.000",
      "level" : "asleep",
      "seconds" : 10020
    },{
      "dateTime" : "2016-01-15T05:42:00.000",
      "level" : "restless",
      "seconds" : 60
    },{
      "dateTime" : "2016-01-15T05:43:00.000",
      "level" : "asleep",
      "seconds" : 4800
    },{
      "dateTime" : "2016-01-15T07:03:00.000",
      "level" : "restless",
      "seconds" : 360
    }]
  },
  "mainSleep" : true
},{
  "logId" : 10630357121,
  "dateOfSleep" : "2016-01-15",
  "startTime" : "2016-01-14T21:08:00.000",
  "endTime" : "2016-01-15T01:46:00.000",
  "duration" : 16680000,
  "minutesToFallAsleep" : 0,
  "minutesAsleep" : 260,
  "minutesAwake" : 18,
  "minutesAfterWakeup" : 0,
  "timeInBed" : 278,
  "efficiency" : 94,
  "type" : "classic",
  "infoCode" : 0,
  "logType" : "auto_detected",
  "levels" : {
    "summary" : {
      "restless" : {
        "count" : 10,
        "minutes" : 18
      },
      "awake" : {
        "count" : 0,
        "minutes" : 0
      },
      "asleep" : {
        "count" : 0,
        "minutes" : 260
      }
    },
    "data" : [{
      "dateTime" : "2016-01-14T21:08:00.000",
      "level" : "asleep",
      "seconds" : 60
    },{
      "dateTime" : "2016-01-14T21:09:00.000",
      "level" : "restless",
      "seconds" : 60
    },{
      "dateTime" : "2016-01-14T21:10:00.000",
      "level" : "asleep",
      "seconds" : 60
    },{
      "dateTime" : "2016-01-14T21:11:00.000",
      "level" : "restless",
      "seconds" : 120
    },{
      "dateTime" : "2016-01-14T21:13:00.000",
      "level" : "asleep",
      "seconds" : 540
    },{
      "dateTime" : "2016-01-14T21:22:00.000",
      "level" : "restless",
      "seconds" : 60
    },{
      "dateTime" : "2016-01-14T21:23:00.000",
      "level" : "asleep",
      "seconds" : 180
    },{
      "dateTime" : "2016-01-14T21:26:00.000",
      "level" : "restless",
      "seconds" : 60
    },{
      "dateTime" : "2016-01-14T21:27:00.000",
      "level" : "asleep",
      "seconds" : 420
    },{
      "dateTime" : "2016-01-14T21:34:00.000",
      "level" : "restless",
      "seconds" : 120
    },{
      "dateTime" : "2016-01-14T21:36:00.000",
      "level" : "asleep",
      "seconds" : 2280
    },{
      "dateTime" : "2016-01-14T22:14:00.000",
      "level" : "restless",
      "seconds" : 240
    },{
      "dateTime" : "2016-01-14T22:18:00.000",
      "level" : "asleep",
      "seconds" : 5880
    },{
      "dateTime" : "2016-01-14T23:56:00.000",
      "level" : "restless",
      "seconds" : 240
    },{
      "dateTime" : "2016-01-15T00:00:00.000",
      "level" : "asleep",
      "seconds" : 60
    },{
      "dateTime" : "2016-01-15T00:01:00.000",
      "level" : "restless",
      "seconds" : 60
    },{
      "dateTime" : "2016-01-15T00:02:00.000",
      "level" : "asleep",
      "seconds" : 3360
    },{
      "dateTime" : "2016-01-15T00:58:00.000",
      "level" : "restless",
      "seconds" : 60
    },{
      "dateTime" : "2016-01-15T00:59:00.000",
      "level" : "asleep",
      "seconds" : 1800
    },{
      "dateTime" : "2016-01-15T01:29:00.000",
      "level" : "restless",
      "seconds" : 60
    },{
      "dateTime" : "2016-01-15T01:30:00.000",
      "level" : "asleep",
      "seconds" : 960
    }]
  },
  "mainSleep" : false
},{
  "logId" : 10630357120,
  "dateOfSleep" : "2016-01-14",
  "startTime" : "2016-01-13T22:24:00.000",
  "endTime" : "2016-01-14T07:55:30.000",
  "duration" : 34260000,
  "minutesToFallAsleep" : 0,
  "minutesAsleep" : 558,
  "minutesAwake" : 11,
  "minutesAfterWakeup" : 2,
  "timeInBed" : 571,
  "efficiency" : 98,
  "type" : "classic",
  "infoCode" : 0,
  "logType" : "auto_detected",
  "levels" : {
    "summary" : {
      "restless" : {
        "count" : 7,
        "minutes" : 11
      },
      "awake" : {
        "count" : 1,
        "minutes" : 2
      },
      "asleep" : {
        "count" : 0,
        "minutes" : 558
      }
    },
    "data" : [{
      "dateTime" : "2016-01-13T22:24:00.000",
      "level" : "awake",
      "seconds" : 120
    },{
      "dateTime" : "2016-01-13T22:26:00.000",
      "level" : "restless",
      "seconds" : 60
    },{
      "dateTime" : "2016-01-13T22:27:00.000",
      "level" : "asleep",
      "seconds" : 6780
    },{
      "dateTime" : "2016-01-14T00:20:00.000",
      "level" : "restless",
      "seconds" : 60
    },{
      "dateTime" : "2016-01-14T00:21:00.000",
      "level" : "asleep",
      "seconds" : 5700
    },{
      "dateTime" : "2016-01-14T01:56:00.000",
      "level" : "restless",
      "seconds" : 60
    },{
      "dateTime" : "2016-01-14T01:57:00.000",
      "level" : "asleep",
      "seconds" : 17760
    },{
      "dateTime" : "2016-01-14T06:53:00.000",
      "level" : "restless",
      "seconds" : 60
    },{
      "dateTime" : "2016-01-14T06:54:00.000",
      "level" : "asleep",
      "seconds" : 1680
    },{
      "dateTime" : "2016-01-14T07:22:00.000",
      "level" : "restless",
      "seconds" : 120
    },{
      "dateTime" : "2016-01-14T07:24:00.000",
      "level" : "asleep",
      "seconds" : 60
    },{
      "dateTime" : "2016-01-14T07:25:00.000",
      "level" : "restless",
      "seconds" : 180
    },{
      "dateTime" : "2016-01-14T07:28:00.000",
      "level" : "asleep",
      "seconds" : 1500
    },{
      "dateTime" : "2016-01-14T07:53:00.000",
      "level" : "restless",
      "seconds" : 120
    }]
  },
  "mainSleep" : true
},{
  "logId" : 10607240661,
  "dateOfSleep" : "2016-01-13",
  "startTime" : "2016-01-13T10:53:00.000",
  "endTime" : "2016-01-13T17:17:30.000",
  "duration" : 23040000,
  "minutesToFallAsleep" : 0,
  "minutesAsleep" : 380,
  "minutesAwake" : 4,
  "minutesAfterWakeup" : 0,
  "timeInBed" : 384,
  "efficiency" : 99,
  "type" : "classic",
  "infoCode" : 0,
  "logType" : "auto_detected",
  "levels" : {
    "summary" : {
      "restless" : {
        "count" : 1,
        "minutes" : 4
      },
      "awake" : {
        "count" : 0,
        "minutes" : 0
      },
      "asleep" : {
        "count" : 0,
        "minutes" : 380
      }
    },
    "data" : [{
      "dateTime" : "2016-01-13T10:53:00.000",
      "level" : "asleep",
      "seconds" : 5940
    },{
      "dateTime" : "2016-01-13T12:32:00.000",
      "level" : "restless",
      "seconds" : 240
    },{
      "dateTime" : "2016-01-13T12:36:00.000",
      "level" : "asleep",
      "seconds" : 16860
    }]
  },
  "mainSleep" : false
},{
  "logId" : 10596747192,
  "dateOfSleep" : "2016-01-13",
  "startTime" : "2016-01-13T00:04:00.000",
  "endTime" : "2016-01-13T07:29:30.000",
  "duration" : 26700000,
  "minutesToFallAsleep" : 0,
  "minutesAsleep" : 428,
  "minutesAwake" : 17,
  "minutesAfterWakeup" : 0,
  "timeInBed" : 445,
  "efficiency" : 96,
  "type" : "classic",
  "infoCode" : 0,
  "logType" : "auto_detected",
  "levels" : {
    "summary" : {
      "restless" : {
        "count" : 7,
        "minutes" : 17
      },
      "awake" : {
        "count" : 0,
        "minutes" : 0
      },
      "asleep" : {
        "count" : 0,
        "minutes" : 428
      }
    },
    "data" : [{
      "dateTime" : "2016-01-13T00:04:00.000",
      "level" : "asleep",
      "seconds" : 120
    },{
      "dateTime" : "2016-01-13T00:06:00.000",
      "level" : "restless",
      "seconds" : 420
    },{
      "dateTime" : "2016-01-13T00:13:00.000",
      "level" : "asleep",
      "seconds" : 480
    },{
      "dateTime" : "2016-01-13T00:21:00.000",
      "level" : "restless",
      "seconds" : 60
    },{
      "dateTime" : "2016-01-13T00:22:00.000",
      "level" : "asleep",
      "seconds" : 60
    },{
      "dateTime" : "2016-01-13T00:23:00.000",
      "level" : "restless",
      "seconds" : 120
    },{
      "dateTime" : "2016-01-13T00:25:00.000",
      "level" : "asleep",
      "seconds" : 18180
    },{
      "dateTime" : "2016-01-13T05:28:00.000",
      "level" : "restless",
      "seconds" : 180
    },{
      "dateTime" : "2016-01-13T05:31:00.000",
      "level" : "asleep",
      "seconds" : 60
    },{
      "dateTime" : "2016-01-13T05:32:00.000",
      "level" : "restless",
      "seconds" : 60
    },{
      "dateTime" : "2016-01-13T05:33:00.000",
      "level" : "asleep",
      "seconds" : 2460
    },{
      "dateTime" : "2016-01-13T06:14:00.000",
      "level" : "restless",
      "seconds" : 120
    },{
      "dateTime" : "2016-01-13T06:16:00.000",
      "level" : "asleep",
      "seconds" : 3360
    },{
      "dateTime" : "2016-01-13T07:12:00.000",
      "level" : "restless",
      "seconds" : 60
    },{
      "dateTime" : "2016-01-13T07:13:00.000",
      "level" : "asleep",
      "seconds" : 960
    }]
  },
  "mainSleep" : true
},{
  "logId" : 10582639332,
  "dateOfSleep" : "2016-01-12",
  "startTime" : "2016-01-11T22:52:30.000",
  "endTime" : "2016-01-12T07:16:00.000",
  "duration" : 30180000,
  "minutesToFallAsleep" : 0,
  "minutesAsleep" : 481,
  "minutesAwake" : 22,
  "minutesAfterWakeup" : 0,
  "timeInBed" : 503,
  "efficiency" : 96,
  "type" : "classic",
  "infoCode" : 0,
  "logType" : "auto_detected",
  "levels" : {
    "summary" : {
      "restless" : {
        "count" : 14,
        "minutes" : 21
      },
      "awake" : {
        "count" : 1,
        "minutes" : 1
      },
      "asleep" : {
        "count" : 0,
        "minutes" : 481
      }
    },
    "data" : [{
      "dateTime" : "2016-01-11T22:52:30.000",
      "level" : "awake",
      "seconds" : 60
    },{
      "dateTime" : "2016-01-11T22:53:30.000",
      "level" : "restless",
      "seconds" : 120
    },{
      "dateTime" : "2016-01-11T22:55:30.000",
      "level" : "asleep",
      "seconds" : 420
    },{
      "dateTime" : "2016-01-11T23:02:30.000",
      "level" : "restless",
      "seconds" : 60
    },{
      "dateTime" : "2016-01-11T23:03:30.000",
      "level" : "asleep",
      "seconds" : 240
    },{
      "dateTime" : "2016-01-11T23:07:30.000",
      "level" : "restless",
      "seconds" : 60
    },{
      "dateTime" : "2016-01-11T23:08:30.000",
      "level" : "asleep",
      "seconds" : 120
    },{
      "dateTime" : "2016-01-11T23:10:30.000",
      "level" : "restless",
      "seconds" : 60
    },{
      "dateTime" : "2016-01-11T23:11:30.000",
      "level" : "asleep",
      "seconds" : 60
    },{
      "dateTime" : "2016-01-11T23:12:30.000",
      "level" : "restless",
      "seconds" : 60
    },{
      "dateTime" : "2016-01-11T23:13:30.000",
      "level" : "asleep",
      "seconds" : 2580
    },{
      "dateTime" : "2016-01-11T23:56:30.000",
      "level" : "restless",
      "seconds" : 120
    },{
      "dateTime" : "2016-01-11T23:58:30.000",
      "level" : "asleep",
      "seconds" : 6900
    },{
      "dateTime" : "2016-01-12T01:53:30.000",
      "level" : "restless",
      "seconds" : 60
    },{
      "dateTime" : "2016-01-12T01:54:30.000",
      "level" : "asleep",
      "seconds" : 540
    },{
      "dateTime" : "2016-01-12T02:03:30.000",
      "level" : "restless",
      "seconds" : 60
    },{
      "dateTime" : "2016-01-12T02:04:30.000",
      "level" : "asleep",
      "seconds" : 7920
    },{
      "dateTime" : "2016-01-12T04:16:30.000",
      "level" : "restless",
      "seconds" : 60
    },{
      "dateTime" : "2016-01-12T04:17:30.000",
      "level" : "asleep",
      "seconds" : 6120
    },{
      "dateTime" : "2016-01-12T05:59:30.000",
      "level" : "restless",
      "seconds" : 60
    },{
      "dateTime" : "2016-01-12T06:00:30.000",
      "level" : "asleep",
      "seconds" : 60
    },{
      "dateTime" : "2016-01-12T06:01:30.000",
      "level" : "restless",
      "seconds" : 60
    },{
      "dateTime" : "2016-01-12T06:02:30.000",
      "level" : "asleep",
      "seconds" : 1140
    },{
      "dateTime" : "2016-01-12T06:21:30.000",
      "level" : "restless",
      "seconds" : 120
    },{
      "dateTime" : "2016-01-12T06:23:30.000",
      "level" : "asleep",
      "seconds" : 180
    },{
      "dateTime" : "2016-01-12T06:26:30.000",
      "level" : "restless",
      "seconds" : 60
    },{
      "dateTime" : "2016-01-12T06:27:30.000",
      "level" : "asleep",
      "seconds" : 1920
    },{
      "dateTime" : "2016-01-12T06:59:30.000",
      "level" : "restless",
      "seconds" : 300
    },{
      "dateTime" : "2016-01-12T07:04:30.000",
      "level" : "asleep",
      "seconds" : 660
    }]
  },
  "mainSleep" : true
},{
  "logId" : 10571818293,
  "dateOfSleep" : "2016-01-11",
  "startTime" : "2016-01-11T05:01:30.000",
  "endTime" : "2016-01-11T08:38:30.000",
  "duration" : 13020000,
  "minutesToFallAsleep" : 0,
  "minutesAsleep" : 212,
  "minutesAwake" : 5,
  "minutesAfterWakeup" : 0,
  "timeInBed" : 217,
  "efficiency" : 98,
  "type" : "classic",
  "infoCode" : 0,
  "logType" : "auto_detected",
  "levels" : {
    "summary" : {
      "restless" : {
        "count" : 2,
        "minutes" : 4
      },
      "awake" : {
        "count" : 1,
        "minutes" : 1
      },
      "asleep" : {
        "count" : 0,
        "minutes" : 212
      }
    },
    "data" : [{
      "dateTime" : "2016-01-11T05:01:30.000",
      "level" : "asleep",
      "seconds" : 540
    },{
      "dateTime" : "2016-01-11T05:10:30.000",
      "level" : "restless",
      "seconds" : 120
    },{
      "dateTime" : "2016-01-11T05:12:30.000",
      "level" : "asleep",
      "seconds" : 480
    },{
      "dateTime" : "2016-01-11T05:20:30.000",
      "level" : "restless",
      "seconds" : 120
    },{
      "dateTime" : "2016-01-11T05:22:30.000",
      "level" : "asleep",
      "seconds" : 900
    },{
      "dateTime" : "2016-01-11T05:37:30.000",
      "level" : "awake",
      "seconds" : 60
    },{
      "dateTime" : "2016-01-11T05:38:30.000",
      "level" : "asleep",
      "seconds" : 10800
    }]
  },
  "mainSleep" : false
},{
  "logId" : 10571818292,
  "dateOfSleep" : "2016-01-11",
  "startTime" : "2016-01-11T00:02:30.000",
  "endTime" : "2016-01-11T04:53:00.000",
  "duration" : 17400000,
  "minutesToFallAsleep" : 0,
  "minutesAsleep" : 277,
  "minutesAwake" : 12,
  "minutesAfterWakeup" : 1,
  "timeInBed" : 290,
  "efficiency" : 96,
  "type" : "classic",
  "infoCode" : 0,
  "logType" : "auto_detected",
  "levels" : {
    "summary" : {
      "restless" : {
        "count" : 7,
        "minutes" : 11
      },
      "awake" : {
        "count" : 1,
        "minutes" : 2
      },
      "asleep" : {
        "count" : 0,
        "minutes" : 277
      }
    },
    "data" : [{
      "dateTime" : "2016-01-11T00:02:30.000",
      "level" : "asleep",
      "seconds" : 180
    },{
      "dateTime" : "2016-01-11T00:05:30.000",
      "level" : "restless",
      "seconds" : 60
    },{
      "dateTime" : "2016-01-11T00:06:30.000",
      "level" : "asleep",
      "seconds" : 360
    },{
      "dateTime" : "2016-01-11T00:12:30.000",
      "level" : "restless",
      "seconds" : 240
    },{
      "dateTime" : "2016-01-11T00:16:30.000",
      "level" : "asleep",
      "seconds" : 240
    },{
      "dateTime" : "2016-01-11T00:20:30.000",
      "level" : "restless",
      "seconds" : 120
    },{
      "dateTime" : "2016-01-11T00:22:30.000",
      "level" : "awake",
      "seconds" : 120
    },{
      "dateTime" : "2016-01-11T00:24:30.000",
      "level" : "restless",
      "seconds" : 60
    },{
      "dateTime" : "2016-01-11T00:25:30.000",
      "level" : "asleep",
      "seconds" : 6660
    },{
      "dateTime" : "2016-01-11T02:16:30.000",
      "level" : "restless",
      "seconds" : 60
    },{
      "dateTime" : "2016-01-11T02:17:30.000",
      "level" : "asleep",
      "seconds" : 4020
    },{
      "dateTime" : "2016-01-11T03:24:30.000",
      "level" : "restless",
      "seconds" : 60
    },{
      "dateTime" : "2016-01-11T03:25:30.000",
      "level" : "asleep",
      "seconds" : 5160
    },{
      "dateTime" : "2016-01-11T04:51:30.000",
      "level" : "restless",
      "seconds" : 60
    }]
  },
  "mainSleep" : true
},{
  "logId" : 10564077284,
  "dateOfSleep" : "2016-01-10",
  "startTime" : "2016-01-10T00:18:00.000",
  "endTime" : "2016-01-10T08:24:00.000",
  "duration" : 29160000,
  "minutesToFallAsleep" : 0,
  "minutesAsleep" : 462,
  "minutesAwake" : 22,
  "minutesAfterWakeup" : 2,
  "timeInBed" : 486,
  "efficiency" : 95,
  "type" : "classic",
  "infoCode" : 0,
  "logType" : "auto_detected",
  "levels" : {
    "summary" : {
      "restless" : {
        "count" : 13,
        "minutes" : 22
      },
      "awake" : {
        "count" : 1,
        "minutes" : 2
      },
      "asleep" : {
        "count" : 0,
        "minutes" : 462
      }
    },
    "data" : [{
      "dateTime" : "2016-01-10T00:18:00.000",
      "level" : "awake",
      "seconds" : 120
    },{
      "dateTime" : "2016-01-10T00:20:00.000",
      "level" : "restless",
      "seconds" : 240
    },{
      "dateTime" : "2016-01-10T00:24:00.000",
      "level" : "asleep",
      "seconds" : 960
    },{
      "dateTime" : "2016-01-10T00:40:00.000",
      "level" : "restless",
      "seconds" : 60
    },{
      "dateTime" : "2016-01-10T00:41:00.000",
      "level" : "asleep",
      "seconds" : 1260
    },{
      "dateTime" : "2016-01-10T01:02:00.000",
      "level" : "restless",
      "seconds" : 240
    },{
      "dateTime" : "2016-01-10T01:06:00.000",
      "level" : "asleep",
      "seconds" : 120
    },{
      "dateTime" : "2016-01-10T01:08:00.000",
      "level" : "restless",
      "seconds" : 120
    },{
      "dateTime" : "2016-01-10T01:10:00.000",
      "level" : "asleep",
      "seconds" : 4380
    },{
      "dateTime" : "2016-01-10T02:23:00.000",
      "level" : "restless",
      "seconds" : 60
    },{
      "dateTime" : "2016-01-10T02:24:00.000",
      "level" : "asleep",
      "seconds" : 5640
    },{
      "dateTime" : "2016-01-10T03:58:00.000",
      "level" : "restless",
      "seconds" : 60
    },{
      "dateTime" : "2016-01-10T03:59:00.000",
      "level" : "asleep",
      "seconds" : 2580
    },{
      "dateTime" : "2016-01-10T04:42:00.000",
      "level" : "restless",
      "seconds" : 120
    },{
      "dateTime" : "2016-01-10T04:44:00.000",
      "level" : "asleep",
      "seconds" : 4440
    },{
      "dateTime" : "2016-01-10T05:58:00.000",
      "level" : "restless",
      "seconds" : 60
    },{
      "dateTime" : "2016-01-10T05:59:00.000",
      "level" : "asleep",
      "seconds" : 60
    },{
      "dateTime" : "2016-01-10T06:00:00.000",
      "level" : "restless",
      "seconds" : 60
    },{
      "dateTime" : "2016-01-10T06:01:00.000",
      "level" : "asleep",
      "seconds" : 4260
    },{
      "dateTime" : "2016-01-10T07:12:00.000",
      "level" : "restless",
      "seconds" : 60
    },{
      "dateTime" : "2016-01-10T07:13:00.000",
      "level" : "asleep",
      "seconds" : 660
    },{
      "dateTime" : "2016-01-10T07:24:00.000",
      "level" : "restless",
      "seconds" : 60
    },{
      "dateTime" : "2016-01-10T07:25:00.000",
      "level" : "asleep",
      "seconds" : 1020
    },{
      "dateTime" : "2016-01-10T07:42:00.000",
      "level" : "restless",
      "seconds" : 60
    },{
      "dateTime" : "2016-01-10T07:43:00.000",
      "level" : "asleep",
      "seconds" : 2340
    },{
      "dateTime" : "2016-01-10T08:22:00.000",
      "level" : "restless",
      "seconds" : 120
    }]
  },
  "mainSleep" : true
},{
  "logId" : 10556152136,
  "dateOfSleep" : "2016-01-09",
  "startTime" : "2016-01-08T23:37:00.000",
  "endTime" : "2016-01-09T08:17:30.000",
  "duration" : 31200000,
  "minutesToFallAsleep" : 0,
  "minutesAsleep" : 498,
  "minutesAwake" : 22,
  "minutesAfterWakeup" : 0,
  "timeInBed" : 520,
  "efficiency" : 96,
  "type" : "classic",
  "infoCode" : 0,
  "logType" : "auto_detected",
  "levels" : {
    "summary" : {
      "restless" : {
        "count" : 19,
        "minutes" : 22
      },
      "awake" : {
        "count" : 0,
        "minutes" : 0
      },
      "asleep" : {
        "count" : 0,
        "minutes" : 498
      }
    },
    "data" : [{
      "dateTime" : "2016-01-08T23:37:00.000",
      "level" : "asleep",
      "seconds" : 2280
    },{
      "dateTime" : "2016-01-09T00:15:00.000",
      "level" : "restless",
      "seconds" : 60
    },{
      "dateTime" : "2016-01-09T00:16:00.000",
      "level" : "asleep",
      "seconds" : 600
    },{
      "dateTime" : "2016-01-09T00:26:00.000",
      "level" : "restless",
      "seconds" : 120
    },{
      "dateTime" : "2016-01-09T00:28:00.000",
      "level" : "asleep",
      "seconds" : 2280
    },{
      "dateTime" : "2016-01-09T01:06:00.000",
      "level" : "restless",
      "seconds" : 60
    },{
      "dateTime" : "2016-01-09T01:07:00.000",
      "level" : "asleep",
      "seconds" : 780
    },{
      "dateTime" : "2016-01-09T01:20:00.000",
      "level" : "restless",
      "seconds" : 60
    },{
      "dateTime" : "2016-01-09T01:21:00.000",
      "level" : "asleep",
      "seconds" : 120
    },{
      "dateTime" : "2016-01-09T01:23:00.000",
      "level" : "restless",
      "seconds" : 60
    },{
      "dateTime" : "2016-01-09T01:24:00.000",
      "level" : "asleep",
      "seconds" : 2040
    },{
      "dateTime" : "2016-01-09T01:58:00.000",
      "level" : "restless",
      "seconds" : 120
    },{
      "dateTime" : "2016-01-09T02:00:00.000",
      "level" : "asleep",
      "seconds" : 2460
    },{
      "dateTime" : "2016-01-09T02:41:00.000",
      "level" : "restless",
      "seconds" : 60
    },{
      "dateTime" : "2016-01-09T02:42:00.000",
      "level" : "asleep",
      "seconds" : 660
    },{
      "dateTime" : "2016-01-09T02:53:00.000",
      "level" : "restless",
      "seconds" : 60
    },{
      "dateTime" : "2016-01-09T02:54:00.000",
      "level" : "asleep",
      "seconds" : 120
    },{
      "dateTime" : "2016-01-09T02:56:00.000",
      "level" : "restless",
      "seconds" : 60
    },{
      "dateTime" : "2016-01-09T02:57:00.000",
      "level" : "asleep",
      "seconds" : 1800
    },{
      "dateTime" : "2016-01-09T03:27:00.000",
      "level" : "restless",
      "seconds" : 60
    },{
      "dateTime" : "2016-01-09T03:28:00.000",
      "level" : "asleep",
      "seconds" : 3000
    },{
      "dateTime" : "2016-01-09T04:18:00.000",
      "level" : "restless",
      "seconds" : 60
    },{
      "dateTime" : "2016-01-09T04:19:00.000",
      "level" : "asleep",
      "seconds" : 1800
    },{
      "dateTime" : "2016-01-09T04:49:00.000",
      "level" : "restless",
      "seconds" : 60
    },{
      "dateTime" : "2016-01-09T04:50:00.000",
      "level" : "asleep",
      "seconds" : 180
    },{
      "dateTime" : "2016-01-09T04:53:00.000",
      "level" : "restless",
      "seconds" : 60
    },{
      "dateTime" : "2016-01-09T04:54:00.000",
      "level" : "asleep",
      "seconds" : 420
    },{
      "dateTime" : "2016-01-09T05:01:00.000",
      "level" : "restless",
      "seconds" : 60
    },{
      "dateTime" : "2016-01-09T05:02:00.000",
      "level" : "asleep",
      "seconds" : 1620
    },{
      "dateTime" : "2016-01-09T05:29:00.000",
      "level" : "restless",
      "seconds" : 60
    },{
      "dateTime" : "2016-01-09T05:30:00.000",
      "level" : "asleep",
      "seconds" : 300
    },{
      "dateTime" : "2016-01-09T05:35:00.000",
      "level" : "restless",
      "seconds" : 60
    },{
      "dateTime" : "2016-01-09T05:36:00.000",
      "level" : "asleep",
      "seconds" : 120
    },{
      "dateTime" : "2016-01-09T05:38:00.000",
      "level" : "restless",
      "seconds" : 60
    },{
      "dateTime" : "2016-01-09T05:39:00.000",
      "level" : "asleep",
      "seconds" : 180
    },{
      "dateTime" : "2016-01-09T05:42:00.000",
      "level" : "restless",
      "seconds" : 120
    },{
      "dateTime" : "2016-01-09T05:44:00.000",
      "level" : "asleep",
      "seconds" : 3420
    },{
      "dateTime" : "2016-01-09T06:41:00.000",
      "level" : "restless",
      "seconds" : 60
    },{
      "dateTime" : "2016-01-09T06:42:00.000",
      "level" : "asleep",
      "seconds" : 5700
    }]
  },
  "mainSleep" : true
},{
  "logId" : 10556590537,
  "dateOfSleep" : "2016-01-08",
  "startTime" : "2016-01-07T22:34:00.000",
  "endTime" : "2016-01-08T07:27:00.000",
  "duration" : 31980000,
  "minutesToFallAsleep" : 0,
  "minutesAsleep" : 484,
  "minutesAwake" : 49,
  "minutesAfterWakeup" : 0,
  "timeInBed" : 533,
  "efficiency" : 91,
  "type" : "classic",
  "infoCode" : 0,
  "logType" : "auto_detected",
  "levels" : {
    "summary" : {
      "restless" : {
        "count" : 21,
        "minutes" : 47
      },
      "awake" : {
        "count" : 2,
        "minutes" : 2
      },
      "asleep" : {
        "count" : 0,
        "minutes" : 484
      }
    },
    "data" : [{
      "dateTime" : "2016-01-07T22:34:00.000",
      "level" : "awake",
      "seconds" : 60
    },{
      "dateTime" : "2016-01-07T22:35:00.000",
      "level" : "restless",
      "seconds" : 120
    },{
      "dateTime" : "2016-01-07T22:37:00.000",
      "level" : "asleep",
      "seconds" : 300
    },{
      "dateTime" : "2016-01-07T22:42:00.000",
      "level" : "restless",
      "seconds" : 60
    },{
      "dateTime" : "2016-01-07T22:43:00.000",
      "level" : "asleep",
      "seconds" : 2700
    },{
      "dateTime" : "2016-01-07T23:28:00.000",
      "level" : "restless",
      "seconds" : 120
    },{
      "dateTime" : "2016-01-07T23:30:00.000",
      "level" : "asleep",
      "seconds" : 8460
    },{
      "dateTime" : "2016-01-08T01:51:00.000",
      "level" : "restless",
      "seconds" : 60
    },{
      "dateTime" : "2016-01-08T01:52:00.000",
      "level" : "asleep",
      "seconds" : 120
    },{
      "dateTime" : "2016-01-08T01:54:00.000",
      "level" : "restless",
      "seconds" : 60
    },{
      "dateTime" : "2016-01-08T01:55:00.000",
      "level" : "asleep",
      "seconds" : 480
    },{
      "dateTime" : "2016-01-08T02:03:00.000",
      "level" : "restless",
      "seconds" : 60
    },{
      "dateTime" : "2016-01-08T02:04:00.000",
      "level" : "asleep",
      "seconds" : 1620
    },{
      "dateTime" : "2016-01-08T02:31:00.000",
      "level" : "restless",
      "seconds" : 120
    },{
      "dateTime" : "2016-01-08T02:33:00.000",
      "level" : "awake",
      "seconds" : 60
    },{
      "dateTime" : "2016-01-08T02:34:00.000",
      "level" : "restless",
      "seconds" : 120
    },{
      "dateTime" : "2016-01-08T02:36:00.000",
      "level" : "asleep",
      "seconds" : 240
    },{
      "dateTime" : "2016-01-08T02:40:00.000",
      "level" : "restless",
      "seconds" : 60
    },{
      "dateTime" : "2016-01-08T02:41:00.000",
      "level" : "asleep",
      "seconds" : 540
    },{
      "dateTime" : "2016-01-08T02:50:00.000",
      "level" : "restless",
      "seconds" : 60
    },{
      "dateTime" : "2016-01-08T02:51:00.000",
      "level" : "asleep",
      "seconds" : 60
    },{
      "dateTime" : "2016-01-08T02:52:00.000",
      "level" : "restless",
      "seconds" : 300
    },{
      "dateTime" : "2016-01-08T02:57:00.000",
      "level" : "asleep",
      "seconds" : 60
    },{
      "dateTime" : "2016-01-08T02:58:00.000",
      "level" : "restless",
      "seconds" : 420
    },{
      "dateTime" : "2016-01-08T03:05:00.000",
      "level" : "asleep",
      "seconds" : 60
    },{
      "dateTime" : "2016-01-08T03:06:00.000",
      "level" : "restless",
      "seconds" : 60
    },{
      "dateTime" : "2016-01-08T03:07:00.000",
      "level" : "asleep",
      "seconds" : 480
    },{
      "dateTime" : "2016-01-08T03:15:00.000",
      "level" : "restless",
      "seconds" : 60
    },{
      "dateTime" : "2016-01-08T03:16:00.000",
      "level" : "asleep",
      "seconds" : 60
    },{
      "dateTime" : "2016-01-08T03:17:00.000",
      "level" : "restless",
      "seconds" : 120
    },{
      "dateTime" : "2016-01-08T03:19:00.000",
      "level" : "asleep",
      "seconds" : 120
    },{
      "dateTime" : "2016-01-08T03:21:00.000",
      "level" : "restless",
      "seconds" : 120
    },{
      "dateTime" : "2016-01-08T03:23:00.000",
      "level" : "asleep",
      "seconds" : 120
    },{
      "dateTime" : "2016-01-08T03:25:00.000",
      "level" : "restless",
      "seconds" : 480
    },{
      "dateTime" : "2016-01-08T03:33:00.000",
      "level" : "asleep",
      "seconds" : 660
    },{
      "dateTime" : "2016-01-08T03:44:00.000",
      "level" : "restless",
      "seconds" : 60
    },{
      "dateTime" : "2016-01-08T03:45:00.000",
      "level" : "asleep",
      "seconds" : 840
    },{
      "dateTime" : "2016-01-08T03:59:00.000",
      "level" : "restless",
      "seconds" : 180
    },{
      "dateTime" : "2016-01-08T04:02:00.000",
      "level" : "asleep",
      "seconds" : 3540
    },{
      "dateTime" : "2016-01-08T05:01:00.000",
      "level" : "restless",
      "seconds" : 120
    },{
      "dateTime" : "2016-01-08T05:03:00.000",
      "level" : "asleep",
      "seconds" : 1200
    },{
      "dateTime" : "2016-01-08T05:23:00.000",
      "level" : "restless",
      "seconds" : 60
    },{
      "dateTime" : "2016-01-08T05:24:00.000",
      "level" : "asleep",
      "seconds" : 7380
    }]
  },
  "mainSleep" : true
},{
  "logId" : 10556590536,
  "dateOfSleep" : "2016-01-07",
  "startTime" : "2016-01-07T05:35:30.000",
  "endTime" : "2016-01-07T07:15:30.000",
  "duration" : 6000000,
  "minutesToFallAsleep" : 0,
  "minutesAsleep" : 93,
  "minutesAwake" : 7,
  "minutesAfterWakeup" : 0,
  "timeInBed" : 100,
  "efficiency" : 93,
  "type" : "classic",
  "infoCode" : 0,
  "logType" : "auto_detected",
  "levels" : {
    "summary" : {
      "restless" : {
        "count" : 5,
        "minutes" : 6
      },
      "awake" : {
        "count" : 1,
        "minutes" : 1
      },
      "asleep" : {
        "count" : 0,
        "minutes" : 93
      }
    },
    "data" : [{
      "dateTime" : "2016-01-07T05:35:30.000",
      "level" : "restless",
      "seconds" : 120
    },{
      "dateTime" : "2016-01-07T05:37:30.000",
      "level" : "awake",
      "seconds" : 60
    },{
      "dateTime" : "2016-01-07T05:38:30.000",
      "level" : "restless",
      "seconds" : 60
    },{
      "dateTime" : "2016-01-07T05:39:30.000",
      "level" : "asleep",
      "seconds" : 120
    },{
      "dateTime" : "2016-01-07T05:41:30.000",
      "level" : "restless",
      "seconds" : 60
    },{
      "dateTime" : "2016-01-07T05:42:30.000",
      "level" : "asleep",
      "seconds" : 4260
    },{
      "dateTime" : "2016-01-07T06:53:30.000",
      "level" : "restless",
      "seconds" : 60
    },{
      "dateTime" : "2016-01-07T06:54:30.000",
      "level" : "asleep",
      "seconds" : 420
    },{
      "dateTime" : "2016-01-07T07:01:30.000",
      "level" : "restless",
      "seconds" : 60
    },{
      "dateTime" : "2016-01-07T07:02:30.000",
      "level" : "asleep",
      "seconds" : 780
    }]
  },
  "mainSleep" : false
},{
  "logId" : 10556590535,
  "dateOfSleep" : "2016-01-07",
  "startTime" : "2016-01-06T22:43:00.000",
  "endTime" : "2016-01-07T05:04:30.000",
  "duration" : 22860000,
  "minutesToFallAsleep" : 0,
  "minutesAsleep" : 349,
  "minutesAwake" : 31,
  "minutesAfterWakeup" : 1,
  "timeInBed" : 381,
  "efficiency" : 92,
  "type" : "classic",
  "infoCode" : 0,
  "logType" : "auto_detected",
  "levels" : {
    "summary" : {
      "restless" : {
        "count" : 20,
        "minutes" : 32
      },
      "awake" : {
        "count" : 0,
        "minutes" : 0
      },
      "asleep" : {
        "count" : 0,
        "minutes" : 349
      }
    },
    "data" : [{
      "dateTime" : "2016-01-06T22:43:00.000",
      "level" : "asleep",
      "seconds" : 1440
    },{
      "dateTime" : "2016-01-06T23:07:00.000",
      "level" : "restless",
      "seconds" : 60
    },{
      "dateTime" : "2016-01-06T23:08:00.000",
      "level" : "asleep",
      "seconds" : 3060
    },{
      "dateTime" : "2016-01-06T23:59:00.000",
      "level" : "restless",
      "seconds" : 60
    },{
      "dateTime" : "2016-01-07T00:00:00.000",
      "level" : "asleep",
      "seconds" : 1800
    },{
      "dateTime" : "2016-01-07T00:30:00.000",
      "level" : "restless",
      "seconds" : 180
    },{
      "dateTime" : "2016-01-07T00:33:00.000",
      "level" : "asleep",
      "seconds" : 120
    },{
      "dateTime" : "2016-01-07T00:35:00.000",
      "level" : "restless",
      "seconds" : 60
    },{
      "dateTime" : "2016-01-07T00:36:00.000",
      "level" : "asleep",
      "seconds" : 120
    },{
      "dateTime" : "2016-01-07T00:38:00.000",
      "level" : "restless",
      "seconds" : 60
    },{
      "dateTime" : "2016-01-07T00:39:00.000",
      "level" : "asleep",
      "seconds" : 120
    },{
      "dateTime" : "2016-01-07T00:41:00.000",
      "level" : "restless",
      "seconds" : 60
    },{
      "dateTime" : "2016-01-07T00:42:00.000",
      "level" : "asleep",
      "seconds" : 540
    },{
      "dateTime" : "2016-01-07T00:51:00.000",
      "level" : "restless",
      "seconds" : 60
    },{
      "dateTime" : "2016-01-07T00:52:00.000",
      "level" : "asleep",
      "seconds" : 60
    },{
      "dateTime" : "2016-01-07T00:53:00.000",
      "level" : "restless",
      "seconds" : 60
    },{
      "dateTime" : "2016-01-07T00:54:00.000",
      "level" : "asleep",
      "seconds" : 840
    },{
      "dateTime" : "2016-01-07T01:08:00.000",
      "level" : "restless",
      "seconds" : 60
    },{
      "dateTime" : "2016-01-07T01:09:00.000",
      "level" : "asleep",
      "seconds" : 840
    },{
      "dateTime" : "2016-01-07T01:23:00.000",
      "level" : "restless",
      "seconds" : 60
    },{
      "dateTime" : "2016-01-07T01:24:00.000",
      "level" : "asleep",
      "seconds" : 60
    },{
      "dateTime" : "2016-01-07T01:25:00.000",
      "level" : "restless",
      "seconds" : 180
    },{
      "dateTime" : "2016-01-07T01:28:00.000",
      "level" : "asleep",
      "seconds" : 720
    },{
      "dateTime" : "2016-01-07T01:40:00.000",
      "level" : "restless",
      "seconds" : 120
    },{
      "dateTime" : "2016-01-07T01:42:00.000",
      "level" : "asleep",
      "seconds" : 780
    },{
      "dateTime" : "2016-01-07T01:55:00.000",
      "level" : "restless",
      "seconds" : 120
    },{
      "dateTime" : "2016-01-07T01:57:00.000",
      "level" : "asleep",
      "seconds" : 60
    },{
      "dateTime" : "2016-01-07T01:58:00.000",
      "level" : "restless",
      "seconds" : 180
    },{
      "dateTime" : "2016-01-07T02:01:00.000",
      "level" : "asleep",
      "seconds" : 180
    },{
      "dateTime" : "2016-01-07T02:04:00.000",
      "level" : "restless",
      "seconds" : 60
    },{
      "dateTime" : "2016-01-07T02:05:00.000",
      "level" : "asleep",
      "seconds" : 1920
    },{
      "dateTime" : "2016-01-07T02:37:00.000",
      "level" : "restless",
      "seconds" : 180
    },{
      "dateTime" : "2016-01-07T02:40:00.000",
      "level" : "asleep",
      "seconds" : 2700
    },{
      "dateTime" : "2016-01-07T03:25:00.000",
      "level" : "restless",
      "seconds" : 180
    },{
      "dateTime" : "2016-01-07T03:28:00.000",
      "level" : "asleep",
      "seconds" : 2400
    },{
      "dateTime" : "2016-01-07T04:08:00.000",
      "level" : "restless",
      "seconds" : 60
    },{
      "dateTime" : "2016-01-07T04:09:00.000",
      "level" : "asleep",
      "seconds" : 2580
    },{
      "dateTime" : "2016-01-07T04:52:00.000",
      "level" : "restless",
      "seconds" : 60
    },{
      "dateTime" : "2016-01-07T04:53:00.000",
      "level" : "asleep",
      "seconds" : 600
    },{
      "dateTime" : "2016-01-07T05:03:00.000",
      "level" : "restless",
      "seconds" : 60
    }]
  },
  "mainSleep" : true
},{
  "logId" : 10513010445,
  "dateOfSleep" : "2016-01-06",
  "startTime" : "2016-01-06T03:31:30.000",
  "endTime" : "2016-01-06T07:44:00.000",
  "duration" : 15120000,
  "minutesToFallAsleep" : 0,
  "minutesAsleep" : 232,
  "minutesAwake" : 19,
  "minutesAfterWakeup" : 1,
  "timeInBed" : 252,
  "efficiency" : 92,
  "type" : "classic",
  "infoCode" : 0,
  "logType" : "auto_detected",
  "levels" : {
    "summary" : {
      "restless" : {
        "count" : 10,
        "minutes" : 19
      },
      "awake" : {
        "count" : 1,
        "minutes" : 1
      },
      "asleep" : {
        "count" : 0,
        "minutes" : 232
      }
    },
    "data" : [{
      "dateTime" : "2016-01-06T03:31:30.000",
      "level" : "asleep",
      "seconds" : 360
    },{
      "dateTime" : "2016-01-06T03:37:30.000",
      "level" : "restless",
      "seconds" : 180
    },{
      "dateTime" : "2016-01-06T03:40:30.000",
      "level" : "awake",
      "seconds" : 60
    },{
      "dateTime" : "2016-01-06T03:41:30.000",
      "level" : "restless",
      "seconds" : 60
    },{
      "dateTime" : "2016-01-06T03:42:30.000",
      "level" : "asleep",
      "seconds" : 60
    },{
      "dateTime" : "2016-01-06T03:43:30.000",
      "level" : "restless",
      "seconds" : 60
    },{
      "dateTime" : "2016-01-06T03:44:30.000",
      "level" : "asleep",
      "seconds" : 120
    },{
      "dateTime" : "2016-01-06T03:46:30.000",
      "level" : "restless",
      "seconds" : 240
    },{
      "dateTime" : "2016-01-06T03:50:30.000",
      "level" : "asleep",
      "seconds" : 420
    },{
      "dateTime" : "2016-01-06T03:57:30.000",
      "level" : "restless",
      "seconds" : 60
    },{
      "dateTime" : "2016-01-06T03:58:30.000",
      "level" : "asleep",
      "seconds" : 8880
    },{
      "dateTime" : "2016-01-06T06:26:30.000",
      "level" : "restless",
      "seconds" : 120
    },{
      "dateTime" : "2016-01-06T06:28:30.000",
      "level" : "asleep",
      "seconds" : 2040
    },{
      "dateTime" : "2016-01-06T07:02:30.000",
      "level" : "restless",
      "seconds" : 120
    },{
      "dateTime" : "2016-01-06T07:04:30.000",
      "level" : "asleep",
      "seconds" : 600
    },{
      "dateTime" : "2016-01-06T07:14:30.000",
      "level" : "restless",
      "seconds" : 60
    },{
      "dateTime" : "2016-01-06T07:15:30.000",
      "level" : "asleep",
      "seconds" : 1380
    },{
      "dateTime" : "2016-01-06T07:38:30.000",
      "level" : "restless",
      "seconds" : 180
    },{
      "dateTime" : "2016-01-06T07:41:30.000",
      "level" : "asleep",
      "seconds" : 60
    },{
      "dateTime" : "2016-01-06T07:42:30.000",
      "level" : "restless",
      "seconds" : 60
    }]
  },
  "mainSleep" : false
},{
  "logId" : 10513010444,
  "dateOfSleep" : "2016-01-06",
  "startTime" : "2016-01-05T21:17:30.000",
  "endTime" : "2016-01-06T03:07:30.000",
  "duration" : 21000000,
  "minutesToFallAsleep" : 0,
  "minutesAsleep" : 311,
  "minutesAwake" : 39,
  "minutesAfterWakeup" : 0,
  "timeInBed" : 350,
  "efficiency" : 89,
  "type" : "classic",
  "infoCode" : 0,
  "logType" : "auto_detected",
  "levels" : {
    "summary" : {
      "restless" : {
        "count" : 21,
        "minutes" : 37
      },
      "awake" : {
        "count" : 1,
        "minutes" : 2
      },
      "asleep" : {
        "count" : 0,
        "minutes" : 311
      }
    },
    "data" : [{
      "dateTime" : "2016-01-05T21:17:30.000",
      "level" : "restless",
      "seconds" : 120
    },{
      "dateTime" : "2016-01-05T21:19:30.000",
      "level" : "awake",
      "seconds" : 120
    },{
      "dateTime" : "2016-01-05T21:21:30.000",
      "level" : "restless",
      "seconds" : 120
    },{
      "dateTime" : "2016-01-05T21:23:30.000",
      "level" : "asleep",
      "seconds" : 3360
    },{
      "dateTime" : "2016-01-05T22:19:30.000",
      "level" : "restless",
      "seconds" : 60
    },{
      "dateTime" : "2016-01-05T22:20:30.000",
      "level" : "asleep",
      "seconds" : 1020
    },{
      "dateTime" : "2016-01-05T22:37:30.000",
      "level" : "restless",
      "seconds" : 60
    },{
      "dateTime" : "2016-01-05T22:38:30.000",
      "level" : "asleep",
      "seconds" : 3840
    },{
      "dateTime" : "2016-01-05T23:42:30.000",
      "level" : "restless",
      "seconds" : 60
    },{
      "dateTime" : "2016-01-05T23:43:30.000",
      "level" : "asleep",
      "seconds" : 60
    },{
      "dateTime" : "2016-01-05T23:44:30.000",
      "level" : "restless",
      "seconds" : 60
    },{
      "dateTime" : "2016-01-05T23:45:30.000",
      "level" : "asleep",
      "seconds" : 600
    },{
      "dateTime" : "2016-01-05T23:55:30.000",
      "level" : "restless",
      "seconds" : 360
    },{
      "dateTime" : "2016-01-06T00:01:30.000",
      "level" : "asleep",
      "seconds" : 600
    },{
      "dateTime" : "2016-01-06T00:11:30.000",
      "level" : "restless",
      "seconds" : 180
    },{
      "dateTime" : "2016-01-06T00:14:30.000",
      "level" : "asleep",
      "seconds" : 1740
    },{
      "dateTime" : "2016-01-06T00:43:30.000",
      "level" : "restless",
      "seconds" : 300
    },{
      "dateTime" : "2016-01-06T00:48:30.000",
      "level" : "asleep",
      "seconds" : 1080
    },{
      "dateTime" : "2016-01-06T01:06:30.000",
      "level" : "restless",
      "seconds" : 120
    },{
      "dateTime" : "2016-01-06T01:08:30.000",
      "level" : "asleep",
      "seconds" : 1620
    },{
      "dateTime" : "2016-01-06T01:35:30.000",
      "level" : "restless",
      "seconds" : 60
    },{
      "dateTime" : "2016-01-06T01:36:30.000",
      "level" : "asleep",
      "seconds" : 1740
    },{
      "dateTime" : "2016-01-06T02:05:30.000",
      "level" : "restless",
      "seconds" : 60
    },{
      "dateTime" : "2016-01-06T02:06:30.000",
      "level" : "asleep",
      "seconds" : 540
    },{
      "dateTime" : "2016-01-06T02:15:30.000",
      "level" : "restless",
      "seconds" : 60
    },{
      "dateTime" : "2016-01-06T02:16:30.000",
      "level" : "asleep",
      "seconds" : 60
    },{
      "dateTime" : "2016-01-06T02:17:30.000",
      "level" : "restless",
      "seconds" : 60
    },{
      "dateTime" : "2016-01-06T02:18:30.000",
      "level" : "asleep",
      "seconds" : 180
    },{
      "dateTime" : "2016-01-06T02:21:30.000",
      "level" : "restless",
      "seconds" : 120
    },{
      "dateTime" : "2016-01-06T02:23:30.000",
      "level" : "asleep",
      "seconds" : 240
    },{
      "dateTime" : "2016-01-06T02:27:30.000",
      "level" : "restless",
      "seconds" : 60
    },{
      "dateTime" : "2016-01-06T02:28:30.000",
      "level" : "asleep",
      "seconds" : 540
    },{
      "dateTime" : "2016-01-06T02:37:30.000",
      "level" : "restless",
      "seconds" : 60
    },{
      "dateTime" : "2016-01-06T02:38:30.000",
      "level" : "asleep",
      "seconds" : 60
    },{
      "dateTime" : "2016-01-06T02:39:30.000",
      "level" : "restless",
      "seconds" : 60
    },{
      "dateTime" : "2016-01-06T02:40:30.000",
      "level" : "asleep",
      "seconds" : 240
    },{
      "dateTime" : "2016-01-06T02:44:30.000",
      "level" : "restless",
      "seconds" : 120
    },{
      "dateTime" : "2016-01-06T02:46:30.000",
      "level" : "asleep",
      "seconds" : 480
    },{
      "dateTime" : "2016-01-06T02:54:30.000",
      "level" : "restless",
      "seconds" : 60
    },{
      "dateTime" : "2016-01-06T02:55:30.000",
      "level" : "asleep",
      "seconds" : 480
    },{
      "dateTime" : "2016-01-06T03:03:30.000",
      "level" : "restless",
      "seconds" : 60
    },{
      "dateTime" : "2016-01-06T03:04:30.000",
      "level" : "asleep",
      "seconds" : 180
    }]
  },
  "mainSleep" : true
},{
  "logId" : 10505917803,
  "dateOfSleep" : "2016-01-05",
  "startTime" : "2016-01-04T22:03:30.000",
  "endTime" : "2016-01-05T07:26:30.000",
  "duration" : 33780000,
  "minutesToFallAsleep" : 0,
  "minutesAsleep" : 542,
  "minutesAwake" : 21,
  "minutesAfterWakeup" : 0,
  "timeInBed" : 563,
  "efficiency" : 96,
  "type" : "classic",
  "infoCode" : 0,
  "logType" : "auto_detected",
  "levels" : {
    "summary" : {
      "restless" : {
        "count" : 13,
        "minutes" : 20
      },
      "awake" : {
        "count" : 1,
        "minutes" : 1
      },
      "asleep" : {
        "count" : 0,
        "minutes" : 542
      }
    },
    "data" : [{
      "dateTime" : "2016-01-04T22:03:30.000",
      "level" : "restless",
      "seconds" : 120
    },{
      "dateTime" : "2016-01-04T22:05:30.000",
      "level" : "awake",
      "seconds" : 60
    },{
      "dateTime" : "2016-01-04T22:06:30.000",
      "level" : "restless",
      "seconds" : 120
    },{
      "dateTime" : "2016-01-04T22:08:30.000",
      "level" : "asleep",
      "seconds" : 5880
    },{
      "dateTime" : "2016-01-04T23:46:30.000",
      "level" : "restless",
      "seconds" : 60
    },{
      "dateTime" : "2016-01-04T23:47:30.000",
      "level" : "asleep",
      "seconds" : 2640
    },{
      "dateTime" : "2016-01-05T00:31:30.000",
      "level" : "restless",
      "seconds" : 120
    },{
      "dateTime" : "2016-01-05T00:33:30.000",
      "level" : "asleep",
      "seconds" : 60
    },{
      "dateTime" : "2016-01-05T00:34:30.000",
      "level" : "restless",
      "seconds" : 120
    },{
      "dateTime" : "2016-01-05T00:36:30.000",
      "level" : "asleep",
      "seconds" : 1560
    },{
      "dateTime" : "2016-01-05T01:02:30.000",
      "level" : "restless",
      "seconds" : 120
    },{
      "dateTime" : "2016-01-05T01:04:30.000",
      "level" : "asleep",
      "seconds" : 900
    },{
      "dateTime" : "2016-01-05T01:19:30.000",
      "level" : "restless",
      "seconds" : 120
    },{
      "dateTime" : "2016-01-05T01:21:30.000",
      "level" : "asleep",
      "seconds" : 540
    },{
      "dateTime" : "2016-01-05T01:30:30.000",
      "level" : "restless",
      "seconds" : 60
    },{
      "dateTime" : "2016-01-05T01:31:30.000",
      "level" : "asleep",
      "seconds" : 1740
    },{
      "dateTime" : "2016-01-05T02:00:30.000",
      "level" : "restless",
      "seconds" : 60
    },{
      "dateTime" : "2016-01-05T02:01:30.000",
      "level" : "asleep",
      "seconds" : 9240
    },{
      "dateTime" : "2016-01-05T04:35:30.000",
      "level" : "restless",
      "seconds" : 60
    },{
      "dateTime" : "2016-01-05T04:36:30.000",
      "level" : "asleep",
      "seconds" : 3240
    },{
      "dateTime" : "2016-01-05T05:30:30.000",
      "level" : "restless",
      "seconds" : 60
    },{
      "dateTime" : "2016-01-05T05:31:30.000",
      "level" : "asleep",
      "seconds" : 1200
    },{
      "dateTime" : "2016-01-05T05:51:30.000",
      "level" : "restless",
      "seconds" : 120
    },{
      "dateTime" : "2016-01-05T05:53:30.000",
      "level" : "asleep",
      "seconds" : 4200
    },{
      "dateTime" : "2016-01-05T07:03:30.000",
      "level" : "restless",
      "seconds" : 60
    },{
      "dateTime" : "2016-01-05T07:04:30.000",
      "level" : "asleep",
      "seconds" : 1320
    }]
  },
  "mainSleep" : true
}]