[{
  "logId" : 1187509758,
  "dateOfSleep" : "2015-08-02",
  "startTime" : "2015-08-02T01:45:00.000",
  "endTime" : "2015-08-02T08:46:00.000",
  "duration" : 25260000,
  "minutesToFallAsleep" : 0,
  "minutesAsleep" : 402,
  "minutesAwake" : 6,
  "minutesAfterWakeup" : 0,
  "timeInBed" : 421,
  "efficiency" : 99,
  "type" : "classic",
  "infoCode" : 0,
  "logType" : "auto_detected",
  "levels" : {
    "summary" : {
      "restless" : {
        "count" : 6,
        "minutes" : 6
      },
      "awake" : {
        "count" : 0,
        "minutes" : 0
      },
      "asleep" : {
        "count" : 0,
        "minutes" : 402
      }
    },
    "data" : [{
      "dateTime" : "2015-08-02T01:45:00.000",
      "level" : "asleep",
      "seconds" : 5400
    },{
      "dateTime" : "2015-08-02T03:15:00.000",
      "level" : "restless",
      "seconds" : 60
    },{
      "dateTime" : "2015-08-02T03:16:00.000",
      "level" : "asleep",
      "seconds" : 1320
    },{
      "dateTime" : "2015-08-02T03:38:00.000",
      "level" : "restless",
      "seconds" : 60
    },{
      "dateTime" : "2015-08-02T03:39:00.000",
      "level" : "asleep",
      "seconds" : 120
    },{
      "dateTime" : "2015-08-02T03:41:00.000",
      "level" : "restless",
      "seconds" : 60
    },{
      "dateTime" : "2015-08-02T03:42:00.000",
      "level" : "asleep",
      "seconds" : 15240
    },{
      "dateTime" : "2015-08-02T07:56:00.000",
      "level" : "restless",
      "seconds" : 60
    },{
      "dateTime" : "2015-08-02T07:57:00.000",
      "level" : "asleep",
      "seconds" : 120
    },{
      "dateTime" : "2015-08-02T07:59:00.000",
      "level" : "restless",
      "seconds" : 60
    },{
      "dateTime" : "2015-08-02T08:00:00.000",
      "level" : "asleep",
      "seconds" : 1920
    },{
      "dateTime" : "2015-08-02T08:32:00.000",
      "level" : "restless",
      "seconds" : 60
    },{
      "dateTime" : "2015-08-02T08:33:00.000",
      "level" : "asleep",
      "seconds" : 780
    }]
  },
  "mainSleep" : true
},{
  "logId" : 1184887229,
  "dateOfSleep" : "2015-08-01",
  "startTime" : "2015-07-31T23:47:00.000",
  "endTime" : "2015-08-01T07:45:30.000",
  "duration" : 28680000,
  "minutesToFallAsleep" : 0,
  "minutesAsleep" : 448,
  "minutesAwake" : 8,
  "minutesAfterWakeup" : 0,
  "timeInBed" : 478,
  "efficiency" : 98,
  "type" : "classic",
  "infoCode" : 0,
  "logType" : "auto_detected",
  "levels" : {
    "summary" : {
      "restless" : {
        "count" : 10,
        "minutes" : 15
      },
      "awake" : {
        "count" : 2,
        "minutes" : 3
      },
      "asleep" : {
        "count" : 0,
        "minutes" : 448
      }
    },
    "data" : [{
      "dateTime" : "2015-07-31T23:47:00.000",
      "level" : "awake",
      "seconds" : 60
    },{
      "dateTime" : "2015-07-31T23:48:00.000",
      "level" : "restless",
      "seconds" : 60
    },{
      "dateTime" : "2015-07-31T23:49:00.000",
      "level" : "asleep",
      "seconds" : 120
    },{
      "dateTime" : "2015-07-31T23:51:00.000",
      "level" : "restless",
      "seconds" : 300
    },{
      "dateTime" : "2015-07-31T23:56:00.000",
      "level" : "awake",
      "seconds" : 120
    },{
      "dateTime" : "2015-07-31T23:58:00.000",
      "level" : "restless",
      "seconds" : 60
    },{
      "dateTime" : "2015-07-31T23:59:00.000",
      "level" : "asleep",
      "seconds" : 6360
    },{
      "dateTime" : "2015-08-01T01:45:00.000",
      "level" : "restless",
      "seconds" : 60
    },{
      "dateTime" : "2015-08-01T01:46:00.000",
      "level" : "asleep",
      "seconds" : 3300
    },{
      "dateTime" : "2015-08-01T02:41:00.000",
      "level" : "restless",
      "seconds" : 60
    },{
      "dateTime" : "2015-08-01T02:42:00.000",
      "level" : "asleep",
      "seconds" : 7620
    },{
      "dateTime" : "2015-08-01T04:49:00.000",
      "level" : "restless",
      "seconds" : 60
    },{
      "dateTime" : "2015-08-01T04:50:00.000",
      "level" : "asleep",
      "seconds" : 7860
    },{
      "dateTime" : "2015-08-01T07:01:00.000",
      "level" : "restless",
      "seconds" : 60
    },{
      "dateTime" : "2015-08-01T07:02:00.000",
      "level" : "asleep",
      "seconds" : 1380
    },{
      "dateTime" : "2015-08-01T07:25:00.000",
      "level" : "restless",
      "seconds" : 120
    },{
      "dateTime" : "2015-08-01T07:27:00.000",
      "level" : "asleep",
      "seconds" : 60
    },{
      "dateTime" : "2015-08-01T07:28:00.000",
      "level" : "restless",
      "seconds" : 60
    },{
      "dateTime" : "2015-08-01T07:29:00.000",
      "level" : "asleep",
      "seconds" : 540
    },{
      "dateTime" : "2015-08-01T07:38:00.000",
      "level" : "restless",
      "seconds" : 60
    },{
      "dateTime" : "2015-08-01T07:39:00.000",
      "level" : "asleep",
      "seconds" : 360
    }]
  },
  "mainSleep" : true
},{
  "logId" : 1181264384,
  "dateOfSleep" : "2015-07-31",
  "startTime" : "2015-07-30T23:13:00.000",
  "endTime" : "2015-07-31T09:04:30.000",
  "duration" : 35460000,
  "minutesToFallAsleep" : 0,
  "minutesAsleep" : 551,
  "minutesAwake" : 10,
  "minutesAfterWakeup" : 0,
  "timeInBed" : 591,
  "efficiency" : 98,
  "type" : "classic",
  "infoCode" : 0,
  "logType" : "auto_detected",
  "levels" : {
    "summary" : {
      "restless" : {
        "count" : 12,
        "minutes" : 23
      },
      "awake" : {
        "count" : 1,
        "minutes" : 1
      },
      "asleep" : {
        "count" : 0,
        "minutes" : 551
      }
    },
    "data" : [{
      "dateTime" : "2015-07-30T23:13:00.000",
      "level" : "awake",
      "seconds" : 60
    },{
      "dateTime" : "2015-07-30T23:14:00.000",
      "level" : "restless",
      "seconds" : 360
    },{
      "dateTime" : "2015-07-30T23:20:00.000",
      "level" : "asleep",
      "seconds" : 60
    },{
      "dateTime" : "2015-07-30T23:21:00.000",
      "level" : "restless",
      "seconds" : 360
    },{
      "dateTime" : "2015-07-30T23:27:00.000",
      "level" : "asleep",
      "seconds" : 840
    },{
      "dateTime" : "2015-07-30T23:41:00.000",
      "level" : "restless",
      "seconds" : 60
    },{
      "dateTime" : "2015-07-30T23:42:00.000",
      "level" : "asleep",
      "seconds" : 14460
    },{
      "dateTime" : "2015-07-31T03:43:00.000",
      "level" : "restless",
      "seconds" : 60
    },{
      "dateTime" : "2015-07-31T03:44:00.000",
      "level" : "asleep",
      "seconds" : 2700
    },{
      "dateTime" : "2015-07-31T04:29:00.000",
      "level" : "restless",
      "seconds" : 120
    },{
      "dateTime" : "2015-07-31T04:31:00.000",
      "level" : "asleep",
      "seconds" : 3180
    },{
      "dateTime" : "2015-07-31T05:24:00.000",
      "level" : "restless",
      "seconds" : 60
    },{
      "dateTime" : "2015-07-31T05:25:00.000",
      "level" : "asleep",
      "seconds" : 120
    },{
      "dateTime" : "2015-07-31T05:27:00.000",
      "level" : "restless",
      "seconds" : 60
    },{
      "dateTime" : "2015-07-31T05:28:00.000",
      "level" : "asleep",
      "seconds" : 3780
    },{
      "dateTime" : "2015-07-31T06:31:00.000",
      "level" : "restless",
      "seconds" : 60
    },{
      "dateTime" : "2015-07-31T06:32:00.000",
      "level" : "asleep",
      "seconds" : 1740
    },{
      "dateTime" : "2015-07-31T07:01:00.000",
      "level" : "restless",
      "seconds" : 60
    },{
      "dateTime" : "2015-07-31T07:02:00.000",
      "level" : "asleep",
      "seconds" : 120
    },{
      "dateTime" : "2015-07-31T07:04:00.000",
      "level" : "restless",
      "seconds" : 60
    },{
      "dateTime" : "2015-07-31T07:05:00.000",
      "level" : "asleep",
      "seconds" : 5220
    },{
      "dateTime" : "2015-07-31T08:32:00.000",
      "level" : "restless",
      "seconds" : 60
    },{
      "dateTime" : "2015-07-31T08:33:00.000",
      "level" : "asleep",
      "seconds" : 60
    },{
      "dateTime" : "2015-07-31T08:34:00.000",
      "level" : "restless",
      "seconds" : 60
    },{
      "dateTime" : "2015-07-31T08:35:00.000",
      "level" : "asleep",
      "seconds" : 1740
    }]
  },
  "mainSleep" : true
},{
  "logId" : 1177231253,
  "dateOfSleep" : "2015-07-30",
  "startTime" : "2015-07-30T02:36:30.000",
  "endTime" : "2015-07-30T08:23:00.000",
  "duration" : 20760000,
  "minutesToFallAsleep" : 0,
  "minutesAsleep" : 321,
  "minutesAwake" : 6,
  "minutesAfterWakeup" : 1,
  "timeInBed" : 346,
  "efficiency" : 98,
  "type" : "classic",
  "infoCode" : 0,
  "logType" : "auto_detected",
  "levels" : {
    "summary" : {
      "restless" : {
        "count" : 8,
        "minutes" : 15
      },
      "awake" : {
        "count" : 1,
        "minutes" : 3
      },
      "asleep" : {
        "count" : 0,
        "minutes" : 321
      }
    },
    "data" : [{
      "dateTime" : "2015-07-30T02:36:30.000",
      "level" : "awake",
      "seconds" : 180
    },{
      "dateTime" : "2015-07-30T02:39:30.000",
      "level" : "restless",
      "seconds" : 180
    },{
      "dateTime" : "2015-07-30T02:42:30.000",
      "level" : "asleep",
      "seconds" : 360
    },{
      "dateTime" : "2015-07-30T02:48:30.000",
      "level" : "restless",
      "seconds" : 300
    },{
      "dateTime" : "2015-07-30T02:53:30.000",
      "level" : "asleep",
      "seconds" : 9060
    },{
      "dateTime" : "2015-07-30T05:24:30.000",
      "level" : "restless",
      "seconds" : 60
    },{
      "dateTime" : "2015-07-30T05:25:30.000",
      "level" : "asleep",
      "seconds" : 2160
    },{
      "dateTime" : "2015-07-30T06:01:30.000",
      "level" : "restless",
      "seconds" : 60
    },{
      "dateTime" : "2015-07-30T06:02:30.000",
      "level" : "asleep",
      "seconds" : 2940
    },{
      "dateTime" : "2015-07-30T06:51:30.000",
      "level" : "restless",
      "seconds" : 60
    },{
      "dateTime" : "2015-07-30T06:52:30.000",
      "level" : "asleep",
      "seconds" : 660
    },{
      "dateTime" : "2015-07-30T07:03:30.000",
      "level" : "restless",
      "seconds" : 60
    },{
      "dateTime" : "2015-07-30T07:04:30.000",
      "level" : "asleep",
      "seconds" : 1800
    },{
      "dateTime" : "2015-07-30T07:34:30.000",
      "level" : "restless",
      "seconds" : 120
    },{
      "dateTime" : "2015-07-30T07:36:30.000",
      "level" : "asleep",
      "seconds" : 2700
    },{
      "dateTime" : "2015-07-30T08:21:30.000",
      "level" : "restless",
      "seconds" : 60
    }]
  },
  "mainSleep" : true
},{
  "logId" : 1173870591,
  "dateOfSleep" : "2015-07-29",
  "startTime" : "2015-07-29T01:37:00.000",
  "endTime" : "2015-07-29T07:52:30.000",
  "duration" : 22500000,
  "minutesToFallAsleep" : 0,
  "minutesAsleep" : 360,
  "minutesAwake" : 9,
  "minutesAfterWakeup" : 0,
  "timeInBed" : 375,
  "efficiency" : 98,
  "type" : "classic",
  "infoCode" : 0,
  "logType" : "auto_detected",
  "levels" : {
    "summary" : {
      "restless" : {
        "count" : 9,
        "minutes" : 10
      },
      "awake" : {
        "count" : 1,
        "minutes" : 5
      },
      "asleep" : {
        "count" : 0,
        "minutes" : 360
      }
    },
    "data" : [{
      "dateTime" : "2015-07-29T01:37:00.000",
      "level" : "awake",
      "seconds" : 300
    },{
      "dateTime" : "2015-07-29T01:42:00.000",
      "level" : "restless",
      "seconds" : 60
    },{
      "dateTime" : "2015-07-29T01:43:00.000",
      "level" : "asleep",
      "seconds" : 5940
    },{
      "dateTime" : "2015-07-29T03:22:00.000",
      "level" : "restless",
      "seconds" : 60
    },{
      "dateTime" : "2015-07-29T03:23:00.000",
      "level" : "asleep",
      "seconds" : 2040
    },{
      "dateTime" : "2015-07-29T03:57:00.000",
      "level" : "restless",
      "seconds" : 60
    },{
      "dateTime" : "2015-07-29T03:58:00.000",
      "level" : "asleep",
      "seconds" : 7140
    },{
      "dateTime" : "2015-07-29T05:57:00.000",
      "level" : "restless",
      "seconds" : 120
    },{
      "dateTime" : "2015-07-29T05:59:00.000",
      "level" : "asleep",
      "seconds" : 60
    },{
      "dateTime" : "2015-07-29T06:00:00.000",
      "level" : "restless",
      "seconds" : 60
    },{
      "dateTime" : "2015-07-29T06:01:00.000",
      "level" : "asleep",
      "seconds" : 3600
    },{
      "dateTime" : "2015-07-29T07:01:00.000",
      "level" : "restless",
      "seconds" : 60
    },{
      "dateTime" : "2015-07-29T07:02:00.000",
      "level" : "asleep",
      "seconds" : 120
    },{
      "dateTime" : "2015-07-29T07:04:00.000",
      "level" : "restless",
      "seconds" : 60
    },{
      "dateTime" : "2015-07-29T07:05:00.000",
      "level" : "asleep",
      "seconds" : 300
    },{
      "dateTime" : "2015-07-29T07:10:00.000",
      "level" : "restless",
      "seconds" : 60
    },{
      "dateTime" : "2015-07-29T07:11:00.000",
      "level" : "asleep",
      "seconds" : 660
    },{
      "dateTime" : "2015-07-29T07:22:00.000",
      "level" : "restless",
      "seconds" : 60
    },{
      "dateTime" : "2015-07-29T07:23:00.000",
      "level" : "asleep",
      "seconds" : 1740
    }]
  },
  "mainSleep" : true
},{
  "logId" : 1170095982,
  "dateOfSleep" : "2015-07-28",
  "startTime" : "2015-07-27T23:35:00.000",
  "endTime" : "2015-07-28T08:12:30.000",
  "duration" : 31020000,
  "minutesToFallAsleep" : 0,
  "minutesAsleep" : 469,
  "minutesAwake" : 17,
  "minutesAfterWakeup" : 0,
  "timeInBed" : 517,
  "efficiency" : 97,
  "type" : "classic",
  "infoCode" : 0,
  "logType" : "auto_detected",
  "levels" : {
    "summary" : {
      "restless" : {
        "count" : 12,
        "minutes" : 24
      },
      "awake" : {
        "count" : 2,
        "minutes" : 15
      },
      "asleep" : {
        "count" : 0,
        "minutes" : 469
      }
    },
    "data" : [{
      "dateTime" : "2015-07-27T23:35:00.000",
      "level" : "awake",
      "seconds" : 240
    },{
      "dateTime" : "2015-07-27T23:39:00.000",
      "level" : "restless",
      "seconds" : 60
    },{
      "dateTime" : "2015-07-27T23:40:00.000",
      "level" : "asleep",
      "seconds" : 540
    },{
      "dateTime" : "2015-07-27T23:49:00.000",
      "level" : "restless",
      "seconds" : 240
    },{
      "dateTime" : "2015-07-27T23:53:00.000",
      "level" : "awake",
      "seconds" : 660
    },{
      "dateTime" : "2015-07-28T00:04:00.000",
      "level" : "restless",
      "seconds" : 120
    },{
      "dateTime" : "2015-07-28T00:06:00.000",
      "level" : "asleep",
      "seconds" : 1620
    },{
      "dateTime" : "2015-07-28T00:33:00.000",
      "level" : "restless",
      "seconds" : 120
    },{
      "dateTime" : "2015-07-28T00:35:00.000",
      "level" : "asleep",
      "seconds" : 18720
    },{
      "dateTime" : "2015-07-28T05:47:00.000",
      "level" : "restless",
      "seconds" : 60
    },{
      "dateTime" : "2015-07-28T05:48:00.000",
      "level" : "asleep",
      "seconds" : 1260
    },{
      "dateTime" : "2015-07-28T06:09:00.000",
      "level" : "restless",
      "seconds" : 180
    },{
      "dateTime" : "2015-07-28T06:12:00.000",
      "level" : "asleep",
      "seconds" : 3120
    },{
      "dateTime" : "2015-07-28T07:04:00.000",
      "level" : "restless",
      "seconds" : 60
    },{
      "dateTime" : "2015-07-28T07:05:00.000",
      "level" : "asleep",
      "seconds" : 600
    },{
      "dateTime" : "2015-07-28T07:15:00.000",
      "level" : "restless",
      "seconds" : 60
    },{
      "dateTime" : "2015-07-28T07:16:00.000",
      "level" : "asleep",
      "seconds" : 360
    },{
      "dateTime" : "2015-07-28T07:22:00.000",
      "level" : "restless",
      "seconds" : 120
    },{
      "dateTime" : "2015-07-28T07:24:00.000",
      "level" : "asleep",
      "seconds" : 840
    },{
      "dateTime" : "2015-07-28T07:38:00.000",
      "level" : "restless",
      "seconds" : 60
    },{
      "dateTime" : "2015-07-28T07:39:00.000",
      "level" : "asleep",
      "seconds" : 60
    },{
      "dateTime" : "2015-07-28T07:40:00.000",
      "level" : "restless",
      "seconds" : 300
    },{
      "dateTime" : "2015-07-28T07:45:00.000",
      "level" : "asleep",
      "seconds" : 1020
    },{
      "dateTime" : "2015-07-28T08:02:00.000",
      "level" : "restless",
      "seconds" : 60
    },{
      "dateTime" : "2015-07-28T08:03:00.000",
      "level" : "asleep",
      "seconds" : 540
    }]
  },
  "mainSleep" : true
},{
  "logId" : 1166545403,
  "dateOfSleep" : "2015-07-27",
  "startTime" : "2015-07-26T23:09:00.000",
  "endTime" : "2015-07-27T07:25:00.000",
  "duration" : 29760000,
  "minutesToFallAsleep" : 0,
  "minutesAsleep" : 482,
  "minutesAwake" : 14,
  "minutesAfterWakeup" : 0,
  "timeInBed" : 496,
  "efficiency" : 97,
  "type" : "classic",
  "infoCode" : 0,
  "logType" : "auto_detected",
  "levels" : {
    "summary" : {
      "restless" : {
        "count" : 8,
        "minutes" : 14
      },
      "awake" : {
        "count" : 0,
        "minutes" : 0
      },
      "asleep" : {
        "count" : 0,
        "minutes" : 482
      }
    },
    "data" : [{
      "dateTime" : "2015-07-26T23:09:00.000",
      "level" : "asleep",
      "seconds" : 1620
    },{
      "dateTime" : "2015-07-26T23:36:00.000",
      "level" : "restless",
      "seconds" : 60
    },{
      "dateTime" : "2015-07-26T23:37:00.000",
      "level" : "asleep",
      "seconds" : 10080
    },{
      "dateTime" : "2015-07-27T02:25:00.000",
      "level" : "restless",
      "seconds" : 60
    },{
      "dateTime" : "2015-07-27T02:26:00.000",
      "level" : "asleep",
      "seconds" : 1860
    },{
      "dateTime" : "2015-07-27T02:57:00.000",
      "level" : "restless",
      "seconds" : 60
    },{
      "dateTime" : "2015-07-27T02:58:00.000",
      "level" : "asleep",
      "seconds" : 2640
    },{
      "dateTime" : "2015-07-27T03:42:00.000",
      "level" : "restless",
      "seconds" : 120
    },{
      "dateTime" : "2015-07-27T03:44:00.000",
      "level" : "asleep",
      "seconds" : 12000
    },{
      "dateTime" : "2015-07-27T07:04:00.000",
      "level" : "restless",
      "seconds" : 60
    },{
      "dateTime" : "2015-07-27T07:05:00.000",
      "level" : "asleep",
      "seconds" : 60
    },{
      "dateTime" : "2015-07-27T07:06:00.000",
      "level" : "restless",
      "seconds" : 60
    },{
      "dateTime" : "2015-07-27T07:07:00.000",
      "level" : "asleep",
      "seconds" : 180
    },{
      "dateTime" : "2015-07-27T07:10:00.000",
      "level" : "restless",
      "seconds" : 300
    },{
      "dateTime" : "2015-07-27T07:15:00.000",
      "level" : "asleep",
      "seconds" : 300
    },{
      "dateTime" : "2015-07-27T07:20:00.000",
      "level" : "restless",
      "seconds" : 120
    },{
      "dateTime" : "2015-07-27T07:22:00.000",
      "level" : "asleep",
      "seconds" : 180
    }]
  },
  "mainSleep" : true
},{
  "logId" : 1162384256,
  "dateOfSleep" : "2015-07-26",
  "startTime" : "2015-07-25T23:09:00.000",
  "endTime" : "2015-07-26T06:33:00.000",
  "duration" : 26640000,
  "minutesToFallAsleep" : 0,
  "minutesAsleep" : 411,
  "minutesAwake" : 24,
  "minutesAfterWakeup" : 0,
  "timeInBed" : 444,
  "efficiency" : 94,
  "type" : "classic",
  "infoCode" : 0,
  "logType" : "auto_detected",
  "levels" : {
    "summary" : {
      "restless" : {
        "count" : 12,
        "minutes" : 25
      },
      "awake" : {
        "count" : 2,
        "minutes" : 3
      },
      "asleep" : {
        "count" : 0,
        "minutes" : 411
      }
    },
    "data" : [{
      "dateTime" : "2015-07-25T23:09:00.000",
      "level" : "awake",
      "seconds" : 120
    },{
      "dateTime" : "2015-07-25T23:11:00.000",
      "level" : "restless",
      "seconds" : 120
    },{
      "dateTime" : "2015-07-25T23:13:00.000",
      "level" : "asleep",
      "seconds" : 660
    },{
      "dateTime" : "2015-07-25T23:24:00.000",
      "level" : "restless",
      "seconds" : 240
    },{
      "dateTime" : "2015-07-25T23:28:00.000",
      "level" : "awake",
      "seconds" : 60
    },{
      "dateTime" : "2015-07-25T23:29:00.000",
      "level" : "restless",
      "seconds" : 60
    },{
      "dateTime" : "2015-07-25T23:30:00.000",
      "level" : "asleep",
      "seconds" : 480
    },{
      "dateTime" : "2015-07-25T23:38:00.000",
      "level" : "restless",
      "seconds" : 60
    },{
      "dateTime" : "2015-07-25T23:39:00.000",
      "level" : "asleep",
      "seconds" : 780
    },{
      "dateTime" : "2015-07-25T23:52:00.000",
      "level" : "restless",
      "seconds" : 240
    },{
      "dateTime" : "2015-07-25T23:56:00.000",
      "level" : "asleep",
      "seconds" : 840
    },{
      "dateTime" : "2015-07-26T00:10:00.000",
      "level" : "restless",
      "seconds" : 240
    },{
      "dateTime" : "2015-07-26T00:14:00.000",
      "level" : "asleep",
      "seconds" : 240
    },{
      "dateTime" : "2015-07-26T00:18:00.000",
      "level" : "restless",
      "seconds" : 60
    },{
      "dateTime" : "2015-07-26T00:19:00.000",
      "level" : "asleep",
      "seconds" : 60
    },{
      "dateTime" : "2015-07-26T00:20:00.000",
      "level" : "restless",
      "seconds" : 120
    },{
      "dateTime" : "2015-07-26T00:22:00.000",
      "level" : "asleep",
      "seconds" : 6360
    },{
      "dateTime" : "2015-07-26T02:08:00.000",
      "level" : "restless",
      "seconds" : 60
    },{
      "dateTime" : "2015-07-26T02:09:00.000",
      "level" : "asleep",
      "seconds" : 8160
    },{
      "dateTime" : "2015-07-26T04:25:00.000",
      "level" : "restless",
      "seconds" : 60
    },{
      "dateTime" : "2015-07-26T04:26:00.000",
      "level" : "asleep",
      "seconds" : 2460
    },{
      "dateTime" : "2015-07-26T05:07:00.000",
      "level" : "restless",
      "seconds" : 120
    },{
      "dateTime" : "2015-07-26T05:09:00.000",
      "level" : "asleep",
      "seconds" : 4380
    },{
      "dateTime" : "2015-07-26T06:22:00.000",
      "level" : "restless",
      "seconds" : 120
    },{
      "dateTime" : "2015-07-26T06:24:00.000",
      "level" : "asleep",
      "seconds" : 540
    }]
  },
  "mainSleep" : true
},{
  "logId" : 1159393103,
  "dateOfSleep" : "2015-07-25",
  "startTime" : "2015-07-24T23:09:00.000",
  "endTime" : "2015-07-25T08:56:30.000",
  "duration" : 35220000,
  "minutesToFallAsleep" : 0,
  "minutesAsleep" : 556,
  "minutesAwake" : 21,
  "minutesAfterWakeup" : 1,
  "timeInBed" : 587,
  "efficiency" : 96,
  "type" : "classic",
  "infoCode" : 0,
  "logType" : "auto_detected",
  "levels" : {
    "summary" : {
      "restless" : {
        "count" : 11,
        "minutes" : 21
      },
      "awake" : {
        "count" : 2,
        "minutes" : 5
      },
      "asleep" : {
        "count" : 0,
        "minutes" : 556
      }
    },
    "data" : [{
      "dateTime" : "2015-07-24T23:09:00.000",
      "level" : "awake",
      "seconds" : 180
    },{
      "dateTime" : "2015-07-24T23:12:00.000",
      "level" : "restless",
      "seconds" : 60
    },{
      "dateTime" : "2015-07-24T23:13:00.000",
      "level" : "asleep",
      "seconds" : 1140
    },{
      "dateTime" : "2015-07-24T23:32:00.000",
      "level" : "restless",
      "seconds" : 180
    },{
      "dateTime" : "2015-07-24T23:35:00.000",
      "level" : "asleep",
      "seconds" : 300
    },{
      "dateTime" : "2015-07-24T23:40:00.000",
      "level" : "restless",
      "seconds" : 120
    },{
      "dateTime" : "2015-07-24T23:42:00.000",
      "level" : "awake",
      "seconds" : 120
    },{
      "dateTime" : "2015-07-24T23:44:00.000",
      "level" : "asleep",
      "seconds" : 28020
    },{
      "dateTime" : "2015-07-25T07:31:00.000",
      "level" : "restless",
      "seconds" : 60
    },{
      "dateTime" : "2015-07-25T07:32:00.000",
      "level" : "asleep",
      "seconds" : 60
    },{
      "dateTime" : "2015-07-25T07:33:00.000",
      "level" : "restless",
      "seconds" : 60
    },{
      "dateTime" : "2015-07-25T07:34:00.000",
      "level" : "asleep",
      "seconds" : 1860
    },{
      "dateTime" : "2015-07-25T08:05:00.000",
      "level" : "restless",
      "seconds" : 180
    },{
      "dateTime" : "2015-07-25T08:08:00.000",
      "level" : "asleep",
      "seconds" : 300
    },{
      "dateTime" : "2015-07-25T08:13:00.000",
      "level" : "restless",
      "seconds" : 120
    },{
      "dateTime" : "2015-07-25T08:15:00.000",
      "level" : "asleep",
      "seconds" : 180
    },{
      "dateTime" : "2015-07-25T08:18:00.000",
      "level" : "restless",
      "seconds" : 180
    },{
      "dateTime" : "2015-07-25T08:21:00.000",
      "level" : "asleep",
      "seconds" : 660
    },{
      "dateTime" : "2015-07-25T08:32:00.000",
      "level" : "restless",
      "seconds" : 60
    },{
      "dateTime" : "2015-07-25T08:33:00.000",
      "level" : "asleep",
      "seconds" : 720
    },{
      "dateTime" : "2015-07-25T08:45:00.000",
      "level" : "restless",
      "seconds" : 180
    },{
      "dateTime" : "2015-07-25T08:48:00.000",
      "level" : "asleep",
      "seconds" : 420
    },{
      "dateTime" : "2015-07-25T08:55:00.000",
      "level" : "restless",
      "seconds" : 60
    }]
  },
  "mainSleep" : true
},{
  "logId" : 1155916945,
  "dateOfSleep" : "2015-07-24",
  "startTime" : "2015-07-24T00:31:00.000",
  "endTime" : "2015-07-24T07:25:30.000",
  "duration" : 24840000,
  "minutesToFallAsleep" : 0,
  "minutesAsleep" : 401,
  "minutesAwake" : 1,
  "minutesAfterWakeup" : 0,
  "timeInBed" : 414,
  "efficiency" : 100,
  "type" : "classic",
  "infoCode" : 0,
  "logType" : "auto_detected",
  "levels" : {
    "summary" : {
      "restless" : {
        "count" : 5,
        "minutes" : 8
      },
      "awake" : {
        "count" : 1,
        "minutes" : 3
      },
      "asleep" : {
        "count" : 0,
        "minutes" : 401
      }
    },
    "data" : [{
      "dateTime" : "2015-07-24T00:31:00.000",
      "level" : "restless",
      "seconds" : 60
    },{
      "dateTime" : "2015-07-24T00:32:00.000",
      "level" : "asleep",
      "seconds" : 60
    },{
      "dateTime" : "2015-07-24T00:33:00.000",
      "level" : "restless",
      "seconds" : 60
    },{
      "dateTime" : "2015-07-24T00:34:00.000",
      "level" : "asleep",
      "seconds" : 60
    },{
      "dateTime" : "2015-07-24T00:35:00.000",
      "level" : "restless",
      "seconds" : 240
    },{
      "dateTime" : "2015-07-24T00:39:00.000",
      "level" : "awake",
      "seconds" : 180
    },{
      "dateTime" : "2015-07-24T00:42:00.000",
      "level" : "restless",
      "seconds" : 60
    },{
      "dateTime" : "2015-07-24T00:43:00.000",
      "level" : "asleep",
      "seconds" : 14640
    },{
      "dateTime" : "2015-07-24T04:47:00.000",
      "level" : "restless",
      "seconds" : 60
    },{
      "dateTime" : "2015-07-24T04:48:00.000",
      "level" : "asleep",
      "seconds" : 9420
    }]
  },
  "mainSleep" : true
},{
  "logId" : 1152292824,
  "dateOfSleep" : "2015-07-23",
  "startTime" : "2015-07-23T00:50:00.000",
  "endTime" : "2015-07-23T08:17:00.000",
  "duration" : 26820000,
  "minutesToFallAsleep" : 0,
  "minutesAsleep" : 428,
  "minutesAwake" : 13,
  "minutesAfterWakeup" : 0,
  "timeInBed" : 447,
  "efficiency" : 97,
  "type" : "classic",
  "infoCode" : 0,
  "logType" : "auto_detected",
  "levels" : {
    "summary" : {
      "restless" : {
        "count" : 9,
        "minutes" : 16
      },
      "awake" : {
        "count" : 1,
        "minutes" : 3
      },
      "asleep" : {
        "count" : 0,
        "minutes" : 428
      }
    },
    "data" : [{
      "dateTime" : "2015-07-23T00:50:00.000",
      "level" : "awake",
      "seconds" : 180
    },{
      "dateTime" : "2015-07-23T00:53:00.000",
      "level" : "restless",
      "seconds" : 180
    },{
      "dateTime" : "2015-07-23T00:56:00.000",
      "level" : "asleep",
      "seconds" : 2220
    },{
      "dateTime" : "2015-07-23T01:33:00.000",
      "level" : "restless",
      "seconds" : 60
    },{
      "dateTime" : "2015-07-23T01:34:00.000",
      "level" : "asleep",
      "seconds" : 120
    },{
      "dateTime" : "2015-07-23T01:36:00.000",
      "level" : "restless",
      "seconds" : 60
    },{
      "dateTime" : "2015-07-23T01:37:00.000",
      "level" : "asleep",
      "seconds" : 2820
    },{
      "dateTime" : "2015-07-23T02:24:00.000",
      "level" : "restless",
      "seconds" : 60
    },{
      "dateTime" : "2015-07-23T02:25:00.000",
      "level" : "asleep",
      "seconds" : 3420
    },{
      "dateTime" : "2015-07-23T03:22:00.000",
      "level" : "restless",
      "seconds" : 60
    },{
      "dateTime" : "2015-07-23T03:23:00.000",
      "level" : "asleep",
      "seconds" : 540
    },{
      "dateTime" : "2015-07-23T03:32:00.000",
      "level" : "restless",
      "seconds" : 60
    },{
      "dateTime" : "2015-07-23T03:33:00.000",
      "level" : "asleep",
      "seconds" : 2640
    },{
      "dateTime" : "2015-07-23T04:17:00.000",
      "level" : "restless",
      "seconds" : 360
    },{
      "dateTime" : "2015-07-23T04:23:00.000",
      "level" : "asleep",
      "seconds" : 8580
    },{
      "dateTime" : "2015-07-23T06:46:00.000",
      "level" : "restless",
      "seconds" : 60
    },{
      "dateTime" : "2015-07-23T06:47:00.000",
      "level" : "asleep",
      "seconds" : 2100
    },{
      "dateTime" : "2015-07-23T07:22:00.000",
      "level" : "restless",
      "seconds" : 60
    },{
      "dateTime" : "2015-07-23T07:23:00.000",
      "level" : "asleep",
      "seconds" : 3240
    }]
  },
  "mainSleep" : true
},{
  "logId" : 1148807421,
  "dateOfSleep" : "2015-07-22",
  "startTime" : "2015-07-22T01:39:00.000",
  "endTime" : "2015-07-22T08:09:00.000",
  "duration" : 23400000,
  "minutesToFallAsleep" : 0,
  "minutesAsleep" : 351,
  "minutesAwake" : 6,
  "minutesAfterWakeup" : 2,
  "timeInBed" : 390,
  "efficiency" : 98,
  "type" : "classic",
  "infoCode" : 0,
  "logType" : "auto_detected",
  "levels" : {
    "summary" : {
      "restless" : {
        "count" : 11,
        "minutes" : 21
      },
      "awake" : {
        "count" : 3,
        "minutes" : 7
      },
      "asleep" : {
        "count" : 0,
        "minutes" : 351
      }
    },
    "data" : [{
      "dateTime" : "2015-07-22T01:39:00.000",
      "level" : "awake",
      "seconds" : 300
    },{
      "dateTime" : "2015-07-22T01:44:00.000",
      "level" : "restless",
      "seconds" : 120
    },{
      "dateTime" : "2015-07-22T01:46:00.000",
      "level" : "awake",
      "seconds" : 60
    },{
      "dateTime" : "2015-07-22T01:47:00.000",
      "level" : "asleep",
      "seconds" : 360
    },{
      "dateTime" : "2015-07-22T01:53:00.000",
      "level" : "restless",
      "seconds" : 240
    },{
      "dateTime" : "2015-07-22T01:57:00.000",
      "level" : "awake",
      "seconds" : 60
    },{
      "dateTime" : "2015-07-22T01:58:00.000",
      "level" : "restless",
      "seconds" : 60
    },{
      "dateTime" : "2015-07-22T01:59:00.000",
      "level" : "asleep",
      "seconds" : 240
    },{
      "dateTime" : "2015-07-22T02:03:00.000",
      "level" : "restless",
      "seconds" : 60
    },{
      "dateTime" : "2015-07-22T02:04:00.000",
      "level" : "asleep",
      "seconds" : 60
    },{
      "dateTime" : "2015-07-22T02:05:00.000",
      "level" : "restless",
      "seconds" : 300
    },{
      "dateTime" : "2015-07-22T02:10:00.000",
      "level" : "asleep",
      "seconds" : 8100
    },{
      "dateTime" : "2015-07-22T04:25:00.000",
      "level" : "restless",
      "seconds" : 60
    },{
      "dateTime" : "2015-07-22T04:26:00.000",
      "level" : "asleep",
      "seconds" : 9480
    },{
      "dateTime" : "2015-07-22T07:04:00.000",
      "level" : "restless",
      "seconds" : 60
    },{
      "dateTime" : "2015-07-22T07:05:00.000",
      "level" : "asleep",
      "seconds" : 2220
    },{
      "dateTime" : "2015-07-22T07:42:00.000",
      "level" : "restless",
      "seconds" : 60
    },{
      "dateTime" : "2015-07-22T07:43:00.000",
      "level" : "asleep",
      "seconds" : 120
    },{
      "dateTime" : "2015-07-22T07:45:00.000",
      "level" : "restless",
      "seconds" : 60
    },{
      "dateTime" : "2015-07-22T07:46:00.000",
      "level" : "asleep",
      "seconds" : 1080
    },{
      "dateTime" : "2015-07-22T08:04:00.000",
      "level" : "restless",
      "seconds" : 120
    },{
      "dateTime" : "2015-07-22T08:06:00.000",
      "level" : "asleep",
      "seconds" : 60
    },{
      "dateTime" : "2015-07-22T08:07:00.000",
      "level" : "restless",
      "seconds" : 120
    }]
  },
  "mainSleep" : true
},{
  "logId" : 1145351308,
  "dateOfSleep" : "2015-07-21",
  "startTime" : "2015-07-21T01:21:00.000",
  "endTime" : "2015-07-21T08:18:00.000",
  "duration" : 25020000,
  "minutesToFallAsleep" : 0,
  "minutesAsleep" : 397,
  "minutesAwake" : 12,
  "minutesAfterWakeup" : 1,
  "timeInBed" : 417,
  "efficiency" : 97,
  "type" : "classic",
  "infoCode" : 0,
  "logType" : "auto_detected",
  "levels" : {
    "summary" : {
      "restless" : {
        "count" : 10,
        "minutes" : 17
      },
      "awake" : {
        "count" : 1,
        "minutes" : 3
      },
      "asleep" : {
        "count" : 0,
        "minutes" : 397
      }
    },
    "data" : [{
      "dateTime" : "2015-07-21T01:21:00.000",
      "level" : "awake",
      "seconds" : 180
    },{
      "dateTime" : "2015-07-21T01:24:00.000",
      "level" : "restless",
      "seconds" : 240
    },{
      "dateTime" : "2015-07-21T01:28:00.000",
      "level" : "asleep",
      "seconds" : 3540
    },{
      "dateTime" : "2015-07-21T02:27:00.000",
      "level" : "restless",
      "seconds" : 60
    },{
      "dateTime" : "2015-07-21T02:28:00.000",
      "level" : "asleep",
      "seconds" : 6000
    },{
      "dateTime" : "2015-07-21T04:08:00.000",
      "level" : "restless",
      "seconds" : 60
    },{
      "dateTime" : "2015-07-21T04:09:00.000",
      "level" : "asleep",
      "seconds" : 60
    },{
      "dateTime" : "2015-07-21T04:10:00.000",
      "level" : "restless",
      "seconds" : 120
    },{
      "dateTime" : "2015-07-21T04:12:00.000",
      "level" : "asleep",
      "seconds" : 5280
    },{
      "dateTime" : "2015-07-21T05:40:00.000",
      "level" : "restless",
      "seconds" : 60
    },{
      "dateTime" : "2015-07-21T05:41:00.000",
      "level" : "asleep",
      "seconds" : 3120
    },{
      "dateTime" : "2015-07-21T06:33:00.000",
      "level" : "restless",
      "seconds" : 180
    },{
      "dateTime" : "2015-07-21T06:36:00.000",
      "level" : "asleep",
      "seconds" : 1680
    },{
      "dateTime" : "2015-07-21T07:04:00.000",
      "level" : "restless",
      "seconds" : 60
    },{
      "dateTime" : "2015-07-21T07:05:00.000",
      "level" : "asleep",
      "seconds" : 1140
    },{
      "dateTime" : "2015-07-21T07:24:00.000",
      "level" : "restless",
      "seconds" : 120
    },{
      "dateTime" : "2015-07-21T07:26:00.000",
      "level" : "asleep",
      "seconds" : 60
    },{
      "dateTime" : "2015-07-21T07:27:00.000",
      "level" : "restless",
      "seconds" : 60
    },{
      "dateTime" : "2015-07-21T07:28:00.000",
      "level" : "asleep",
      "seconds" : 2940
    },{
      "dateTime" : "2015-07-21T08:17:00.000",
      "level" : "restless",
      "seconds" : 60
    }]
  },
  "mainSleep" : true
},{
  "logId" : 1141696793,
  "dateOfSleep" : "2015-07-20",
  "startTime" : "2015-07-19T23:55:00.000",
  "endTime" : "2015-07-20T09:02:00.000",
  "duration" : 32820000,
  "minutesToFallAsleep" : 0,
  "minutesAsleep" : 523,
  "minutesAwake" : 19,
  "minutesAfterWakeup" : 0,
  "timeInBed" : 547,
  "efficiency" : 96,
  "type" : "classic",
  "infoCode" : 0,
  "logType" : "auto_detected",
  "levels" : {
    "summary" : {
      "restless" : {
        "count" : 13,
        "minutes" : 20
      },
      "awake" : {
        "count" : 1,
        "minutes" : 4
      },
      "asleep" : {
        "count" : 0,
        "minutes" : 523
      }
    },
    "data" : [{
      "dateTime" : "2015-07-19T23:55:00.000",
      "level" : "awake",
      "seconds" : 240
    },{
      "dateTime" : "2015-07-19T23:59:00.000",
      "level" : "restless",
      "seconds" : 60
    },{
      "dateTime" : "2015-07-20T00:00:00.000",
      "level" : "asleep",
      "seconds" : 6300
    },{
      "dateTime" : "2015-07-20T01:45:00.000",
      "level" : "restless",
      "seconds" : 120
    },{
      "dateTime" : "2015-07-20T01:47:00.000",
      "level" : "asleep",
      "seconds" : 8400
    },{
      "dateTime" : "2015-07-20T04:07:00.000",
      "level" : "restless",
      "seconds" : 60
    },{
      "dateTime" : "2015-07-20T04:08:00.000",
      "level" : "asleep",
      "seconds" : 3360
    },{
      "dateTime" : "2015-07-20T05:04:00.000",
      "level" : "restless",
      "seconds" : 60
    },{
      "dateTime" : "2015-07-20T05:05:00.000",
      "level" : "asleep",
      "seconds" : 2700
    },{
      "dateTime" : "2015-07-20T05:50:00.000",
      "level" : "restless",
      "seconds" : 60
    },{
      "dateTime" : "2015-07-20T05:51:00.000",
      "level" : "asleep",
      "seconds" : 2520
    },{
      "dateTime" : "2015-07-20T06:33:00.000",
      "level" : "restless",
      "seconds" : 60
    },{
      "dateTime" : "2015-07-20T06:34:00.000",
      "level" : "asleep",
      "seconds" : 1620
    },{
      "dateTime" : "2015-07-20T07:01:00.000",
      "level" : "restless",
      "seconds" : 60
    },{
      "dateTime" : "2015-07-20T07:02:00.000",
      "level" : "asleep",
      "seconds" : 120
    },{
      "dateTime" : "2015-07-20T07:04:00.000",
      "level" : "restless",
      "seconds" : 60
    },{
      "dateTime" : "2015-07-20T07:05:00.000",
      "level" : "asleep",
      "seconds" : 120
    },{
      "dateTime" : "2015-07-20T07:07:00.000",
      "level" : "restless",
      "seconds" : 240
    },{
      "dateTime" : "2015-07-20T07:11:00.000",
      "level" : "asleep",
      "seconds" : 540
    },{
      "dateTime" : "2015-07-20T07:20:00.000",
      "level" : "restless",
      "seconds" : 240
    },{
      "dateTime" : "2015-07-20T07:24:00.000",
      "level" : "asleep",
      "seconds" : 3600
    },{
      "dateTime" : "2015-07-20T08:24:00.000",
      "level" : "restless",
      "seconds" : 60
    },{
      "dateTime" : "2015-07-20T08:25:00.000",
      "level" : "asleep",
      "seconds" : 1740
    },{
      "dateTime" : "2015-07-20T08:54:00.000",
      "level" : "restless",
      "seconds" : 60
    },{
      "dateTime" : "2015-07-20T08:55:00.000",
      "level" : "asleep",
      "seconds" : 60
    },{
      "dateTime" : "2015-07-20T08:56:00.000",
      "level" : "restless",
      "seconds" : 60
    },{
      "dateTime" : "2015-07-20T08:57:00.000",
      "level" : "asleep",
      "seconds" : 300
    }]
  },
  "mainSleep" : true
},{
  "logId" : 1138237458,
  "dateOfSleep" : "2015-07-19",
  "startTime" : "2015-07-18T23:09:00.000",
  "endTime" : "2015-07-19T07:19:30.000",
  "duration" : 29400000,
  "minutesToFallAsleep" : 0,
  "minutesAsleep" : 465,
  "minutesAwake" : 6,
  "minutesAfterWakeup" : 1,
  "timeInBed" : 490,
  "efficiency" : 99,
  "type" : "classic",
  "infoCode" : 0,
  "logType" : "auto_detected",
  "levels" : {
    "summary" : {
      "restless" : {
        "count" : 6,
        "minutes" : 10
      },
      "awake" : {
        "count" : 1,
        "minutes" : 4
      },
      "asleep" : {
        "count" : 0,
        "minutes" : 465
      }
    },
    "data" : [{
      "dateTime" : "2015-07-18T23:09:00.000",
      "level" : "awake",
      "seconds" : 240
    },{
      "dateTime" : "2015-07-18T23:13:00.000",
      "level" : "asleep",
      "seconds" : 360
    },{
      "dateTime" : "2015-07-18T23:19:00.000",
      "level" : "restless",
      "seconds" : 180
    },{
      "dateTime" : "2015-07-18T23:22:00.000",
      "level" : "asleep",
      "seconds" : 3540
    },{
      "dateTime" : "2015-07-19T00:21:00.000",
      "level" : "restless",
      "seconds" : 60
    },{
      "dateTime" : "2015-07-19T00:22:00.000",
      "level" : "asleep",
      "seconds" : 19860
    },{
      "dateTime" : "2015-07-19T05:53:00.000",
      "level" : "restless",
      "seconds" : 120
    },{
      "dateTime" : "2015-07-19T05:55:00.000",
      "level" : "asleep",
      "seconds" : 3480
    },{
      "dateTime" : "2015-07-19T06:53:00.000",
      "level" : "restless",
      "seconds" : 120
    },{
      "dateTime" : "2015-07-19T06:55:00.000",
      "level" : "asleep",
      "seconds" : 780
    },{
      "dateTime" : "2015-07-19T07:08:00.000",
      "level" : "restless",
      "seconds" : 60
    },{
      "dateTime" : "2015-07-19T07:09:00.000",
      "level" : "asleep",
      "seconds" : 540
    },{
      "dateTime" : "2015-07-19T07:18:00.000",
      "level" : "restless",
      "seconds" : 60
    }]
  },
  "mainSleep" : true
},{
  "logId" : 1134932045,
  "dateOfSleep" : "2015-07-18",
  "startTime" : "2015-07-17T22:03:00.000",
  "endTime" : "2015-07-18T07:32:30.000",
  "duration" : 34140000,
  "minutesToFallAsleep" : 0,
  "minutesAsleep" : 527,
  "minutesAwake" : 6,
  "minutesAfterWakeup" : 1,
  "timeInBed" : 569,
  "efficiency" : 99,
  "type" : "classic",
  "infoCode" : 0,
  "logType" : "auto_detected",
  "levels" : {
    "summary" : {
      "restless" : {
        "count" : 10,
        "minutes" : 15
      },
      "awake" : {
        "count" : 2,
        "minutes" : 3
      },
      "asleep" : {
        "count" : 0,
        "minutes" : 527
      }
    },
    "data" : [{
      "dateTime" : "2015-07-17T22:03:00.000",
      "level" : "awake",
      "seconds" : 120
    },{
      "dateTime" : "2015-07-17T22:05:00.000",
      "level" : "restless",
      "seconds" : 60
    },{
      "dateTime" : "2015-07-17T22:06:00.000",
      "level" : "awake",
      "seconds" : 60
    },{
      "dateTime" : "2015-07-17T22:07:00.000",
      "level" : "restless",
      "seconds" : 120
    },{
      "dateTime" : "2015-07-17T22:09:00.000",
      "level" : "asleep",
      "seconds" : 180
    },{
      "dateTime" : "2015-07-17T22:12:00.000",
      "level" : "restless",
      "seconds" : 180
    },{
      "dateTime" : "2015-07-17T22:15:00.000",
      "level" : "asleep",
      "seconds" : 600
    },{
      "dateTime" : "2015-07-17T22:25:00.000",
      "level" : "restless",
      "seconds" : 120
    },{
      "dateTime" : "2015-07-17T22:27:00.000",
      "level" : "asleep",
      "seconds" : 7320
    },{
      "dateTime" : "2015-07-18T00:29:00.000",
      "level" : "restless",
      "seconds" : 60
    },{
      "dateTime" : "2015-07-18T00:30:00.000",
      "level" : "asleep",
      "seconds" : 5220
    },{
      "dateTime" : "2015-07-18T01:57:00.000",
      "level" : "restless",
      "seconds" : 60
    },{
      "dateTime" : "2015-07-18T01:58:00.000",
      "level" : "asleep",
      "seconds" : 10800
    },{
      "dateTime" : "2015-07-18T04:58:00.000",
      "level" : "restless",
      "seconds" : 60
    },{
      "dateTime" : "2015-07-18T04:59:00.000",
      "level" : "asleep",
      "seconds" : 6600
    },{
      "dateTime" : "2015-07-18T06:49:00.000",
      "level" : "restless",
      "seconds" : 60
    },{
      "dateTime" : "2015-07-18T06:50:00.000",
      "level" : "asleep",
      "seconds" : 1200
    },{
      "dateTime" : "2015-07-18T07:10:00.000",
      "level" : "restless",
      "seconds" : 120
    },{
      "dateTime" : "2015-07-18T07:12:00.000",
      "level" : "asleep",
      "seconds" : 1140
    },{
      "dateTime" : "2015-07-18T07:31:00.000",
      "level" : "restless",
      "seconds" : 60
    }]
  },
  "mainSleep" : true
},{
  "logId" : 1131824435,
  "dateOfSleep" : "2015-07-17",
  "startTime" : "2015-07-17T00:01:30.000",
  "endTime" : "2015-07-17T08:11:30.000",
  "duration" : 29400000,
  "minutesToFallAsleep" : 0,
  "minutesAsleep" : 480,
  "minutesAwake" : 9,
  "minutesAfterWakeup" : 0,
  "timeInBed" : 490,
  "efficiency" : 98,
  "type" : "classic",
  "infoCode" : 0,
  "logType" : "auto_detected",
  "levels" : {
    "summary" : {
      "restless" : {
        "count" : 7,
        "minutes" : 9
      },
      "awake" : {
        "count" : 0,
        "minutes" : 0
      },
      "asleep" : {
        "count" : 0,
        "minutes" : 480
      }
    },
    "data" : [{
      "dateTime" : "2015-07-17T00:01:30.000",
      "level" : "asleep",
      "seconds" : 2520
    },{
      "dateTime" : "2015-07-17T00:43:30.000",
      "level" : "restless",
      "seconds" : 120
    },{
      "dateTime" : "2015-07-17T00:45:30.000",
      "level" : "asleep",
      "seconds" : 360
    },{
      "dateTime" : "2015-07-17T00:51:30.000",
      "level" : "restless",
      "seconds" : 60
    },{
      "dateTime" : "2015-07-17T00:52:30.000",
      "level" : "asleep",
      "seconds" : 3840
    },{
      "dateTime" : "2015-07-17T01:56:30.000",
      "level" : "restless",
      "seconds" : 120
    },{
      "dateTime" : "2015-07-17T01:58:30.000",
      "level" : "asleep",
      "seconds" : 2880
    },{
      "dateTime" : "2015-07-17T02:46:30.000",
      "level" : "restless",
      "seconds" : 60
    },{
      "dateTime" : "2015-07-17T02:47:30.000",
      "level" : "asleep",
      "seconds" : 1200
    },{
      "dateTime" : "2015-07-17T03:07:30.000",
      "level" : "restless",
      "seconds" : 60
    },{
      "dateTime" : "2015-07-17T03:08:30.000",
      "level" : "asleep",
      "seconds" : 9900
    },{
      "dateTime" : "2015-07-17T05:53:30.000",
      "level" : "restless",
      "seconds" : 60
    },{
      "dateTime" : "2015-07-17T05:54:30.000",
      "level" : "asleep",
      "seconds" : 4560
    },{
      "dateTime" : "2015-07-17T07:10:30.000",
      "level" : "restless",
      "seconds" : 60
    },{
      "dateTime" : "2015-07-17T07:11:30.000",
      "level" : "asleep",
      "seconds" : 3600
    }]
  },
  "mainSleep" : true
},{
  "logId" : 1128742593,
  "dateOfSleep" : "2015-07-16",
  "startTime" : "2015-07-15T23:27:00.000",
  "endTime" : "2015-07-16T08:02:30.000",
  "duration" : 30900000,
  "minutesToFallAsleep" : 0,
  "minutesAsleep" : 493,
  "minutesAwake" : 9,
  "minutesAfterWakeup" : 0,
  "timeInBed" : 515,
  "efficiency" : 98,
  "type" : "classic",
  "infoCode" : 0,
  "logType" : "auto_detected",
  "levels" : {
    "summary" : {
      "restless" : {
        "count" : 6,
        "minutes" : 8
      },
      "awake" : {
        "count" : 1,
        "minutes" : 1
      },
      "asleep" : {
        "count" : 0,
        "minutes" : 493
      }
    },
    "data" : [{
      "dateTime" : "2015-07-15T23:27:00.000",
      "level" : "asleep",
      "seconds" : 2100
    },{
      "dateTime" : "2015-07-16T00:02:00.000",
      "level" : "restless",
      "seconds" : 180
    },{
      "dateTime" : "2015-07-16T00:05:00.000",
      "level" : "awake",
      "seconds" : 60
    },{
      "dateTime" : "2015-07-16T00:06:00.000",
      "level" : "restless",
      "seconds" : 60
    },{
      "dateTime" : "2015-07-16T00:07:00.000",
      "level" : "asleep",
      "seconds" : 15540
    },{
      "dateTime" : "2015-07-16T04:26:00.000",
      "level" : "restless",
      "seconds" : 60
    },{
      "dateTime" : "2015-07-16T04:27:00.000",
      "level" : "asleep",
      "seconds" : 240
    },{
      "dateTime" : "2015-07-16T04:31:00.000",
      "level" : "restless",
      "seconds" : 60
    },{
      "dateTime" : "2015-07-16T04:32:00.000",
      "level" : "asleep",
      "seconds" : 9120
    },{
      "dateTime" : "2015-07-16T07:04:00.000",
      "level" : "restless",
      "seconds" : 60
    },{
      "dateTime" : "2015-07-16T07:05:00.000",
      "level" : "asleep",
      "seconds" : 2340
    },{
      "dateTime" : "2015-07-16T07:44:00.000",
      "level" : "restless",
      "seconds" : 60
    },{
      "dateTime" : "2015-07-16T07:45:00.000",
      "level" : "asleep",
      "seconds" : 1020
    }]
  },
  "mainSleep" : true
},{
  "logId" : 1124563742,
  "dateOfSleep" : "2015-07-15",
  "startTime" : "2015-07-14T23:31:00.000",
  "endTime" : "2015-07-15T07:16:00.000",
  "duration" : 27900000,
  "minutesToFallAsleep" : 0,
  "minutesAsleep" : 437,
  "minutesAwake" : 11,
  "minutesAfterWakeup" : 0,
  "timeInBed" : 465,
  "efficiency" : 98,
  "type" : "classic",
  "infoCode" : 0,
  "logType" : "auto_detected",
  "levels" : {
    "summary" : {
      "restless" : {
        "count" : 12,
        "minutes" : 21
      },
      "awake" : {
        "count" : 3,
        "minutes" : 6
      },
      "asleep" : {
        "count" : 0,
        "minutes" : 437
      }
    },
    "data" : [{
      "dateTime" : "2015-07-14T23:31:00.000",
      "level" : "restless",
      "seconds" : 240
    },{
      "dateTime" : "2015-07-14T23:35:00.000",
      "level" : "awake",
      "seconds" : 120
    },{
      "dateTime" : "2015-07-14T23:37:00.000",
      "level" : "restless",
      "seconds" : 120
    },{
      "dateTime" : "2015-07-14T23:39:00.000",
      "level" : "asleep",
      "seconds" : 60
    },{
      "dateTime" : "2015-07-14T23:40:00.000",
      "level" : "restless",
      "seconds" : 240
    },{
      "dateTime" : "2015-07-14T23:44:00.000",
      "level" : "awake",
      "seconds" : 180
    },{
      "dateTime" : "2015-07-14T23:47:00.000",
      "level" : "restless",
      "seconds" : 60
    },{
      "dateTime" : "2015-07-14T23:48:00.000",
      "level" : "asleep",
      "seconds" : 1860
    },{
      "dateTime" : "2015-07-15T00:19:00.000",
      "level" : "restless",
      "seconds" : 60
    },{
      "dateTime" : "2015-07-15T00:20:00.000",
      "level" : "asleep",
      "seconds" : 120
    },{
      "dateTime" : "2015-07-15T00:22:00.000",
      "level" : "restless",
      "seconds" : 60
    },{
      "dateTime" : "2015-07-15T00:23:00.000",
      "level" : "asleep",
      "seconds" : 5820
    },{
      "dateTime" : "2015-07-15T02:00:00.000",
      "level" : "restless",
      "seconds" : 180
    },{
      "dateTime" : "2015-07-15T02:03:00.000",
      "level" : "awake",
      "seconds" : 60
    },{
      "dateTime" : "2015-07-15T02:04:00.000",
      "level" : "restless",
      "seconds" : 60
    },{
      "dateTime" : "2015-07-15T02:05:00.000",
      "level" : "asleep",
      "seconds" : 6660
    },{
      "dateTime" : "2015-07-15T03:56:00.000",
      "level" : "restless",
      "seconds" : 60
    },{
      "dateTime" : "2015-07-15T03:57:00.000",
      "level" : "asleep",
      "seconds" : 480
    },{
      "dateTime" : "2015-07-15T04:05:00.000",
      "level" : "restless",
      "seconds" : 60
    },{
      "dateTime" : "2015-07-15T04:06:00.000",
      "level" : "asleep",
      "seconds" : 120
    },{
      "dateTime" : "2015-07-15T04:08:00.000",
      "level" : "restless",
      "seconds" : 60
    },{
      "dateTime" : "2015-07-15T04:09:00.000",
      "level" : "asleep",
      "seconds" : 4200
    },{
      "dateTime" : "2015-07-15T05:19:00.000",
      "level" : "restless",
      "seconds" : 60
    },{
      "dateTime" : "2015-07-15T05:20:00.000",
      "level" : "asleep",
      "seconds" : 6960
    }]
  },
  "mainSleep" : true
},{
  "logId" : 1121001120,
  "dateOfSleep" : "2015-07-14",
  "startTime" : "2015-07-14T01:04:00.000",
  "endTime" : "2015-07-14T07:03:00.000",
  "duration" : 21540000,
  "minutesToFallAsleep" : 0,
  "minutesAsleep" : 319,
  "minutesAwake" : 5,
  "minutesAfterWakeup" : 0,
  "timeInBed" : 359,
  "efficiency" : 98,
  "type" : "classic",
  "infoCode" : 0,
  "logType" : "auto_detected",
  "levels" : {
    "summary" : {
      "restless" : {
        "count" : 10,
        "minutes" : 13
      },
      "awake" : {
        "count" : 1,
        "minutes" : 2
      },
      "asleep" : {
        "count" : 0,
        "minutes" : 319
      }
    },
    "data" : [{
      "dateTime" : "2015-07-14T01:04:00.000",
      "level" : "restless",
      "seconds" : 60
    },{
      "dateTime" : "2015-07-14T01:05:00.000",
      "level" : "asleep",
      "seconds" : 840
    },{
      "dateTime" : "2015-07-14T01:19:00.000",
      "level" : "restless",
      "seconds" : 180
    },{
      "dateTime" : "2015-07-14T01:22:00.000",
      "level" : "awake",
      "seconds" : 120
    },{
      "dateTime" : "2015-07-14T01:24:00.000",
      "level" : "restless",
      "seconds" : 60
    },{
      "dateTime" : "2015-07-14T01:25:00.000",
      "level" : "asleep",
      "seconds" : 240
    },{
      "dateTime" : "2015-07-14T01:29:00.000",
      "level" : "restless",
      "seconds" : 120
    },{
      "dateTime" : "2015-07-14T01:31:00.000",
      "level" : "asleep",
      "seconds" : 420
    },{
      "dateTime" : "2015-07-14T01:38:00.000",
      "level" : "restless",
      "seconds" : 60
    },{
      "dateTime" : "2015-07-14T01:39:00.000",
      "level" : "asleep",
      "seconds" : 11760
    },{
      "dateTime" : "2015-07-14T04:55:00.000",
      "level" : "restless",
      "seconds" : 60
    },{
      "dateTime" : "2015-07-14T04:56:00.000",
      "level" : "asleep",
      "seconds" : 5520
    },{
      "dateTime" : "2015-07-14T06:28:00.000",
      "level" : "restless",
      "seconds" : 60
    },{
      "dateTime" : "2015-07-14T06:29:00.000",
      "level" : "asleep",
      "seconds" : 120
    },{
      "dateTime" : "2015-07-14T06:31:00.000",
      "level" : "restless",
      "seconds" : 60
    },{
      "dateTime" : "2015-07-14T06:32:00.000",
      "level" : "asleep",
      "seconds" : 1500
    },{
      "dateTime" : "2015-07-14T06:57:00.000",
      "level" : "restless",
      "seconds" : 60
    },{
      "dateTime" : "2015-07-14T06:58:00.000",
      "level" : "asleep",
      "seconds" : 180
    },{
      "dateTime" : "2015-07-14T07:01:00.000",
      "level" : "restless",
      "seconds" : 60
    },{
      "dateTime" : "2015-07-14T07:02:00.000",
      "level" : "asleep",
      "seconds" : 60
    }]
  },
  "mainSleep" : true
},{
  "logId" : 1117862918,
  "dateOfSleep" : "2015-07-13",
  "startTime" : "2015-07-13T02:26:00.000",
  "endTime" : "2015-07-13T11:08:30.000",
  "duration" : 31320000,
  "minutesToFallAsleep" : 0,
  "minutesAsleep" : 477,
  "minutesAwake" : 10,
  "minutesAfterWakeup" : 0,
  "timeInBed" : 522,
  "efficiency" : 98,
  "type" : "classic",
  "infoCode" : 0,
  "logType" : "auto_detected",
  "levels" : {
    "summary" : {
      "restless" : {
        "count" : 14,
        "minutes" : 22
      },
      "awake" : {
        "count" : 0,
        "minutes" : 0
      },
      "asleep" : {
        "count" : 0,
        "minutes" : 477
      }
    },
    "data" : [{
      "dateTime" : "2015-07-13T02:26:00.000",
      "level" : "restless",
      "seconds" : 240
    },{
      "dateTime" : "2015-07-13T02:30:00.000",
      "level" : "asleep",
      "seconds" : 60
    },{
      "dateTime" : "2015-07-13T02:31:00.000",
      "level" : "restless",
      "seconds" : 120
    },{
      "dateTime" : "2015-07-13T02:33:00.000",
      "level" : "asleep",
      "seconds" : 60
    },{
      "dateTime" : "2015-07-13T02:34:00.000",
      "level" : "restless",
      "seconds" : 60
    },{
      "dateTime" : "2015-07-13T02:35:00.000",
      "level" : "asleep",
      "seconds" : 60
    },{
      "dateTime" : "2015-07-13T02:36:00.000",
      "level" : "restless",
      "seconds" : 180
    },{
      "dateTime" : "2015-07-13T02:39:00.000",
      "level" : "asleep",
      "seconds" : 300
    },{
      "dateTime" : "2015-07-13T02:44:00.000",
      "level" : "restless",
      "seconds" : 60
    },{
      "dateTime" : "2015-07-13T02:45:00.000",
      "level" : "asleep",
      "seconds" : 180
    },{
      "dateTime" : "2015-07-13T02:48:00.000",
      "level" : "restless",
      "seconds" : 60
    },{
      "dateTime" : "2015-07-13T02:49:00.000",
      "level" : "asleep",
      "seconds" : 2040
    },{
      "dateTime" : "2015-07-13T03:23:00.000",
      "level" : "restless",
      "seconds" : 180
    },{
      "dateTime" : "2015-07-13T03:26:00.000",
      "level" : "asleep",
      "seconds" : 60
    },{
      "dateTime" : "2015-07-13T03:27:00.000",
      "level" : "restless",
      "seconds" : 60
    },{
      "dateTime" : "2015-07-13T03:28:00.000",
      "level" : "asleep",
      "seconds" : 6240
    },{
      "dateTime" : "2015-07-13T05:12:00.000",
      "level" : "restless",
      "seconds" : 60
    },{
      "dateTime" : "2015-07-13T05:13:00.000",
      "level" : "asleep",
      "seconds" : 900
    },{
      "dateTime" : "2015-07-13T05:28:00.000",
      "level" : "restless",
      "seconds" : 60
    },{
      "dateTime" : "2015-07-13T05:29:00.000",
      "level" : "asleep",
      "seconds" : 2160
    },{
      "dateTime" : "2015-07-13T06:05:00.000",
      "level" : "restless",
      "seconds" : 60
    },{
      "dateTime" : "2015-07-13T06:06:00.000",
      "level" : "asleep",
      "seconds" : 2280
    },{
      "dateTime" : "2015-07-13T06:44:00.000",
      "level" : "restless",
      "seconds" : 60
    },{
      "dateTime" : "2015-07-13T06:45:00.000",
      "level" : "asleep",
      "seconds" : 960
    },{
      "dateTime" : "2015-07-13T07:01:00.000",
      "level" : "restless",
      "seconds" : 60
    },{
      "dateTime" : "2015-07-13T07:02:00.000",
      "level" : "asleep",
      "seconds" : 60
    },{
      "dateTime" : "2015-07-13T07:03:00.000",
      "level" : "restless",
      "seconds" : 60
    },{
      "dateTime" : "2015-07-13T07:04:00.000",
      "level" : "asleep",
      "seconds" : 14640
    }]
  },
  "mainSleep" : true
},{
  "logId" : 1116720855,
  "dateOfSleep" : "2015-07-13",
  "startTime" : "2015-07-13T00:17:00.000",
  "endTime" : "2015-07-13T01:58:00.000",
  "duration" : 6060000,
  "minutesToFallAsleep" : 0,
  "minutesAsleep" : 101,
  "minutesAwake" : 0,
  "minutesAfterWakeup" : 0,
  "timeInBed" : 101,
  "efficiency" : 100,
  "type" : "classic",
  "infoCode" : 0,
  "logType" : "auto_detected",
  "levels" : {
    "summary" : {
      "restless" : {
        "count" : 0,
        "minutes" : 0
      },
      "awake" : {
        "count" : 0,
        "minutes" : 0
      },
      "asleep" : {
        "count" : 0,
        "minutes" : 101
      }
    },
    "data" : [{
      "dateTime" : "2015-07-13T00:17:00.000",
      "level" : "asleep",
      "seconds" : 6060
    }]
  },
  "mainSleep" : false
}]