[{
  "logId" : 11041311505,
  "dateOfSleep" : "2016-03-05",
  "startTime" : "2016-03-05T01:16:00.000",
  "endTime" : "2016-03-05T08:10:00.000",
  "duration" : 24840000,
  "minutesToFallAsleep" : 0,
  "minutesAsleep" : 388,
  "minutesAwake" : 26,
  "minutesAfterWakeup" : 0,
  "timeInBed" : 414,
  "efficiency" : 94,
  "type" : "classic",
  "infoCode" : 0,
  "logType" : "auto_detected",
  "levels" : {
    "summary" : {
      "restless" : {
        "count" : 19,
        "minutes" : 24
      },
      "awake" : {
        "count" : 2,
        "minutes" : 2
      },
      "asleep" : {
        "count" : 0,
        "minutes" : 388
      }
    },
    "data" : [{
      "dateTime" : "2016-03-05T01:16:00.000",
      "level" : "awake",
      "seconds" : 60
    },{
      "dateTime" : "2016-03-05T01:17:00.000",
      "level" : "restless",
      "seconds" : 120
    },{
      "dateTime" : "2016-03-05T01:19:00.000",
      "level" : "asleep",
      "seconds" : 60
    },{
      "dateTime" : "2016-03-05T01:20:00.000",
      "level" : "restless",
      "seconds" : 60
    },{
      "dateTime" : "2016-03-05T01:21:00.000",
      "level" : "asleep",
      "seconds" : 240
    },{
      "dateTime" : "2016-03-05T01:25:00.000",
      "level" : "restless",
      "seconds" : 180
    },{
      "dateTime" : "2016-03-05T01:28:00.000",
      "level" : "asleep",
      "seconds" : 120
    },{
      "dateTime" : "2016-03-05T01:30:00.000",
      "level" : "restless",
      "seconds" : 60
    },{
      "dateTime" : "2016-03-05T01:31:00.000",
      "level" : "asleep",
      "seconds" : 120
    },{
      "dateTime" : "2016-03-05T01:33:00.000",
      "level" : "restless",
      "seconds" : 60
    },{
      "dateTime" : "2016-03-05T01:34:00.000",
      "level" : "asleep",
      "seconds" : 60
    },{
      "dateTime" : "2016-03-05T01:35:00.000",
      "level" : "restless",
      "seconds" : 60
    },{
      "dateTime" : "2016-03-05T01:36:00.000",
      "level" : "asleep",
      "seconds" : 120
    },{
      "dateTime" : "2016-03-05T01:38:00.000",
      "level" : "restless",
      "seconds" : 60
    },{
      "dateTime" : "2016-03-05T01:39:00.000",
      "level" : "asleep",
      "seconds" : 1020
    },{
      "dateTime" : "2016-03-05T01:56:00.000",
      "level" : "restless",
      "seconds" : 180
    },{
      "dateTime" : "2016-03-05T01:59:00.000",
      "level" : "awake",
      "seconds" : 60
    },{
      "dateTime" : "2016-03-05T02:00:00.000",
      "level" : "asleep",
      "seconds" : 7320
    },{
      "dateTime" : "2016-03-05T04:02:00.000",
      "level" : "restless",
      "seconds" : 60
    },{
      "dateTime" : "2016-03-05T04:03:00.000",
      "level" : "asleep",
      "seconds" : 3540
    },{
      "dateTime" : "2016-03-05T05:02:00.000",
      "level" : "restless",
      "seconds" : 60
    },{
      "dateTime" : "2016-03-05T05:03:00.000",
      "level" : "asleep",
      "seconds" : 360
    },{
      "dateTime" : "2016-03-05T05:09:00.000",
      "level" : "restless",
      "seconds" : 60
    },{
      "dateTime" : "2016-03-05T05:10:00.000",
      "level" : "asleep",
      "seconds" : 900
    },{
      "dateTime" : "2016-03-05T05:25:00.000",
      "level" : "restless",
      "seconds" : 60
    },{
      "dateTime" : "2016-03-05T05:26:00.000",
      "level" : "asleep",
      "seconds" : 540
    },{
      "dateTime" : "2016-03-05T05:35:00.000",
      "level" : "restless",
      "seconds" : 60
    },{
      "dateTime" : "2016-03-05T05:36:00.000",
      "level" : "asleep",
      "seconds" : 1740
    },{
      "dateTime" : "2016-03-05T06:05:00.000",
      "level" : "restless",
      "seconds" : 60
    },{
      "dateTime" : "2016-03-05T06:06:00.000",
      "level" : "asleep",
      "seconds" : 2040
    },{
      "dateTime" : "2016-03-05T06:40:00.000",
      "level" : "restless",
      "seconds" : 60
    },{
      "dateTime" : "2016-03-05T06:41:00.000",
      "level" : "asleep",
      "seconds" : 1980
    },{
      "dateTime" : "2016-03-05T07:14:00.000",
      "level" : "restless",
      "seconds" : 60
    },{
      "dateTime" : "2016-03-05T07:15:00.000",
      "level" : "asleep",
      "seconds" : 120
    },{
      "dateTime" : "2016-03-05T07:17:00.000",
      "level" : "restless",
      "seconds" : 60
    },{
      "dateTime" : "2016-03-05T07:18:00.000",
      "level" : "asleep",
      "seconds" : 600
    },{
      "dateTime" : "2016-03-05T07:28:00.000",
      "level" : "restless",
      "seconds" : 60
    },{
      "dateTime" : "2016-03-05T07:29:00.000",
      "level" : "asleep",
      "seconds" : 1980
    },{
      "dateTime" : "2016-03-05T08:02:00.000",
      "level" : "restless",
      "seconds" : 60
    },{
      "dateTime" : "2016-03-05T08:03:00.000",
      "level" : "asleep",
      "seconds" : 420
    }]
  },
  "mainSleep" : true
},{
  "logId" : 11032508478,
  "dateOfSleep" : "2016-03-04",
  "startTime" : "2016-03-03T23:31:00.000",
  "endTime" : "2016-03-04T06:46:00.000",
  "duration" : 26100000,
  "minutesToFallAsleep" : 0,
  "minutesAsleep" : 418,
  "minutesAwake" : 17,
  "minutesAfterWakeup" : 0,
  "timeInBed" : 435,
  "efficiency" : 96,
  "type" : "classic",
  "infoCode" : 0,
  "logType" : "auto_detected",
  "levels" : {
    "summary" : {
      "restless" : {
        "count" : 7,
        "minutes" : 12
      },
      "awake" : {
        "count" : 1,
        "minutes" : 5
      },
      "asleep" : {
        "count" : 0,
        "minutes" : 418
      }
    },
    "data" : [{
      "dateTime" : "2016-03-03T23:31:00.000",
      "level" : "awake",
      "seconds" : 300
    },{
      "dateTime" : "2016-03-03T23:36:00.000",
      "level" : "restless",
      "seconds" : 60
    },{
      "dateTime" : "2016-03-03T23:37:00.000",
      "level" : "asleep",
      "seconds" : 1020
    },{
      "dateTime" : "2016-03-03T23:54:00.000",
      "level" : "restless",
      "seconds" : 120
    },{
      "dateTime" : "2016-03-03T23:56:00.000",
      "level" : "asleep",
      "seconds" : 60
    },{
      "dateTime" : "2016-03-03T23:57:00.000",
      "level" : "restless",
      "seconds" : 120
    },{
      "dateTime" : "2016-03-03T23:59:00.000",
      "level" : "asleep",
      "seconds" : 3780
    },{
      "dateTime" : "2016-03-04T01:02:00.000",
      "level" : "restless",
      "seconds" : 120
    },{
      "dateTime" : "2016-03-04T01:04:00.000",
      "level" : "asleep",
      "seconds" : 600
    },{
      "dateTime" : "2016-03-04T01:14:00.000",
      "level" : "restless",
      "seconds" : 60
    },{
      "dateTime" : "2016-03-04T01:15:00.000",
      "level" : "asleep",
      "seconds" : 4560
    },{
      "dateTime" : "2016-03-04T02:31:00.000",
      "level" : "restless",
      "seconds" : 180
    },{
      "dateTime" : "2016-03-04T02:34:00.000",
      "level" : "asleep",
      "seconds" : 13140
    },{
      "dateTime" : "2016-03-04T06:13:00.000",
      "level" : "restless",
      "seconds" : 60
    },{
      "dateTime" : "2016-03-04T06:14:00.000",
      "level" : "asleep",
      "seconds" : 1920
    }]
  },
  "mainSleep" : true
},{
  "logId" : 11024276098,
  "dateOfSleep" : "2016-03-03",
  "startTime" : "2016-03-02T22:59:00.000",
  "endTime" : "2016-03-03T06:48:30.000",
  "duration" : 28140000,
  "minutesToFallAsleep" : 0,
  "minutesAsleep" : 452,
  "minutesAwake" : 17,
  "minutesAfterWakeup" : 0,
  "timeInBed" : 469,
  "efficiency" : 96,
  "type" : "classic",
  "infoCode" : 0,
  "logType" : "auto_detected",
  "levels" : {
    "summary" : {
      "restless" : {
        "count" : 10,
        "minutes" : 13
      },
      "awake" : {
        "count" : 1,
        "minutes" : 4
      },
      "asleep" : {
        "count" : 0,
        "minutes" : 452
      }
    },
    "data" : [{
      "dateTime" : "2016-03-02T22:59:00.000",
      "level" : "awake",
      "seconds" : 240
    },{
      "dateTime" : "2016-03-02T23:03:00.000",
      "level" : "asleep",
      "seconds" : 1200
    },{
      "dateTime" : "2016-03-02T23:23:00.000",
      "level" : "restless",
      "seconds" : 120
    },{
      "dateTime" : "2016-03-02T23:25:00.000",
      "level" : "asleep",
      "seconds" : 120
    },{
      "dateTime" : "2016-03-02T23:27:00.000",
      "level" : "restless",
      "seconds" : 120
    },{
      "dateTime" : "2016-03-02T23:29:00.000",
      "level" : "asleep",
      "seconds" : 3240
    },{
      "dateTime" : "2016-03-03T00:23:00.000",
      "level" : "restless",
      "seconds" : 120
    },{
      "dateTime" : "2016-03-03T00:25:00.000",
      "level" : "asleep",
      "seconds" : 60
    },{
      "dateTime" : "2016-03-03T00:26:00.000",
      "level" : "restless",
      "seconds" : 60
    },{
      "dateTime" : "2016-03-03T00:27:00.000",
      "level" : "asleep",
      "seconds" : 1860
    },{
      "dateTime" : "2016-03-03T00:58:00.000",
      "level" : "restless",
      "seconds" : 60
    },{
      "dateTime" : "2016-03-03T00:59:00.000",
      "level" : "asleep",
      "seconds" : 2160
    },{
      "dateTime" : "2016-03-03T01:35:00.000",
      "level" : "restless",
      "seconds" : 60
    },{
      "dateTime" : "2016-03-03T01:36:00.000",
      "level" : "asleep",
      "seconds" : 13920
    },{
      "dateTime" : "2016-03-03T05:28:00.000",
      "level" : "restless",
      "seconds" : 60
    },{
      "dateTime" : "2016-03-03T05:29:00.000",
      "level" : "asleep",
      "seconds" : 120
    },{
      "dateTime" : "2016-03-03T05:31:00.000",
      "level" : "restless",
      "seconds" : 60
    },{
      "dateTime" : "2016-03-03T05:32:00.000",
      "level" : "asleep",
      "seconds" : 1980
    },{
      "dateTime" : "2016-03-03T06:05:00.000",
      "level" : "restless",
      "seconds" : 60
    },{
      "dateTime" : "2016-03-03T06:06:00.000",
      "level" : "asleep",
      "seconds" : 120
    },{
      "dateTime" : "2016-03-03T06:08:00.000",
      "level" : "restless",
      "seconds" : 60
    },{
      "dateTime" : "2016-03-03T06:09:00.000",
      "level" : "asleep",
      "seconds" : 2340
    }]
  },
  "mainSleep" : true
},{
  "logId" : 11015914119,
  "dateOfSleep" : "2016-03-02",
  "startTime" : "2016-03-01T23:27:00.000",
  "endTime" : "2016-03-02T06:46:00.000",
  "duration" : 26340000,
  "minutesToFallAsleep" : 0,
  "minutesAsleep" : 427,
  "minutesAwake" : 12,
  "minutesAfterWakeup" : 0,
  "timeInBed" : 439,
  "efficiency" : 97,
  "type" : "classic",
  "infoCode" : 0,
  "logType" : "auto_detected",
  "levels" : {
    "summary" : {
      "restless" : {
        "count" : 8,
        "minutes" : 10
      },
      "awake" : {
        "count" : 1,
        "minutes" : 2
      },
      "asleep" : {
        "count" : 0,
        "minutes" : 427
      }
    },
    "data" : [{
      "dateTime" : "2016-03-01T23:27:00.000",
      "level" : "awake",
      "seconds" : 120
    },{
      "dateTime" : "2016-03-01T23:29:00.000",
      "level" : "restless",
      "seconds" : 120
    },{
      "dateTime" : "2016-03-01T23:31:00.000",
      "level" : "asleep",
      "seconds" : 300
    },{
      "dateTime" : "2016-03-01T23:36:00.000",
      "level" : "restless",
      "seconds" : 60
    },{
      "dateTime" : "2016-03-01T23:37:00.000",
      "level" : "asleep",
      "seconds" : 60
    },{
      "dateTime" : "2016-03-01T23:38:00.000",
      "level" : "restless",
      "seconds" : 120
    },{
      "dateTime" : "2016-03-01T23:40:00.000",
      "level" : "asleep",
      "seconds" : 120
    },{
      "dateTime" : "2016-03-01T23:42:00.000",
      "level" : "restless",
      "seconds" : 60
    },{
      "dateTime" : "2016-03-01T23:43:00.000",
      "level" : "asleep",
      "seconds" : 120
    },{
      "dateTime" : "2016-03-01T23:45:00.000",
      "level" : "restless",
      "seconds" : 60
    },{
      "dateTime" : "2016-03-01T23:46:00.000",
      "level" : "asleep",
      "seconds" : 14880
    },{
      "dateTime" : "2016-03-02T03:54:00.000",
      "level" : "restless",
      "seconds" : 60
    },{
      "dateTime" : "2016-03-02T03:55:00.000",
      "level" : "asleep",
      "seconds" : 1980
    },{
      "dateTime" : "2016-03-02T04:28:00.000",
      "level" : "restless",
      "seconds" : 60
    },{
      "dateTime" : "2016-03-02T04:29:00.000",
      "level" : "asleep",
      "seconds" : 120
    },{
      "dateTime" : "2016-03-02T04:31:00.000",
      "level" : "restless",
      "seconds" : 60
    },{
      "dateTime" : "2016-03-02T04:32:00.000",
      "level" : "asleep",
      "seconds" : 8040
    }]
  },
  "mainSleep" : true
},{
  "logId" : 11008118163,
  "dateOfSleep" : "2016-03-01",
  "startTime" : "2016-02-29T23:31:30.000",
  "endTime" : "2016-03-01T08:31:30.000",
  "duration" : 32400000,
  "minutesToFallAsleep" : 0,
  "minutesAsleep" : 524,
  "minutesAwake" : 16,
  "minutesAfterWakeup" : 0,
  "timeInBed" : 540,
  "efficiency" : 97,
  "type" : "classic",
  "infoCode" : 0,
  "logType" : "auto_detected",
  "levels" : {
    "summary" : {
      "restless" : {
        "count" : 9,
        "minutes" : 16
      },
      "awake" : {
        "count" : 0,
        "minutes" : 0
      },
      "asleep" : {
        "count" : 0,
        "minutes" : 524
      }
    },
    "data" : [{
      "dateTime" : "2016-02-29T23:31:30.000",
      "level" : "asleep",
      "seconds" : 60
    },{
      "dateTime" : "2016-02-29T23:32:30.000",
      "level" : "restless",
      "seconds" : 300
    },{
      "dateTime" : "2016-02-29T23:37:30.000",
      "level" : "asleep",
      "seconds" : 60
    },{
      "dateTime" : "2016-02-29T23:38:30.000",
      "level" : "restless",
      "seconds" : 60
    },{
      "dateTime" : "2016-02-29T23:39:30.000",
      "level" : "asleep",
      "seconds" : 540
    },{
      "dateTime" : "2016-02-29T23:48:30.000",
      "level" : "restless",
      "seconds" : 240
    },{
      "dateTime" : "2016-02-29T23:52:30.000",
      "level" : "asleep",
      "seconds" : 1260
    },{
      "dateTime" : "2016-03-01T00:13:30.000",
      "level" : "restless",
      "seconds" : 60
    },{
      "dateTime" : "2016-03-01T00:14:30.000",
      "level" : "asleep",
      "seconds" : 480
    },{
      "dateTime" : "2016-03-01T00:22:30.000",
      "level" : "restless",
      "seconds" : 60
    },{
      "dateTime" : "2016-03-01T00:23:30.000",
      "level" : "asleep",
      "seconds" : 3660
    },{
      "dateTime" : "2016-03-01T01:24:30.000",
      "level" : "restless",
      "seconds" : 60
    },{
      "dateTime" : "2016-03-01T01:25:30.000",
      "level" : "asleep",
      "seconds" : 7320
    },{
      "dateTime" : "2016-03-01T03:27:30.000",
      "level" : "restless",
      "seconds" : 60
    },{
      "dateTime" : "2016-03-01T03:28:30.000",
      "level" : "asleep",
      "seconds" : 12900
    },{
      "dateTime" : "2016-03-01T07:03:30.000",
      "level" : "restless",
      "seconds" : 60
    },{
      "dateTime" : "2016-03-01T07:04:30.000",
      "level" : "asleep",
      "seconds" : 4500
    },{
      "dateTime" : "2016-03-01T08:19:30.000",
      "level" : "restless",
      "seconds" : 60
    },{
      "dateTime" : "2016-03-01T08:20:30.000",
      "level" : "asleep",
      "seconds" : 540
    },{
      "dateTime" : "2016-03-01T08:29:30.000",
      "level" : "restless",
      "seconds" : 60
    },{
      "dateTime" : "2016-03-01T08:30:30.000",
      "level" : "asleep",
      "seconds" : 60
    }]
  },
  "mainSleep" : true
},{
  "logId" : 10998213771,
  "dateOfSleep" : "2016-02-29",
  "startTime" : "2016-02-28T23:36:00.000",
  "endTime" : "2016-02-29T06:47:00.000",
  "duration" : 25860000,
  "minutesToFallAsleep" : 0,
  "minutesAsleep" : 417,
  "minutesAwake" : 14,
  "minutesAfterWakeup" : 0,
  "timeInBed" : 431,
  "efficiency" : 97,
  "type" : "classic",
  "infoCode" : 0,
  "logType" : "auto_detected",
  "levels" : {
    "summary" : {
      "restless" : {
        "count" : 10,
        "minutes" : 13
      },
      "awake" : {
        "count" : 1,
        "minutes" : 1
      },
      "asleep" : {
        "count" : 0,
        "minutes" : 417
      }
    },
    "data" : [{
      "dateTime" : "2016-02-28T23:36:00.000",
      "level" : "awake",
      "seconds" : 60
    },{
      "dateTime" : "2016-02-28T23:37:00.000",
      "level" : "asleep",
      "seconds" : 1200
    },{
      "dateTime" : "2016-02-28T23:57:00.000",
      "level" : "restless",
      "seconds" : 60
    },{
      "dateTime" : "2016-02-28T23:58:00.000",
      "level" : "asleep",
      "seconds" : 60
    },{
      "dateTime" : "2016-02-28T23:59:00.000",
      "level" : "restless",
      "seconds" : 120
    },{
      "dateTime" : "2016-02-29T00:01:00.000",
      "level" : "asleep",
      "seconds" : 60
    },{
      "dateTime" : "2016-02-29T00:02:00.000",
      "level" : "restless",
      "seconds" : 60
    },{
      "dateTime" : "2016-02-29T00:03:00.000",
      "level" : "asleep",
      "seconds" : 3060
    },{
      "dateTime" : "2016-02-29T00:54:00.000",
      "level" : "restless",
      "seconds" : 60
    },{
      "dateTime" : "2016-02-29T00:55:00.000",
      "level" : "asleep",
      "seconds" : 7620
    },{
      "dateTime" : "2016-02-29T03:02:00.000",
      "level" : "restless",
      "seconds" : 60
    },{
      "dateTime" : "2016-02-29T03:03:00.000",
      "level" : "asleep",
      "seconds" : 2400
    },{
      "dateTime" : "2016-02-29T03:43:00.000",
      "level" : "restless",
      "seconds" : 120
    },{
      "dateTime" : "2016-02-29T03:45:00.000",
      "level" : "asleep",
      "seconds" : 60
    },{
      "dateTime" : "2016-02-29T03:46:00.000",
      "level" : "restless",
      "seconds" : 120
    },{
      "dateTime" : "2016-02-29T03:48:00.000",
      "level" : "asleep",
      "seconds" : 2100
    },{
      "dateTime" : "2016-02-29T04:23:00.000",
      "level" : "restless",
      "seconds" : 60
    },{
      "dateTime" : "2016-02-29T04:24:00.000",
      "level" : "asleep",
      "seconds" : 1200
    },{
      "dateTime" : "2016-02-29T04:44:00.000",
      "level" : "restless",
      "seconds" : 60
    },{
      "dateTime" : "2016-02-29T04:45:00.000",
      "level" : "asleep",
      "seconds" : 120
    },{
      "dateTime" : "2016-02-29T04:47:00.000",
      "level" : "restless",
      "seconds" : 60
    },{
      "dateTime" : "2016-02-29T04:48:00.000",
      "level" : "asleep",
      "seconds" : 7140
    }]
  },
  "mainSleep" : true
},{
  "logId" : 10990923787,
  "dateOfSleep" : "2016-02-28",
  "startTime" : "2016-02-28T01:12:00.000",
  "endTime" : "2016-02-28T08:24:30.000",
  "duration" : 25920000,
  "minutesToFallAsleep" : 0,
  "minutesAsleep" : 410,
  "minutesAwake" : 19,
  "minutesAfterWakeup" : 3,
  "timeInBed" : 432,
  "efficiency" : 96,
  "type" : "classic",
  "infoCode" : 0,
  "logType" : "auto_detected",
  "levels" : {
    "summary" : {
      "restless" : {
        "count" : 9,
        "minutes" : 20
      },
      "awake" : {
        "count" : 1,
        "minutes" : 2
      },
      "asleep" : {
        "count" : 0,
        "minutes" : 410
      }
    },
    "data" : [{
      "dateTime" : "2016-02-28T01:12:00.000",
      "level" : "restless",
      "seconds" : 180
    },{
      "dateTime" : "2016-02-28T01:15:00.000",
      "level" : "awake",
      "seconds" : 120
    },{
      "dateTime" : "2016-02-28T01:17:00.000",
      "level" : "restless",
      "seconds" : 60
    },{
      "dateTime" : "2016-02-28T01:18:00.000",
      "level" : "asleep",
      "seconds" : 660
    },{
      "dateTime" : "2016-02-28T01:29:00.000",
      "level" : "restless",
      "seconds" : 480
    },{
      "dateTime" : "2016-02-28T01:37:00.000",
      "level" : "asleep",
      "seconds" : 540
    },{
      "dateTime" : "2016-02-28T01:46:00.000",
      "level" : "restless",
      "seconds" : 60
    },{
      "dateTime" : "2016-02-28T01:47:00.000",
      "level" : "asleep",
      "seconds" : 11220
    },{
      "dateTime" : "2016-02-28T04:54:00.000",
      "level" : "restless",
      "seconds" : 60
    },{
      "dateTime" : "2016-02-28T04:55:00.000",
      "level" : "asleep",
      "seconds" : 9540
    },{
      "dateTime" : "2016-02-28T07:34:00.000",
      "level" : "restless",
      "seconds" : 60
    },{
      "dateTime" : "2016-02-28T07:35:00.000",
      "level" : "asleep",
      "seconds" : 60
    },{
      "dateTime" : "2016-02-28T07:36:00.000",
      "level" : "restless",
      "seconds" : 60
    },{
      "dateTime" : "2016-02-28T07:37:00.000",
      "level" : "asleep",
      "seconds" : 300
    },{
      "dateTime" : "2016-02-28T07:42:00.000",
      "level" : "restless",
      "seconds" : 60
    },{
      "dateTime" : "2016-02-28T07:43:00.000",
      "level" : "asleep",
      "seconds" : 2280
    },{
      "dateTime" : "2016-02-28T08:21:00.000",
      "level" : "restless",
      "seconds" : 180
    }]
  },
  "mainSleep" : true
},{
  "logId" : 10983132766,
  "dateOfSleep" : "2016-02-27",
  "startTime" : "2016-02-27T00:52:00.000",
  "endTime" : "2016-02-27T07:12:30.000",
  "duration" : 22800000,
  "minutesToFallAsleep" : 0,
  "minutesAsleep" : 367,
  "minutesAwake" : 13,
  "minutesAfterWakeup" : 0,
  "timeInBed" : 380,
  "efficiency" : 97,
  "type" : "classic",
  "infoCode" : 0,
  "logType" : "auto_detected",
  "levels" : {
    "summary" : {
      "restless" : {
        "count" : 8,
        "minutes" : 13
      },
      "awake" : {
        "count" : 0,
        "minutes" : 0
      },
      "asleep" : {
        "count" : 0,
        "minutes" : 367
      }
    },
    "data" : [{
      "dateTime" : "2016-02-27T00:52:00.000",
      "level" : "asleep",
      "seconds" : 120
    },{
      "dateTime" : "2016-02-27T00:54:00.000",
      "level" : "restless",
      "seconds" : 60
    },{
      "dateTime" : "2016-02-27T00:55:00.000",
      "level" : "asleep",
      "seconds" : 720
    },{
      "dateTime" : "2016-02-27T01:07:00.000",
      "level" : "restless",
      "seconds" : 120
    },{
      "dateTime" : "2016-02-27T01:09:00.000",
      "level" : "asleep",
      "seconds" : 480
    },{
      "dateTime" : "2016-02-27T01:17:00.000",
      "level" : "restless",
      "seconds" : 120
    },{
      "dateTime" : "2016-02-27T01:19:00.000",
      "level" : "asleep",
      "seconds" : 60
    },{
      "dateTime" : "2016-02-27T01:20:00.000",
      "level" : "restless",
      "seconds" : 60
    },{
      "dateTime" : "2016-02-27T01:21:00.000",
      "level" : "asleep",
      "seconds" : 3180
    },{
      "dateTime" : "2016-02-27T02:14:00.000",
      "level" : "restless",
      "seconds" : 60
    },{
      "dateTime" : "2016-02-27T02:15:00.000",
      "level" : "asleep",
      "seconds" : 14400
    },{
      "dateTime" : "2016-02-27T06:15:00.000",
      "level" : "restless",
      "seconds" : 60
    },{
      "dateTime" : "2016-02-27T06:16:00.000",
      "level" : "asleep",
      "seconds" : 1980
    },{
      "dateTime" : "2016-02-27T06:49:00.000",
      "level" : "restless",
      "seconds" : 120
    },{
      "dateTime" : "2016-02-27T06:51:00.000",
      "level" : "asleep",
      "seconds" : 780
    },{
      "dateTime" : "2016-02-27T07:04:00.000",
      "level" : "restless",
      "seconds" : 180
    },{
      "dateTime" : "2016-02-27T07:07:00.000",
      "level" : "asleep",
      "seconds" : 300
    }]
  },
  "mainSleep" : true
},{
  "logId" : 10975643889,
  "dateOfSleep" : "2016-02-26",
  "startTime" : "2016-02-26T02:47:00.000",
  "endTime" : "2016-02-26T06:55:30.000",
  "duration" : 14880000,
  "minutesToFallAsleep" : 0,
  "minutesAsleep" : 240,
  "minutesAwake" : 8,
  "minutesAfterWakeup" : 0,
  "timeInBed" : 248,
  "efficiency" : 97,
  "type" : "classic",
  "infoCode" : 0,
  "logType" : "auto_detected",
  "levels" : {
    "summary" : {
      "restless" : {
        "count" : 5,
        "minutes" : 6
      },
      "awake" : {
        "count" : 1,
        "minutes" : 2
      },
      "asleep" : {
        "count" : 0,
        "minutes" : 240
      }
    },
    "data" : [{
      "dateTime" : "2016-02-26T02:47:00.000",
      "level" : "restless",
      "seconds" : 120
    },{
      "dateTime" : "2016-02-26T02:49:00.000",
      "level" : "awake",
      "seconds" : 120
    },{
      "dateTime" : "2016-02-26T02:51:00.000",
      "level" : "restless",
      "seconds" : 60
    },{
      "dateTime" : "2016-02-26T02:52:00.000",
      "level" : "asleep",
      "seconds" : 1320
    },{
      "dateTime" : "2016-02-26T03:14:00.000",
      "level" : "restless",
      "seconds" : 60
    },{
      "dateTime" : "2016-02-26T03:15:00.000",
      "level" : "asleep",
      "seconds" : 2940
    },{
      "dateTime" : "2016-02-26T04:04:00.000",
      "level" : "restless",
      "seconds" : 60
    },{
      "dateTime" : "2016-02-26T04:05:00.000",
      "level" : "asleep",
      "seconds" : 120
    },{
      "dateTime" : "2016-02-26T04:07:00.000",
      "level" : "restless",
      "seconds" : 60
    },{
      "dateTime" : "2016-02-26T04:08:00.000",
      "level" : "asleep",
      "seconds" : 10020
    }]
  },
  "mainSleep" : true
},{
  "logId" : 10973616176,
  "dateOfSleep" : "2016-02-26",
  "startTime" : "2016-02-25T22:47:00.000",
  "endTime" : "2016-02-26T02:40:00.000",
  "duration" : 13980000,
  "minutesToFallAsleep" : 0,
  "minutesAsleep" : 221,
  "minutesAwake" : 7,
  "minutesAfterWakeup" : 5,
  "timeInBed" : 233,
  "efficiency" : 97,
  "type" : "classic",
  "infoCode" : 0,
  "logType" : "auto_detected",
  "levels" : {
    "summary" : {
      "restless" : {
        "count" : 4,
        "minutes" : 8
      },
      "awake" : {
        "count" : 2,
        "minutes" : 4
      },
      "asleep" : {
        "count" : 0,
        "minutes" : 221
      }
    },
    "data" : [{
      "dateTime" : "2016-02-25T22:47:00.000",
      "level" : "restless",
      "seconds" : 120
    },{
      "dateTime" : "2016-02-25T22:49:00.000",
      "level" : "awake",
      "seconds" : 120
    },{
      "dateTime" : "2016-02-25T22:51:00.000",
      "level" : "asleep",
      "seconds" : 420
    },{
      "dateTime" : "2016-02-25T22:58:00.000",
      "level" : "restless",
      "seconds" : 60
    },{
      "dateTime" : "2016-02-25T22:59:00.000",
      "level" : "asleep",
      "seconds" : 10860
    },{
      "dateTime" : "2016-02-26T02:00:00.000",
      "level" : "restless",
      "seconds" : 120
    },{
      "dateTime" : "2016-02-26T02:02:00.000",
      "level" : "asleep",
      "seconds" : 1980
    },{
      "dateTime" : "2016-02-26T02:35:00.000",
      "level" : "restless",
      "seconds" : 180
    },{
      "dateTime" : "2016-02-26T02:38:00.000",
      "level" : "awake",
      "seconds" : 120
    }]
  },
  "mainSleep" : false
},{
  "logId" : 10967741063,
  "dateOfSleep" : "2016-02-25",
  "startTime" : "2016-02-25T07:28:00.000",
  "endTime" : "2016-02-25T08:29:00.000",
  "duration" : 3660000,
  "minutesToFallAsleep" : 0,
  "minutesAsleep" : 59,
  "minutesAwake" : 2,
  "minutesAfterWakeup" : 0,
  "timeInBed" : 61,
  "efficiency" : 97,
  "type" : "classic",
  "infoCode" : 0,
  "logType" : "auto_detected",
  "levels" : {
    "summary" : {
      "restless" : {
        "count" : 1,
        "minutes" : 2
      },
      "awake" : {
        "count" : 0,
        "minutes" : 0
      },
      "asleep" : {
        "count" : 0,
        "minutes" : 59
      }
    },
    "data" : [{
      "dateTime" : "2016-02-25T07:28:00.000",
      "level" : "asleep",
      "seconds" : 2700
    },{
      "dateTime" : "2016-02-25T08:13:00.000",
      "level" : "restless",
      "seconds" : 120
    },{
      "dateTime" : "2016-02-25T08:15:00.000",
      "level" : "asleep",
      "seconds" : 840
    }]
  },
  "mainSleep" : false
},{
  "logId" : 10966517621,
  "dateOfSleep" : "2016-02-25",
  "startTime" : "2016-02-24T23:18:00.000",
  "endTime" : "2016-02-25T07:27:30.000",
  "duration" : 29340000,
  "minutesToFallAsleep" : 0,
  "minutesAsleep" : 467,
  "minutesAwake" : 22,
  "minutesAfterWakeup" : 0,
  "timeInBed" : 489,
  "efficiency" : 96,
  "type" : "classic",
  "infoCode" : 0,
  "logType" : "auto_detected",
  "levels" : {
    "summary" : {
      "restless" : {
        "count" : 11,
        "minutes" : 20
      },
      "awake" : {
        "count" : 2,
        "minutes" : 2
      },
      "asleep" : {
        "count" : 0,
        "minutes" : 467
      }
    },
    "data" : [{
      "dateTime" : "2016-02-24T23:18:00.000",
      "level" : "asleep",
      "seconds" : 420
    },{
      "dateTime" : "2016-02-24T23:25:00.000",
      "level" : "restless",
      "seconds" : 180
    },{
      "dateTime" : "2016-02-24T23:28:00.000",
      "level" : "awake",
      "seconds" : 60
    },{
      "dateTime" : "2016-02-24T23:29:00.000",
      "level" : "asleep",
      "seconds" : 600
    },{
      "dateTime" : "2016-02-24T23:39:00.000",
      "level" : "restless",
      "seconds" : 60
    },{
      "dateTime" : "2016-02-24T23:40:00.000",
      "level" : "asleep",
      "seconds" : 120
    },{
      "dateTime" : "2016-02-24T23:42:00.000",
      "level" : "restless",
      "seconds" : 60
    },{
      "dateTime" : "2016-02-24T23:43:00.000",
      "level" : "asleep",
      "seconds" : 480
    },{
      "dateTime" : "2016-02-24T23:51:00.000",
      "level" : "restless",
      "seconds" : 360
    },{
      "dateTime" : "2016-02-24T23:57:00.000",
      "level" : "asleep",
      "seconds" : 4020
    },{
      "dateTime" : "2016-02-25T01:04:00.000",
      "level" : "restless",
      "seconds" : 60
    },{
      "dateTime" : "2016-02-25T01:05:00.000",
      "level" : "asleep",
      "seconds" : 120
    },{
      "dateTime" : "2016-02-25T01:07:00.000",
      "level" : "restless",
      "seconds" : 60
    },{
      "dateTime" : "2016-02-25T01:08:00.000",
      "level" : "asleep",
      "seconds" : 2880
    },{
      "dateTime" : "2016-02-25T01:56:00.000",
      "level" : "restless",
      "seconds" : 120
    },{
      "dateTime" : "2016-02-25T01:58:00.000",
      "level" : "asleep",
      "seconds" : 2940
    },{
      "dateTime" : "2016-02-25T02:47:00.000",
      "level" : "restless",
      "seconds" : 60
    },{
      "dateTime" : "2016-02-25T02:48:00.000",
      "level" : "asleep",
      "seconds" : 360
    },{
      "dateTime" : "2016-02-25T02:54:00.000",
      "level" : "restless",
      "seconds" : 60
    },{
      "dateTime" : "2016-02-25T02:55:00.000",
      "level" : "asleep",
      "seconds" : 9720
    },{
      "dateTime" : "2016-02-25T05:37:00.000",
      "level" : "restless",
      "seconds" : 60
    },{
      "dateTime" : "2016-02-25T05:38:00.000",
      "level" : "asleep",
      "seconds" : 5040
    },{
      "dateTime" : "2016-02-25T07:02:00.000",
      "level" : "restless",
      "seconds" : 120
    },{
      "dateTime" : "2016-02-25T07:04:00.000",
      "level" : "awake",
      "seconds" : 60
    },{
      "dateTime" : "2016-02-25T07:05:00.000",
      "level" : "asleep",
      "seconds" : 1320
    }]
  },
  "mainSleep" : true
},{
  "logId" : 10960681381,
  "dateOfSleep" : "2016-02-24",
  "startTime" : "2016-02-24T17:12:00.000",
  "endTime" : "2016-02-24T18:12:30.000",
  "duration" : 3600000,
  "minutesToFallAsleep" : 0,
  "minutesAsleep" : 56,
  "minutesAwake" : 4,
  "minutesAfterWakeup" : 0,
  "timeInBed" : 60,
  "efficiency" : 93,
  "type" : "classic",
  "infoCode" : 0,
  "logType" : "auto_detected",
  "levels" : {
    "summary" : {
      "restless" : {
        "count" : 2,
        "minutes" : 4
      },
      "awake" : {
        "count" : 0,
        "minutes" : 0
      },
      "asleep" : {
        "count" : 0,
        "minutes" : 56
      }
    },
    "data" : [{
      "dateTime" : "2016-02-24T17:12:00.000",
      "level" : "restless",
      "seconds" : 180
    },{
      "dateTime" : "2016-02-24T17:15:00.000",
      "level" : "asleep",
      "seconds" : 120
    },{
      "dateTime" : "2016-02-24T17:17:00.000",
      "level" : "restless",
      "seconds" : 60
    },{
      "dateTime" : "2016-02-24T17:18:00.000",
      "level" : "asleep",
      "seconds" : 3240
    }]
  },
  "mainSleep" : false
},{
  "logId" : 10958174049,
  "dateOfSleep" : "2016-02-24",
  "startTime" : "2016-02-23T23:13:00.000",
  "endTime" : "2016-02-24T07:48:00.000",
  "duration" : 30900000,
  "minutesToFallAsleep" : 0,
  "minutesAsleep" : 480,
  "minutesAwake" : 35,
  "minutesAfterWakeup" : 0,
  "timeInBed" : 515,
  "efficiency" : 93,
  "type" : "classic",
  "infoCode" : 0,
  "logType" : "auto_detected",
  "levels" : {
    "summary" : {
      "restless" : {
        "count" : 16,
        "minutes" : 34
      },
      "awake" : {
        "count" : 1,
        "minutes" : 1
      },
      "asleep" : {
        "count" : 0,
        "minutes" : 480
      }
    },
    "data" : [{
      "dateTime" : "2016-02-23T23:13:00.000",
      "level" : "restless",
      "seconds" : 360
    },{
      "dateTime" : "2016-02-23T23:19:00.000",
      "level" : "asleep",
      "seconds" : 300
    },{
      "dateTime" : "2016-02-23T23:24:00.000",
      "level" : "restless",
      "seconds" : 60
    },{
      "dateTime" : "2016-02-23T23:25:00.000",
      "level" : "asleep",
      "seconds" : 2580
    },{
      "dateTime" : "2016-02-24T00:08:00.000",
      "level" : "restless",
      "seconds" : 180
    },{
      "dateTime" : "2016-02-24T00:11:00.000",
      "level" : "awake",
      "seconds" : 60
    },{
      "dateTime" : "2016-02-24T00:12:00.000",
      "level" : "restless",
      "seconds" : 60
    },{
      "dateTime" : "2016-02-24T00:13:00.000",
      "level" : "asleep",
      "seconds" : 6120
    },{
      "dateTime" : "2016-02-24T01:55:00.000",
      "level" : "restless",
      "seconds" : 60
    },{
      "dateTime" : "2016-02-24T01:56:00.000",
      "level" : "asleep",
      "seconds" : 4260
    },{
      "dateTime" : "2016-02-24T03:07:00.000",
      "level" : "restless",
      "seconds" : 60
    },{
      "dateTime" : "2016-02-24T03:08:00.000",
      "level" : "asleep",
      "seconds" : 120
    },{
      "dateTime" : "2016-02-24T03:10:00.000",
      "level" : "restless",
      "seconds" : 60
    },{
      "dateTime" : "2016-02-24T03:11:00.000",
      "level" : "asleep",
      "seconds" : 3780
    },{
      "dateTime" : "2016-02-24T04:14:00.000",
      "level" : "restless",
      "seconds" : 60
    },{
      "dateTime" : "2016-02-24T04:15:00.000",
      "level" : "asleep",
      "seconds" : 2460
    },{
      "dateTime" : "2016-02-24T04:56:00.000",
      "level" : "restless",
      "seconds" : 120
    },{
      "dateTime" : "2016-02-24T04:58:00.000",
      "level" : "asleep",
      "seconds" : 60
    },{
      "dateTime" : "2016-02-24T04:59:00.000",
      "level" : "restless",
      "seconds" : 60
    },{
      "dateTime" : "2016-02-24T05:00:00.000",
      "level" : "asleep",
      "seconds" : 7440
    },{
      "dateTime" : "2016-02-24T07:04:00.000",
      "level" : "restless",
      "seconds" : 60
    },{
      "dateTime" : "2016-02-24T07:05:00.000",
      "level" : "asleep",
      "seconds" : 360
    },{
      "dateTime" : "2016-02-24T07:11:00.000",
      "level" : "restless",
      "seconds" : 60
    },{
      "dateTime" : "2016-02-24T07:12:00.000",
      "level" : "asleep",
      "seconds" : 60
    },{
      "dateTime" : "2016-02-24T07:13:00.000",
      "level" : "restless",
      "seconds" : 180
    },{
      "dateTime" : "2016-02-24T07:16:00.000",
      "level" : "asleep",
      "seconds" : 360
    },{
      "dateTime" : "2016-02-24T07:22:00.000",
      "level" : "restless",
      "seconds" : 360
    },{
      "dateTime" : "2016-02-24T07:28:00.000",
      "level" : "asleep",
      "seconds" : 360
    },{
      "dateTime" : "2016-02-24T07:34:00.000",
      "level" : "restless",
      "seconds" : 240
    },{
      "dateTime" : "2016-02-24T07:38:00.000",
      "level" : "asleep",
      "seconds" : 180
    },{
      "dateTime" : "2016-02-24T07:41:00.000",
      "level" : "restless",
      "seconds" : 60
    },{
      "dateTime" : "2016-02-24T07:42:00.000",
      "level" : "asleep",
      "seconds" : 360
    }]
  },
  "mainSleep" : true
},{
  "logId" : 10949894742,
  "dateOfSleep" : "2016-02-23",
  "startTime" : "2016-02-23T01:00:00.000",
  "endTime" : "2016-02-23T08:14:30.000",
  "duration" : 26040000,
  "minutesToFallAsleep" : 0,
  "minutesAsleep" : 422,
  "minutesAwake" : 12,
  "minutesAfterWakeup" : 0,
  "timeInBed" : 434,
  "efficiency" : 97,
  "type" : "classic",
  "infoCode" : 0,
  "logType" : "auto_detected",
  "levels" : {
    "summary" : {
      "restless" : {
        "count" : 6,
        "minutes" : 12
      },
      "awake" : {
        "count" : 0,
        "minutes" : 0
      },
      "asleep" : {
        "count" : 0,
        "minutes" : 422
      }
    },
    "data" : [{
      "dateTime" : "2016-02-23T01:00:00.000",
      "level" : "asleep",
      "seconds" : 360
    },{
      "dateTime" : "2016-02-23T01:06:00.000",
      "level" : "restless",
      "seconds" : 360
    },{
      "dateTime" : "2016-02-23T01:12:00.000",
      "level" : "asleep",
      "seconds" : 2760
    },{
      "dateTime" : "2016-02-23T01:58:00.000",
      "level" : "restless",
      "seconds" : 60
    },{
      "dateTime" : "2016-02-23T01:59:00.000",
      "level" : "asleep",
      "seconds" : 5400
    },{
      "dateTime" : "2016-02-23T03:29:00.000",
      "level" : "restless",
      "seconds" : 60
    },{
      "dateTime" : "2016-02-23T03:30:00.000",
      "level" : "asleep",
      "seconds" : 12780
    },{
      "dateTime" : "2016-02-23T07:03:00.000",
      "level" : "restless",
      "seconds" : 120
    },{
      "dateTime" : "2016-02-23T07:05:00.000",
      "level" : "asleep",
      "seconds" : 1140
    },{
      "dateTime" : "2016-02-23T07:24:00.000",
      "level" : "restless",
      "seconds" : 60
    },{
      "dateTime" : "2016-02-23T07:25:00.000",
      "level" : "asleep",
      "seconds" : 2340
    },{
      "dateTime" : "2016-02-23T08:04:00.000",
      "level" : "restless",
      "seconds" : 60
    },{
      "dateTime" : "2016-02-23T08:05:00.000",
      "level" : "asleep",
      "seconds" : 540
    }]
  },
  "mainSleep" : true
},{
  "logId" : 10941572382,
  "dateOfSleep" : "2016-02-22",
  "startTime" : "2016-02-22T07:02:00.000",
  "endTime" : "2016-02-22T08:11:30.000",
  "duration" : 4140000,
  "minutesToFallAsleep" : 0,
  "minutesAsleep" : 61,
  "minutesAwake" : 8,
  "minutesAfterWakeup" : 0,
  "timeInBed" : 69,
  "efficiency" : 88,
  "type" : "classic",
  "infoCode" : 0,
  "logType" : "auto_detected",
  "levels" : {
    "summary" : {
      "restless" : {
        "count" : 3,
        "minutes" : 8
      },
      "awake" : {
        "count" : 0,
        "minutes" : 0
      },
      "asleep" : {
        "count" : 0,
        "minutes" : 61
      }
    },
    "data" : [{
      "dateTime" : "2016-02-22T07:02:00.000",
      "level" : "restless",
      "seconds" : 60
    },{
      "dateTime" : "2016-02-22T07:03:00.000",
      "level" : "asleep",
      "seconds" : 60
    },{
      "dateTime" : "2016-02-22T07:04:00.000",
      "level" : "restless",
      "seconds" : 60
    },{
      "dateTime" : "2016-02-22T07:05:00.000",
      "level" : "asleep",
      "seconds" : 3360
    },{
      "dateTime" : "2016-02-22T08:01:00.000",
      "level" : "restless",
      "seconds" : 360
    },{
      "dateTime" : "2016-02-22T08:07:00.000",
      "level" : "asleep",
      "seconds" : 240
    }]
  },
  "mainSleep" : false
},{
  "logId" : 10940940170,
  "dateOfSleep" : "2016-02-22",
  "startTime" : "2016-02-21T23:57:00.000",
  "endTime" : "2016-02-22T07:01:30.000",
  "duration" : 25440000,
  "minutesToFallAsleep" : 0,
  "minutesAsleep" : 414,
  "minutesAwake" : 10,
  "minutesAfterWakeup" : 0,
  "timeInBed" : 424,
  "efficiency" : 98,
  "type" : "classic",
  "infoCode" : 0,
  "logType" : "auto_detected",
  "levels" : {
    "summary" : {
      "restless" : {
        "count" : 7,
        "minutes" : 9
      },
      "awake" : {
        "count" : 1,
        "minutes" : 1
      },
      "asleep" : {
        "count" : 0,
        "minutes" : 414
      }
    },
    "data" : [{
      "dateTime" : "2016-02-21T23:57:00.000",
      "level" : "restless",
      "seconds" : 120
    },{
      "dateTime" : "2016-02-21T23:59:00.000",
      "level" : "awake",
      "seconds" : 60
    },{
      "dateTime" : "2016-02-22T00:00:00.000",
      "level" : "asleep",
      "seconds" : 2520
    },{
      "dateTime" : "2016-02-22T00:42:00.000",
      "level" : "restless",
      "seconds" : 120
    },{
      "dateTime" : "2016-02-22T00:44:00.000",
      "level" : "asleep",
      "seconds" : 60
    },{
      "dateTime" : "2016-02-22T00:45:00.000",
      "level" : "restless",
      "seconds" : 60
    },{
      "dateTime" : "2016-02-22T00:46:00.000",
      "level" : "asleep",
      "seconds" : 4980
    },{
      "dateTime" : "2016-02-22T02:09:00.000",
      "level" : "restless",
      "seconds" : 60
    },{
      "dateTime" : "2016-02-22T02:10:00.000",
      "level" : "asleep",
      "seconds" : 120
    },{
      "dateTime" : "2016-02-22T02:12:00.000",
      "level" : "restless",
      "seconds" : 60
    },{
      "dateTime" : "2016-02-22T02:13:00.000",
      "level" : "asleep",
      "seconds" : 7860
    },{
      "dateTime" : "2016-02-22T04:24:00.000",
      "level" : "restless",
      "seconds" : 60
    },{
      "dateTime" : "2016-02-22T04:25:00.000",
      "level" : "asleep",
      "seconds" : 4020
    },{
      "dateTime" : "2016-02-22T05:32:00.000",
      "level" : "restless",
      "seconds" : 60
    },{
      "dateTime" : "2016-02-22T05:33:00.000",
      "level" : "asleep",
      "seconds" : 5280
    }]
  },
  "mainSleep" : true
},{
  "logId" : 10933986615,
  "dateOfSleep" : "2016-02-21",
  "startTime" : "2016-02-20T23:34:00.000",
  "endTime" : "2016-02-21T09:11:00.000",
  "duration" : 34620000,
  "minutesToFallAsleep" : 0,
  "minutesAsleep" : 550,
  "minutesAwake" : 21,
  "minutesAfterWakeup" : 6,
  "timeInBed" : 577,
  "efficiency" : 96,
  "type" : "classic",
  "infoCode" : 0,
  "logType" : "auto_detected",
  "levels" : {
    "summary" : {
      "restless" : {
        "count" : 12,
        "minutes" : 24
      },
      "awake" : {
        "count" : 1,
        "minutes" : 3
      },
      "asleep" : {
        "count" : 0,
        "minutes" : 550
      }
    },
    "data" : [{
      "dateTime" : "2016-02-20T23:34:00.000",
      "level" : "awake",
      "seconds" : 180
    },{
      "dateTime" : "2016-02-20T23:37:00.000",
      "level" : "restless",
      "seconds" : 60
    },{
      "dateTime" : "2016-02-20T23:38:00.000",
      "level" : "asleep",
      "seconds" : 600
    },{
      "dateTime" : "2016-02-20T23:48:00.000",
      "level" : "restless",
      "seconds" : 60
    },{
      "dateTime" : "2016-02-20T23:49:00.000",
      "level" : "asleep",
      "seconds" : 420
    },{
      "dateTime" : "2016-02-20T23:56:00.000",
      "level" : "restless",
      "seconds" : 60
    },{
      "dateTime" : "2016-02-20T23:57:00.000",
      "level" : "asleep",
      "seconds" : 1560
    },{
      "dateTime" : "2016-02-21T00:23:00.000",
      "level" : "restless",
      "seconds" : 60
    },{
      "dateTime" : "2016-02-21T00:24:00.000",
      "level" : "asleep",
      "seconds" : 13080
    },{
      "dateTime" : "2016-02-21T04:02:00.000",
      "level" : "restless",
      "seconds" : 60
    },{
      "dateTime" : "2016-02-21T04:03:00.000",
      "level" : "asleep",
      "seconds" : 11520
    },{
      "dateTime" : "2016-02-21T07:15:00.000",
      "level" : "restless",
      "seconds" : 60
    },{
      "dateTime" : "2016-02-21T07:16:00.000",
      "level" : "asleep",
      "seconds" : 1500
    },{
      "dateTime" : "2016-02-21T07:41:00.000",
      "level" : "restless",
      "seconds" : 60
    },{
      "dateTime" : "2016-02-21T07:42:00.000",
      "level" : "asleep",
      "seconds" : 1860
    },{
      "dateTime" : "2016-02-21T08:13:00.000",
      "level" : "restless",
      "seconds" : 240
    },{
      "dateTime" : "2016-02-21T08:17:00.000",
      "level" : "asleep",
      "seconds" : 240
    },{
      "dateTime" : "2016-02-21T08:21:00.000",
      "level" : "restless",
      "seconds" : 120
    },{
      "dateTime" : "2016-02-21T08:23:00.000",
      "level" : "asleep",
      "seconds" : 60
    },{
      "dateTime" : "2016-02-21T08:24:00.000",
      "level" : "restless",
      "seconds" : 120
    },{
      "dateTime" : "2016-02-21T08:26:00.000",
      "level" : "asleep",
      "seconds" : 1140
    },{
      "dateTime" : "2016-02-21T08:45:00.000",
      "level" : "restless",
      "seconds" : 180
    },{
      "dateTime" : "2016-02-21T08:48:00.000",
      "level" : "asleep",
      "seconds" : 1020
    },{
      "dateTime" : "2016-02-21T09:05:00.000",
      "level" : "restless",
      "seconds" : 360
    }]
  },
  "mainSleep" : true
},{
  "logId" : 10924199098,
  "dateOfSleep" : "2016-02-20",
  "startTime" : "2016-02-20T00:25:30.000",
  "endTime" : "2016-02-20T02:45:00.000",
  "duration" : 8340000,
  "minutesToFallAsleep" : 0,
  "minutesAsleep" : 132,
  "minutesAwake" : 7,
  "minutesAfterWakeup" : 0,
  "timeInBed" : 139,
  "efficiency" : 95,
  "type" : "classic",
  "infoCode" : 0,
  "logType" : "auto_detected",
  "levels" : {
    "summary" : {
      "restless" : {
        "count" : 3,
        "minutes" : 5
      },
      "awake" : {
        "count" : 1,
        "minutes" : 2
      },
      "asleep" : {
        "count" : 0,
        "minutes" : 132
      }
    },
    "data" : [{
      "dateTime" : "2016-02-20T00:25:30.000",
      "level" : "asleep",
      "seconds" : 480
    },{
      "dateTime" : "2016-02-20T00:33:30.000",
      "level" : "restless",
      "seconds" : 120
    },{
      "dateTime" : "2016-02-20T00:35:30.000",
      "level" : "awake",
      "seconds" : 120
    },{
      "dateTime" : "2016-02-20T00:37:30.000",
      "level" : "restless",
      "seconds" : 120
    },{
      "dateTime" : "2016-02-20T00:39:30.000",
      "level" : "asleep",
      "seconds" : 1740
    },{
      "dateTime" : "2016-02-20T01:08:30.000",
      "level" : "restless",
      "seconds" : 60
    },{
      "dateTime" : "2016-02-20T01:09:30.000",
      "level" : "asleep",
      "seconds" : 5700
    }]
  },
  "mainSleep" : true
},{
  "logId" : 10916686555,
  "dateOfSleep" : "2016-02-19",
  "startTime" : "2016-02-18T23:03:00.000",
  "endTime" : "2016-02-19T07:01:30.000",
  "duration" : 28680000,
  "minutesToFallAsleep" : 0,
  "minutesAsleep" : 461,
  "minutesAwake" : 14,
  "minutesAfterWakeup" : 3,
  "timeInBed" : 478,
  "efficiency" : 97,
  "type" : "classic",
  "infoCode" : 0,
  "logType" : "auto_detected",
  "levels" : {
    "summary" : {
      "restless" : {
        "count" : 10,
        "minutes" : 13
      },
      "awake" : {
        "count" : 2,
        "minutes" : 4
      },
      "asleep" : {
        "count" : 0,
        "minutes" : 461
      }
    },
    "data" : [{
      "dateTime" : "2016-02-18T23:03:00.000",
      "level" : "asleep",
      "seconds" : 240
    },{
      "dateTime" : "2016-02-18T23:07:00.000",
      "level" : "restless",
      "seconds" : 60
    },{
      "dateTime" : "2016-02-18T23:08:00.000",
      "level" : "asleep",
      "seconds" : 8160
    },{
      "dateTime" : "2016-02-19T01:24:00.000",
      "level" : "restless",
      "seconds" : 180
    },{
      "dateTime" : "2016-02-19T01:27:00.000",
      "level" : "awake",
      "seconds" : 180
    },{
      "dateTime" : "2016-02-19T01:30:00.000",
      "level" : "asleep",
      "seconds" : 900
    },{
      "dateTime" : "2016-02-19T01:45:00.000",
      "level" : "restless",
      "seconds" : 60
    },{
      "dateTime" : "2016-02-19T01:46:00.000",
      "level" : "asleep",
      "seconds" : 120
    },{
      "dateTime" : "2016-02-19T01:48:00.000",
      "level" : "restless",
      "seconds" : 60
    },{
      "dateTime" : "2016-02-19T01:49:00.000",
      "level" : "asleep",
      "seconds" : 1200
    },{
      "dateTime" : "2016-02-19T02:09:00.000",
      "level" : "restless",
      "seconds" : 60
    },{
      "dateTime" : "2016-02-19T02:10:00.000",
      "level" : "asleep",
      "seconds" : 4320
    },{
      "dateTime" : "2016-02-19T03:22:00.000",
      "level" : "restless",
      "seconds" : 60
    },{
      "dateTime" : "2016-02-19T03:23:00.000",
      "level" : "asleep",
      "seconds" : 5340
    },{
      "dateTime" : "2016-02-19T04:52:00.000",
      "level" : "restless",
      "seconds" : 60
    },{
      "dateTime" : "2016-02-19T04:53:00.000",
      "level" : "asleep",
      "seconds" : 120
    },{
      "dateTime" : "2016-02-19T04:55:00.000",
      "level" : "restless",
      "seconds" : 60
    },{
      "dateTime" : "2016-02-19T04:56:00.000",
      "level" : "asleep",
      "seconds" : 6780
    },{
      "dateTime" : "2016-02-19T06:49:00.000",
      "level" : "restless",
      "seconds" : 60
    },{
      "dateTime" : "2016-02-19T06:50:00.000",
      "level" : "asleep",
      "seconds" : 480
    },{
      "dateTime" : "2016-02-19T06:58:00.000",
      "level" : "restless",
      "seconds" : 120
    },{
      "dateTime" : "2016-02-19T07:00:00.000",
      "level" : "awake",
      "seconds" : 60
    }]
  },
  "mainSleep" : true
},{
  "logId" : 10908285253,
  "dateOfSleep" : "2016-02-18",
  "startTime" : "2016-02-17T22:45:00.000",
  "endTime" : "2016-02-18T06:50:00.000",
  "duration" : 29100000,
  "minutesToFallAsleep" : 0,
  "minutesAsleep" : 456,
  "minutesAwake" : 28,
  "minutesAfterWakeup" : 1,
  "timeInBed" : 485,
  "efficiency" : 94,
  "type" : "classic",
  "infoCode" : 0,
  "logType" : "auto_detected",
  "levels" : {
    "summary" : {
      "restless" : {
        "count" : 12,
        "minutes" : 22
      },
      "awake" : {
        "count" : 3,
        "minutes" : 7
      },
      "asleep" : {
        "count" : 0,
        "minutes" : 456
      }
    },
    "data" : [{
      "dateTime" : "2016-02-17T22:45:00.000",
      "level" : "awake",
      "seconds" : 300
    },{
      "dateTime" : "2016-02-17T22:50:00.000",
      "level" : "restless",
      "seconds" : 60
    },{
      "dateTime" : "2016-02-17T22:51:00.000",
      "level" : "asleep",
      "seconds" : 240
    },{
      "dateTime" : "2016-02-17T22:55:00.000",
      "level" : "restless",
      "seconds" : 60
    },{
      "dateTime" : "2016-02-17T22:56:00.000",
      "level" : "asleep",
      "seconds" : 60
    },{
      "dateTime" : "2016-02-17T22:57:00.000",
      "level" : "restless",
      "seconds" : 60
    },{
      "dateTime" : "2016-02-17T22:58:00.000",
      "level" : "asleep",
      "seconds" : 660
    },{
      "dateTime" : "2016-02-17T23:09:00.000",
      "level" : "restless",
      "seconds" : 360
    },{
      "dateTime" : "2016-02-17T23:15:00.000",
      "level" : "asleep",
      "seconds" : 60
    },{
      "dateTime" : "2016-02-17T23:16:00.000",
      "level" : "restless",
      "seconds" : 180
    },{
      "dateTime" : "2016-02-17T23:19:00.000",
      "level" : "awake",
      "seconds" : 60
    },{
      "dateTime" : "2016-02-17T23:20:00.000",
      "level" : "restless",
      "seconds" : 120
    },{
      "dateTime" : "2016-02-17T23:22:00.000",
      "level" : "asleep",
      "seconds" : 180
    },{
      "dateTime" : "2016-02-17T23:25:00.000",
      "level" : "restless",
      "seconds" : 180
    },{
      "dateTime" : "2016-02-17T23:28:00.000",
      "level" : "awake",
      "seconds" : 60
    },{
      "dateTime" : "2016-02-17T23:29:00.000",
      "level" : "restless",
      "seconds" : 60
    },{
      "dateTime" : "2016-02-17T23:30:00.000",
      "level" : "asleep",
      "seconds" : 6960
    },{
      "dateTime" : "2016-02-18T01:26:00.000",
      "level" : "restless",
      "seconds" : 60
    },{
      "dateTime" : "2016-02-18T01:27:00.000",
      "level" : "asleep",
      "seconds" : 5760
    },{
      "dateTime" : "2016-02-18T03:03:00.000",
      "level" : "restless",
      "seconds" : 60
    },{
      "dateTime" : "2016-02-18T03:04:00.000",
      "level" : "asleep",
      "seconds" : 120
    },{
      "dateTime" : "2016-02-18T03:06:00.000",
      "level" : "restless",
      "seconds" : 60
    },{
      "dateTime" : "2016-02-18T03:07:00.000",
      "level" : "asleep",
      "seconds" : 13320
    },{
      "dateTime" : "2016-02-18T06:49:00.000",
      "level" : "restless",
      "seconds" : 60
    }]
  },
  "mainSleep" : true
},{
  "logId" : 10900451298,
  "dateOfSleep" : "2016-02-17",
  "startTime" : "2016-02-16T22:36:00.000",
  "endTime" : "2016-02-17T06:58:00.000",
  "duration" : 30120000,
  "minutesToFallAsleep" : 0,
  "minutesAsleep" : 487,
  "minutesAwake" : 15,
  "minutesAfterWakeup" : 0,
  "timeInBed" : 502,
  "efficiency" : 97,
  "type" : "classic",
  "infoCode" : 0,
  "logType" : "auto_detected",
  "levels" : {
    "summary" : {
      "restless" : {
        "count" : 9,
        "minutes" : 14
      },
      "awake" : {
        "count" : 1,
        "minutes" : 1
      },
      "asleep" : {
        "count" : 0,
        "minutes" : 487
      }
    },
    "data" : [{
      "dateTime" : "2016-02-16T22:36:00.000",
      "level" : "restless",
      "seconds" : 60
    },{
      "dateTime" : "2016-02-16T22:37:00.000",
      "level" : "awake",
      "seconds" : 60
    },{
      "dateTime" : "2016-02-16T22:38:00.000",
      "level" : "restless",
      "seconds" : 60
    },{
      "dateTime" : "2016-02-16T22:39:00.000",
      "level" : "asleep",
      "seconds" : 7200
    },{
      "dateTime" : "2016-02-17T00:39:00.000",
      "level" : "restless",
      "seconds" : 120
    },{
      "dateTime" : "2016-02-17T00:41:00.000",
      "level" : "asleep",
      "seconds" : 120
    },{
      "dateTime" : "2016-02-17T00:43:00.000",
      "level" : "restless",
      "seconds" : 60
    },{
      "dateTime" : "2016-02-17T00:44:00.000",
      "level" : "asleep",
      "seconds" : 10440
    },{
      "dateTime" : "2016-02-17T03:38:00.000",
      "level" : "restless",
      "seconds" : 60
    },{
      "dateTime" : "2016-02-17T03:39:00.000",
      "level" : "asleep",
      "seconds" : 1980
    },{
      "dateTime" : "2016-02-17T04:12:00.000",
      "level" : "restless",
      "seconds" : 60
    },{
      "dateTime" : "2016-02-17T04:13:00.000",
      "level" : "asleep",
      "seconds" : 5340
    },{
      "dateTime" : "2016-02-17T05:42:00.000",
      "level" : "restless",
      "seconds" : 60
    },{
      "dateTime" : "2016-02-17T05:43:00.000",
      "level" : "asleep",
      "seconds" : 3060
    },{
      "dateTime" : "2016-02-17T06:34:00.000",
      "level" : "restless",
      "seconds" : 60
    },{
      "dateTime" : "2016-02-17T06:35:00.000",
      "level" : "asleep",
      "seconds" : 720
    },{
      "dateTime" : "2016-02-17T06:47:00.000",
      "level" : "restless",
      "seconds" : 300
    },{
      "dateTime" : "2016-02-17T06:52:00.000",
      "level" : "asleep",
      "seconds" : 360
    }]
  },
  "mainSleep" : true
},{
  "logId" : 10891437344,
  "dateOfSleep" : "2016-02-16",
  "startTime" : "2016-02-15T22:58:00.000",
  "endTime" : "2016-02-16T07:00:00.000",
  "duration" : 28920000,
  "minutesToFallAsleep" : 0,
  "minutesAsleep" : 465,
  "minutesAwake" : 17,
  "minutesAfterWakeup" : 0,
  "timeInBed" : 482,
  "efficiency" : 96,
  "type" : "classic",
  "infoCode" : 0,
  "logType" : "auto_detected",
  "levels" : {
    "summary" : {
      "restless" : {
        "count" : 6,
        "minutes" : 17
      },
      "awake" : {
        "count" : 0,
        "minutes" : 0
      },
      "asleep" : {
        "count" : 0,
        "minutes" : 465
      }
    },
    "data" : [{
      "dateTime" : "2016-02-15T22:58:00.000",
      "level" : "asleep",
      "seconds" : 120
    },{
      "dateTime" : "2016-02-15T23:00:00.000",
      "level" : "restless",
      "seconds" : 180
    },{
      "dateTime" : "2016-02-15T23:03:00.000",
      "level" : "asleep",
      "seconds" : 2160
    },{
      "dateTime" : "2016-02-15T23:39:00.000",
      "level" : "restless",
      "seconds" : 60
    },{
      "dateTime" : "2016-02-15T23:40:00.000",
      "level" : "asleep",
      "seconds" : 4980
    },{
      "dateTime" : "2016-02-16T01:03:00.000",
      "level" : "restless",
      "seconds" : 60
    },{
      "dateTime" : "2016-02-16T01:04:00.000",
      "level" : "asleep",
      "seconds" : 1620
    },{
      "dateTime" : "2016-02-16T01:31:00.000",
      "level" : "restless",
      "seconds" : 240
    },{
      "dateTime" : "2016-02-16T01:35:00.000",
      "level" : "asleep",
      "seconds" : 4980
    },{
      "dateTime" : "2016-02-16T02:58:00.000",
      "level" : "restless",
      "seconds" : 60
    },{
      "dateTime" : "2016-02-16T02:59:00.000",
      "level" : "asleep",
      "seconds" : 13500
    },{
      "dateTime" : "2016-02-16T06:44:00.000",
      "level" : "restless",
      "seconds" : 420
    },{
      "dateTime" : "2016-02-16T06:51:00.000",
      "level" : "asleep",
      "seconds" : 540
    }]
  },
  "mainSleep" : true
},{
  "logId" : 10882805176,
  "dateOfSleep" : "2016-02-15",
  "startTime" : "2016-02-14T23:35:00.000",
  "endTime" : "2016-02-15T06:59:00.000",
  "duration" : 26640000,
  "minutesToFallAsleep" : 0,
  "minutesAsleep" : 425,
  "minutesAwake" : 19,
  "minutesAfterWakeup" : 0,
  "timeInBed" : 444,
  "efficiency" : 96,
  "type" : "classic",
  "infoCode" : 0,
  "logType" : "auto_detected",
  "levels" : {
    "summary" : {
      "restless" : {
        "count" : 6,
        "minutes" : 13
      },
      "awake" : {
        "count" : 2,
        "minutes" : 6
      },
      "asleep" : {
        "count" : 0,
        "minutes" : 425
      }
    },
    "data" : [{
      "dateTime" : "2016-02-14T23:35:00.000",
      "level" : "awake",
      "seconds" : 300
    },{
      "dateTime" : "2016-02-14T23:40:00.000",
      "level" : "asleep",
      "seconds" : 900
    },{
      "dateTime" : "2016-02-14T23:55:00.000",
      "level" : "restless",
      "seconds" : 360
    },{
      "dateTime" : "2016-02-15T00:01:00.000",
      "level" : "asleep",
      "seconds" : 300
    },{
      "dateTime" : "2016-02-15T00:06:00.000",
      "level" : "restless",
      "seconds" : 60
    },{
      "dateTime" : "2016-02-15T00:07:00.000",
      "level" : "awake",
      "seconds" : 60
    },{
      "dateTime" : "2016-02-15T00:08:00.000",
      "level" : "restless",
      "seconds" : 60
    },{
      "dateTime" : "2016-02-15T00:09:00.000",
      "level" : "asleep",
      "seconds" : 660
    },{
      "dateTime" : "2016-02-15T00:20:00.000",
      "level" : "restless",
      "seconds" : 180
    },{
      "dateTime" : "2016-02-15T00:23:00.000",
      "level" : "asleep",
      "seconds" : 7140
    },{
      "dateTime" : "2016-02-15T02:22:00.000",
      "level" : "restless",
      "seconds" : 60
    },{
      "dateTime" : "2016-02-15T02:23:00.000",
      "level" : "asleep",
      "seconds" : 15960
    },{
      "dateTime" : "2016-02-15T06:49:00.000",
      "level" : "restless",
      "seconds" : 60
    },{
      "dateTime" : "2016-02-15T06:50:00.000",
      "level" : "asleep",
      "seconds" : 540
    }]
  },
  "mainSleep" : true
},{
  "logId" : 10875816766,
  "dateOfSleep" : "2016-02-14",
  "startTime" : "2016-02-14T00:01:00.000",
  "endTime" : "2016-02-14T08:56:30.000",
  "duration" : 32100000,
  "minutesToFallAsleep" : 0,
  "minutesAsleep" : 517,
  "minutesAwake" : 18,
  "minutesAfterWakeup" : 0,
  "timeInBed" : 535,
  "efficiency" : 97,
  "type" : "classic",
  "infoCode" : 0,
  "logType" : "auto_detected",
  "levels" : {
    "summary" : {
      "restless" : {
        "count" : 10,
        "minutes" : 13
      },
      "awake" : {
        "count" : 1,
        "minutes" : 5
      },
      "asleep" : {
        "count" : 0,
        "minutes" : 517
      }
    },
    "data" : [{
      "dateTime" : "2016-02-14T00:01:00.000",
      "level" : "awake",
      "seconds" : 300
    },{
      "dateTime" : "2016-02-14T00:06:00.000",
      "level" : "restless",
      "seconds" : 60
    },{
      "dateTime" : "2016-02-14T00:07:00.000",
      "level" : "asleep",
      "seconds" : 7980
    },{
      "dateTime" : "2016-02-14T02:20:00.000",
      "level" : "restless",
      "seconds" : 60
    },{
      "dateTime" : "2016-02-14T02:21:00.000",
      "level" : "asleep",
      "seconds" : 120
    },{
      "dateTime" : "2016-02-14T02:23:00.000",
      "level" : "restless",
      "seconds" : 60
    },{
      "dateTime" : "2016-02-14T02:24:00.000",
      "level" : "asleep",
      "seconds" : 1980
    },{
      "dateTime" : "2016-02-14T02:57:00.000",
      "level" : "restless",
      "seconds" : 60
    },{
      "dateTime" : "2016-02-14T02:58:00.000",
      "level" : "asleep",
      "seconds" : 2220
    },{
      "dateTime" : "2016-02-14T03:35:00.000",
      "level" : "restless",
      "seconds" : 60
    },{
      "dateTime" : "2016-02-14T03:36:00.000",
      "level" : "asleep",
      "seconds" : 12000
    },{
      "dateTime" : "2016-02-14T06:56:00.000",
      "level" : "restless",
      "seconds" : 60
    },{
      "dateTime" : "2016-02-14T06:57:00.000",
      "level" : "asleep",
      "seconds" : 240
    },{
      "dateTime" : "2016-02-14T07:01:00.000",
      "level" : "restless",
      "seconds" : 120
    },{
      "dateTime" : "2016-02-14T07:03:00.000",
      "level" : "asleep",
      "seconds" : 60
    },{
      "dateTime" : "2016-02-14T07:04:00.000",
      "level" : "restless",
      "seconds" : 120
    },{
      "dateTime" : "2016-02-14T07:06:00.000",
      "level" : "asleep",
      "seconds" : 3480
    },{
      "dateTime" : "2016-02-14T08:04:00.000",
      "level" : "restless",
      "seconds" : 60
    },{
      "dateTime" : "2016-02-14T08:05:00.000",
      "level" : "asleep",
      "seconds" : 2700
    },{
      "dateTime" : "2016-02-14T08:50:00.000",
      "level" : "restless",
      "seconds" : 120
    },{
      "dateTime" : "2016-02-14T08:52:00.000",
      "level" : "asleep",
      "seconds" : 240
    }]
  },
  "mainSleep" : true
},{
  "logId" : 10867728340,
  "dateOfSleep" : "2016-02-13",
  "startTime" : "2016-02-13T00:23:00.000",
  "endTime" : "2016-02-13T07:15:30.000",
  "duration" : 24720000,
  "minutesToFallAsleep" : 0,
  "minutesAsleep" : 396,
  "minutesAwake" : 13,
  "minutesAfterWakeup" : 3,
  "timeInBed" : 412,
  "efficiency" : 97,
  "type" : "classic",
  "infoCode" : 0,
  "logType" : "auto_detected",
  "levels" : {
    "summary" : {
      "restless" : {
        "count" : 7,
        "minutes" : 12
      },
      "awake" : {
        "count" : 1,
        "minutes" : 4
      },
      "asleep" : {
        "count" : 0,
        "minutes" : 396
      }
    },
    "data" : [{
      "dateTime" : "2016-02-13T00:23:00.000",
      "level" : "asleep",
      "seconds" : 180
    },{
      "dateTime" : "2016-02-13T00:26:00.000",
      "level" : "restless",
      "seconds" : 120
    },{
      "dateTime" : "2016-02-13T00:28:00.000",
      "level" : "awake",
      "seconds" : 240
    },{
      "dateTime" : "2016-02-13T00:32:00.000",
      "level" : "restless",
      "seconds" : 120
    },{
      "dateTime" : "2016-02-13T00:34:00.000",
      "level" : "asleep",
      "seconds" : 8580
    },{
      "dateTime" : "2016-02-13T02:57:00.000",
      "level" : "restless",
      "seconds" : 60
    },{
      "dateTime" : "2016-02-13T02:58:00.000",
      "level" : "asleep",
      "seconds" : 5700
    },{
      "dateTime" : "2016-02-13T04:33:00.000",
      "level" : "restless",
      "seconds" : 60
    },{
      "dateTime" : "2016-02-13T04:34:00.000",
      "level" : "asleep",
      "seconds" : 9000
    },{
      "dateTime" : "2016-02-13T07:04:00.000",
      "level" : "restless",
      "seconds" : 60
    },{
      "dateTime" : "2016-02-13T07:05:00.000",
      "level" : "asleep",
      "seconds" : 240
    },{
      "dateTime" : "2016-02-13T07:09:00.000",
      "level" : "restless",
      "seconds" : 120
    },{
      "dateTime" : "2016-02-13T07:11:00.000",
      "level" : "asleep",
      "seconds" : 60
    },{
      "dateTime" : "2016-02-13T07:12:00.000",
      "level" : "restless",
      "seconds" : 180
    }]
  },
  "mainSleep" : true
},{
  "logId" : 10858987831,
  "dateOfSleep" : "2016-02-12",
  "startTime" : "2016-02-12T03:36:00.000",
  "endTime" : "2016-02-12T05:56:30.000",
  "duration" : 8400000,
  "minutesToFallAsleep" : 0,
  "minutesAsleep" : 133,
  "minutesAwake" : 7,
  "minutesAfterWakeup" : 0,
  "timeInBed" : 140,
  "efficiency" : 95,
  "type" : "classic",
  "infoCode" : 0,
  "logType" : "auto_detected",
  "levels" : {
    "summary" : {
      "restless" : {
        "count" : 2,
        "minutes" : 6
      },
      "awake" : {
        "count" : 1,
        "minutes" : 1
      },
      "asleep" : {
        "count" : 0,
        "minutes" : 133
      }
    },
    "data" : [{
      "dateTime" : "2016-02-12T03:36:00.000",
      "level" : "asleep",
      "seconds" : 60
    },{
      "dateTime" : "2016-02-12T03:37:00.000",
      "level" : "awake",
      "seconds" : 60
    },{
      "dateTime" : "2016-02-12T03:38:00.000",
      "level" : "asleep",
      "seconds" : 3360
    },{
      "dateTime" : "2016-02-12T04:34:00.000",
      "level" : "restless",
      "seconds" : 120
    },{
      "dateTime" : "2016-02-12T04:36:00.000",
      "level" : "asleep",
      "seconds" : 1800
    },{
      "dateTime" : "2016-02-12T05:06:00.000",
      "level" : "restless",
      "seconds" : 240
    },{
      "dateTime" : "2016-02-12T05:10:00.000",
      "level" : "asleep",
      "seconds" : 2760
    }]
  },
  "mainSleep" : false
},{
  "logId" : 10858486797,
  "dateOfSleep" : "2016-02-12",
  "startTime" : "2016-02-11T23:07:00.000",
  "endTime" : "2016-02-12T03:29:30.000",
  "duration" : 15720000,
  "minutesToFallAsleep" : 0,
  "minutesAsleep" : 237,
  "minutesAwake" : 25,
  "minutesAfterWakeup" : 0,
  "timeInBed" : 262,
  "efficiency" : 90,
  "type" : "classic",
  "infoCode" : 0,
  "logType" : "auto_detected",
  "levels" : {
    "summary" : {
      "restless" : {
        "count" : 10,
        "minutes" : 21
      },
      "awake" : {
        "count" : 2,
        "minutes" : 4
      },
      "asleep" : {
        "count" : 0,
        "minutes" : 237
      }
    },
    "data" : [{
      "dateTime" : "2016-02-11T23:07:00.000",
      "level" : "awake",
      "seconds" : 180
    },{
      "dateTime" : "2016-02-11T23:10:00.000",
      "level" : "restless",
      "seconds" : 120
    },{
      "dateTime" : "2016-02-11T23:12:00.000",
      "level" : "asleep",
      "seconds" : 660
    },{
      "dateTime" : "2016-02-11T23:23:00.000",
      "level" : "restless",
      "seconds" : 240
    },{
      "dateTime" : "2016-02-11T23:27:00.000",
      "level" : "awake",
      "seconds" : 60
    },{
      "dateTime" : "2016-02-11T23:28:00.000",
      "level" : "restless",
      "seconds" : 60
    },{
      "dateTime" : "2016-02-11T23:29:00.000",
      "level" : "asleep",
      "seconds" : 6840
    },{
      "dateTime" : "2016-02-12T01:23:00.000",
      "level" : "restless",
      "seconds" : 180
    },{
      "dateTime" : "2016-02-12T01:26:00.000",
      "level" : "asleep",
      "seconds" : 1980
    },{
      "dateTime" : "2016-02-12T01:59:00.000",
      "level" : "restless",
      "seconds" : 120
    },{
      "dateTime" : "2016-02-12T02:01:00.000",
      "level" : "asleep",
      "seconds" : 480
    },{
      "dateTime" : "2016-02-12T02:09:00.000",
      "level" : "restless",
      "seconds" : 60
    },{
      "dateTime" : "2016-02-12T02:10:00.000",
      "level" : "asleep",
      "seconds" : 1800
    },{
      "dateTime" : "2016-02-12T02:40:00.000",
      "level" : "restless",
      "seconds" : 180
    },{
      "dateTime" : "2016-02-12T02:43:00.000",
      "level" : "asleep",
      "seconds" : 120
    },{
      "dateTime" : "2016-02-12T02:45:00.000",
      "level" : "restless",
      "seconds" : 60
    },{
      "dateTime" : "2016-02-12T02:46:00.000",
      "level" : "asleep",
      "seconds" : 360
    },{
      "dateTime" : "2016-02-12T02:52:00.000",
      "level" : "restless",
      "seconds" : 120
    },{
      "dateTime" : "2016-02-12T02:54:00.000",
      "level" : "asleep",
      "seconds" : 60
    },{
      "dateTime" : "2016-02-12T02:55:00.000",
      "level" : "restless",
      "seconds" : 120
    },{
      "dateTime" : "2016-02-12T02:57:00.000",
      "level" : "asleep",
      "seconds" : 1920
    }]
  },
  "mainSleep" : true
},{
  "logId" : 10850885333,
  "dateOfSleep" : "2016-02-11",
  "startTime" : "2016-02-11T01:03:00.000",
  "endTime" : "2016-02-11T06:46:30.000",
  "duration" : 20580000,
  "minutesToFallAsleep" : 0,
  "minutesAsleep" : 338,
  "minutesAwake" : 5,
  "minutesAfterWakeup" : 0,
  "timeInBed" : 343,
  "efficiency" : 99,
  "type" : "classic",
  "infoCode" : 0,
  "logType" : "auto_detected",
  "levels" : {
    "summary" : {
      "restless" : {
        "count" : 5,
        "minutes" : 5
      },
      "awake" : {
        "count" : 0,
        "minutes" : 0
      },
      "asleep" : {
        "count" : 0,
        "minutes" : 338
      }
    },
    "data" : [{
      "dateTime" : "2016-02-11T01:03:00.000",
      "level" : "asleep",
      "seconds" : 1980
    },{
      "dateTime" : "2016-02-11T01:36:00.000",
      "level" : "restless",
      "seconds" : 60
    },{
      "dateTime" : "2016-02-11T01:37:00.000",
      "level" : "asleep",
      "seconds" : 2340
    },{
      "dateTime" : "2016-02-11T02:16:00.000",
      "level" : "restless",
      "seconds" : 60
    },{
      "dateTime" : "2016-02-11T02:17:00.000",
      "level" : "asleep",
      "seconds" : 1140
    },{
      "dateTime" : "2016-02-11T02:36:00.000",
      "level" : "restless",
      "seconds" : 60
    },{
      "dateTime" : "2016-02-11T02:37:00.000",
      "level" : "asleep",
      "seconds" : 1500
    },{
      "dateTime" : "2016-02-11T03:02:00.000",
      "level" : "restless",
      "seconds" : 60
    },{
      "dateTime" : "2016-02-11T03:03:00.000",
      "level" : "asleep",
      "seconds" : 7380
    },{
      "dateTime" : "2016-02-11T05:06:00.000",
      "level" : "restless",
      "seconds" : 60
    },{
      "dateTime" : "2016-02-11T05:07:00.000",
      "level" : "asleep",
      "seconds" : 5940
    }]
  },
  "mainSleep" : true
},{
  "logId" : 10848898370,
  "dateOfSleep" : "2016-02-11",
  "startTime" : "2016-02-10T23:25:00.000",
  "endTime" : "2016-02-11T01:02:30.000",
  "duration" : 5820000,
  "minutesToFallAsleep" : 0,
  "minutesAsleep" : 90,
  "minutesAwake" : 7,
  "minutesAfterWakeup" : 0,
  "timeInBed" : 97,
  "efficiency" : 93,
  "type" : "classic",
  "infoCode" : 0,
  "logType" : "auto_detected",
  "levels" : {
    "summary" : {
      "restless" : {
        "count" : 2,
        "minutes" : 2
      },
      "awake" : {
        "count" : 1,
        "minutes" : 5
      },
      "asleep" : {
        "count" : 0,
        "minutes" : 90
      }
    },
    "data" : [{
      "dateTime" : "2016-02-10T23:25:00.000",
      "level" : "awake",
      "seconds" : 300
    },{
      "dateTime" : "2016-02-10T23:30:00.000",
      "level" : "asleep",
      "seconds" : 840
    },{
      "dateTime" : "2016-02-10T23:44:00.000",
      "level" : "restless",
      "seconds" : 60
    },{
      "dateTime" : "2016-02-10T23:45:00.000",
      "level" : "asleep",
      "seconds" : 3480
    },{
      "dateTime" : "2016-02-11T00:43:00.000",
      "level" : "restless",
      "seconds" : 60
    },{
      "dateTime" : "2016-02-11T00:44:00.000",
      "level" : "asleep",
      "seconds" : 1080
    }]
  },
  "mainSleep" : false
},{
  "logId" : 10842606181,
  "dateOfSleep" : "2016-02-10",
  "startTime" : "2016-02-09T22:47:00.000",
  "endTime" : "2016-02-10T06:46:30.000",
  "duration" : 28740000,
  "minutesToFallAsleep" : 0,
  "minutesAsleep" : 471,
  "minutesAwake" : 8,
  "minutesAfterWakeup" : 0,
  "timeInBed" : 479,
  "efficiency" : 98,
  "type" : "classic",
  "infoCode" : 0,
  "logType" : "auto_detected",
  "levels" : {
    "summary" : {
      "restless" : {
        "count" : 8,
        "minutes" : 8
      },
      "awake" : {
        "count" : 0,
        "minutes" : 0
      },
      "asleep" : {
        "count" : 0,
        "minutes" : 471
      }
    },
    "data" : [{
      "dateTime" : "2016-02-09T22:47:00.000",
      "level" : "asleep",
      "seconds" : 2340
    },{
      "dateTime" : "2016-02-09T23:26:00.000",
      "level" : "restless",
      "seconds" : 60
    },{
      "dateTime" : "2016-02-09T23:27:00.000",
      "level" : "asleep",
      "seconds" : 60
    },{
      "dateTime" : "2016-02-09T23:28:00.000",
      "level" : "restless",
      "seconds" : 60
    },{
      "dateTime" : "2016-02-09T23:29:00.000",
      "level" : "asleep",
      "seconds" : 360
    },{
      "dateTime" : "2016-02-09T23:35:00.000",
      "level" : "restless",
      "seconds" : 60
    },{
      "dateTime" : "2016-02-09T23:36:00.000",
      "level" : "asleep",
      "seconds" : 120
    },{
      "dateTime" : "2016-02-09T23:38:00.000",
      "level" : "restless",
      "seconds" : 60
    },{
      "dateTime" : "2016-02-09T23:39:00.000",
      "level" : "asleep",
      "seconds" : 6180
    },{
      "dateTime" : "2016-02-10T01:22:00.000",
      "level" : "restless",
      "seconds" : 60
    },{
      "dateTime" : "2016-02-10T01:23:00.000",
      "level" : "asleep",
      "seconds" : 11400
    },{
      "dateTime" : "2016-02-10T04:33:00.000",
      "level" : "restless",
      "seconds" : 60
    },{
      "dateTime" : "2016-02-10T04:34:00.000",
      "level" : "asleep",
      "seconds" : 2940
    },{
      "dateTime" : "2016-02-10T05:23:00.000",
      "level" : "restless",
      "seconds" : 60
    },{
      "dateTime" : "2016-02-10T05:24:00.000",
      "level" : "asleep",
      "seconds" : 3420
    },{
      "dateTime" : "2016-02-10T06:21:00.000",
      "level" : "restless",
      "seconds" : 60
    },{
      "dateTime" : "2016-02-10T06:22:00.000",
      "level" : "asleep",
      "seconds" : 1440
    }]
  },
  "mainSleep" : true
},{
  "logId" : 10833598270,
  "dateOfSleep" : "2016-02-09",
  "startTime" : "2016-02-09T04:29:00.000",
  "endTime" : "2016-02-09T06:50:30.000",
  "duration" : 8460000,
  "minutesToFallAsleep" : 0,
  "minutesAsleep" : 138,
  "minutesAwake" : 2,
  "minutesAfterWakeup" : 1,
  "timeInBed" : 141,
  "efficiency" : 99,
  "type" : "classic",
  "infoCode" : 0,
  "logType" : "auto_detected",
  "levels" : {
    "summary" : {
      "restless" : {
        "count" : 3,
        "minutes" : 3
      },
      "awake" : {
        "count" : 0,
        "minutes" : 0
      },
      "asleep" : {
        "count" : 0,
        "minutes" : 138
      }
    },
    "data" : [{
      "dateTime" : "2016-02-09T04:29:00.000",
      "level" : "asleep",
      "seconds" : 1500
    },{
      "dateTime" : "2016-02-09T04:54:00.000",
      "level" : "restless",
      "seconds" : 60
    },{
      "dateTime" : "2016-02-09T04:55:00.000",
      "level" : "asleep",
      "seconds" : 5220
    },{
      "dateTime" : "2016-02-09T06:22:00.000",
      "level" : "restless",
      "seconds" : 60
    },{
      "dateTime" : "2016-02-09T06:23:00.000",
      "level" : "asleep",
      "seconds" : 1560
    },{
      "dateTime" : "2016-02-09T06:49:00.000",
      "level" : "restless",
      "seconds" : 60
    }]
  },
  "mainSleep" : false
},{
  "logId" : 10832920373,
  "dateOfSleep" : "2016-02-09",
  "startTime" : "2016-02-08T23:06:00.000",
  "endTime" : "2016-02-09T04:28:30.000",
  "duration" : 19320000,
  "minutesToFallAsleep" : 0,
  "minutesAsleep" : 318,
  "minutesAwake" : 4,
  "minutesAfterWakeup" : 0,
  "timeInBed" : 322,
  "efficiency" : 99,
  "type" : "classic",
  "infoCode" : 0,
  "logType" : "auto_detected",
  "levels" : {
    "summary" : {
      "restless" : {
        "count" : 4,
        "minutes" : 4
      },
      "awake" : {
        "count" : 0,
        "minutes" : 0
      },
      "asleep" : {
        "count" : 0,
        "minutes" : 318
      }
    },
    "data" : [{
      "dateTime" : "2016-02-08T23:06:00.000",
      "level" : "restless",
      "seconds" : 60
    },{
      "dateTime" : "2016-02-08T23:07:00.000",
      "level" : "asleep",
      "seconds" : 1140
    },{
      "dateTime" : "2016-02-08T23:26:00.000",
      "level" : "restless",
      "seconds" : 60
    },{
      "dateTime" : "2016-02-08T23:27:00.000",
      "level" : "asleep",
      "seconds" : 4860
    },{
      "dateTime" : "2016-02-09T00:48:00.000",
      "level" : "restless",
      "seconds" : 60
    },{
      "dateTime" : "2016-02-09T00:49:00.000",
      "level" : "asleep",
      "seconds" : 4140
    },{
      "dateTime" : "2016-02-09T01:58:00.000",
      "level" : "restless",
      "seconds" : 60
    },{
      "dateTime" : "2016-02-09T01:59:00.000",
      "level" : "asleep",
      "seconds" : 8940
    }]
  },
  "mainSleep" : true
},{
  "logId" : 10825485753,
  "dateOfSleep" : "2016-02-08",
  "startTime" : "2016-02-07T23:05:00.000",
  "endTime" : "2016-02-08T06:59:30.000",
  "duration" : 28440000,
  "minutesToFallAsleep" : 0,
  "minutesAsleep" : 459,
  "minutesAwake" : 15,
  "minutesAfterWakeup" : 0,
  "timeInBed" : 474,
  "efficiency" : 97,
  "type" : "classic",
  "infoCode" : 0,
  "logType" : "auto_detected",
  "levels" : {
    "summary" : {
      "restless" : {
        "count" : 10,
        "minutes" : 15
      },
      "awake" : {
        "count" : 2,
        "minutes" : 2
      },
      "asleep" : {
        "count" : 0,
        "minutes" : 459
      }
    },
    "data" : [{
      "dateTime" : "2016-02-07T23:05:00.000",
      "level" : "awake",
      "seconds" : 60
    },{
      "dateTime" : "2016-02-07T23:06:00.000",
      "level" : "restless",
      "seconds" : 60
    },{
      "dateTime" : "2016-02-07T23:07:00.000",
      "level" : "awake",
      "seconds" : 60
    },{
      "dateTime" : "2016-02-07T23:08:00.000",
      "level" : "restless",
      "seconds" : 60
    },{
      "dateTime" : "2016-02-07T23:09:00.000",
      "level" : "asleep",
      "seconds" : 420
    },{
      "dateTime" : "2016-02-07T23:16:00.000",
      "level" : "restless",
      "seconds" : 60
    },{
      "dateTime" : "2016-02-07T23:17:00.000",
      "level" : "asleep",
      "seconds" : 660
    },{
      "dateTime" : "2016-02-07T23:28:00.000",
      "level" : "restless",
      "seconds" : 60
    },{
      "dateTime" : "2016-02-07T23:29:00.000",
      "level" : "asleep",
      "seconds" : 3120
    },{
      "dateTime" : "2016-02-08T00:21:00.000",
      "level" : "restless",
      "seconds" : 60
    },{
      "dateTime" : "2016-02-08T00:22:00.000",
      "level" : "asleep",
      "seconds" : 4380
    },{
      "dateTime" : "2016-02-08T01:35:00.000",
      "level" : "restless",
      "seconds" : 60
    },{
      "dateTime" : "2016-02-08T01:36:00.000",
      "level" : "asleep",
      "seconds" : 1200
    },{
      "dateTime" : "2016-02-08T01:56:00.000",
      "level" : "restless",
      "seconds" : 60
    },{
      "dateTime" : "2016-02-08T01:57:00.000",
      "level" : "asleep",
      "seconds" : 12660
    },{
      "dateTime" : "2016-02-08T05:28:00.000",
      "level" : "restless",
      "seconds" : 60
    },{
      "dateTime" : "2016-02-08T05:29:00.000",
      "level" : "asleep",
      "seconds" : 4920
    },{
      "dateTime" : "2016-02-08T06:51:00.000",
      "level" : "restless",
      "seconds" : 240
    },{
      "dateTime" : "2016-02-08T06:55:00.000",
      "level" : "asleep",
      "seconds" : 60
    },{
      "dateTime" : "2016-02-08T06:56:00.000",
      "level" : "restless",
      "seconds" : 180
    }]
  },
  "mainSleep" : true
},{
  "logId" : 10818254852,
  "dateOfSleep" : "2016-02-07",
  "startTime" : "2016-02-07T04:37:00.000",
  "endTime" : "2016-02-07T09:49:30.000",
  "duration" : 18720000,
  "minutesToFallAsleep" : 0,
  "minutesAsleep" : 295,
  "minutesAwake" : 17,
  "minutesAfterWakeup" : 0,
  "timeInBed" : 312,
  "efficiency" : 95,
  "type" : "classic",
  "infoCode" : 0,
  "logType" : "auto_detected",
  "levels" : {
    "summary" : {
      "restless" : {
        "count" : 7,
        "minutes" : 17
      },
      "awake" : {
        "count" : 0,
        "minutes" : 0
      },
      "asleep" : {
        "count" : 0,
        "minutes" : 295
      }
    },
    "data" : [{
      "dateTime" : "2016-02-07T04:37:00.000",
      "level" : "asleep",
      "seconds" : 3180
    },{
      "dateTime" : "2016-02-07T05:30:00.000",
      "level" : "restless",
      "seconds" : 60
    },{
      "dateTime" : "2016-02-07T05:31:00.000",
      "level" : "asleep",
      "seconds" : 5520
    },{
      "dateTime" : "2016-02-07T07:03:00.000",
      "level" : "restless",
      "seconds" : 360
    },{
      "dateTime" : "2016-02-07T07:09:00.000",
      "level" : "asleep",
      "seconds" : 2700
    },{
      "dateTime" : "2016-02-07T07:54:00.000",
      "level" : "restless",
      "seconds" : 60
    },{
      "dateTime" : "2016-02-07T07:55:00.000",
      "level" : "asleep",
      "seconds" : 3060
    },{
      "dateTime" : "2016-02-07T08:46:00.000",
      "level" : "restless",
      "seconds" : 120
    },{
      "dateTime" : "2016-02-07T08:48:00.000",
      "level" : "asleep",
      "seconds" : 780
    },{
      "dateTime" : "2016-02-07T09:01:00.000",
      "level" : "restless",
      "seconds" : 60
    },{
      "dateTime" : "2016-02-07T09:02:00.000",
      "level" : "asleep",
      "seconds" : 60
    },{
      "dateTime" : "2016-02-07T09:03:00.000",
      "level" : "restless",
      "seconds" : 60
    },{
      "dateTime" : "2016-02-07T09:04:00.000",
      "level" : "asleep",
      "seconds" : 540
    },{
      "dateTime" : "2016-02-07T09:13:00.000",
      "level" : "restless",
      "seconds" : 300
    },{
      "dateTime" : "2016-02-07T09:18:00.000",
      "level" : "asleep",
      "seconds" : 1860
    }]
  },
  "mainSleep" : true
},{
  "logId" : 10816617389,
  "dateOfSleep" : "2016-02-07",
  "startTime" : "2016-02-06T23:29:00.000",
  "endTime" : "2016-02-07T04:36:30.000",
  "duration" : 18420000,
  "minutesToFallAsleep" : 0,
  "minutesAsleep" : 286,
  "minutesAwake" : 21,
  "minutesAfterWakeup" : 0,
  "timeInBed" : 307,
  "efficiency" : 93,
  "type" : "classic",
  "infoCode" : 0,
  "logType" : "auto_detected",
  "levels" : {
    "summary" : {
      "restless" : {
        "count" : 8,
        "minutes" : 16
      },
      "awake" : {
        "count" : 2,
        "minutes" : 5
      },
      "asleep" : {
        "count" : 0,
        "minutes" : 286
      }
    },
    "data" : [{
      "dateTime" : "2016-02-06T23:29:00.000",
      "level" : "awake",
      "seconds" : 240
    },{
      "dateTime" : "2016-02-06T23:33:00.000",
      "level" : "restless",
      "seconds" : 180
    },{
      "dateTime" : "2016-02-06T23:36:00.000",
      "level" : "asleep",
      "seconds" : 300
    },{
      "dateTime" : "2016-02-06T23:41:00.000",
      "level" : "restless",
      "seconds" : 120
    },{
      "dateTime" : "2016-02-06T23:43:00.000",
      "level" : "awake",
      "seconds" : 60
    },{
      "dateTime" : "2016-02-06T23:44:00.000",
      "level" : "restless",
      "seconds" : 120
    },{
      "dateTime" : "2016-02-06T23:46:00.000",
      "level" : "asleep",
      "seconds" : 780
    },{
      "dateTime" : "2016-02-06T23:59:00.000",
      "level" : "restless",
      "seconds" : 180
    },{
      "dateTime" : "2016-02-07T00:02:00.000",
      "level" : "asleep",
      "seconds" : 8100
    },{
      "dateTime" : "2016-02-07T02:17:00.000",
      "level" : "restless",
      "seconds" : 60
    },{
      "dateTime" : "2016-02-07T02:18:00.000",
      "level" : "asleep",
      "seconds" : 60
    },{
      "dateTime" : "2016-02-07T02:19:00.000",
      "level" : "restless",
      "seconds" : 120
    },{
      "dateTime" : "2016-02-07T02:21:00.000",
      "level" : "asleep",
      "seconds" : 1380
    },{
      "dateTime" : "2016-02-07T02:44:00.000",
      "level" : "restless",
      "seconds" : 120
    },{
      "dateTime" : "2016-02-07T02:46:00.000",
      "level" : "asleep",
      "seconds" : 60
    },{
      "dateTime" : "2016-02-07T02:47:00.000",
      "level" : "restless",
      "seconds" : 60
    },{
      "dateTime" : "2016-02-07T02:48:00.000",
      "level" : "asleep",
      "seconds" : 6480
    }]
  },
  "mainSleep" : false
},{
  "logId" : 10812161736,
  "dateOfSleep" : "2016-02-06",
  "startTime" : "2016-02-06T16:20:00.000",
  "endTime" : "2016-02-06T17:28:30.000",
  "duration" : 4080000,
  "minutesToFallAsleep" : 0,
  "minutesAsleep" : 66,
  "minutesAwake" : 2,
  "minutesAfterWakeup" : 0,
  "timeInBed" : 68,
  "efficiency" : 97,
  "type" : "classic",
  "infoCode" : 0,
  "logType" : "auto_detected",
  "levels" : {
    "summary" : {
      "restless" : {
        "count" : 1,
        "minutes" : 2
      },
      "awake" : {
        "count" : 0,
        "minutes" : 0
      },
      "asleep" : {
        "count" : 0,
        "minutes" : 66
      }
    },
    "data" : [{
      "dateTime" : "2016-02-06T16:20:00.000",
      "level" : "restless",
      "seconds" : 120
    },{
      "dateTime" : "2016-02-06T16:22:00.000",
      "level" : "asleep",
      "seconds" : 3960
    }]
  },
  "mainSleep" : false
},{
  "logId" : 10810071356,
  "dateOfSleep" : "2016-02-06",
  "startTime" : "2016-02-06T02:00:00.000",
  "endTime" : "2016-02-06T09:05:30.000",
  "duration" : 25500000,
  "minutesToFallAsleep" : 0,
  "minutesAsleep" : 418,
  "minutesAwake" : 7,
  "minutesAfterWakeup" : 0,
  "timeInBed" : 425,
  "efficiency" : 98,
  "type" : "classic",
  "infoCode" : 0,
  "logType" : "auto_detected",
  "levels" : {
    "summary" : {
      "restless" : {
        "count" : 5,
        "minutes" : 7
      },
      "awake" : {
        "count" : 0,
        "minutes" : 0
      },
      "asleep" : {
        "count" : 0,
        "minutes" : 418
      }
    },
    "data" : [{
      "dateTime" : "2016-02-06T02:00:00.000",
      "level" : "asleep",
      "seconds" : 600
    },{
      "dateTime" : "2016-02-06T02:10:00.000",
      "level" : "restless",
      "seconds" : 180
    },{
      "dateTime" : "2016-02-06T02:13:00.000",
      "level" : "asleep",
      "seconds" : 9480
    },{
      "dateTime" : "2016-02-06T04:51:00.000",
      "level" : "restless",
      "seconds" : 60
    },{
      "dateTime" : "2016-02-06T04:52:00.000",
      "level" : "asleep",
      "seconds" : 720
    },{
      "dateTime" : "2016-02-06T05:04:00.000",
      "level" : "restless",
      "seconds" : 60
    },{
      "dateTime" : "2016-02-06T05:05:00.000",
      "level" : "asleep",
      "seconds" : 9060
    },{
      "dateTime" : "2016-02-06T07:36:00.000",
      "level" : "restless",
      "seconds" : 60
    },{
      "dateTime" : "2016-02-06T07:37:00.000",
      "level" : "asleep",
      "seconds" : 3360
    },{
      "dateTime" : "2016-02-06T08:33:00.000",
      "level" : "restless",
      "seconds" : 60
    },{
      "dateTime" : "2016-02-06T08:34:00.000",
      "level" : "asleep",
      "seconds" : 1860
    }]
  },
  "mainSleep" : true
},{
  "logId" : 10808124476,
  "dateOfSleep" : "2016-02-06",
  "startTime" : "2016-02-05T23:47:00.000",
  "endTime" : "2016-02-06T01:35:00.000",
  "duration" : 6480000,
  "minutesToFallAsleep" : 0,
  "minutesAsleep" : 106,
  "minutesAwake" : 2,
  "minutesAfterWakeup" : 0,
  "timeInBed" : 108,
  "efficiency" : 98,
  "type" : "classic",
  "infoCode" : 0,
  "logType" : "auto_detected",
  "levels" : {
    "summary" : {
      "restless" : {
        "count" : 1,
        "minutes" : 2
      },
      "awake" : {
        "count" : 0,
        "minutes" : 0
      },
      "asleep" : {
        "count" : 0,
        "minutes" : 106
      }
    },
    "data" : [{
      "dateTime" : "2016-02-05T23:47:00.000",
      "level" : "asleep",
      "seconds" : 3180
    },{
      "dateTime" : "2016-02-06T00:40:00.000",
      "level" : "restless",
      "seconds" : 120
    },{
      "dateTime" : "2016-02-06T00:42:00.000",
      "level" : "asleep",
      "seconds" : 3180
    }]
  },
  "mainSleep" : false
},{
  "logId" : 10802510909,
  "dateOfSleep" : "2016-02-05",
  "startTime" : "2016-02-04T23:21:00.000",
  "endTime" : "2016-02-05T00:54:30.000",
  "duration" : 5580000,
  "minutesToFallAsleep" : 0,
  "minutesAsleep" : 89,
  "minutesAwake" : 4,
  "minutesAfterWakeup" : 0,
  "timeInBed" : 93,
  "efficiency" : 96,
  "type" : "classic",
  "infoCode" : 0,
  "logType" : "auto_detected",
  "levels" : {
    "summary" : {
      "restless" : {
        "count" : 2,
        "minutes" : 3
      },
      "awake" : {
        "count" : 1,
        "minutes" : 1
      },
      "asleep" : {
        "count" : 0,
        "minutes" : 89
      }
    },
    "data" : [{
      "dateTime" : "2016-02-04T23:21:00.000",
      "level" : "awake",
      "seconds" : 60
    },{
      "dateTime" : "2016-02-04T23:22:00.000",
      "level" : "restless",
      "seconds" : 60
    },{
      "dateTime" : "2016-02-04T23:23:00.000",
      "level" : "asleep",
      "seconds" : 900
    },{
      "dateTime" : "2016-02-04T23:38:00.000",
      "level" : "restless",
      "seconds" : 120
    },{
      "dateTime" : "2016-02-04T23:40:00.000",
      "level" : "asleep",
      "seconds" : 4440
    }]
  },
  "mainSleep" : true
},{
  "logId" : 10793016795,
  "dateOfSleep" : "2016-02-04",
  "startTime" : "2016-02-04T01:06:00.000",
  "endTime" : "2016-02-04T07:01:00.000",
  "duration" : 21300000,
  "minutesToFallAsleep" : 0,
  "minutesAsleep" : 336,
  "minutesAwake" : 19,
  "minutesAfterWakeup" : 0,
  "timeInBed" : 355,
  "efficiency" : 95,
  "type" : "classic",
  "infoCode" : 0,
  "logType" : "auto_detected",
  "levels" : {
    "summary" : {
      "restless" : {
        "count" : 8,
        "minutes" : 15
      },
      "awake" : {
        "count" : 2,
        "minutes" : 4
      },
      "asleep" : {
        "count" : 0,
        "minutes" : 336
      }
    },
    "data" : [{
      "dateTime" : "2016-02-04T01:06:00.000",
      "level" : "restless",
      "seconds" : 180
    },{
      "dateTime" : "2016-02-04T01:09:00.000",
      "level" : "asleep",
      "seconds" : 540
    },{
      "dateTime" : "2016-02-04T01:18:00.000",
      "level" : "restless",
      "seconds" : 120
    },{
      "dateTime" : "2016-02-04T01:20:00.000",
      "level" : "awake",
      "seconds" : 180
    },{
      "dateTime" : "2016-02-04T01:23:00.000",
      "level" : "restless",
      "seconds" : 60
    },{
      "dateTime" : "2016-02-04T01:24:00.000",
      "level" : "asleep",
      "seconds" : 300
    },{
      "dateTime" : "2016-02-04T01:29:00.000",
      "level" : "restless",
      "seconds" : 240
    },{
      "dateTime" : "2016-02-04T01:33:00.000",
      "level" : "awake",
      "seconds" : 60
    },{
      "dateTime" : "2016-02-04T01:34:00.000",
      "level" : "restless",
      "seconds" : 60
    },{
      "dateTime" : "2016-02-04T01:35:00.000",
      "level" : "asleep",
      "seconds" : 480
    },{
      "dateTime" : "2016-02-04T01:43:00.000",
      "level" : "restless",
      "seconds" : 120
    },{
      "dateTime" : "2016-02-04T01:45:00.000",
      "level" : "asleep",
      "seconds" : 7860
    },{
      "dateTime" : "2016-02-04T03:56:00.000",
      "level" : "restless",
      "seconds" : 60
    },{
      "dateTime" : "2016-02-04T03:57:00.000",
      "level" : "asleep",
      "seconds" : 1560
    },{
      "dateTime" : "2016-02-04T04:23:00.000",
      "level" : "restless",
      "seconds" : 60
    },{
      "dateTime" : "2016-02-04T04:24:00.000",
      "level" : "asleep",
      "seconds" : 9420
    }]
  },
  "mainSleep" : true
}]