[{
  "logId" : 14836746786,
  "dateOfSleep" : "2017-05-29",
  "startTime" : "2017-05-29T00:47:30.000",
  "endTime" : "2017-05-29T06:52:00.000",
  "duration" : 21840000,
  "minutesToFallAsleep" : 0,
  "minutesAsleep" : 340,
  "minutesAwake" : 24,
  "minutesAfterWakeup" : 0,
  "timeInBed" : 364,
  "efficiency" : 93,
  "type" : "classic",
  "infoCode" : 0,
  "logType" : "auto_detected",
  "levels" : {
    "summary" : {
      "restless" : {
        "count" : 12,
        "minutes" : 21
      },
      "awake" : {
        "count" : 1,
        "minutes" : 3
      },
      "asleep" : {
        "count" : 0,
        "minutes" : 340
      }
    },
    "data" : [{
      "dateTime" : "2017-05-29T00:47:30.000",
      "level" : "restless",
      "seconds" : 120
    },{
      "dateTime" : "2017-05-29T00:49:30.000",
      "level" : "awake",
      "seconds" : 180
    },{
      "dateTime" : "2017-05-29T00:52:30.000",
      "level" : "restless",
      "seconds" : 60
    },{
      "dateTime" : "2017-05-29T00:53:30.000",
      "level" : "asleep",
      "seconds" : 300
    },{
      "dateTime" : "2017-05-29T00:58:30.000",
      "level" : "restless",
      "seconds" : 60
    },{
      "dateTime" : "2017-05-29T00:59:30.000",
      "level" : "asleep",
      "seconds" : 2280
    },{
      "dateTime" : "2017-05-29T01:37:30.000",
      "level" : "restless",
      "seconds" : 60
    },{
      "dateTime" : "2017-05-29T01:38:30.000",
      "level" : "asleep",
      "seconds" : 1980
    },{
      "dateTime" : "2017-05-29T02:11:30.000",
      "level" : "restless",
      "seconds" : 180
    },{
      "dateTime" : "2017-05-29T02:14:30.000",
      "level" : "asleep",
      "seconds" : 60
    },{
      "dateTime" : "2017-05-29T02:15:30.000",
      "level" : "restless",
      "seconds" : 60
    },{
      "dateTime" : "2017-05-29T02:16:30.000",
      "level" : "asleep",
      "seconds" : 4740
    },{
      "dateTime" : "2017-05-29T03:35:30.000",
      "level" : "restless",
      "seconds" : 180
    },{
      "dateTime" : "2017-05-29T03:38:30.000",
      "level" : "asleep",
      "seconds" : 1980
    },{
      "dateTime" : "2017-05-29T04:11:30.000",
      "level" : "restless",
      "seconds" : 300
    },{
      "dateTime" : "2017-05-29T04:16:30.000",
      "level" : "asleep",
      "seconds" : 1140
    },{
      "dateTime" : "2017-05-29T04:35:30.000",
      "level" : "restless",
      "seconds" : 60
    },{
      "dateTime" : "2017-05-29T04:36:30.000",
      "level" : "asleep",
      "seconds" : 1440
    },{
      "dateTime" : "2017-05-29T05:00:30.000",
      "level" : "restless",
      "seconds" : 60
    },{
      "dateTime" : "2017-05-29T05:01:30.000",
      "level" : "asleep",
      "seconds" : 180
    },{
      "dateTime" : "2017-05-29T05:04:30.000",
      "level" : "restless",
      "seconds" : 60
    },{
      "dateTime" : "2017-05-29T05:05:30.000",
      "level" : "asleep",
      "seconds" : 6240
    },{
      "dateTime" : "2017-05-29T06:49:30.000",
      "level" : "restless",
      "seconds" : 60
    },{
      "dateTime" : "2017-05-29T06:50:30.000",
      "level" : "asleep",
      "seconds" : 60
    }]
  },
  "mainSleep" : true
},{
  "logId" : 14836746785,
  "dateOfSleep" : "2017-05-28",
  "startTime" : "2017-05-28T00:13:30.000",
  "endTime" : "2017-05-28T09:56:30.000",
  "duration" : 34980000,
  "minutesToFallAsleep" : 0,
  "minutesAsleep" : 553,
  "minutesAwake" : 30,
  "minutesAfterWakeup" : 0,
  "timeInBed" : 583,
  "efficiency" : 95,
  "type" : "classic",
  "infoCode" : 0,
  "logType" : "auto_detected",
  "levels" : {
    "summary" : {
      "restless" : {
        "count" : 18,
        "minutes" : 30
      },
      "awake" : {
        "count" : 0,
        "minutes" : 0
      },
      "asleep" : {
        "count" : 0,
        "minutes" : 553
      }
    },
    "data" : [{
      "dateTime" : "2017-05-28T00:13:30.000",
      "level" : "asleep",
      "seconds" : 2580
    },{
      "dateTime" : "2017-05-28T00:56:30.000",
      "level" : "restless",
      "seconds" : 180
    },{
      "dateTime" : "2017-05-28T00:59:30.000",
      "level" : "asleep",
      "seconds" : 60
    },{
      "dateTime" : "2017-05-28T01:00:30.000",
      "level" : "restless",
      "seconds" : 180
    },{
      "dateTime" : "2017-05-28T01:03:30.000",
      "level" : "asleep",
      "seconds" : 4500
    },{
      "dateTime" : "2017-05-28T02:18:30.000",
      "level" : "restless",
      "seconds" : 60
    },{
      "dateTime" : "2017-05-28T02:19:30.000",
      "level" : "asleep",
      "seconds" : 1980
    },{
      "dateTime" : "2017-05-28T02:52:30.000",
      "level" : "restless",
      "seconds" : 60
    },{
      "dateTime" : "2017-05-28T02:53:30.000",
      "level" : "asleep",
      "seconds" : 1680
    },{
      "dateTime" : "2017-05-28T03:21:30.000",
      "level" : "restless",
      "seconds" : 120
    },{
      "dateTime" : "2017-05-28T03:23:30.000",
      "level" : "asleep",
      "seconds" : 120
    },{
      "dateTime" : "2017-05-28T03:25:30.000",
      "level" : "restless",
      "seconds" : 60
    },{
      "dateTime" : "2017-05-28T03:26:30.000",
      "level" : "asleep",
      "seconds" : 2220
    },{
      "dateTime" : "2017-05-28T04:03:30.000",
      "level" : "restless",
      "seconds" : 60
    },{
      "dateTime" : "2017-05-28T04:04:30.000",
      "level" : "asleep",
      "seconds" : 3420
    },{
      "dateTime" : "2017-05-28T05:01:30.000",
      "level" : "restless",
      "seconds" : 180
    },{
      "dateTime" : "2017-05-28T05:04:30.000",
      "level" : "asleep",
      "seconds" : 60
    },{
      "dateTime" : "2017-05-28T05:05:30.000",
      "level" : "restless",
      "seconds" : 60
    },{
      "dateTime" : "2017-05-28T05:06:30.000",
      "level" : "asleep",
      "seconds" : 60
    },{
      "dateTime" : "2017-05-28T05:07:30.000",
      "level" : "restless",
      "seconds" : 60
    },{
      "dateTime" : "2017-05-28T05:08:30.000",
      "level" : "asleep",
      "seconds" : 2580
    },{
      "dateTime" : "2017-05-28T05:51:30.000",
      "level" : "restless",
      "seconds" : 60
    },{
      "dateTime" : "2017-05-28T05:52:30.000",
      "level" : "asleep",
      "seconds" : 180
    },{
      "dateTime" : "2017-05-28T05:55:30.000",
      "level" : "restless",
      "seconds" : 60
    },{
      "dateTime" : "2017-05-28T05:56:30.000",
      "level" : "asleep",
      "seconds" : 900
    },{
      "dateTime" : "2017-05-28T06:11:30.000",
      "level" : "restless",
      "seconds" : 60
    },{
      "dateTime" : "2017-05-28T06:12:30.000",
      "level" : "asleep",
      "seconds" : 1320
    },{
      "dateTime" : "2017-05-28T06:34:30.000",
      "level" : "restless",
      "seconds" : 120
    },{
      "dateTime" : "2017-05-28T06:36:30.000",
      "level" : "asleep",
      "seconds" : 120
    },{
      "dateTime" : "2017-05-28T06:38:30.000",
      "level" : "restless",
      "seconds" : 120
    },{
      "dateTime" : "2017-05-28T06:40:30.000",
      "level" : "asleep",
      "seconds" : 9420
    },{
      "dateTime" : "2017-05-28T09:17:30.000",
      "level" : "restless",
      "seconds" : 120
    },{
      "dateTime" : "2017-05-28T09:19:30.000",
      "level" : "asleep",
      "seconds" : 120
    },{
      "dateTime" : "2017-05-28T09:21:30.000",
      "level" : "restless",
      "seconds" : 120
    },{
      "dateTime" : "2017-05-28T09:23:30.000",
      "level" : "asleep",
      "seconds" : 1620
    },{
      "dateTime" : "2017-05-28T09:50:30.000",
      "level" : "restless",
      "seconds" : 120
    },{
      "dateTime" : "2017-05-28T09:52:30.000",
      "level" : "asleep",
      "seconds" : 240
    }]
  },
  "mainSleep" : true
},{
  "logId" : 14758906708,
  "dateOfSleep" : "2017-05-26",
  "startTime" : "2017-05-26T02:12:00.000",
  "endTime" : "2017-05-26T07:16:30.000",
  "duration" : 18240000,
  "minutesToFallAsleep" : 0,
  "minutesAsleep" : 293,
  "minutesAwake" : 11,
  "minutesAfterWakeup" : 0,
  "timeInBed" : 304,
  "efficiency" : 96,
  "type" : "classic",
  "infoCode" : 0,
  "logType" : "auto_detected",
  "levels" : {
    "summary" : {
      "restless" : {
        "count" : 6,
        "minutes" : 11
      },
      "awake" : {
        "count" : 0,
        "minutes" : 0
      },
      "asleep" : {
        "count" : 0,
        "minutes" : 293
      }
    },
    "data" : [{
      "dateTime" : "2017-05-26T02:12:00.000",
      "level" : "restless",
      "seconds" : 180
    },{
      "dateTime" : "2017-05-26T02:15:00.000",
      "level" : "asleep",
      "seconds" : 7080
    },{
      "dateTime" : "2017-05-26T04:13:00.000",
      "level" : "restless",
      "seconds" : 120
    },{
      "dateTime" : "2017-05-26T04:15:00.000",
      "level" : "asleep",
      "seconds" : 7440
    },{
      "dateTime" : "2017-05-26T06:19:00.000",
      "level" : "restless",
      "seconds" : 60
    },{
      "dateTime" : "2017-05-26T06:20:00.000",
      "level" : "asleep",
      "seconds" : 2640
    },{
      "dateTime" : "2017-05-26T07:04:00.000",
      "level" : "restless",
      "seconds" : 60
    },{
      "dateTime" : "2017-05-26T07:05:00.000",
      "level" : "asleep",
      "seconds" : 180
    },{
      "dateTime" : "2017-05-26T07:08:00.000",
      "level" : "restless",
      "seconds" : 120
    },{
      "dateTime" : "2017-05-26T07:10:00.000",
      "level" : "asleep",
      "seconds" : 120
    },{
      "dateTime" : "2017-05-26T07:12:00.000",
      "level" : "restless",
      "seconds" : 120
    },{
      "dateTime" : "2017-05-26T07:14:00.000",
      "level" : "asleep",
      "seconds" : 120
    }]
  },
  "mainSleep" : true
},{
  "logId" : 14750439856,
  "dateOfSleep" : "2017-05-21",
  "startTime" : "2017-05-21T01:13:30.000",
  "endTime" : "2017-05-21T10:22:30.000",
  "duration" : 32940000,
  "minutesToFallAsleep" : 0,
  "minutesAsleep" : 533,
  "minutesAwake" : 16,
  "minutesAfterWakeup" : 0,
  "timeInBed" : 549,
  "efficiency" : 97,
  "type" : "classic",
  "infoCode" : 0,
  "logType" : "auto_detected",
  "levels" : {
    "summary" : {
      "restless" : {
        "count" : 12,
        "minutes" : 15
      },
      "awake" : {
        "count" : 1,
        "minutes" : 1
      },
      "asleep" : {
        "count" : 0,
        "minutes" : 533
      }
    },
    "data" : [{
      "dateTime" : "2017-05-21T01:13:30.000",
      "level" : "awake",
      "seconds" : 60
    },{
      "dateTime" : "2017-05-21T01:14:30.000",
      "level" : "restless",
      "seconds" : 60
    },{
      "dateTime" : "2017-05-21T01:15:30.000",
      "level" : "asleep",
      "seconds" : 3240
    },{
      "dateTime" : "2017-05-21T02:09:30.000",
      "level" : "restless",
      "seconds" : 120
    },{
      "dateTime" : "2017-05-21T02:11:30.000",
      "level" : "asleep",
      "seconds" : 60
    },{
      "dateTime" : "2017-05-21T02:12:30.000",
      "level" : "restless",
      "seconds" : 180
    },{
      "dateTime" : "2017-05-21T02:15:30.000",
      "level" : "asleep",
      "seconds" : 3120
    },{
      "dateTime" : "2017-05-21T03:07:30.000",
      "level" : "restless",
      "seconds" : 60
    },{
      "dateTime" : "2017-05-21T03:08:30.000",
      "level" : "asleep",
      "seconds" : 180
    },{
      "dateTime" : "2017-05-21T03:11:30.000",
      "level" : "restless",
      "seconds" : 60
    },{
      "dateTime" : "2017-05-21T03:12:30.000",
      "level" : "asleep",
      "seconds" : 12900
    },{
      "dateTime" : "2017-05-21T06:47:30.000",
      "level" : "restless",
      "seconds" : 60
    },{
      "dateTime" : "2017-05-21T06:48:30.000",
      "level" : "asleep",
      "seconds" : 660
    },{
      "dateTime" : "2017-05-21T06:59:30.000",
      "level" : "restless",
      "seconds" : 60
    },{
      "dateTime" : "2017-05-21T07:00:30.000",
      "level" : "asleep",
      "seconds" : 1020
    },{
      "dateTime" : "2017-05-21T07:17:30.000",
      "level" : "restless",
      "seconds" : 60
    },{
      "dateTime" : "2017-05-21T07:18:30.000",
      "level" : "asleep",
      "seconds" : 180
    },{
      "dateTime" : "2017-05-21T07:21:30.000",
      "level" : "restless",
      "seconds" : 60
    },{
      "dateTime" : "2017-05-21T07:22:30.000",
      "level" : "asleep",
      "seconds" : 60
    },{
      "dateTime" : "2017-05-21T07:23:30.000",
      "level" : "restless",
      "seconds" : 60
    },{
      "dateTime" : "2017-05-21T07:24:30.000",
      "level" : "asleep",
      "seconds" : 360
    },{
      "dateTime" : "2017-05-21T07:30:30.000",
      "level" : "restless",
      "seconds" : 60
    },{
      "dateTime" : "2017-05-21T07:31:30.000",
      "level" : "asleep",
      "seconds" : 6360
    },{
      "dateTime" : "2017-05-21T09:17:30.000",
      "level" : "restless",
      "seconds" : 60
    },{
      "dateTime" : "2017-05-21T09:18:30.000",
      "level" : "asleep",
      "seconds" : 3840
    }]
  },
  "mainSleep" : true
},{
  "logId" : 14750439855,
  "dateOfSleep" : "2017-05-20",
  "startTime" : "2017-05-19T23:00:30.000",
  "endTime" : "2017-05-20T06:36:30.000",
  "duration" : 27360000,
  "minutesToFallAsleep" : 0,
  "minutesAsleep" : 433,
  "minutesAwake" : 22,
  "minutesAfterWakeup" : 1,
  "timeInBed" : 456,
  "efficiency" : 95,
  "type" : "classic",
  "infoCode" : 0,
  "logType" : "auto_detected",
  "levels" : {
    "summary" : {
      "restless" : {
        "count" : 8,
        "minutes" : 18
      },
      "awake" : {
        "count" : 1,
        "minutes" : 5
      },
      "asleep" : {
        "count" : 0,
        "minutes" : 433
      }
    },
    "data" : [{
      "dateTime" : "2017-05-19T23:00:30.000",
      "level" : "asleep",
      "seconds" : 2340
    },{
      "dateTime" : "2017-05-19T23:39:30.000",
      "level" : "restless",
      "seconds" : 240
    },{
      "dateTime" : "2017-05-19T23:43:30.000",
      "level" : "asleep",
      "seconds" : 17460
    },{
      "dateTime" : "2017-05-20T04:34:30.000",
      "level" : "restless",
      "seconds" : 240
    },{
      "dateTime" : "2017-05-20T04:38:30.000",
      "level" : "awake",
      "seconds" : 300
    },{
      "dateTime" : "2017-05-20T04:43:30.000",
      "level" : "restless",
      "seconds" : 120
    },{
      "dateTime" : "2017-05-20T04:45:30.000",
      "level" : "asleep",
      "seconds" : 180
    },{
      "dateTime" : "2017-05-20T04:48:30.000",
      "level" : "restless",
      "seconds" : 120
    },{
      "dateTime" : "2017-05-20T04:50:30.000",
      "level" : "asleep",
      "seconds" : 180
    },{
      "dateTime" : "2017-05-20T04:53:30.000",
      "level" : "restless",
      "seconds" : 60
    },{
      "dateTime" : "2017-05-20T04:54:30.000",
      "level" : "asleep",
      "seconds" : 5340
    },{
      "dateTime" : "2017-05-20T06:23:30.000",
      "level" : "restless",
      "seconds" : 120
    },{
      "dateTime" : "2017-05-20T06:25:30.000",
      "level" : "asleep",
      "seconds" : 120
    },{
      "dateTime" : "2017-05-20T06:27:30.000",
      "level" : "restless",
      "seconds" : 120
    },{
      "dateTime" : "2017-05-20T06:29:30.000",
      "level" : "asleep",
      "seconds" : 360
    },{
      "dateTime" : "2017-05-20T06:35:30.000",
      "level" : "restless",
      "seconds" : 60
    }]
  },
  "mainSleep" : true
},{
  "logId" : 14750439854,
  "dateOfSleep" : "2017-05-19",
  "startTime" : "2017-05-18T23:48:30.000",
  "endTime" : "2017-05-19T06:45:00.000",
  "duration" : 24960000,
  "minutesToFallAsleep" : 0,
  "minutesAsleep" : 405,
  "minutesAwake" : 11,
  "minutesAfterWakeup" : 0,
  "timeInBed" : 416,
  "efficiency" : 97,
  "type" : "classic",
  "infoCode" : 0,
  "logType" : "auto_detected",
  "levels" : {
    "summary" : {
      "restless" : {
        "count" : 7,
        "minutes" : 11
      },
      "awake" : {
        "count" : 0,
        "minutes" : 0
      },
      "asleep" : {
        "count" : 0,
        "minutes" : 405
      }
    },
    "data" : [{
      "dateTime" : "2017-05-18T23:48:30.000",
      "level" : "restless",
      "seconds" : 60
    },{
      "dateTime" : "2017-05-18T23:49:30.000",
      "level" : "asleep",
      "seconds" : 720
    },{
      "dateTime" : "2017-05-19T00:01:30.000",
      "level" : "restless",
      "seconds" : 60
    },{
      "dateTime" : "2017-05-19T00:02:30.000",
      "level" : "asleep",
      "seconds" : 840
    },{
      "dateTime" : "2017-05-19T00:16:30.000",
      "level" : "restless",
      "seconds" : 120
    },{
      "dateTime" : "2017-05-19T00:18:30.000",
      "level" : "asleep",
      "seconds" : 2100
    },{
      "dateTime" : "2017-05-19T00:53:30.000",
      "level" : "restless",
      "seconds" : 60
    },{
      "dateTime" : "2017-05-19T00:54:30.000",
      "level" : "asleep",
      "seconds" : 13620
    },{
      "dateTime" : "2017-05-19T04:41:30.000",
      "level" : "restless",
      "seconds" : 60
    },{
      "dateTime" : "2017-05-19T04:42:30.000",
      "level" : "asleep",
      "seconds" : 6720
    },{
      "dateTime" : "2017-05-19T06:34:30.000",
      "level" : "restless",
      "seconds" : 60
    },{
      "dateTime" : "2017-05-19T06:35:30.000",
      "level" : "asleep",
      "seconds" : 120
    },{
      "dateTime" : "2017-05-19T06:37:30.000",
      "level" : "restless",
      "seconds" : 240
    },{
      "dateTime" : "2017-05-19T06:41:30.000",
      "level" : "asleep",
      "seconds" : 180
    }]
  },
  "mainSleep" : true
},{
  "logId" : 14680913261,
  "dateOfSleep" : "2017-05-18",
  "startTime" : "2017-05-17T23:27:30.000",
  "endTime" : "2017-05-18T07:10:00.000",
  "duration" : 27720000,
  "minutesToFallAsleep" : 0,
  "minutesAsleep" : 434,
  "minutesAwake" : 28,
  "minutesAfterWakeup" : 0,
  "timeInBed" : 462,
  "efficiency" : 94,
  "type" : "classic",
  "infoCode" : 0,
  "logType" : "auto_detected",
  "levels" : {
    "summary" : {
      "restless" : {
        "count" : 10,
        "minutes" : 23
      },
      "awake" : {
        "count" : 3,
        "minutes" : 5
      },
      "asleep" : {
        "count" : 0,
        "minutes" : 434
      }
    },
    "data" : [{
      "dateTime" : "2017-05-17T23:27:30.000",
      "level" : "restless",
      "seconds" : 60
    },{
      "dateTime" : "2017-05-17T23:28:30.000",
      "level" : "awake",
      "seconds" : 60
    },{
      "dateTime" : "2017-05-17T23:29:30.000",
      "level" : "restless",
      "seconds" : 300
    },{
      "dateTime" : "2017-05-17T23:34:30.000",
      "level" : "asleep",
      "seconds" : 2340
    },{
      "dateTime" : "2017-05-18T00:13:30.000",
      "level" : "restless",
      "seconds" : 240
    },{
      "dateTime" : "2017-05-18T00:17:30.000",
      "level" : "awake",
      "seconds" : 60
    },{
      "dateTime" : "2017-05-18T00:18:30.000",
      "level" : "restless",
      "seconds" : 60
    },{
      "dateTime" : "2017-05-18T00:19:30.000",
      "level" : "asleep",
      "seconds" : 7740
    },{
      "dateTime" : "2017-05-18T02:28:30.000",
      "level" : "restless",
      "seconds" : 60
    },{
      "dateTime" : "2017-05-18T02:29:30.000",
      "level" : "asleep",
      "seconds" : 5880
    },{
      "dateTime" : "2017-05-18T04:07:30.000",
      "level" : "restless",
      "seconds" : 180
    },{
      "dateTime" : "2017-05-18T04:10:30.000",
      "level" : "asleep",
      "seconds" : 1320
    },{
      "dateTime" : "2017-05-18T04:32:30.000",
      "level" : "restless",
      "seconds" : 180
    },{
      "dateTime" : "2017-05-18T04:35:30.000",
      "level" : "asleep",
      "seconds" : 5820
    },{
      "dateTime" : "2017-05-18T06:12:30.000",
      "level" : "restless",
      "seconds" : 180
    },{
      "dateTime" : "2017-05-18T06:15:30.000",
      "level" : "awake",
      "seconds" : 180
    },{
      "dateTime" : "2017-05-18T06:18:30.000",
      "level" : "asleep",
      "seconds" : 2280
    },{
      "dateTime" : "2017-05-18T06:56:30.000",
      "level" : "restless",
      "seconds" : 60
    },{
      "dateTime" : "2017-05-18T06:57:30.000",
      "level" : "asleep",
      "seconds" : 360
    },{
      "dateTime" : "2017-05-18T07:03:30.000",
      "level" : "restless",
      "seconds" : 60
    },{
      "dateTime" : "2017-05-18T07:04:30.000",
      "level" : "asleep",
      "seconds" : 300
    }]
  },
  "mainSleep" : true
},{
  "logId" : 14671001526,
  "dateOfSleep" : "2017-05-17",
  "startTime" : "2017-05-17T00:21:30.000",
  "endTime" : "2017-05-17T07:12:00.000",
  "duration" : 24600000,
  "minutesToFallAsleep" : 0,
  "minutesAsleep" : 391,
  "minutesAwake" : 18,
  "minutesAfterWakeup" : 1,
  "timeInBed" : 410,
  "efficiency" : 96,
  "type" : "classic",
  "infoCode" : 0,
  "logType" : "auto_detected",
  "levels" : {
    "summary" : {
      "restless" : {
        "count" : 11,
        "minutes" : 19
      },
      "awake" : {
        "count" : 0,
        "minutes" : 0
      },
      "asleep" : {
        "count" : 0,
        "minutes" : 391
      }
    },
    "data" : [{
      "dateTime" : "2017-05-17T00:21:30.000",
      "level" : "asleep",
      "seconds" : 660
    },{
      "dateTime" : "2017-05-17T00:32:30.000",
      "level" : "restless",
      "seconds" : 180
    },{
      "dateTime" : "2017-05-17T00:35:30.000",
      "level" : "asleep",
      "seconds" : 11280
    },{
      "dateTime" : "2017-05-17T03:43:30.000",
      "level" : "restless",
      "seconds" : 60
    },{
      "dateTime" : "2017-05-17T03:44:30.000",
      "level" : "asleep",
      "seconds" : 1800
    },{
      "dateTime" : "2017-05-17T04:14:30.000",
      "level" : "restless",
      "seconds" : 60
    },{
      "dateTime" : "2017-05-17T04:15:30.000",
      "level" : "asleep",
      "seconds" : 60
    },{
      "dateTime" : "2017-05-17T04:16:30.000",
      "level" : "restless",
      "seconds" : 180
    },{
      "dateTime" : "2017-05-17T04:19:30.000",
      "level" : "asleep",
      "seconds" : 1680
    },{
      "dateTime" : "2017-05-17T04:47:30.000",
      "level" : "restless",
      "seconds" : 60
    },{
      "dateTime" : "2017-05-17T04:48:30.000",
      "level" : "asleep",
      "seconds" : 4080
    },{
      "dateTime" : "2017-05-17T05:56:30.000",
      "level" : "restless",
      "seconds" : 60
    },{
      "dateTime" : "2017-05-17T05:57:30.000",
      "level" : "asleep",
      "seconds" : 2700
    },{
      "dateTime" : "2017-05-17T06:42:30.000",
      "level" : "restless",
      "seconds" : 180
    },{
      "dateTime" : "2017-05-17T06:45:30.000",
      "level" : "asleep",
      "seconds" : 60
    },{
      "dateTime" : "2017-05-17T06:46:30.000",
      "level" : "restless",
      "seconds" : 180
    },{
      "dateTime" : "2017-05-17T06:49:30.000",
      "level" : "asleep",
      "seconds" : 360
    },{
      "dateTime" : "2017-05-17T06:55:30.000",
      "level" : "restless",
      "seconds" : 60
    },{
      "dateTime" : "2017-05-17T06:56:30.000",
      "level" : "asleep",
      "seconds" : 420
    },{
      "dateTime" : "2017-05-17T07:03:30.000",
      "level" : "restless",
      "seconds" : 60
    },{
      "dateTime" : "2017-05-17T07:04:30.000",
      "level" : "asleep",
      "seconds" : 360
    },{
      "dateTime" : "2017-05-17T07:10:30.000",
      "level" : "restless",
      "seconds" : 60
    }]
  },
  "mainSleep" : true
},{
  "logId" : 14663531657,
  "dateOfSleep" : "2017-05-16",
  "startTime" : "2017-05-16T00:22:30.000",
  "endTime" : "2017-05-16T08:45:00.000",
  "duration" : 30120000,
  "minutesToFallAsleep" : 0,
  "minutesAsleep" : 461,
  "minutesAwake" : 41,
  "minutesAfterWakeup" : 0,
  "timeInBed" : 502,
  "efficiency" : 92,
  "type" : "classic",
  "infoCode" : 0,
  "logType" : "auto_detected",
  "levels" : {
    "summary" : {
      "restless" : {
        "count" : 17,
        "minutes" : 40
      },
      "awake" : {
        "count" : 1,
        "minutes" : 1
      },
      "asleep" : {
        "count" : 0,
        "minutes" : 461
      }
    },
    "data" : [{
      "dateTime" : "2017-05-16T00:22:30.000",
      "level" : "asleep",
      "seconds" : 3720
    },{
      "dateTime" : "2017-05-16T01:24:30.000",
      "level" : "restless",
      "seconds" : 60
    },{
      "dateTime" : "2017-05-16T01:25:30.000",
      "level" : "asleep",
      "seconds" : 3540
    },{
      "dateTime" : "2017-05-16T02:24:30.000",
      "level" : "restless",
      "seconds" : 120
    },{
      "dateTime" : "2017-05-16T02:26:30.000",
      "level" : "asleep",
      "seconds" : 780
    },{
      "dateTime" : "2017-05-16T02:39:30.000",
      "level" : "restless",
      "seconds" : 180
    },{
      "dateTime" : "2017-05-16T02:42:30.000",
      "level" : "asleep",
      "seconds" : 60
    },{
      "dateTime" : "2017-05-16T02:43:30.000",
      "level" : "restless",
      "seconds" : 180
    },{
      "dateTime" : "2017-05-16T02:46:30.000",
      "level" : "asleep",
      "seconds" : 7080
    },{
      "dateTime" : "2017-05-16T04:44:30.000",
      "level" : "restless",
      "seconds" : 120
    },{
      "dateTime" : "2017-05-16T04:46:30.000",
      "level" : "asleep",
      "seconds" : 1620
    },{
      "dateTime" : "2017-05-16T05:13:30.000",
      "level" : "restless",
      "seconds" : 60
    },{
      "dateTime" : "2017-05-16T05:14:30.000",
      "level" : "asleep",
      "seconds" : 1740
    },{
      "dateTime" : "2017-05-16T05:43:30.000",
      "level" : "restless",
      "seconds" : 60
    },{
      "dateTime" : "2017-05-16T05:44:30.000",
      "level" : "asleep",
      "seconds" : 2520
    },{
      "dateTime" : "2017-05-16T06:26:30.000",
      "level" : "restless",
      "seconds" : 60
    },{
      "dateTime" : "2017-05-16T06:27:30.000",
      "level" : "asleep",
      "seconds" : 2040
    },{
      "dateTime" : "2017-05-16T07:01:30.000",
      "level" : "restless",
      "seconds" : 240
    },{
      "dateTime" : "2017-05-16T07:05:30.000",
      "level" : "asleep",
      "seconds" : 360
    },{
      "dateTime" : "2017-05-16T07:11:30.000",
      "level" : "restless",
      "seconds" : 60
    },{
      "dateTime" : "2017-05-16T07:12:30.000",
      "level" : "asleep",
      "seconds" : 60
    },{
      "dateTime" : "2017-05-16T07:13:30.000",
      "level" : "restless",
      "seconds" : 300
    },{
      "dateTime" : "2017-05-16T07:18:30.000",
      "level" : "asleep",
      "seconds" : 1980
    },{
      "dateTime" : "2017-05-16T07:51:30.000",
      "level" : "restless",
      "seconds" : 60
    },{
      "dateTime" : "2017-05-16T07:52:30.000",
      "level" : "asleep",
      "seconds" : 120
    },{
      "dateTime" : "2017-05-16T07:54:30.000",
      "level" : "restless",
      "seconds" : 120
    },{
      "dateTime" : "2017-05-16T07:56:30.000",
      "level" : "asleep",
      "seconds" : 1740
    },{
      "dateTime" : "2017-05-16T08:25:30.000",
      "level" : "restless",
      "seconds" : 60
    },{
      "dateTime" : "2017-05-16T08:26:30.000",
      "level" : "awake",
      "seconds" : 60
    },{
      "dateTime" : "2017-05-16T08:27:30.000",
      "level" : "restless",
      "seconds" : 180
    },{
      "dateTime" : "2017-05-16T08:30:30.000",
      "level" : "asleep",
      "seconds" : 120
    },{
      "dateTime" : "2017-05-16T08:32:30.000",
      "level" : "restless",
      "seconds" : 120
    },{
      "dateTime" : "2017-05-16T08:34:30.000",
      "level" : "asleep",
      "seconds" : 120
    },{
      "dateTime" : "2017-05-16T08:36:30.000",
      "level" : "restless",
      "seconds" : 420
    },{
      "dateTime" : "2017-05-16T08:43:30.000",
      "level" : "asleep",
      "seconds" : 60
    }]
  },
  "mainSleep" : true
},{
  "logId" : 14663531656,
  "dateOfSleep" : "2017-05-15",
  "startTime" : "2017-05-14T23:49:00.000",
  "endTime" : "2017-05-15T08:43:00.000",
  "duration" : 32040000,
  "minutesToFallAsleep" : 0,
  "minutesAsleep" : 522,
  "minutesAwake" : 12,
  "minutesAfterWakeup" : 0,
  "timeInBed" : 534,
  "efficiency" : 98,
  "type" : "classic",
  "infoCode" : 0,
  "logType" : "auto_detected",
  "levels" : {
    "summary" : {
      "restless" : {
        "count" : 10,
        "minutes" : 12
      },
      "awake" : {
        "count" : 0,
        "minutes" : 0
      },
      "asleep" : {
        "count" : 0,
        "minutes" : 522
      }
    },
    "data" : [{
      "dateTime" : "2017-05-14T23:49:00.000",
      "level" : "asleep",
      "seconds" : 2580
    },{
      "dateTime" : "2017-05-15T00:32:00.000",
      "level" : "restless",
      "seconds" : 120
    },{
      "dateTime" : "2017-05-15T00:34:00.000",
      "level" : "asleep",
      "seconds" : 180
    },{
      "dateTime" : "2017-05-15T00:37:00.000",
      "level" : "restless",
      "seconds" : 60
    },{
      "dateTime" : "2017-05-15T00:38:00.000",
      "level" : "asleep",
      "seconds" : 3420
    },{
      "dateTime" : "2017-05-15T01:35:00.000",
      "level" : "restless",
      "seconds" : 60
    },{
      "dateTime" : "2017-05-15T01:36:00.000",
      "level" : "asleep",
      "seconds" : 180
    },{
      "dateTime" : "2017-05-15T01:39:00.000",
      "level" : "restless",
      "seconds" : 60
    },{
      "dateTime" : "2017-05-15T01:40:00.000",
      "level" : "asleep",
      "seconds" : 1920
    },{
      "dateTime" : "2017-05-15T02:12:00.000",
      "level" : "restless",
      "seconds" : 60
    },{
      "dateTime" : "2017-05-15T02:13:00.000",
      "level" : "asleep",
      "seconds" : 12840
    },{
      "dateTime" : "2017-05-15T05:47:00.000",
      "level" : "restless",
      "seconds" : 60
    },{
      "dateTime" : "2017-05-15T05:48:00.000",
      "level" : "asleep",
      "seconds" : 4560
    },{
      "dateTime" : "2017-05-15T07:04:00.000",
      "level" : "restless",
      "seconds" : 60
    },{
      "dateTime" : "2017-05-15T07:05:00.000",
      "level" : "asleep",
      "seconds" : 780
    },{
      "dateTime" : "2017-05-15T07:18:00.000",
      "level" : "restless",
      "seconds" : 60
    },{
      "dateTime" : "2017-05-15T07:19:00.000",
      "level" : "asleep",
      "seconds" : 780
    },{
      "dateTime" : "2017-05-15T07:32:00.000",
      "level" : "restless",
      "seconds" : 60
    },{
      "dateTime" : "2017-05-15T07:33:00.000",
      "level" : "asleep",
      "seconds" : 1200
    },{
      "dateTime" : "2017-05-15T07:53:00.000",
      "level" : "restless",
      "seconds" : 120
    },{
      "dateTime" : "2017-05-15T07:55:00.000",
      "level" : "asleep",
      "seconds" : 2880
    }]
  },
  "mainSleep" : true
},{
  "logId" : 14663531655,
  "dateOfSleep" : "2017-05-14",
  "startTime" : "2017-05-14T02:15:30.000",
  "endTime" : "2017-05-14T08:35:30.000",
  "duration" : 22800000,
  "minutesToFallAsleep" : 0,
  "minutesAsleep" : 337,
  "minutesAwake" : 43,
  "minutesAfterWakeup" : 0,
  "timeInBed" : 380,
  "efficiency" : 89,
  "type" : "classic",
  "infoCode" : 0,
  "logType" : "auto_detected",
  "levels" : {
    "summary" : {
      "restless" : {
        "count" : 20,
        "minutes" : 43
      },
      "awake" : {
        "count" : 0,
        "minutes" : 0
      },
      "asleep" : {
        "count" : 0,
        "minutes" : 337
      }
    },
    "data" : [{
      "dateTime" : "2017-05-14T02:15:30.000",
      "level" : "asleep",
      "seconds" : 120
    },{
      "dateTime" : "2017-05-14T02:17:30.000",
      "level" : "restless",
      "seconds" : 120
    },{
      "dateTime" : "2017-05-14T02:19:30.000",
      "level" : "asleep",
      "seconds" : 120
    },{
      "dateTime" : "2017-05-14T02:21:30.000",
      "level" : "restless",
      "seconds" : 120
    },{
      "dateTime" : "2017-05-14T02:23:30.000",
      "level" : "asleep",
      "seconds" : 60
    },{
      "dateTime" : "2017-05-14T02:24:30.000",
      "level" : "restless",
      "seconds" : 240
    },{
      "dateTime" : "2017-05-14T02:28:30.000",
      "level" : "asleep",
      "seconds" : 6780
    },{
      "dateTime" : "2017-05-14T04:21:30.000",
      "level" : "restless",
      "seconds" : 60
    },{
      "dateTime" : "2017-05-14T04:22:30.000",
      "level" : "asleep",
      "seconds" : 7860
    },{
      "dateTime" : "2017-05-14T06:33:30.000",
      "level" : "restless",
      "seconds" : 60
    },{
      "dateTime" : "2017-05-14T06:34:30.000",
      "level" : "asleep",
      "seconds" : 1500
    },{
      "dateTime" : "2017-05-14T06:59:30.000",
      "level" : "restless",
      "seconds" : 180
    },{
      "dateTime" : "2017-05-14T07:02:30.000",
      "level" : "asleep",
      "seconds" : 60
    },{
      "dateTime" : "2017-05-14T07:03:30.000",
      "level" : "restless",
      "seconds" : 120
    },{
      "dateTime" : "2017-05-14T07:05:30.000",
      "level" : "asleep",
      "seconds" : 360
    },{
      "dateTime" : "2017-05-14T07:11:30.000",
      "level" : "restless",
      "seconds" : 420
    },{
      "dateTime" : "2017-05-14T07:18:30.000",
      "level" : "asleep",
      "seconds" : 60
    },{
      "dateTime" : "2017-05-14T07:19:30.000",
      "level" : "restless",
      "seconds" : 60
    },{
      "dateTime" : "2017-05-14T07:20:30.000",
      "level" : "asleep",
      "seconds" : 60
    },{
      "dateTime" : "2017-05-14T07:21:30.000",
      "level" : "restless",
      "seconds" : 60
    },{
      "dateTime" : "2017-05-14T07:22:30.000",
      "level" : "asleep",
      "seconds" : 60
    },{
      "dateTime" : "2017-05-14T07:23:30.000",
      "level" : "restless",
      "seconds" : 180
    },{
      "dateTime" : "2017-05-14T07:26:30.000",
      "level" : "asleep",
      "seconds" : 60
    },{
      "dateTime" : "2017-05-14T07:27:30.000",
      "level" : "restless",
      "seconds" : 60
    },{
      "dateTime" : "2017-05-14T07:28:30.000",
      "level" : "asleep",
      "seconds" : 60
    },{
      "dateTime" : "2017-05-14T07:29:30.000",
      "level" : "restless",
      "seconds" : 60
    },{
      "dateTime" : "2017-05-14T07:30:30.000",
      "level" : "asleep",
      "seconds" : 60
    },{
      "dateTime" : "2017-05-14T07:31:30.000",
      "level" : "restless",
      "seconds" : 60
    },{
      "dateTime" : "2017-05-14T07:32:30.000",
      "level" : "asleep",
      "seconds" : 120
    },{
      "dateTime" : "2017-05-14T07:34:30.000",
      "level" : "restless",
      "seconds" : 300
    },{
      "dateTime" : "2017-05-14T07:39:30.000",
      "level" : "asleep",
      "seconds" : 60
    },{
      "dateTime" : "2017-05-14T07:40:30.000",
      "level" : "restless",
      "seconds" : 60
    },{
      "dateTime" : "2017-05-14T07:41:30.000",
      "level" : "asleep",
      "seconds" : 180
    },{
      "dateTime" : "2017-05-14T07:44:30.000",
      "level" : "restless",
      "seconds" : 180
    },{
      "dateTime" : "2017-05-14T07:47:30.000",
      "level" : "asleep",
      "seconds" : 60
    },{
      "dateTime" : "2017-05-14T07:48:30.000",
      "level" : "restless",
      "seconds" : 60
    },{
      "dateTime" : "2017-05-14T07:49:30.000",
      "level" : "asleep",
      "seconds" : 120
    },{
      "dateTime" : "2017-05-14T07:51:30.000",
      "level" : "restless",
      "seconds" : 120
    },{
      "dateTime" : "2017-05-14T07:53:30.000",
      "level" : "asleep",
      "seconds" : 2220
    },{
      "dateTime" : "2017-05-14T08:30:30.000",
      "level" : "restless",
      "seconds" : 60
    },{
      "dateTime" : "2017-05-14T08:31:30.000",
      "level" : "asleep",
      "seconds" : 240
    }]
  },
  "mainSleep" : true
},{
  "logId" : 14663531653,
  "dateOfSleep" : "2017-05-13",
  "startTime" : "2017-05-13T00:01:30.000",
  "endTime" : "2017-05-13T09:09:00.000",
  "duration" : 32820000,
  "minutesToFallAsleep" : 0,
  "minutesAsleep" : 516,
  "minutesAwake" : 31,
  "minutesAfterWakeup" : 0,
  "timeInBed" : 547,
  "efficiency" : 94,
  "type" : "classic",
  "infoCode" : 0,
  "logType" : "auto_detected",
  "levels" : {
    "summary" : {
      "restless" : {
        "count" : 19,
        "minutes" : 31
      },
      "awake" : {
        "count" : 0,
        "minutes" : 0
      },
      "asleep" : {
        "count" : 0,
        "minutes" : 516
      }
    },
    "data" : [{
      "dateTime" : "2017-05-13T00:01:30.000",
      "level" : "asleep",
      "seconds" : 420
    },{
      "dateTime" : "2017-05-13T00:08:30.000",
      "level" : "restless",
      "seconds" : 180
    },{
      "dateTime" : "2017-05-13T00:11:30.000",
      "level" : "asleep",
      "seconds" : 60
    },{
      "dateTime" : "2017-05-13T00:12:30.000",
      "level" : "restless",
      "seconds" : 180
    },{
      "dateTime" : "2017-05-13T00:15:30.000",
      "level" : "asleep",
      "seconds" : 480
    },{
      "dateTime" : "2017-05-13T00:23:30.000",
      "level" : "restless",
      "seconds" : 120
    },{
      "dateTime" : "2017-05-13T00:25:30.000",
      "level" : "asleep",
      "seconds" : 1980
    },{
      "dateTime" : "2017-05-13T00:58:30.000",
      "level" : "restless",
      "seconds" : 60
    },{
      "dateTime" : "2017-05-13T00:59:30.000",
      "level" : "asleep",
      "seconds" : 420
    },{
      "dateTime" : "2017-05-13T01:06:30.000",
      "level" : "restless",
      "seconds" : 60
    },{
      "dateTime" : "2017-05-13T01:07:30.000",
      "level" : "asleep",
      "seconds" : 180
    },{
      "dateTime" : "2017-05-13T01:10:30.000",
      "level" : "restless",
      "seconds" : 60
    },{
      "dateTime" : "2017-05-13T01:11:30.000",
      "level" : "asleep",
      "seconds" : 2640
    },{
      "dateTime" : "2017-05-13T01:55:30.000",
      "level" : "restless",
      "seconds" : 60
    },{
      "dateTime" : "2017-05-13T01:56:30.000",
      "level" : "asleep",
      "seconds" : 3060
    },{
      "dateTime" : "2017-05-13T02:47:30.000",
      "level" : "restless",
      "seconds" : 60
    },{
      "dateTime" : "2017-05-13T02:48:30.000",
      "level" : "asleep",
      "seconds" : 3000
    },{
      "dateTime" : "2017-05-13T03:38:30.000",
      "level" : "restless",
      "seconds" : 60
    },{
      "dateTime" : "2017-05-13T03:39:30.000",
      "level" : "asleep",
      "seconds" : 180
    },{
      "dateTime" : "2017-05-13T03:42:30.000",
      "level" : "restless",
      "seconds" : 60
    },{
      "dateTime" : "2017-05-13T03:43:30.000",
      "level" : "asleep",
      "seconds" : 11880
    },{
      "dateTime" : "2017-05-13T07:01:30.000",
      "level" : "restless",
      "seconds" : 60
    },{
      "dateTime" : "2017-05-13T07:02:30.000",
      "level" : "asleep",
      "seconds" : 60
    },{
      "dateTime" : "2017-05-13T07:03:30.000",
      "level" : "restless",
      "seconds" : 60
    },{
      "dateTime" : "2017-05-13T07:04:30.000",
      "level" : "asleep",
      "seconds" : 2700
    },{
      "dateTime" : "2017-05-13T07:49:30.000",
      "level" : "restless",
      "seconds" : 120
    },{
      "dateTime" : "2017-05-13T07:51:30.000",
      "level" : "asleep",
      "seconds" : 2640
    },{
      "dateTime" : "2017-05-13T08:35:30.000",
      "level" : "restless",
      "seconds" : 120
    },{
      "dateTime" : "2017-05-13T08:37:30.000",
      "level" : "asleep",
      "seconds" : 120
    },{
      "dateTime" : "2017-05-13T08:39:30.000",
      "level" : "restless",
      "seconds" : 60
    },{
      "dateTime" : "2017-05-13T08:40:30.000",
      "level" : "asleep",
      "seconds" : 120
    },{
      "dateTime" : "2017-05-13T08:42:30.000",
      "level" : "restless",
      "seconds" : 120
    },{
      "dateTime" : "2017-05-13T08:44:30.000",
      "level" : "asleep",
      "seconds" : 120
    },{
      "dateTime" : "2017-05-13T08:46:30.000",
      "level" : "restless",
      "seconds" : 120
    },{
      "dateTime" : "2017-05-13T08:48:30.000",
      "level" : "asleep",
      "seconds" : 600
    },{
      "dateTime" : "2017-05-13T08:58:30.000",
      "level" : "restless",
      "seconds" : 180
    },{
      "dateTime" : "2017-05-13T09:01:30.000",
      "level" : "asleep",
      "seconds" : 60
    },{
      "dateTime" : "2017-05-13T09:02:30.000",
      "level" : "restless",
      "seconds" : 120
    },{
      "dateTime" : "2017-05-13T09:04:30.000",
      "level" : "asleep",
      "seconds" : 240
    }]
  },
  "mainSleep" : true
},{
  "logId" : 14624893867,
  "dateOfSleep" : "2017-05-12",
  "startTime" : "2017-05-12T02:48:30.000",
  "endTime" : "2017-05-12T07:57:30.000",
  "duration" : 18540000,
  "minutesToFallAsleep" : 0,
  "minutesAsleep" : 294,
  "minutesAwake" : 15,
  "minutesAfterWakeup" : 0,
  "timeInBed" : 309,
  "efficiency" : 95,
  "type" : "classic",
  "infoCode" : 0,
  "logType" : "auto_detected",
  "levels" : {
    "summary" : {
      "restless" : {
        "count" : 11,
        "minutes" : 14
      },
      "awake" : {
        "count" : 1,
        "minutes" : 1
      },
      "asleep" : {
        "count" : 0,
        "minutes" : 294
      }
    },
    "data" : [{
      "dateTime" : "2017-05-12T02:48:30.000",
      "level" : "restless",
      "seconds" : 120
    },{
      "dateTime" : "2017-05-12T02:50:30.000",
      "level" : "awake",
      "seconds" : 60
    },{
      "dateTime" : "2017-05-12T02:51:30.000",
      "level" : "restless",
      "seconds" : 60
    },{
      "dateTime" : "2017-05-12T02:52:30.000",
      "level" : "asleep",
      "seconds" : 1500
    },{
      "dateTime" : "2017-05-12T03:17:30.000",
      "level" : "restless",
      "seconds" : 120
    },{
      "dateTime" : "2017-05-12T03:19:30.000",
      "level" : "asleep",
      "seconds" : 180
    },{
      "dateTime" : "2017-05-12T03:22:30.000",
      "level" : "restless",
      "seconds" : 60
    },{
      "dateTime" : "2017-05-12T03:23:30.000",
      "level" : "asleep",
      "seconds" : 1560
    },{
      "dateTime" : "2017-05-12T03:49:30.000",
      "level" : "restless",
      "seconds" : 60
    },{
      "dateTime" : "2017-05-12T03:50:30.000",
      "level" : "asleep",
      "seconds" : 3420
    },{
      "dateTime" : "2017-05-12T04:47:30.000",
      "level" : "restless",
      "seconds" : 60
    },{
      "dateTime" : "2017-05-12T04:48:30.000",
      "level" : "asleep",
      "seconds" : 7860
    },{
      "dateTime" : "2017-05-12T06:59:30.000",
      "level" : "restless",
      "seconds" : 60
    },{
      "dateTime" : "2017-05-12T07:00:30.000",
      "level" : "asleep",
      "seconds" : 180
    },{
      "dateTime" : "2017-05-12T07:03:30.000",
      "level" : "restless",
      "seconds" : 60
    },{
      "dateTime" : "2017-05-12T07:04:30.000",
      "level" : "asleep",
      "seconds" : 240
    },{
      "dateTime" : "2017-05-12T07:08:30.000",
      "level" : "restless",
      "seconds" : 60
    },{
      "dateTime" : "2017-05-12T07:09:30.000",
      "level" : "asleep",
      "seconds" : 480
    },{
      "dateTime" : "2017-05-12T07:17:30.000",
      "level" : "restless",
      "seconds" : 120
    },{
      "dateTime" : "2017-05-12T07:19:30.000",
      "level" : "asleep",
      "seconds" : 120
    },{
      "dateTime" : "2017-05-12T07:21:30.000",
      "level" : "restless",
      "seconds" : 60
    },{
      "dateTime" : "2017-05-12T07:22:30.000",
      "level" : "asleep",
      "seconds" : 2100
    }]
  },
  "mainSleep" : true
},{
  "logId" : 14612756467,
  "dateOfSleep" : "2017-05-11",
  "startTime" : "2017-05-11T00:17:00.000",
  "endTime" : "2017-05-11T07:10:00.000",
  "duration" : 24780000,
  "minutesToFallAsleep" : 0,
  "minutesAsleep" : 392,
  "minutesAwake" : 21,
  "minutesAfterWakeup" : 0,
  "timeInBed" : 413,
  "efficiency" : 95,
  "type" : "classic",
  "infoCode" : 0,
  "logType" : "auto_detected",
  "levels" : {
    "summary" : {
      "restless" : {
        "count" : 8,
        "minutes" : 20
      },
      "awake" : {
        "count" : 1,
        "minutes" : 1
      },
      "asleep" : {
        "count" : 0,
        "minutes" : 392
      }
    },
    "data" : [{
      "dateTime" : "2017-05-11T00:17:00.000",
      "level" : "restless",
      "seconds" : 120
    },{
      "dateTime" : "2017-05-11T00:19:00.000",
      "level" : "asleep",
      "seconds" : 1620
    },{
      "dateTime" : "2017-05-11T00:46:00.000",
      "level" : "restless",
      "seconds" : 120
    },{
      "dateTime" : "2017-05-11T00:48:00.000",
      "level" : "asleep",
      "seconds" : 60
    },{
      "dateTime" : "2017-05-11T00:49:00.000",
      "level" : "restless",
      "seconds" : 120
    },{
      "dateTime" : "2017-05-11T00:51:00.000",
      "level" : "asleep",
      "seconds" : 240
    },{
      "dateTime" : "2017-05-11T00:55:00.000",
      "level" : "restless",
      "seconds" : 120
    },{
      "dateTime" : "2017-05-11T00:57:00.000",
      "level" : "asleep",
      "seconds" : 7080
    },{
      "dateTime" : "2017-05-11T02:55:00.000",
      "level" : "restless",
      "seconds" : 240
    },{
      "dateTime" : "2017-05-11T02:59:00.000",
      "level" : "asleep",
      "seconds" : 11160
    },{
      "dateTime" : "2017-05-11T06:05:00.000",
      "level" : "restless",
      "seconds" : 120
    },{
      "dateTime" : "2017-05-11T06:07:00.000",
      "level" : "asleep",
      "seconds" : 3300
    },{
      "dateTime" : "2017-05-11T07:02:00.000",
      "level" : "restless",
      "seconds" : 120
    },{
      "dateTime" : "2017-05-11T07:04:00.000",
      "level" : "awake",
      "seconds" : 60
    },{
      "dateTime" : "2017-05-11T07:05:00.000",
      "level" : "restless",
      "seconds" : 240
    },{
      "dateTime" : "2017-05-11T07:09:00.000",
      "level" : "asleep",
      "seconds" : 60
    }]
  },
  "mainSleep" : true
},{
  "logId" : 14602596793,
  "dateOfSleep" : "2017-05-10",
  "startTime" : "2017-05-09T23:25:00.000",
  "endTime" : "2017-05-10T06:39:30.000",
  "duration" : 26040000,
  "minutesToFallAsleep" : 0,
  "minutesAsleep" : 421,
  "minutesAwake" : 13,
  "minutesAfterWakeup" : 0,
  "timeInBed" : 434,
  "efficiency" : 97,
  "type" : "classic",
  "infoCode" : 0,
  "logType" : "auto_detected",
  "levels" : {
    "summary" : {
      "restless" : {
        "count" : 8,
        "minutes" : 13
      },
      "awake" : {
        "count" : 0,
        "minutes" : 0
      },
      "asleep" : {
        "count" : 0,
        "minutes" : 421
      }
    },
    "data" : [{
      "dateTime" : "2017-05-09T23:25:00.000",
      "level" : "asleep",
      "seconds" : 480
    },{
      "dateTime" : "2017-05-09T23:33:00.000",
      "level" : "restless",
      "seconds" : 60
    },{
      "dateTime" : "2017-05-09T23:34:00.000",
      "level" : "asleep",
      "seconds" : 1380
    },{
      "dateTime" : "2017-05-09T23:57:00.000",
      "level" : "restless",
      "seconds" : 60
    },{
      "dateTime" : "2017-05-09T23:58:00.000",
      "level" : "asleep",
      "seconds" : 120
    },{
      "dateTime" : "2017-05-10T00:00:00.000",
      "level" : "restless",
      "seconds" : 120
    },{
      "dateTime" : "2017-05-10T00:02:00.000",
      "level" : "asleep",
      "seconds" : 900
    },{
      "dateTime" : "2017-05-10T00:17:00.000",
      "level" : "restless",
      "seconds" : 60
    },{
      "dateTime" : "2017-05-10T00:18:00.000",
      "level" : "asleep",
      "seconds" : 5160
    },{
      "dateTime" : "2017-05-10T01:44:00.000",
      "level" : "restless",
      "seconds" : 180
    },{
      "dateTime" : "2017-05-10T01:47:00.000",
      "level" : "asleep",
      "seconds" : 5520
    },{
      "dateTime" : "2017-05-10T03:19:00.000",
      "level" : "restless",
      "seconds" : 60
    },{
      "dateTime" : "2017-05-10T03:20:00.000",
      "level" : "asleep",
      "seconds" : 780
    },{
      "dateTime" : "2017-05-10T03:33:00.000",
      "level" : "restless",
      "seconds" : 120
    },{
      "dateTime" : "2017-05-10T03:35:00.000",
      "level" : "asleep",
      "seconds" : 8940
    },{
      "dateTime" : "2017-05-10T06:04:00.000",
      "level" : "restless",
      "seconds" : 120
    },{
      "dateTime" : "2017-05-10T06:06:00.000",
      "level" : "asleep",
      "seconds" : 1980
    }]
  },
  "mainSleep" : true
},{
  "logId" : 14598880755,
  "dateOfSleep" : "2017-05-09",
  "startTime" : "2017-05-08T23:33:30.000",
  "endTime" : "2017-05-09T08:47:00.000",
  "duration" : 33180000,
  "minutesToFallAsleep" : 0,
  "minutesAsleep" : 528,
  "minutesAwake" : 25,
  "minutesAfterWakeup" : 0,
  "timeInBed" : 553,
  "efficiency" : 95,
  "type" : "classic",
  "infoCode" : 0,
  "logType" : "auto_detected",
  "levels" : {
    "summary" : {
      "restless" : {
        "count" : 13,
        "minutes" : 22
      },
      "awake" : {
        "count" : 2,
        "minutes" : 3
      },
      "asleep" : {
        "count" : 0,
        "minutes" : 528
      }
    },
    "data" : [{
      "dateTime" : "2017-05-08T23:33:30.000",
      "level" : "asleep",
      "seconds" : 60
    },{
      "dateTime" : "2017-05-08T23:34:30.000",
      "level" : "restless",
      "seconds" : 240
    },{
      "dateTime" : "2017-05-08T23:38:30.000",
      "level" : "asleep",
      "seconds" : 3000
    },{
      "dateTime" : "2017-05-09T00:28:30.000",
      "level" : "restless",
      "seconds" : 120
    },{
      "dateTime" : "2017-05-09T00:30:30.000",
      "level" : "asleep",
      "seconds" : 180
    },{
      "dateTime" : "2017-05-09T00:33:30.000",
      "level" : "restless",
      "seconds" : 60
    },{
      "dateTime" : "2017-05-09T00:34:30.000",
      "level" : "asleep",
      "seconds" : 11160
    },{
      "dateTime" : "2017-05-09T03:40:30.000",
      "level" : "restless",
      "seconds" : 60
    },{
      "dateTime" : "2017-05-09T03:41:30.000",
      "level" : "asleep",
      "seconds" : 1020
    },{
      "dateTime" : "2017-05-09T03:58:30.000",
      "level" : "restless",
      "seconds" : 120
    },{
      "dateTime" : "2017-05-09T04:00:30.000",
      "level" : "asleep",
      "seconds" : 2040
    },{
      "dateTime" : "2017-05-09T04:34:30.000",
      "level" : "restless",
      "seconds" : 60
    },{
      "dateTime" : "2017-05-09T04:35:30.000",
      "level" : "asleep",
      "seconds" : 1200
    },{
      "dateTime" : "2017-05-09T04:55:30.000",
      "level" : "restless",
      "seconds" : 60
    },{
      "dateTime" : "2017-05-09T04:56:30.000",
      "level" : "asleep",
      "seconds" : 4320
    },{
      "dateTime" : "2017-05-09T06:08:30.000",
      "level" : "restless",
      "seconds" : 60
    },{
      "dateTime" : "2017-05-09T06:09:30.000",
      "level" : "asleep",
      "seconds" : 3120
    },{
      "dateTime" : "2017-05-09T07:01:30.000",
      "level" : "restless",
      "seconds" : 120
    },{
      "dateTime" : "2017-05-09T07:03:30.000",
      "level" : "awake",
      "seconds" : 60
    },{
      "dateTime" : "2017-05-09T07:04:30.000",
      "level" : "asleep",
      "seconds" : 3420
    },{
      "dateTime" : "2017-05-09T08:01:30.000",
      "level" : "restless",
      "seconds" : 120
    },{
      "dateTime" : "2017-05-09T08:03:30.000",
      "level" : "awake",
      "seconds" : 120
    },{
      "dateTime" : "2017-05-09T08:05:30.000",
      "level" : "restless",
      "seconds" : 60
    },{
      "dateTime" : "2017-05-09T08:06:30.000",
      "level" : "asleep",
      "seconds" : 1560
    },{
      "dateTime" : "2017-05-09T08:32:30.000",
      "level" : "restless",
      "seconds" : 120
    },{
      "dateTime" : "2017-05-09T08:34:30.000",
      "level" : "asleep",
      "seconds" : 60
    },{
      "dateTime" : "2017-05-09T08:35:30.000",
      "level" : "restless",
      "seconds" : 120
    },{
      "dateTime" : "2017-05-09T08:37:30.000",
      "level" : "asleep",
      "seconds" : 540
    }]
  },
  "mainSleep" : true
},{
  "logId" : 14583089903,
  "dateOfSleep" : "2017-05-08",
  "startTime" : "2017-05-07T23:46:30.000",
  "endTime" : "2017-05-08T07:13:30.000",
  "duration" : 26820000,
  "minutesToFallAsleep" : 0,
  "minutesAsleep" : 430,
  "minutesAwake" : 16,
  "minutesAfterWakeup" : 1,
  "timeInBed" : 447,
  "efficiency" : 96,
  "type" : "classic",
  "infoCode" : 0,
  "logType" : "auto_detected",
  "levels" : {
    "summary" : {
      "restless" : {
        "count" : 12,
        "minutes" : 15
      },
      "awake" : {
        "count" : 1,
        "minutes" : 2
      },
      "asleep" : {
        "count" : 0,
        "minutes" : 430
      }
    },
    "data" : [{
      "dateTime" : "2017-05-07T23:46:30.000",
      "level" : "awake",
      "seconds" : 120
    },{
      "dateTime" : "2017-05-07T23:48:30.000",
      "level" : "restless",
      "seconds" : 60
    },{
      "dateTime" : "2017-05-07T23:49:30.000",
      "level" : "asleep",
      "seconds" : 60
    },{
      "dateTime" : "2017-05-07T23:50:30.000",
      "level" : "restless",
      "seconds" : 60
    },{
      "dateTime" : "2017-05-07T23:51:30.000",
      "level" : "asleep",
      "seconds" : 2400
    },{
      "dateTime" : "2017-05-08T00:31:30.000",
      "level" : "restless",
      "seconds" : 60
    },{
      "dateTime" : "2017-05-08T00:32:30.000",
      "level" : "asleep",
      "seconds" : 1620
    },{
      "dateTime" : "2017-05-08T00:59:30.000",
      "level" : "restless",
      "seconds" : 120
    },{
      "dateTime" : "2017-05-08T01:01:30.000",
      "level" : "asleep",
      "seconds" : 2700
    },{
      "dateTime" : "2017-05-08T01:46:30.000",
      "level" : "restless",
      "seconds" : 60
    },{
      "dateTime" : "2017-05-08T01:47:30.000",
      "level" : "asleep",
      "seconds" : 18000
    },{
      "dateTime" : "2017-05-08T06:47:30.000",
      "level" : "restless",
      "seconds" : 60
    },{
      "dateTime" : "2017-05-08T06:48:30.000",
      "level" : "asleep",
      "seconds" : 240
    },{
      "dateTime" : "2017-05-08T06:52:30.000",
      "level" : "restless",
      "seconds" : 120
    },{
      "dateTime" : "2017-05-08T06:54:30.000",
      "level" : "asleep",
      "seconds" : 120
    },{
      "dateTime" : "2017-05-08T06:56:30.000",
      "level" : "restless",
      "seconds" : 120
    },{
      "dateTime" : "2017-05-08T06:58:30.000",
      "level" : "asleep",
      "seconds" : 60
    },{
      "dateTime" : "2017-05-08T06:59:30.000",
      "level" : "restless",
      "seconds" : 60
    },{
      "dateTime" : "2017-05-08T07:00:30.000",
      "level" : "asleep",
      "seconds" : 60
    },{
      "dateTime" : "2017-05-08T07:01:30.000",
      "level" : "restless",
      "seconds" : 60
    },{
      "dateTime" : "2017-05-08T07:02:30.000",
      "level" : "asleep",
      "seconds" : 60
    },{
      "dateTime" : "2017-05-08T07:03:30.000",
      "level" : "restless",
      "seconds" : 60
    },{
      "dateTime" : "2017-05-08T07:04:30.000",
      "level" : "asleep",
      "seconds" : 480
    },{
      "dateTime" : "2017-05-08T07:12:30.000",
      "level" : "restless",
      "seconds" : 60
    }]
  },
  "mainSleep" : true
},{
  "logId" : 14583089902,
  "dateOfSleep" : "2017-05-07",
  "startTime" : "2017-05-06T23:14:30.000",
  "endTime" : "2017-05-07T08:16:30.000",
  "duration" : 32520000,
  "minutesToFallAsleep" : 0,
  "minutesAsleep" : 521,
  "minutesAwake" : 21,
  "minutesAfterWakeup" : 0,
  "timeInBed" : 542,
  "efficiency" : 96,
  "type" : "classic",
  "infoCode" : 0,
  "logType" : "auto_detected",
  "levels" : {
    "summary" : {
      "restless" : {
        "count" : 10,
        "minutes" : 17
      },
      "awake" : {
        "count" : 1,
        "minutes" : 4
      },
      "asleep" : {
        "count" : 0,
        "minutes" : 521
      }
    },
    "data" : [{
      "dateTime" : "2017-05-06T23:14:30.000",
      "level" : "awake",
      "seconds" : 240
    },{
      "dateTime" : "2017-05-06T23:18:30.000",
      "level" : "restless",
      "seconds" : 60
    },{
      "dateTime" : "2017-05-06T23:19:30.000",
      "level" : "asleep",
      "seconds" : 9300
    },{
      "dateTime" : "2017-05-07T01:54:30.000",
      "level" : "restless",
      "seconds" : 120
    },{
      "dateTime" : "2017-05-07T01:56:30.000",
      "level" : "asleep",
      "seconds" : 120
    },{
      "dateTime" : "2017-05-07T01:58:30.000",
      "level" : "restless",
      "seconds" : 120
    },{
      "dateTime" : "2017-05-07T02:00:30.000",
      "level" : "asleep",
      "seconds" : 10680
    },{
      "dateTime" : "2017-05-07T04:58:30.000",
      "level" : "restless",
      "seconds" : 60
    },{
      "dateTime" : "2017-05-07T04:59:30.000",
      "level" : "asleep",
      "seconds" : 3780
    },{
      "dateTime" : "2017-05-07T06:02:30.000",
      "level" : "restless",
      "seconds" : 60
    },{
      "dateTime" : "2017-05-07T06:03:30.000",
      "level" : "asleep",
      "seconds" : 1800
    },{
      "dateTime" : "2017-05-07T06:33:30.000",
      "level" : "restless",
      "seconds" : 120
    },{
      "dateTime" : "2017-05-07T06:35:30.000",
      "level" : "asleep",
      "seconds" : 120
    },{
      "dateTime" : "2017-05-07T06:37:30.000",
      "level" : "restless",
      "seconds" : 60
    },{
      "dateTime" : "2017-05-07T06:38:30.000",
      "level" : "asleep",
      "seconds" : 840
    },{
      "dateTime" : "2017-05-07T06:52:30.000",
      "level" : "restless",
      "seconds" : 120
    },{
      "dateTime" : "2017-05-07T06:54:30.000",
      "level" : "asleep",
      "seconds" : 300
    },{
      "dateTime" : "2017-05-07T06:59:30.000",
      "level" : "restless",
      "seconds" : 60
    },{
      "dateTime" : "2017-05-07T07:00:30.000",
      "level" : "asleep",
      "seconds" : 120
    },{
      "dateTime" : "2017-05-07T07:02:30.000",
      "level" : "restless",
      "seconds" : 240
    },{
      "dateTime" : "2017-05-07T07:06:30.000",
      "level" : "asleep",
      "seconds" : 4200
    }]
  },
  "mainSleep" : true
},{
  "logId" : 14566578945,
  "dateOfSleep" : "2017-05-06",
  "startTime" : "2017-05-06T01:52:00.000",
  "endTime" : "2017-05-06T07:25:00.000",
  "duration" : 19980000,
  "minutesToFallAsleep" : 0,
  "minutesAsleep" : 303,
  "minutesAwake" : 30,
  "minutesAfterWakeup" : 0,
  "timeInBed" : 333,
  "efficiency" : 91,
  "type" : "classic",
  "infoCode" : 0,
  "logType" : "auto_detected",
  "levels" : {
    "summary" : {
      "restless" : {
        "count" : 9,
        "minutes" : 27
      },
      "awake" : {
        "count" : 2,
        "minutes" : 3
      },
      "asleep" : {
        "count" : 0,
        "minutes" : 303
      }
    },
    "data" : [{
      "dateTime" : "2017-05-06T01:52:00.000",
      "level" : "restless",
      "seconds" : 600
    },{
      "dateTime" : "2017-05-06T02:02:00.000",
      "level" : "awake",
      "seconds" : 60
    },{
      "dateTime" : "2017-05-06T02:03:00.000",
      "level" : "restless",
      "seconds" : 180
    },{
      "dateTime" : "2017-05-06T02:06:00.000",
      "level" : "asleep",
      "seconds" : 2340
    },{
      "dateTime" : "2017-05-06T02:45:00.000",
      "level" : "restless",
      "seconds" : 240
    },{
      "dateTime" : "2017-05-06T02:49:00.000",
      "level" : "awake",
      "seconds" : 120
    },{
      "dateTime" : "2017-05-06T02:51:00.000",
      "level" : "restless",
      "seconds" : 60
    },{
      "dateTime" : "2017-05-06T02:52:00.000",
      "level" : "asleep",
      "seconds" : 3960
    },{
      "dateTime" : "2017-05-06T03:58:00.000",
      "level" : "restless",
      "seconds" : 120
    },{
      "dateTime" : "2017-05-06T04:00:00.000",
      "level" : "asleep",
      "seconds" : 60
    },{
      "dateTime" : "2017-05-06T04:01:00.000",
      "level" : "restless",
      "seconds" : 180
    },{
      "dateTime" : "2017-05-06T04:04:00.000",
      "level" : "asleep",
      "seconds" : 5880
    },{
      "dateTime" : "2017-05-06T05:42:00.000",
      "level" : "restless",
      "seconds" : 60
    },{
      "dateTime" : "2017-05-06T05:43:00.000",
      "level" : "asleep",
      "seconds" : 2280
    },{
      "dateTime" : "2017-05-06T06:21:00.000",
      "level" : "restless",
      "seconds" : 120
    },{
      "dateTime" : "2017-05-06T06:23:00.000",
      "level" : "asleep",
      "seconds" : 3000
    },{
      "dateTime" : "2017-05-06T07:13:00.000",
      "level" : "restless",
      "seconds" : 60
    },{
      "dateTime" : "2017-05-06T07:14:00.000",
      "level" : "asleep",
      "seconds" : 660
    }]
  },
  "mainSleep" : true
},{
  "logId" : 14566578944,
  "dateOfSleep" : "2017-05-05",
  "startTime" : "2017-05-05T00:40:00.000",
  "endTime" : "2017-05-05T07:06:30.000",
  "duration" : 23160000,
  "minutesToFallAsleep" : 0,
  "minutesAsleep" : 341,
  "minutesAwake" : 41,
  "minutesAfterWakeup" : 4,
  "timeInBed" : 386,
  "efficiency" : 89,
  "type" : "classic",
  "infoCode" : 0,
  "logType" : "auto_detected",
  "levels" : {
    "summary" : {
      "restless" : {
        "count" : 18,
        "minutes" : 39
      },
      "awake" : {
        "count" : 3,
        "minutes" : 6
      },
      "asleep" : {
        "count" : 0,
        "minutes" : 341
      }
    },
    "data" : [{
      "dateTime" : "2017-05-05T00:40:00.000",
      "level" : "restless",
      "seconds" : 120
    },{
      "dateTime" : "2017-05-05T00:42:00.000",
      "level" : "awake",
      "seconds" : 180
    },{
      "dateTime" : "2017-05-05T00:45:00.000",
      "level" : "restless",
      "seconds" : 600
    },{
      "dateTime" : "2017-05-05T00:55:00.000",
      "level" : "asleep",
      "seconds" : 4080
    },{
      "dateTime" : "2017-05-05T02:03:00.000",
      "level" : "restless",
      "seconds" : 60
    },{
      "dateTime" : "2017-05-05T02:04:00.000",
      "level" : "asleep",
      "seconds" : 2820
    },{
      "dateTime" : "2017-05-05T02:51:00.000",
      "level" : "restless",
      "seconds" : 120
    },{
      "dateTime" : "2017-05-05T02:53:00.000",
      "level" : "asleep",
      "seconds" : 1560
    },{
      "dateTime" : "2017-05-05T03:19:00.000",
      "level" : "restless",
      "seconds" : 60
    },{
      "dateTime" : "2017-05-05T03:20:00.000",
      "level" : "asleep",
      "seconds" : 1500
    },{
      "dateTime" : "2017-05-05T03:45:00.000",
      "level" : "restless",
      "seconds" : 60
    },{
      "dateTime" : "2017-05-05T03:46:00.000",
      "level" : "asleep",
      "seconds" : 180
    },{
      "dateTime" : "2017-05-05T03:49:00.000",
      "level" : "restless",
      "seconds" : 60
    },{
      "dateTime" : "2017-05-05T03:50:00.000",
      "level" : "asleep",
      "seconds" : 660
    },{
      "dateTime" : "2017-05-05T04:01:00.000",
      "level" : "restless",
      "seconds" : 60
    },{
      "dateTime" : "2017-05-05T04:02:00.000",
      "level" : "asleep",
      "seconds" : 2460
    },{
      "dateTime" : "2017-05-05T04:43:00.000",
      "level" : "restless",
      "seconds" : 60
    },{
      "dateTime" : "2017-05-05T04:44:00.000",
      "level" : "asleep",
      "seconds" : 2160
    },{
      "dateTime" : "2017-05-05T05:20:00.000",
      "level" : "restless",
      "seconds" : 180
    },{
      "dateTime" : "2017-05-05T05:23:00.000",
      "level" : "asleep",
      "seconds" : 60
    },{
      "dateTime" : "2017-05-05T05:24:00.000",
      "level" : "restless",
      "seconds" : 60
    },{
      "dateTime" : "2017-05-05T05:25:00.000",
      "level" : "asleep",
      "seconds" : 60
    },{
      "dateTime" : "2017-05-05T05:26:00.000",
      "level" : "restless",
      "seconds" : 60
    },{
      "dateTime" : "2017-05-05T05:27:00.000",
      "level" : "asleep",
      "seconds" : 2520
    },{
      "dateTime" : "2017-05-05T06:09:00.000",
      "level" : "restless",
      "seconds" : 60
    },{
      "dateTime" : "2017-05-05T06:10:00.000",
      "level" : "asleep",
      "seconds" : 240
    },{
      "dateTime" : "2017-05-05T06:14:00.000",
      "level" : "restless",
      "seconds" : 240
    },{
      "dateTime" : "2017-05-05T06:18:00.000",
      "level" : "awake",
      "seconds" : 120
    },{
      "dateTime" : "2017-05-05T06:20:00.000",
      "level" : "restless",
      "seconds" : 60
    },{
      "dateTime" : "2017-05-05T06:21:00.000",
      "level" : "asleep",
      "seconds" : 900
    },{
      "dateTime" : "2017-05-05T06:36:00.000",
      "level" : "restless",
      "seconds" : 300
    },{
      "dateTime" : "2017-05-05T06:41:00.000",
      "level" : "asleep",
      "seconds" : 1260
    },{
      "dateTime" : "2017-05-05T07:02:00.000",
      "level" : "restless",
      "seconds" : 120
    },{
      "dateTime" : "2017-05-05T07:04:00.000",
      "level" : "awake",
      "seconds" : 60
    },{
      "dateTime" : "2017-05-05T07:05:00.000",
      "level" : "restless",
      "seconds" : 60
    }]
  },
  "mainSleep" : true
},{
  "logId" : 14566578943,
  "dateOfSleep" : "2017-05-04",
  "startTime" : "2017-05-03T23:25:00.000",
  "endTime" : "2017-05-04T07:12:30.000",
  "duration" : 28020000,
  "minutesToFallAsleep" : 0,
  "minutesAsleep" : 451,
  "minutesAwake" : 16,
  "minutesAfterWakeup" : 0,
  "timeInBed" : 467,
  "efficiency" : 97,
  "type" : "classic",
  "infoCode" : 0,
  "logType" : "auto_detected",
  "levels" : {
    "summary" : {
      "restless" : {
        "count" : 12,
        "minutes" : 16
      },
      "awake" : {
        "count" : 0,
        "minutes" : 0
      },
      "asleep" : {
        "count" : 0,
        "minutes" : 451
      }
    },
    "data" : [{
      "dateTime" : "2017-05-03T23:25:00.000",
      "level" : "asleep",
      "seconds" : 8820
    },{
      "dateTime" : "2017-05-04T01:52:00.000",
      "level" : "restless",
      "seconds" : 120
    },{
      "dateTime" : "2017-05-04T01:54:00.000",
      "level" : "asleep",
      "seconds" : 120
    },{
      "dateTime" : "2017-05-04T01:56:00.000",
      "level" : "restless",
      "seconds" : 60
    },{
      "dateTime" : "2017-05-04T01:57:00.000",
      "level" : "asleep",
      "seconds" : 1020
    },{
      "dateTime" : "2017-05-04T02:14:00.000",
      "level" : "restless",
      "seconds" : 120
    },{
      "dateTime" : "2017-05-04T02:16:00.000",
      "level" : "asleep",
      "seconds" : 5700
    },{
      "dateTime" : "2017-05-04T03:51:00.000",
      "level" : "restless",
      "seconds" : 120
    },{
      "dateTime" : "2017-05-04T03:53:00.000",
      "level" : "asleep",
      "seconds" : 120
    },{
      "dateTime" : "2017-05-04T03:55:00.000",
      "level" : "restless",
      "seconds" : 120
    },{
      "dateTime" : "2017-05-04T03:57:00.000",
      "level" : "asleep",
      "seconds" : 4740
    },{
      "dateTime" : "2017-05-04T05:16:00.000",
      "level" : "restless",
      "seconds" : 60
    },{
      "dateTime" : "2017-05-04T05:17:00.000",
      "level" : "asleep",
      "seconds" : 300
    },{
      "dateTime" : "2017-05-04T05:22:00.000",
      "level" : "restless",
      "seconds" : 60
    },{
      "dateTime" : "2017-05-04T05:23:00.000",
      "level" : "asleep",
      "seconds" : 180
    },{
      "dateTime" : "2017-05-04T05:26:00.000",
      "level" : "restless",
      "seconds" : 60
    },{
      "dateTime" : "2017-05-04T05:27:00.000",
      "level" : "asleep",
      "seconds" : 1320
    },{
      "dateTime" : "2017-05-04T05:49:00.000",
      "level" : "restless",
      "seconds" : 60
    },{
      "dateTime" : "2017-05-04T05:50:00.000",
      "level" : "asleep",
      "seconds" : 4320
    },{
      "dateTime" : "2017-05-04T07:02:00.000",
      "level" : "restless",
      "seconds" : 60
    },{
      "dateTime" : "2017-05-04T07:03:00.000",
      "level" : "asleep",
      "seconds" : 60
    },{
      "dateTime" : "2017-05-04T07:04:00.000",
      "level" : "restless",
      "seconds" : 60
    },{
      "dateTime" : "2017-05-04T07:05:00.000",
      "level" : "asleep",
      "seconds" : 60
    },{
      "dateTime" : "2017-05-04T07:06:00.000",
      "level" : "restless",
      "seconds" : 60
    },{
      "dateTime" : "2017-05-04T07:07:00.000",
      "level" : "asleep",
      "seconds" : 300
    }]
  },
  "mainSleep" : true
},{
  "logId" : 14566578942,
  "dateOfSleep" : "2017-05-03",
  "startTime" : "2017-05-02T22:33:30.000",
  "endTime" : "2017-05-03T07:08:30.000",
  "duration" : 30900000,
  "minutesToFallAsleep" : 0,
  "minutesAsleep" : 490,
  "minutesAwake" : 24,
  "minutesAfterWakeup" : 1,
  "timeInBed" : 515,
  "efficiency" : 95,
  "type" : "classic",
  "infoCode" : 0,
  "logType" : "auto_detected",
  "levels" : {
    "summary" : {
      "restless" : {
        "count" : 19,
        "minutes" : 23
      },
      "awake" : {
        "count" : 2,
        "minutes" : 2
      },
      "asleep" : {
        "count" : 0,
        "minutes" : 490
      }
    },
    "data" : [{
      "dateTime" : "2017-05-02T22:33:30.000",
      "level" : "restless",
      "seconds" : 60
    },{
      "dateTime" : "2017-05-02T22:34:30.000",
      "level" : "awake",
      "seconds" : 60
    },{
      "dateTime" : "2017-05-02T22:35:30.000",
      "level" : "restless",
      "seconds" : 120
    },{
      "dateTime" : "2017-05-02T22:37:30.000",
      "level" : "asleep",
      "seconds" : 2460
    },{
      "dateTime" : "2017-05-02T23:18:30.000",
      "level" : "restless",
      "seconds" : 60
    },{
      "dateTime" : "2017-05-02T23:19:30.000",
      "level" : "asleep",
      "seconds" : 2520
    },{
      "dateTime" : "2017-05-03T00:01:30.000",
      "level" : "restless",
      "seconds" : 60
    },{
      "dateTime" : "2017-05-03T00:02:30.000",
      "level" : "asleep",
      "seconds" : 4320
    },{
      "dateTime" : "2017-05-03T01:14:30.000",
      "level" : "restless",
      "seconds" : 60
    },{
      "dateTime" : "2017-05-03T01:15:30.000",
      "level" : "asleep",
      "seconds" : 5700
    },{
      "dateTime" : "2017-05-03T02:50:30.000",
      "level" : "restless",
      "seconds" : 60
    },{
      "dateTime" : "2017-05-03T02:51:30.000",
      "level" : "asleep",
      "seconds" : 840
    },{
      "dateTime" : "2017-05-03T03:05:30.000",
      "level" : "restless",
      "seconds" : 60
    },{
      "dateTime" : "2017-05-03T03:06:30.000",
      "level" : "asleep",
      "seconds" : 2460
    },{
      "dateTime" : "2017-05-03T03:47:30.000",
      "level" : "restless",
      "seconds" : 60
    },{
      "dateTime" : "2017-05-03T03:48:30.000",
      "level" : "asleep",
      "seconds" : 420
    },{
      "dateTime" : "2017-05-03T03:55:30.000",
      "level" : "restless",
      "seconds" : 60
    },{
      "dateTime" : "2017-05-03T03:56:30.000",
      "level" : "asleep",
      "seconds" : 1440
    },{
      "dateTime" : "2017-05-03T04:20:30.000",
      "level" : "restless",
      "seconds" : 120
    },{
      "dateTime" : "2017-05-03T04:22:30.000",
      "level" : "asleep",
      "seconds" : 1800
    },{
      "dateTime" : "2017-05-03T04:52:30.000",
      "level" : "restless",
      "seconds" : 60
    },{
      "dateTime" : "2017-05-03T04:53:30.000",
      "level" : "asleep",
      "seconds" : 2100
    },{
      "dateTime" : "2017-05-03T05:28:30.000",
      "level" : "restless",
      "seconds" : 60
    },{
      "dateTime" : "2017-05-03T05:29:30.000",
      "level" : "asleep",
      "seconds" : 4140
    },{
      "dateTime" : "2017-05-03T06:38:30.000",
      "level" : "restless",
      "seconds" : 60
    },{
      "dateTime" : "2017-05-03T06:39:30.000",
      "level" : "asleep",
      "seconds" : 60
    },{
      "dateTime" : "2017-05-03T06:40:30.000",
      "level" : "restless",
      "seconds" : 120
    },{
      "dateTime" : "2017-05-03T06:42:30.000",
      "level" : "awake",
      "seconds" : 60
    },{
      "dateTime" : "2017-05-03T06:43:30.000",
      "level" : "restless",
      "seconds" : 60
    },{
      "dateTime" : "2017-05-03T06:44:30.000",
      "level" : "asleep",
      "seconds" : 180
    },{
      "dateTime" : "2017-05-03T06:47:30.000",
      "level" : "restless",
      "seconds" : 60
    },{
      "dateTime" : "2017-05-03T06:48:30.000",
      "level" : "asleep",
      "seconds" : 600
    },{
      "dateTime" : "2017-05-03T06:58:30.000",
      "level" : "restless",
      "seconds" : 120
    },{
      "dateTime" : "2017-05-03T07:00:30.000",
      "level" : "asleep",
      "seconds" : 180
    },{
      "dateTime" : "2017-05-03T07:03:30.000",
      "level" : "restless",
      "seconds" : 60
    },{
      "dateTime" : "2017-05-03T07:04:30.000",
      "level" : "asleep",
      "seconds" : 180
    },{
      "dateTime" : "2017-05-03T07:07:30.000",
      "level" : "restless",
      "seconds" : 60
    }]
  },
  "mainSleep" : true
},{
  "logId" : 14566578941,
  "dateOfSleep" : "2017-05-02",
  "startTime" : "2017-05-02T00:01:30.000",
  "endTime" : "2017-05-02T07:16:30.000",
  "duration" : 26100000,
  "minutesToFallAsleep" : 0,
  "minutesAsleep" : 420,
  "minutesAwake" : 15,
  "minutesAfterWakeup" : 0,
  "timeInBed" : 435,
  "efficiency" : 97,
  "type" : "classic",
  "infoCode" : 0,
  "logType" : "auto_detected",
  "levels" : {
    "summary" : {
      "restless" : {
        "count" : 9,
        "minutes" : 15
      },
      "awake" : {
        "count" : 0,
        "minutes" : 0
      },
      "asleep" : {
        "count" : 0,
        "minutes" : 420
      }
    },
    "data" : [{
      "dateTime" : "2017-05-02T00:01:30.000",
      "level" : "asleep",
      "seconds" : 2520
    },{
      "dateTime" : "2017-05-02T00:43:30.000",
      "level" : "restless",
      "seconds" : 60
    },{
      "dateTime" : "2017-05-02T00:44:30.000",
      "level" : "asleep",
      "seconds" : 120
    },{
      "dateTime" : "2017-05-02T00:46:30.000",
      "level" : "restless",
      "seconds" : 120
    },{
      "dateTime" : "2017-05-02T00:48:30.000",
      "level" : "asleep",
      "seconds" : 4380
    },{
      "dateTime" : "2017-05-02T02:01:30.000",
      "level" : "restless",
      "seconds" : 60
    },{
      "dateTime" : "2017-05-02T02:02:30.000",
      "level" : "asleep",
      "seconds" : 3060
    },{
      "dateTime" : "2017-05-02T02:53:30.000",
      "level" : "restless",
      "seconds" : 60
    },{
      "dateTime" : "2017-05-02T02:54:30.000",
      "level" : "asleep",
      "seconds" : 4080
    },{
      "dateTime" : "2017-05-02T04:02:30.000",
      "level" : "restless",
      "seconds" : 60
    },{
      "dateTime" : "2017-05-02T04:03:30.000",
      "level" : "asleep",
      "seconds" : 3420
    },{
      "dateTime" : "2017-05-02T05:00:30.000",
      "level" : "restless",
      "seconds" : 60
    },{
      "dateTime" : "2017-05-02T05:01:30.000",
      "level" : "asleep",
      "seconds" : 6780
    },{
      "dateTime" : "2017-05-02T06:54:30.000",
      "level" : "restless",
      "seconds" : 60
    },{
      "dateTime" : "2017-05-02T06:55:30.000",
      "level" : "asleep",
      "seconds" : 120
    },{
      "dateTime" : "2017-05-02T06:57:30.000",
      "level" : "restless",
      "seconds" : 300
    },{
      "dateTime" : "2017-05-02T07:02:30.000",
      "level" : "asleep",
      "seconds" : 60
    },{
      "dateTime" : "2017-05-02T07:03:30.000",
      "level" : "restless",
      "seconds" : 120
    },{
      "dateTime" : "2017-05-02T07:05:30.000",
      "level" : "asleep",
      "seconds" : 660
    }]
  },
  "mainSleep" : true
},{
  "logId" : 14566578940,
  "dateOfSleep" : "2017-05-01",
  "startTime" : "2017-05-01T02:16:00.000",
  "endTime" : "2017-05-01T09:08:30.000",
  "duration" : 24720000,
  "minutesToFallAsleep" : 0,
  "minutesAsleep" : 387,
  "minutesAwake" : 25,
  "minutesAfterWakeup" : 0,
  "timeInBed" : 412,
  "efficiency" : 94,
  "type" : "classic",
  "infoCode" : 0,
  "logType" : "auto_detected",
  "levels" : {
    "summary" : {
      "restless" : {
        "count" : 14,
        "minutes" : 24
      },
      "awake" : {
        "count" : 1,
        "minutes" : 1
      },
      "asleep" : {
        "count" : 0,
        "minutes" : 387
      }
    },
    "data" : [{
      "dateTime" : "2017-05-01T02:16:00.000",
      "level" : "asleep",
      "seconds" : 2520
    },{
      "dateTime" : "2017-05-01T02:58:00.000",
      "level" : "restless",
      "seconds" : 180
    },{
      "dateTime" : "2017-05-01T03:01:00.000",
      "level" : "asleep",
      "seconds" : 60
    },{
      "dateTime" : "2017-05-01T03:02:00.000",
      "level" : "restless",
      "seconds" : 60
    },{
      "dateTime" : "2017-05-01T03:03:00.000",
      "level" : "asleep",
      "seconds" : 60
    },{
      "dateTime" : "2017-05-01T03:04:00.000",
      "level" : "restless",
      "seconds" : 60
    },{
      "dateTime" : "2017-05-01T03:05:00.000",
      "level" : "asleep",
      "seconds" : 6840
    },{
      "dateTime" : "2017-05-01T04:59:00.000",
      "level" : "restless",
      "seconds" : 180
    },{
      "dateTime" : "2017-05-01T05:02:00.000",
      "level" : "asleep",
      "seconds" : 60
    },{
      "dateTime" : "2017-05-01T05:03:00.000",
      "level" : "restless",
      "seconds" : 60
    },{
      "dateTime" : "2017-05-01T05:04:00.000",
      "level" : "asleep",
      "seconds" : 60
    },{
      "dateTime" : "2017-05-01T05:05:00.000",
      "level" : "restless",
      "seconds" : 60
    },{
      "dateTime" : "2017-05-01T05:06:00.000",
      "level" : "asleep",
      "seconds" : 7620
    },{
      "dateTime" : "2017-05-01T07:13:00.000",
      "level" : "restless",
      "seconds" : 60
    },{
      "dateTime" : "2017-05-01T07:14:00.000",
      "level" : "asleep",
      "seconds" : 1800
    },{
      "dateTime" : "2017-05-01T07:44:00.000",
      "level" : "restless",
      "seconds" : 60
    },{
      "dateTime" : "2017-05-01T07:45:00.000",
      "level" : "asleep",
      "seconds" : 1560
    },{
      "dateTime" : "2017-05-01T08:11:00.000",
      "level" : "restless",
      "seconds" : 60
    },{
      "dateTime" : "2017-05-01T08:12:00.000",
      "level" : "asleep",
      "seconds" : 480
    },{
      "dateTime" : "2017-05-01T08:20:00.000",
      "level" : "restless",
      "seconds" : 60
    },{
      "dateTime" : "2017-05-01T08:21:00.000",
      "level" : "asleep",
      "seconds" : 960
    },{
      "dateTime" : "2017-05-01T08:37:00.000",
      "level" : "restless",
      "seconds" : 60
    },{
      "dateTime" : "2017-05-01T08:38:00.000",
      "level" : "asleep",
      "seconds" : 180
    },{
      "dateTime" : "2017-05-01T08:41:00.000",
      "level" : "restless",
      "seconds" : 60
    },{
      "dateTime" : "2017-05-01T08:42:00.000",
      "level" : "asleep",
      "seconds" : 840
    },{
      "dateTime" : "2017-05-01T08:56:00.000",
      "level" : "restless",
      "seconds" : 420
    },{
      "dateTime" : "2017-05-01T09:03:00.000",
      "level" : "awake",
      "seconds" : 60
    },{
      "dateTime" : "2017-05-01T09:04:00.000",
      "level" : "restless",
      "seconds" : 60
    },{
      "dateTime" : "2017-05-01T09:05:00.000",
      "level" : "asleep",
      "seconds" : 180
    }]
  },
  "mainSleep" : true
},{
  "logId" : 14506487450,
  "dateOfSleep" : "2017-04-30",
  "startTime" : "2017-04-29T22:13:00.000",
  "endTime" : "2017-04-30T06:50:00.000",
  "duration" : 31020000,
  "minutesToFallAsleep" : 0,
  "minutesAsleep" : 494,
  "minutesAwake" : 23,
  "minutesAfterWakeup" : 0,
  "timeInBed" : 517,
  "efficiency" : 96,
  "type" : "classic",
  "infoCode" : 0,
  "logType" : "auto_detected",
  "levels" : {
    "summary" : {
      "restless" : {
        "count" : 13,
        "minutes" : 21
      },
      "awake" : {
        "count" : 2,
        "minutes" : 2
      },
      "asleep" : {
        "count" : 0,
        "minutes" : 494
      }
    },
    "data" : [{
      "dateTime" : "2017-04-29T22:13:00.000",
      "level" : "restless",
      "seconds" : 240
    },{
      "dateTime" : "2017-04-29T22:17:00.000",
      "level" : "awake",
      "seconds" : 60
    },{
      "dateTime" : "2017-04-29T22:18:00.000",
      "level" : "restless",
      "seconds" : 60
    },{
      "dateTime" : "2017-04-29T22:19:00.000",
      "level" : "asleep",
      "seconds" : 1500
    },{
      "dateTime" : "2017-04-29T22:44:00.000",
      "level" : "restless",
      "seconds" : 60
    },{
      "dateTime" : "2017-04-29T22:45:00.000",
      "level" : "awake",
      "seconds" : 60
    },{
      "dateTime" : "2017-04-29T22:46:00.000",
      "level" : "asleep",
      "seconds" : 1020
    },{
      "dateTime" : "2017-04-29T23:03:00.000",
      "level" : "restless",
      "seconds" : 60
    },{
      "dateTime" : "2017-04-29T23:04:00.000",
      "level" : "asleep",
      "seconds" : 8460
    },{
      "dateTime" : "2017-04-30T01:25:00.000",
      "level" : "restless",
      "seconds" : 60
    },{
      "dateTime" : "2017-04-30T01:26:00.000",
      "level" : "asleep",
      "seconds" : 1020
    },{
      "dateTime" : "2017-04-30T01:43:00.000",
      "level" : "restless",
      "seconds" : 60
    },{
      "dateTime" : "2017-04-30T01:44:00.000",
      "level" : "asleep",
      "seconds" : 2160
    },{
      "dateTime" : "2017-04-30T02:20:00.000",
      "level" : "restless",
      "seconds" : 60
    },{
      "dateTime" : "2017-04-30T02:21:00.000",
      "level" : "asleep",
      "seconds" : 60
    },{
      "dateTime" : "2017-04-30T02:22:00.000",
      "level" : "restless",
      "seconds" : 60
    },{
      "dateTime" : "2017-04-30T02:23:00.000",
      "level" : "asleep",
      "seconds" : 1320
    },{
      "dateTime" : "2017-04-30T02:45:00.000",
      "level" : "restless",
      "seconds" : 180
    },{
      "dateTime" : "2017-04-30T02:48:00.000",
      "level" : "asleep",
      "seconds" : 6000
    },{
      "dateTime" : "2017-04-30T04:28:00.000",
      "level" : "restless",
      "seconds" : 60
    },{
      "dateTime" : "2017-04-30T04:29:00.000",
      "level" : "asleep",
      "seconds" : 1140
    },{
      "dateTime" : "2017-04-30T04:48:00.000",
      "level" : "restless",
      "seconds" : 60
    },{
      "dateTime" : "2017-04-30T04:49:00.000",
      "level" : "asleep",
      "seconds" : 6660
    },{
      "dateTime" : "2017-04-30T06:40:00.000",
      "level" : "restless",
      "seconds" : 120
    },{
      "dateTime" : "2017-04-30T06:42:00.000",
      "level" : "asleep",
      "seconds" : 60
    },{
      "dateTime" : "2017-04-30T06:43:00.000",
      "level" : "restless",
      "seconds" : 180
    },{
      "dateTime" : "2017-04-30T06:46:00.000",
      "level" : "asleep",
      "seconds" : 240
    }]
  },
  "mainSleep" : true
}]