[{
  "logId" : 11790488703,
  "dateOfSleep" : "2016-06-04",
  "startTime" : "2016-06-04T00:08:00.000",
  "endTime" : "2016-06-04T06:50:00.000",
  "duration" : 24120000,
  "minutesToFallAsleep" : 0,
  "minutesAsleep" : 375,
  "minutesAwake" : 19,
  "minutesAfterWakeup" : 1,
  "timeInBed" : 402,
  "efficiency" : 95,
  "type" : "classic",
  "infoCode" : 0,
  "logType" : "auto_detected",
  "levels" : {
    "summary" : {
      "restless" : {
        "count" : 9,
        "minutes" : 22
      },
      "awake" : {
        "count" : 1,
        "minutes" : 5
      },
      "asleep" : {
        "count" : 0,
        "minutes" : 375
      }
    },
    "data" : [{
      "dateTime" : "2016-06-04T00:08:00.000",
      "level" : "awake",
      "seconds" : 300
    },{
      "dateTime" : "2016-06-04T00:13:00.000",
      "level" : "restless",
      "seconds" : 60
    },{
      "dateTime" : "2016-06-04T00:14:00.000",
      "level" : "asleep",
      "seconds" : 4080
    },{
      "dateTime" : "2016-06-04T01:22:00.000",
      "level" : "restless",
      "seconds" : 480
    },{
      "dateTime" : "2016-06-04T01:30:00.000",
      "level" : "asleep",
      "seconds" : 420
    },{
      "dateTime" : "2016-06-04T01:37:00.000",
      "level" : "restless",
      "seconds" : 60
    },{
      "dateTime" : "2016-06-04T01:38:00.000",
      "level" : "asleep",
      "seconds" : 120
    },{
      "dateTime" : "2016-06-04T01:40:00.000",
      "level" : "restless",
      "seconds" : 60
    },{
      "dateTime" : "2016-06-04T01:41:00.000",
      "level" : "asleep",
      "seconds" : 1020
    },{
      "dateTime" : "2016-06-04T01:58:00.000",
      "level" : "restless",
      "seconds" : 360
    },{
      "dateTime" : "2016-06-04T02:04:00.000",
      "level" : "asleep",
      "seconds" : 540
    },{
      "dateTime" : "2016-06-04T02:13:00.000",
      "level" : "restless",
      "seconds" : 60
    },{
      "dateTime" : "2016-06-04T02:14:00.000",
      "level" : "asleep",
      "seconds" : 11280
    },{
      "dateTime" : "2016-06-04T05:22:00.000",
      "level" : "restless",
      "seconds" : 60
    },{
      "dateTime" : "2016-06-04T05:23:00.000",
      "level" : "asleep",
      "seconds" : 4980
    },{
      "dateTime" : "2016-06-04T06:46:00.000",
      "level" : "restless",
      "seconds" : 60
    },{
      "dateTime" : "2016-06-04T06:47:00.000",
      "level" : "asleep",
      "seconds" : 120
    },{
      "dateTime" : "2016-06-04T06:49:00.000",
      "level" : "restless",
      "seconds" : 60
    }]
  },
  "mainSleep" : true
},{
  "logId" : 11784907459,
  "dateOfSleep" : "2016-06-03",
  "startTime" : "2016-06-02T23:49:30.000",
  "endTime" : "2016-06-03T08:36:00.000",
  "duration" : 31560000,
  "minutesToFallAsleep" : 0,
  "minutesAsleep" : 489,
  "minutesAwake" : 37,
  "minutesAfterWakeup" : 0,
  "timeInBed" : 526,
  "efficiency" : 93,
  "type" : "classic",
  "infoCode" : 0,
  "logType" : "auto_detected",
  "levels" : {
    "summary" : {
      "restless" : {
        "count" : 13,
        "minutes" : 27
      },
      "awake" : {
        "count" : 4,
        "minutes" : 10
      },
      "asleep" : {
        "count" : 0,
        "minutes" : 489
      }
    },
    "data" : [{
      "dateTime" : "2016-06-02T23:49:30.000",
      "level" : "awake",
      "seconds" : 120
    },{
      "dateTime" : "2016-06-02T23:51:30.000",
      "level" : "restless",
      "seconds" : 60
    },{
      "dateTime" : "2016-06-02T23:52:30.000",
      "level" : "asleep",
      "seconds" : 960
    },{
      "dateTime" : "2016-06-03T00:08:30.000",
      "level" : "restless",
      "seconds" : 60
    },{
      "dateTime" : "2016-06-03T00:09:30.000",
      "level" : "asleep",
      "seconds" : 60
    },{
      "dateTime" : "2016-06-03T00:10:30.000",
      "level" : "restless",
      "seconds" : 120
    },{
      "dateTime" : "2016-06-03T00:12:30.000",
      "level" : "awake",
      "seconds" : 360
    },{
      "dateTime" : "2016-06-03T00:18:30.000",
      "level" : "restless",
      "seconds" : 540
    },{
      "dateTime" : "2016-06-03T00:27:30.000",
      "level" : "awake",
      "seconds" : 60
    },{
      "dateTime" : "2016-06-03T00:28:30.000",
      "level" : "restless",
      "seconds" : 60
    },{
      "dateTime" : "2016-06-03T00:29:30.000",
      "level" : "asleep",
      "seconds" : 2100
    },{
      "dateTime" : "2016-06-03T01:04:30.000",
      "level" : "restless",
      "seconds" : 120
    },{
      "dateTime" : "2016-06-03T01:06:30.000",
      "level" : "awake",
      "seconds" : 60
    },{
      "dateTime" : "2016-06-03T01:07:30.000",
      "level" : "restless",
      "seconds" : 60
    },{
      "dateTime" : "2016-06-03T01:08:30.000",
      "level" : "asleep",
      "seconds" : 5460
    },{
      "dateTime" : "2016-06-03T02:39:30.000",
      "level" : "restless",
      "seconds" : 60
    },{
      "dateTime" : "2016-06-03T02:40:30.000",
      "level" : "asleep",
      "seconds" : 2220
    },{
      "dateTime" : "2016-06-03T03:17:30.000",
      "level" : "restless",
      "seconds" : 120
    },{
      "dateTime" : "2016-06-03T03:19:30.000",
      "level" : "asleep",
      "seconds" : 11340
    },{
      "dateTime" : "2016-06-03T06:28:30.000",
      "level" : "restless",
      "seconds" : 60
    },{
      "dateTime" : "2016-06-03T06:29:30.000",
      "level" : "asleep",
      "seconds" : 1020
    },{
      "dateTime" : "2016-06-03T06:46:30.000",
      "level" : "restless",
      "seconds" : 60
    },{
      "dateTime" : "2016-06-03T06:47:30.000",
      "level" : "asleep",
      "seconds" : 60
    },{
      "dateTime" : "2016-06-03T06:48:30.000",
      "level" : "restless",
      "seconds" : 60
    },{
      "dateTime" : "2016-06-03T06:49:30.000",
      "level" : "asleep",
      "seconds" : 720
    },{
      "dateTime" : "2016-06-03T07:01:30.000",
      "level" : "restless",
      "seconds" : 240
    },{
      "dateTime" : "2016-06-03T07:05:30.000",
      "level" : "asleep",
      "seconds" : 5400
    }]
  },
  "mainSleep" : true
}]