[{
  "logId" : 10505917803,
  "dateOfSleep" : "2016-01-05",
  "startTime" : "2016-01-04T22:03:30.000",
  "endTime" : "2016-01-05T07:26:30.000",
  "duration" : 33780000,
  "minutesToFallAsleep" : 0,
  "minutesAsleep" : 542,
  "minutesAwake" : 21,
  "minutesAfterWakeup" : 0,
  "timeInBed" : 563,
  "efficiency" : 96,
  "type" : "classic",
  "infoCode" : 0,
  "logType" : "auto_detected",
  "levels" : {
    "summary" : {
      "restless" : {
        "count" : 13,
        "minutes" : 20
      },
      "awake" : {
        "count" : 1,
        "minutes" : 1
      },
      "asleep" : {
        "count" : 0,
        "minutes" : 542
      }
    },
    "data" : [{
      "dateTime" : "2016-01-04T22:03:30.000",
      "level" : "restless",
      "seconds" : 120
    },{
      "dateTime" : "2016-01-04T22:05:30.000",
      "level" : "awake",
      "seconds" : 60
    },{
      "dateTime" : "2016-01-04T22:06:30.000",
      "level" : "restless",
      "seconds" : 120
    },{
      "dateTime" : "2016-01-04T22:08:30.000",
      "level" : "asleep",
      "seconds" : 5880
    },{
      "dateTime" : "2016-01-04T23:46:30.000",
      "level" : "restless",
      "seconds" : 60
    },{
      "dateTime" : "2016-01-04T23:47:30.000",
      "level" : "asleep",
      "seconds" : 2640
    },{
      "dateTime" : "2016-01-05T00:31:30.000",
      "level" : "restless",
      "seconds" : 120
    },{
      "dateTime" : "2016-01-05T00:33:30.000",
      "level" : "asleep",
      "seconds" : 60
    },{
      "dateTime" : "2016-01-05T00:34:30.000",
      "level" : "restless",
      "seconds" : 120
    },{
      "dateTime" : "2016-01-05T00:36:30.000",
      "level" : "asleep",
      "seconds" : 1560
    },{
      "dateTime" : "2016-01-05T01:02:30.000",
      "level" : "restless",
      "seconds" : 120
    },{
      "dateTime" : "2016-01-05T01:04:30.000",
      "level" : "asleep",
      "seconds" : 900
    },{
      "dateTime" : "2016-01-05T01:19:30.000",
      "level" : "restless",
      "seconds" : 120
    },{
      "dateTime" : "2016-01-05T01:21:30.000",
      "level" : "asleep",
      "seconds" : 540
    },{
      "dateTime" : "2016-01-05T01:30:30.000",
      "level" : "restless",
      "seconds" : 60
    },{
      "dateTime" : "2016-01-05T01:31:30.000",
      "level" : "asleep",
      "seconds" : 1740
    },{
      "dateTime" : "2016-01-05T02:00:30.000",
      "level" : "restless",
      "seconds" : 60
    },{
      "dateTime" : "2016-01-05T02:01:30.000",
      "level" : "asleep",
      "seconds" : 9240
    },{
      "dateTime" : "2016-01-05T04:35:30.000",
      "level" : "restless",
      "seconds" : 60
    },{
      "dateTime" : "2016-01-05T04:36:30.000",
      "level" : "asleep",
      "seconds" : 3240
    },{
      "dateTime" : "2016-01-05T05:30:30.000",
      "level" : "restless",
      "seconds" : 60
    },{
      "dateTime" : "2016-01-05T05:31:30.000",
      "level" : "asleep",
      "seconds" : 1200
    },{
      "dateTime" : "2016-01-05T05:51:30.000",
      "level" : "restless",
      "seconds" : 120
    },{
      "dateTime" : "2016-01-05T05:53:30.000",
      "level" : "asleep",
      "seconds" : 4200
    },{
      "dateTime" : "2016-01-05T07:03:30.000",
      "level" : "restless",
      "seconds" : 60
    },{
      "dateTime" : "2016-01-05T07:04:30.000",
      "level" : "asleep",
      "seconds" : 1320
    }]
  },
  "mainSleep" : true
},{
  "logId" : 10505917802,
  "dateOfSleep" : "2016-01-04",
  "startTime" : "2016-01-03T21:56:30.000",
  "endTime" : "2016-01-04T07:36:00.000",
  "duration" : 34740000,
  "minutesToFallAsleep" : 0,
  "minutesAsleep" : 569,
  "minutesAwake" : 10,
  "minutesAfterWakeup" : 0,
  "timeInBed" : 579,
  "efficiency" : 98,
  "type" : "classic",
  "infoCode" : 0,
  "logType" : "auto_detected",
  "levels" : {
    "summary" : {
      "restless" : {
        "count" : 7,
        "minutes" : 10
      },
      "awake" : {
        "count" : 0,
        "minutes" : 0
      },
      "asleep" : {
        "count" : 0,
        "minutes" : 569
      }
    },
    "data" : [{
      "dateTime" : "2016-01-03T21:56:30.000",
      "level" : "asleep",
      "seconds" : 3240
    },{
      "dateTime" : "2016-01-03T22:50:30.000",
      "level" : "restless",
      "seconds" : 60
    },{
      "dateTime" : "2016-01-03T22:51:30.000",
      "level" : "asleep",
      "seconds" : 2220
    },{
      "dateTime" : "2016-01-03T23:28:30.000",
      "level" : "restless",
      "seconds" : 60
    },{
      "dateTime" : "2016-01-03T23:29:30.000",
      "level" : "asleep",
      "seconds" : 2040
    },{
      "dateTime" : "2016-01-04T00:03:30.000",
      "level" : "restless",
      "seconds" : 240
    },{
      "dateTime" : "2016-01-04T00:07:30.000",
      "level" : "asleep",
      "seconds" : 5880
    },{
      "dateTime" : "2016-01-04T01:45:30.000",
      "level" : "restless",
      "seconds" : 60
    },{
      "dateTime" : "2016-01-04T01:46:30.000",
      "level" : "asleep",
      "seconds" : 8340
    },{
      "dateTime" : "2016-01-04T04:05:30.000",
      "level" : "restless",
      "seconds" : 60
    },{
      "dateTime" : "2016-01-04T04:06:30.000",
      "level" : "asleep",
      "seconds" : 120
    },{
      "dateTime" : "2016-01-04T04:08:30.000",
      "level" : "restless",
      "seconds" : 60
    },{
      "dateTime" : "2016-01-04T04:09:30.000",
      "level" : "asleep",
      "seconds" : 10920
    },{
      "dateTime" : "2016-01-04T07:11:30.000",
      "level" : "restless",
      "seconds" : 60
    },{
      "dateTime" : "2016-01-04T07:12:30.000",
      "level" : "asleep",
      "seconds" : 1380
    }]
  },
  "mainSleep" : true
},{
  "logId" : 10479507851,
  "dateOfSleep" : "2016-01-03",
  "startTime" : "2016-01-02T22:47:00.000",
  "endTime" : "2016-01-03T07:24:30.000",
  "duration" : 31020000,
  "minutesToFallAsleep" : 0,
  "minutesAsleep" : 505,
  "minutesAwake" : 12,
  "minutesAfterWakeup" : 0,
  "timeInBed" : 517,
  "efficiency" : 98,
  "type" : "classic",
  "infoCode" : 0,
  "logType" : "auto_detected",
  "levels" : {
    "summary" : {
      "restless" : {
        "count" : 9,
        "minutes" : 12
      },
      "awake" : {
        "count" : 0,
        "minutes" : 0
      },
      "asleep" : {
        "count" : 0,
        "minutes" : 505
      }
    },
    "data" : [{
      "dateTime" : "2016-01-02T22:47:00.000",
      "level" : "asleep",
      "seconds" : 300
    },{
      "dateTime" : "2016-01-02T22:52:00.000",
      "level" : "restless",
      "seconds" : 60
    },{
      "dateTime" : "2016-01-02T22:53:00.000",
      "level" : "asleep",
      "seconds" : 240
    },{
      "dateTime" : "2016-01-02T22:57:00.000",
      "level" : "restless",
      "seconds" : 60
    },{
      "dateTime" : "2016-01-02T22:58:00.000",
      "level" : "asleep",
      "seconds" : 780
    },{
      "dateTime" : "2016-01-02T23:11:00.000",
      "level" : "restless",
      "seconds" : 60
    },{
      "dateTime" : "2016-01-02T23:12:00.000",
      "level" : "asleep",
      "seconds" : 480
    },{
      "dateTime" : "2016-01-02T23:20:00.000",
      "level" : "restless",
      "seconds" : 60
    },{
      "dateTime" : "2016-01-02T23:21:00.000",
      "level" : "asleep",
      "seconds" : 5280
    },{
      "dateTime" : "2016-01-03T00:49:00.000",
      "level" : "restless",
      "seconds" : 60
    },{
      "dateTime" : "2016-01-03T00:50:00.000",
      "level" : "asleep",
      "seconds" : 13500
    },{
      "dateTime" : "2016-01-03T04:35:00.000",
      "level" : "restless",
      "seconds" : 120
    },{
      "dateTime" : "2016-01-03T04:37:00.000",
      "level" : "asleep",
      "seconds" : 60
    },{
      "dateTime" : "2016-01-03T04:38:00.000",
      "level" : "restless",
      "seconds" : 60
    },{
      "dateTime" : "2016-01-03T04:39:00.000",
      "level" : "asleep",
      "seconds" : 9000
    },{
      "dateTime" : "2016-01-03T07:09:00.000",
      "level" : "restless",
      "seconds" : 120
    },{
      "dateTime" : "2016-01-03T07:11:00.000",
      "level" : "asleep",
      "seconds" : 60
    },{
      "dateTime" : "2016-01-03T07:12:00.000",
      "level" : "restless",
      "seconds" : 120
    },{
      "dateTime" : "2016-01-03T07:14:00.000",
      "level" : "asleep",
      "seconds" : 600
    }]
  },
  "mainSleep" : true
},{
  "logId" : 10471267960,
  "dateOfSleep" : "2016-01-02",
  "startTime" : "2016-01-02T01:37:00.000",
  "endTime" : "2016-01-02T08:38:30.000",
  "duration" : 25260000,
  "minutesToFallAsleep" : 0,
  "minutesAsleep" : 416,
  "minutesAwake" : 5,
  "minutesAfterWakeup" : 0,
  "timeInBed" : 421,
  "efficiency" : 99,
  "type" : "classic",
  "infoCode" : 0,
  "logType" : "auto_detected",
  "levels" : {
    "summary" : {
      "restless" : {
        "count" : 4,
        "minutes" : 7
      },
      "awake" : {
        "count" : 1,
        "minutes" : 2
      },
      "asleep" : {
        "count" : 0,
        "minutes" : 416
      }
    },
    "data" : [{
      "dateTime" : "2016-01-02T01:37:00.000",
      "level" : "awake",
      "seconds" : 120
    },{
      "dateTime" : "2016-01-02T01:39:00.000",
      "level" : "restless",
      "seconds" : 60
    },{
      "dateTime" : "2016-01-02T01:40:00.000",
      "level" : "asleep",
      "seconds" : 10140
    },{
      "dateTime" : "2016-01-02T04:29:00.000",
      "level" : "restless",
      "seconds" : 60
    },{
      "dateTime" : "2016-01-02T04:30:00.000",
      "level" : "asleep",
      "seconds" : 960
    },{
      "dateTime" : "2016-01-02T04:46:00.000",
      "level" : "restless",
      "seconds" : 60
    },{
      "dateTime" : "2016-01-02T04:47:00.000",
      "level" : "asleep",
      "seconds" : 13620
    },{
      "dateTime" : "2016-01-02T08:34:00.000",
      "level" : "restless",
      "seconds" : 240
    }]
  },
  "mainSleep" : true
},{
  "logId" : 10464853187,
  "dateOfSleep" : "2016-01-01",
  "startTime" : "2016-01-01T03:13:00.000",
  "endTime" : "2016-01-01T10:34:00.000",
  "duration" : 26460000,
  "minutesToFallAsleep" : 0,
  "minutesAsleep" : 424,
  "minutesAwake" : 17,
  "minutesAfterWakeup" : 0,
  "timeInBed" : 441,
  "efficiency" : 96,
  "type" : "classic",
  "infoCode" : 0,
  "logType" : "auto_detected",
  "levels" : {
    "summary" : {
      "restless" : {
        "count" : 11,
        "minutes" : 17
      },
      "awake" : {
        "count" : 0,
        "minutes" : 0
      },
      "asleep" : {
        "count" : 0,
        "minutes" : 424
      }
    },
    "data" : [{
      "dateTime" : "2016-01-01T03:13:00.000",
      "level" : "restless",
      "seconds" : 240
    },{
      "dateTime" : "2016-01-01T03:17:00.000",
      "level" : "asleep",
      "seconds" : 540
    },{
      "dateTime" : "2016-01-01T03:26:00.000",
      "level" : "restless",
      "seconds" : 60
    },{
      "dateTime" : "2016-01-01T03:27:00.000",
      "level" : "asleep",
      "seconds" : 60
    },{
      "dateTime" : "2016-01-01T03:28:00.000",
      "level" : "restless",
      "seconds" : 60
    },{
      "dateTime" : "2016-01-01T03:29:00.000",
      "level" : "asleep",
      "seconds" : 60
    },{
      "dateTime" : "2016-01-01T03:30:00.000",
      "level" : "restless",
      "seconds" : 180
    },{
      "dateTime" : "2016-01-01T03:33:00.000",
      "level" : "asleep",
      "seconds" : 60
    },{
      "dateTime" : "2016-01-01T03:34:00.000",
      "level" : "restless",
      "seconds" : 60
    },{
      "dateTime" : "2016-01-01T03:35:00.000",
      "level" : "asleep",
      "seconds" : 2700
    },{
      "dateTime" : "2016-01-01T04:20:00.000",
      "level" : "restless",
      "seconds" : 60
    },{
      "dateTime" : "2016-01-01T04:21:00.000",
      "level" : "asleep",
      "seconds" : 5700
    },{
      "dateTime" : "2016-01-01T05:56:00.000",
      "level" : "restless",
      "seconds" : 60
    },{
      "dateTime" : "2016-01-01T05:57:00.000",
      "level" : "asleep",
      "seconds" : 1020
    },{
      "dateTime" : "2016-01-01T06:14:00.000",
      "level" : "restless",
      "seconds" : 60
    },{
      "dateTime" : "2016-01-01T06:15:00.000",
      "level" : "asleep",
      "seconds" : 2940
    },{
      "dateTime" : "2016-01-01T07:04:00.000",
      "level" : "restless",
      "seconds" : 120
    },{
      "dateTime" : "2016-01-01T07:06:00.000",
      "level" : "asleep",
      "seconds" : 600
    },{
      "dateTime" : "2016-01-01T07:16:00.000",
      "level" : "restless",
      "seconds" : 60
    },{
      "dateTime" : "2016-01-01T07:17:00.000",
      "level" : "asleep",
      "seconds" : 300
    },{
      "dateTime" : "2016-01-01T07:22:00.000",
      "level" : "restless",
      "seconds" : 60
    },{
      "dateTime" : "2016-01-01T07:23:00.000",
      "level" : "asleep",
      "seconds" : 11460
    }]
  },
  "mainSleep" : true
},{
  "logId" : 10459860667,
  "dateOfSleep" : "2015-12-31",
  "startTime" : "2015-12-31T15:52:00.000",
  "endTime" : "2015-12-31T16:52:30.000",
  "duration" : 3600000,
  "minutesToFallAsleep" : 0,
  "minutesAsleep" : 60,
  "minutesAwake" : 0,
  "minutesAfterWakeup" : 0,
  "timeInBed" : 60,
  "efficiency" : 100,
  "type" : "classic",
  "infoCode" : 0,
  "logType" : "auto_detected",
  "levels" : {
    "summary" : {
      "restless" : {
        "count" : 0,
        "minutes" : 0
      },
      "awake" : {
        "count" : 0,
        "minutes" : 0
      },
      "asleep" : {
        "count" : 0,
        "minutes" : 60
      }
    },
    "data" : [{
      "dateTime" : "2015-12-31T15:52:00.000",
      "level" : "asleep",
      "seconds" : 3600
    }]
  },
  "mainSleep" : false
},{
  "logId" : 10456169722,
  "dateOfSleep" : "2015-12-31",
  "startTime" : "2015-12-30T23:48:30.000",
  "endTime" : "2015-12-31T01:28:30.000",
  "duration" : 6000000,
  "minutesToFallAsleep" : 0,
  "minutesAsleep" : 95,
  "minutesAwake" : 5,
  "minutesAfterWakeup" : 0,
  "timeInBed" : 100,
  "efficiency" : 95,
  "type" : "classic",
  "infoCode" : 0,
  "logType" : "auto_detected",
  "levels" : {
    "summary" : {
      "restless" : {
        "count" : 2,
        "minutes" : 5
      },
      "awake" : {
        "count" : 0,
        "minutes" : 0
      },
      "asleep" : {
        "count" : 0,
        "minutes" : 95
      }
    },
    "data" : [{
      "dateTime" : "2015-12-30T23:48:30.000",
      "level" : "asleep",
      "seconds" : 780
    },{
      "dateTime" : "2015-12-31T00:01:30.000",
      "level" : "restless",
      "seconds" : 180
    },{
      "dateTime" : "2015-12-31T00:04:30.000",
      "level" : "asleep",
      "seconds" : 780
    },{
      "dateTime" : "2015-12-31T00:17:30.000",
      "level" : "restless",
      "seconds" : 120
    },{
      "dateTime" : "2015-12-31T00:19:30.000",
      "level" : "asleep",
      "seconds" : 4140
    }]
  },
  "mainSleep" : true
},{
  "logId" : 10448717952,
  "dateOfSleep" : "2015-12-30",
  "startTime" : "2015-12-29T23:50:00.000",
  "endTime" : "2015-12-30T07:14:30.000",
  "duration" : 26640000,
  "minutesToFallAsleep" : 0,
  "minutesAsleep" : 419,
  "minutesAwake" : 25,
  "minutesAfterWakeup" : 0,
  "timeInBed" : 444,
  "efficiency" : 94,
  "type" : "classic",
  "infoCode" : 0,
  "logType" : "auto_detected",
  "levels" : {
    "summary" : {
      "restless" : {
        "count" : 7,
        "minutes" : 24
      },
      "awake" : {
        "count" : 1,
        "minutes" : 1
      },
      "asleep" : {
        "count" : 0,
        "minutes" : 419
      }
    },
    "data" : [{
      "dateTime" : "2015-12-29T23:50:00.000",
      "level" : "restless",
      "seconds" : 60
    },{
      "dateTime" : "2015-12-29T23:51:00.000",
      "level" : "asleep",
      "seconds" : 180
    },{
      "dateTime" : "2015-12-29T23:54:00.000",
      "level" : "restless",
      "seconds" : 420
    },{
      "dateTime" : "2015-12-30T00:01:00.000",
      "level" : "asleep",
      "seconds" : 180
    },{
      "dateTime" : "2015-12-30T00:04:00.000",
      "level" : "restless",
      "seconds" : 600
    },{
      "dateTime" : "2015-12-30T00:14:00.000",
      "level" : "awake",
      "seconds" : 60
    },{
      "dateTime" : "2015-12-30T00:15:00.000",
      "level" : "asleep",
      "seconds" : 1500
    },{
      "dateTime" : "2015-12-30T00:40:00.000",
      "level" : "restless",
      "seconds" : 60
    },{
      "dateTime" : "2015-12-30T00:41:00.000",
      "level" : "asleep",
      "seconds" : 1020
    },{
      "dateTime" : "2015-12-30T00:58:00.000",
      "level" : "restless",
      "seconds" : 120
    },{
      "dateTime" : "2015-12-30T01:00:00.000",
      "level" : "asleep",
      "seconds" : 60
    },{
      "dateTime" : "2015-12-30T01:01:00.000",
      "level" : "restless",
      "seconds" : 120
    },{
      "dateTime" : "2015-12-30T01:03:00.000",
      "level" : "asleep",
      "seconds" : 21660
    },{
      "dateTime" : "2015-12-30T07:04:00.000",
      "level" : "restless",
      "seconds" : 60
    },{
      "dateTime" : "2015-12-30T07:05:00.000",
      "level" : "asleep",
      "seconds" : 540
    }]
  },
  "mainSleep" : true
},{
  "logId" : 10430809844,
  "dateOfSleep" : "2015-12-29",
  "startTime" : "2015-12-29T00:10:00.000",
  "endTime" : "2015-12-29T07:32:30.000",
  "duration" : 26520000,
  "minutesToFallAsleep" : 0,
  "minutesAsleep" : 419,
  "minutesAwake" : 14,
  "minutesAfterWakeup" : 9,
  "timeInBed" : 442,
  "efficiency" : 97,
  "type" : "classic",
  "infoCode" : 0,
  "logType" : "auto_detected",
  "levels" : {
    "summary" : {
      "restless" : {
        "count" : 9,
        "minutes" : 18
      },
      "awake" : {
        "count" : 3,
        "minutes" : 5
      },
      "asleep" : {
        "count" : 0,
        "minutes" : 419
      }
    },
    "data" : [{
      "dateTime" : "2015-12-29T00:10:00.000",
      "level" : "restless",
      "seconds" : 120
    },{
      "dateTime" : "2015-12-29T00:12:00.000",
      "level" : "asleep",
      "seconds" : 60
    },{
      "dateTime" : "2015-12-29T00:13:00.000",
      "level" : "restless",
      "seconds" : 180
    },{
      "dateTime" : "2015-12-29T00:16:00.000",
      "level" : "awake",
      "seconds" : 60
    },{
      "dateTime" : "2015-12-29T00:17:00.000",
      "level" : "restless",
      "seconds" : 60
    },{
      "dateTime" : "2015-12-29T00:18:00.000",
      "level" : "awake",
      "seconds" : 60
    },{
      "dateTime" : "2015-12-29T00:19:00.000",
      "level" : "asleep",
      "seconds" : 180
    },{
      "dateTime" : "2015-12-29T00:22:00.000",
      "level" : "restless",
      "seconds" : 60
    },{
      "dateTime" : "2015-12-29T00:23:00.000",
      "level" : "asleep",
      "seconds" : 10140
    },{
      "dateTime" : "2015-12-29T03:12:00.000",
      "level" : "restless",
      "seconds" : 60
    },{
      "dateTime" : "2015-12-29T03:13:00.000",
      "level" : "asleep",
      "seconds" : 13680
    },{
      "dateTime" : "2015-12-29T07:01:00.000",
      "level" : "restless",
      "seconds" : 120
    },{
      "dateTime" : "2015-12-29T07:03:00.000",
      "level" : "asleep",
      "seconds" : 60
    },{
      "dateTime" : "2015-12-29T07:04:00.000",
      "level" : "restless",
      "seconds" : 120
    },{
      "dateTime" : "2015-12-29T07:06:00.000",
      "level" : "asleep",
      "seconds" : 1020
    },{
      "dateTime" : "2015-12-29T07:23:00.000",
      "level" : "restless",
      "seconds" : 180
    },{
      "dateTime" : "2015-12-29T07:26:00.000",
      "level" : "awake",
      "seconds" : 180
    },{
      "dateTime" : "2015-12-29T07:29:00.000",
      "level" : "restless",
      "seconds" : 180
    }]
  },
  "mainSleep" : true
},{
  "logId" : 10419877185,
  "dateOfSleep" : "2015-12-28",
  "startTime" : "2015-12-28T00:39:00.000",
  "endTime" : "2015-12-28T10:25:00.000",
  "duration" : 35160000,
  "minutesToFallAsleep" : 0,
  "minutesAsleep" : 561,
  "minutesAwake" : 22,
  "minutesAfterWakeup" : 3,
  "timeInBed" : 586,
  "efficiency" : 96,
  "type" : "classic",
  "infoCode" : 0,
  "logType" : "auto_detected",
  "levels" : {
    "summary" : {
      "restless" : {
        "count" : 8,
        "minutes" : 20
      },
      "awake" : {
        "count" : 1,
        "minutes" : 5
      },
      "asleep" : {
        "count" : 0,
        "minutes" : 561
      }
    },
    "data" : [{
      "dateTime" : "2015-12-28T00:39:00.000",
      "level" : "awake",
      "seconds" : 300
    },{
      "dateTime" : "2015-12-28T00:44:00.000",
      "level" : "restless",
      "seconds" : 60
    },{
      "dateTime" : "2015-12-28T00:45:00.000",
      "level" : "asleep",
      "seconds" : 1560
    },{
      "dateTime" : "2015-12-28T01:11:00.000",
      "level" : "restless",
      "seconds" : 300
    },{
      "dateTime" : "2015-12-28T01:16:00.000",
      "level" : "asleep",
      "seconds" : 1680
    },{
      "dateTime" : "2015-12-28T01:44:00.000",
      "level" : "restless",
      "seconds" : 180
    },{
      "dateTime" : "2015-12-28T01:47:00.000",
      "level" : "asleep",
      "seconds" : 8160
    },{
      "dateTime" : "2015-12-28T04:03:00.000",
      "level" : "restless",
      "seconds" : 60
    },{
      "dateTime" : "2015-12-28T04:04:00.000",
      "level" : "asleep",
      "seconds" : 10620
    },{
      "dateTime" : "2015-12-28T07:01:00.000",
      "level" : "restless",
      "seconds" : 300
    },{
      "dateTime" : "2015-12-28T07:06:00.000",
      "level" : "asleep",
      "seconds" : 240
    },{
      "dateTime" : "2015-12-28T07:10:00.000",
      "level" : "restless",
      "seconds" : 60
    },{
      "dateTime" : "2015-12-28T07:11:00.000",
      "level" : "asleep",
      "seconds" : 6480
    },{
      "dateTime" : "2015-12-28T08:59:00.000",
      "level" : "restless",
      "seconds" : 60
    },{
      "dateTime" : "2015-12-28T09:00:00.000",
      "level" : "asleep",
      "seconds" : 4920
    },{
      "dateTime" : "2015-12-28T10:22:00.000",
      "level" : "restless",
      "seconds" : 180
    }]
  },
  "mainSleep" : true
},{
  "logId" : 10415760360,
  "dateOfSleep" : "2015-12-27",
  "startTime" : "2015-12-27T19:49:30.000",
  "endTime" : "2015-12-27T21:05:00.000",
  "duration" : 4500000,
  "minutesToFallAsleep" : 0,
  "minutesAsleep" : 68,
  "minutesAwake" : 7,
  "minutesAfterWakeup" : 0,
  "timeInBed" : 75,
  "efficiency" : 91,
  "type" : "classic",
  "infoCode" : 0,
  "logType" : "auto_detected",
  "levels" : {
    "summary" : {
      "restless" : {
        "count" : 4,
        "minutes" : 7
      },
      "awake" : {
        "count" : 0,
        "minutes" : 0
      },
      "asleep" : {
        "count" : 0,
        "minutes" : 68
      }
    },
    "data" : [{
      "dateTime" : "2015-12-27T19:49:30.000",
      "level" : "asleep",
      "seconds" : 60
    },{
      "dateTime" : "2015-12-27T19:50:30.000",
      "level" : "restless",
      "seconds" : 120
    },{
      "dateTime" : "2015-12-27T19:52:30.000",
      "level" : "asleep",
      "seconds" : 300
    },{
      "dateTime" : "2015-12-27T19:57:30.000",
      "level" : "restless",
      "seconds" : 120
    },{
      "dateTime" : "2015-12-27T19:59:30.000",
      "level" : "asleep",
      "seconds" : 60
    },{
      "dateTime" : "2015-12-27T20:00:30.000",
      "level" : "restless",
      "seconds" : 60
    },{
      "dateTime" : "2015-12-27T20:01:30.000",
      "level" : "asleep",
      "seconds" : 3120
    },{
      "dateTime" : "2015-12-27T20:53:30.000",
      "level" : "restless",
      "seconds" : 120
    },{
      "dateTime" : "2015-12-27T20:55:30.000",
      "level" : "asleep",
      "seconds" : 540
    }]
  },
  "mainSleep" : false
},{
  "logId" : 10414545079,
  "dateOfSleep" : "2015-12-27",
  "startTime" : "2015-12-27T00:29:00.000",
  "endTime" : "2015-12-27T10:11:00.000",
  "duration" : 34920000,
  "minutesToFallAsleep" : 0,
  "minutesAsleep" : 558,
  "minutesAwake" : 24,
  "minutesAfterWakeup" : 0,
  "timeInBed" : 582,
  "efficiency" : 96,
  "type" : "classic",
  "infoCode" : 0,
  "logType" : "auto_detected",
  "levels" : {
    "summary" : {
      "restless" : {
        "count" : 13,
        "minutes" : 23
      },
      "awake" : {
        "count" : 1,
        "minutes" : 1
      },
      "asleep" : {
        "count" : 0,
        "minutes" : 558
      }
    },
    "data" : [{
      "dateTime" : "2015-12-27T00:29:00.000",
      "level" : "asleep",
      "seconds" : 60
    },{
      "dateTime" : "2015-12-27T00:30:00.000",
      "level" : "restless",
      "seconds" : 360
    },{
      "dateTime" : "2015-12-27T00:36:00.000",
      "level" : "asleep",
      "seconds" : 600
    },{
      "dateTime" : "2015-12-27T00:46:00.000",
      "level" : "restless",
      "seconds" : 120
    },{
      "dateTime" : "2015-12-27T00:48:00.000",
      "level" : "asleep",
      "seconds" : 420
    },{
      "dateTime" : "2015-12-27T00:55:00.000",
      "level" : "restless",
      "seconds" : 60
    },{
      "dateTime" : "2015-12-27T00:56:00.000",
      "level" : "asleep",
      "seconds" : 3180
    },{
      "dateTime" : "2015-12-27T01:49:00.000",
      "level" : "restless",
      "seconds" : 120
    },{
      "dateTime" : "2015-12-27T01:51:00.000",
      "level" : "asleep",
      "seconds" : 60
    },{
      "dateTime" : "2015-12-27T01:52:00.000",
      "level" : "restless",
      "seconds" : 60
    },{
      "dateTime" : "2015-12-27T01:53:00.000",
      "level" : "asleep",
      "seconds" : 3660
    },{
      "dateTime" : "2015-12-27T02:54:00.000",
      "level" : "restless",
      "seconds" : 60
    },{
      "dateTime" : "2015-12-27T02:55:00.000",
      "level" : "asleep",
      "seconds" : 10860
    },{
      "dateTime" : "2015-12-27T05:56:00.000",
      "level" : "restless",
      "seconds" : 60
    },{
      "dateTime" : "2015-12-27T05:57:00.000",
      "level" : "asleep",
      "seconds" : 3840
    },{
      "dateTime" : "2015-12-27T07:01:00.000",
      "level" : "restless",
      "seconds" : 180
    },{
      "dateTime" : "2015-12-27T07:04:00.000",
      "level" : "awake",
      "seconds" : 60
    },{
      "dateTime" : "2015-12-27T07:05:00.000",
      "level" : "restless",
      "seconds" : 60
    },{
      "dateTime" : "2015-12-27T07:06:00.000",
      "level" : "asleep",
      "seconds" : 4860
    },{
      "dateTime" : "2015-12-27T08:27:00.000",
      "level" : "restless",
      "seconds" : 60
    },{
      "dateTime" : "2015-12-27T08:28:00.000",
      "level" : "asleep",
      "seconds" : 540
    },{
      "dateTime" : "2015-12-27T08:37:00.000",
      "level" : "restless",
      "seconds" : 60
    },{
      "dateTime" : "2015-12-27T08:38:00.000",
      "level" : "asleep",
      "seconds" : 1800
    },{
      "dateTime" : "2015-12-27T09:08:00.000",
      "level" : "restless",
      "seconds" : 60
    },{
      "dateTime" : "2015-12-27T09:09:00.000",
      "level" : "asleep",
      "seconds" : 60
    },{
      "dateTime" : "2015-12-27T09:10:00.000",
      "level" : "restless",
      "seconds" : 120
    },{
      "dateTime" : "2015-12-27T09:12:00.000",
      "level" : "asleep",
      "seconds" : 3540
    }]
  },
  "mainSleep" : true
},{
  "logId" : 10406470520,
  "dateOfSleep" : "2015-12-26",
  "startTime" : "2015-12-26T00:03:00.000",
  "endTime" : "2015-12-26T06:59:30.000",
  "duration" : 24960000,
  "minutesToFallAsleep" : 0,
  "minutesAsleep" : 410,
  "minutesAwake" : 6,
  "minutesAfterWakeup" : 0,
  "timeInBed" : 416,
  "efficiency" : 99,
  "type" : "classic",
  "infoCode" : 0,
  "logType" : "auto_detected",
  "levels" : {
    "summary" : {
      "restless" : {
        "count" : 4,
        "minutes" : 5
      },
      "awake" : {
        "count" : 1,
        "minutes" : 1
      },
      "asleep" : {
        "count" : 0,
        "minutes" : 410
      }
    },
    "data" : [{
      "dateTime" : "2015-12-26T00:03:00.000",
      "level" : "restless",
      "seconds" : 60
    },{
      "dateTime" : "2015-12-26T00:04:00.000",
      "level" : "awake",
      "seconds" : 60
    },{
      "dateTime" : "2015-12-26T00:05:00.000",
      "level" : "asleep",
      "seconds" : 60
    },{
      "dateTime" : "2015-12-26T00:06:00.000",
      "level" : "restless",
      "seconds" : 60
    },{
      "dateTime" : "2015-12-26T00:07:00.000",
      "level" : "asleep",
      "seconds" : 2580
    },{
      "dateTime" : "2015-12-26T00:50:00.000",
      "level" : "restless",
      "seconds" : 120
    },{
      "dateTime" : "2015-12-26T00:52:00.000",
      "level" : "asleep",
      "seconds" : 20040
    },{
      "dateTime" : "2015-12-26T06:26:00.000",
      "level" : "restless",
      "seconds" : 60
    },{
      "dateTime" : "2015-12-26T06:27:00.000",
      "level" : "asleep",
      "seconds" : 1920
    }]
  },
  "mainSleep" : true
},{
  "logId" : 10400344844,
  "dateOfSleep" : "2015-12-25",
  "startTime" : "2015-12-25T00:32:00.000",
  "endTime" : "2015-12-25T08:07:30.000",
  "duration" : 27300000,
  "minutesToFallAsleep" : 0,
  "minutesAsleep" : 442,
  "minutesAwake" : 13,
  "minutesAfterWakeup" : 0,
  "timeInBed" : 455,
  "efficiency" : 97,
  "type" : "classic",
  "infoCode" : 0,
  "logType" : "auto_detected",
  "levels" : {
    "summary" : {
      "restless" : {
        "count" : 4,
        "minutes" : 11
      },
      "awake" : {
        "count" : 1,
        "minutes" : 2
      },
      "asleep" : {
        "count" : 0,
        "minutes" : 442
      }
    },
    "data" : [{
      "dateTime" : "2015-12-25T00:32:00.000",
      "level" : "awake",
      "seconds" : 120
    },{
      "dateTime" : "2015-12-25T00:34:00.000",
      "level" : "restless",
      "seconds" : 180
    },{
      "dateTime" : "2015-12-25T00:37:00.000",
      "level" : "asleep",
      "seconds" : 7680
    },{
      "dateTime" : "2015-12-25T02:45:00.000",
      "level" : "restless",
      "seconds" : 60
    },{
      "dateTime" : "2015-12-25T02:46:00.000",
      "level" : "asleep",
      "seconds" : 15240
    },{
      "dateTime" : "2015-12-25T07:00:00.000",
      "level" : "restless",
      "seconds" : 360
    },{
      "dateTime" : "2015-12-25T07:06:00.000",
      "level" : "asleep",
      "seconds" : 600
    },{
      "dateTime" : "2015-12-25T07:16:00.000",
      "level" : "restless",
      "seconds" : 60
    },{
      "dateTime" : "2015-12-25T07:17:00.000",
      "level" : "asleep",
      "seconds" : 3000
    }]
  },
  "mainSleep" : true
},{
  "logId" : 10392700780,
  "dateOfSleep" : "2015-12-25",
  "startTime" : "2015-12-24T22:30:00.000",
  "endTime" : "2015-12-25T00:03:00.000",
  "duration" : 5580000,
  "minutesToFallAsleep" : 0,
  "minutesAsleep" : 87,
  "minutesAwake" : 6,
  "minutesAfterWakeup" : 0,
  "timeInBed" : 93,
  "efficiency" : 94,
  "type" : "classic",
  "infoCode" : 0,
  "logType" : "auto_detected",
  "levels" : {
    "summary" : {
      "restless" : {
        "count" : 3,
        "minutes" : 4
      },
      "awake" : {
        "count" : 1,
        "minutes" : 2
      },
      "asleep" : {
        "count" : 0,
        "minutes" : 87
      }
    },
    "data" : [{
      "dateTime" : "2015-12-24T22:30:00.000",
      "level" : "awake",
      "seconds" : 120
    },{
      "dateTime" : "2015-12-24T22:32:00.000",
      "level" : "restless",
      "seconds" : 120
    },{
      "dateTime" : "2015-12-24T22:34:00.000",
      "level" : "asleep",
      "seconds" : 480
    },{
      "dateTime" : "2015-12-24T22:42:00.000",
      "level" : "restless",
      "seconds" : 60
    },{
      "dateTime" : "2015-12-24T22:43:00.000",
      "level" : "asleep",
      "seconds" : 120
    },{
      "dateTime" : "2015-12-24T22:45:00.000",
      "level" : "restless",
      "seconds" : 60
    },{
      "dateTime" : "2015-12-24T22:46:00.000",
      "level" : "asleep",
      "seconds" : 4620
    }]
  },
  "mainSleep" : false
},{
  "logId" : 10389479931,
  "dateOfSleep" : "2015-12-24",
  "startTime" : "2015-12-24T01:29:00.000",
  "endTime" : "2015-12-24T07:03:00.000",
  "duration" : 20040000,
  "minutesToFallAsleep" : 0,
  "minutesAsleep" : 326,
  "minutesAwake" : 8,
  "minutesAfterWakeup" : 0,
  "timeInBed" : 334,
  "efficiency" : 98,
  "type" : "classic",
  "infoCode" : 0,
  "logType" : "auto_detected",
  "levels" : {
    "summary" : {
      "restless" : {
        "count" : 4,
        "minutes" : 8
      },
      "awake" : {
        "count" : 0,
        "minutes" : 0
      },
      "asleep" : {
        "count" : 0,
        "minutes" : 326
      }
    },
    "data" : [{
      "dateTime" : "2015-12-24T01:29:00.000",
      "level" : "restless",
      "seconds" : 300
    },{
      "dateTime" : "2015-12-24T01:34:00.000",
      "level" : "asleep",
      "seconds" : 2280
    },{
      "dateTime" : "2015-12-24T02:12:00.000",
      "level" : "restless",
      "seconds" : 60
    },{
      "dateTime" : "2015-12-24T02:13:00.000",
      "level" : "asleep",
      "seconds" : 120
    },{
      "dateTime" : "2015-12-24T02:15:00.000",
      "level" : "restless",
      "seconds" : 60
    },{
      "dateTime" : "2015-12-24T02:16:00.000",
      "level" : "asleep",
      "seconds" : 4920
    },{
      "dateTime" : "2015-12-24T03:38:00.000",
      "level" : "restless",
      "seconds" : 60
    },{
      "dateTime" : "2015-12-24T03:39:00.000",
      "level" : "asleep",
      "seconds" : 12240
    }]
  },
  "mainSleep" : true
},{
  "logId" : 10388258336,
  "dateOfSleep" : "2015-12-24",
  "startTime" : "2015-12-23T23:59:00.000",
  "endTime" : "2015-12-24T01:23:00.000",
  "duration" : 5040000,
  "minutesToFallAsleep" : 0,
  "minutesAsleep" : 83,
  "minutesAwake" : 1,
  "minutesAfterWakeup" : 0,
  "timeInBed" : 84,
  "efficiency" : 99,
  "type" : "classic",
  "infoCode" : 0,
  "logType" : "auto_detected",
  "levels" : {
    "summary" : {
      "restless" : {
        "count" : 0,
        "minutes" : 0
      },
      "awake" : {
        "count" : 1,
        "minutes" : 1
      },
      "asleep" : {
        "count" : 0,
        "minutes" : 83
      }
    },
    "data" : [{
      "dateTime" : "2015-12-23T23:59:00.000",
      "level" : "asleep",
      "seconds" : 720
    },{
      "dateTime" : "2015-12-24T00:11:00.000",
      "level" : "awake",
      "seconds" : 60
    },{
      "dateTime" : "2015-12-24T00:12:00.000",
      "level" : "asleep",
      "seconds" : 4260
    }]
  },
  "mainSleep" : false
},{
  "logId" : 10387462646,
  "dateOfSleep" : "2015-12-23",
  "startTime" : "2015-12-23T20:12:00.000",
  "endTime" : "2015-12-23T21:53:00.000",
  "duration" : 6060000,
  "minutesToFallAsleep" : 0,
  "minutesAsleep" : 100,
  "minutesAwake" : 1,
  "minutesAfterWakeup" : 0,
  "timeInBed" : 101,
  "efficiency" : 99,
  "type" : "classic",
  "infoCode" : 0,
  "logType" : "auto_detected",
  "levels" : {
    "summary" : {
      "restless" : {
        "count" : 1,
        "minutes" : 1
      },
      "awake" : {
        "count" : 0,
        "minutes" : 0
      },
      "asleep" : {
        "count" : 0,
        "minutes" : 100
      }
    },
    "data" : [{
      "dateTime" : "2015-12-23T20:12:00.000",
      "level" : "asleep",
      "seconds" : 2640
    },{
      "dateTime" : "2015-12-23T20:56:00.000",
      "level" : "restless",
      "seconds" : 60
    },{
      "dateTime" : "2015-12-23T20:57:00.000",
      "level" : "asleep",
      "seconds" : 3360
    }]
  },
  "mainSleep" : false
},{
  "logId" : 10383238318,
  "dateOfSleep" : "2015-12-23",
  "startTime" : "2015-12-22T23:45:00.000",
  "endTime" : "2015-12-23T06:58:30.000",
  "duration" : 25980000,
  "minutesToFallAsleep" : 0,
  "minutesAsleep" : 419,
  "minutesAwake" : 14,
  "minutesAfterWakeup" : 0,
  "timeInBed" : 433,
  "efficiency" : 97,
  "type" : "classic",
  "infoCode" : 0,
  "logType" : "auto_detected",
  "levels" : {
    "summary" : {
      "restless" : {
        "count" : 4,
        "minutes" : 8
      },
      "awake" : {
        "count" : 2,
        "minutes" : 6
      },
      "asleep" : {
        "count" : 0,
        "minutes" : 419
      }
    },
    "data" : [{
      "dateTime" : "2015-12-22T23:45:00.000",
      "level" : "awake",
      "seconds" : 240
    },{
      "dateTime" : "2015-12-22T23:49:00.000",
      "level" : "restless",
      "seconds" : 120
    },{
      "dateTime" : "2015-12-22T23:51:00.000",
      "level" : "asleep",
      "seconds" : 2280
    },{
      "dateTime" : "2015-12-23T00:29:00.000",
      "level" : "restless",
      "seconds" : 240
    },{
      "dateTime" : "2015-12-23T00:33:00.000",
      "level" : "awake",
      "seconds" : 120
    },{
      "dateTime" : "2015-12-23T00:35:00.000",
      "level" : "asleep",
      "seconds" : 7260
    },{
      "dateTime" : "2015-12-23T02:36:00.000",
      "level" : "restless",
      "seconds" : 60
    },{
      "dateTime" : "2015-12-23T02:37:00.000",
      "level" : "asleep",
      "seconds" : 5100
    },{
      "dateTime" : "2015-12-23T04:02:00.000",
      "level" : "restless",
      "seconds" : 60
    },{
      "dateTime" : "2015-12-23T04:03:00.000",
      "level" : "asleep",
      "seconds" : 10500
    }]
  },
  "mainSleep" : true
},{
  "logId" : 10378241784,
  "dateOfSleep" : "2015-12-22",
  "startTime" : "2015-12-22T00:12:00.000",
  "endTime" : "2015-12-22T06:22:30.000",
  "duration" : 22200000,
  "minutesToFallAsleep" : 0,
  "minutesAsleep" : 361,
  "minutesAwake" : 9,
  "minutesAfterWakeup" : 0,
  "timeInBed" : 370,
  "efficiency" : 98,
  "type" : "classic",
  "infoCode" : 0,
  "logType" : "auto_detected",
  "levels" : {
    "summary" : {
      "restless" : {
        "count" : 4,
        "minutes" : 5
      },
      "awake" : {
        "count" : 1,
        "minutes" : 4
      },
      "asleep" : {
        "count" : 0,
        "minutes" : 361
      }
    },
    "data" : [{
      "dateTime" : "2015-12-22T00:12:00.000",
      "level" : "awake",
      "seconds" : 240
    },{
      "dateTime" : "2015-12-22T00:16:00.000",
      "level" : "restless",
      "seconds" : 60
    },{
      "dateTime" : "2015-12-22T00:17:00.000",
      "level" : "asleep",
      "seconds" : 3120
    },{
      "dateTime" : "2015-12-22T01:09:00.000",
      "level" : "restless",
      "seconds" : 60
    },{
      "dateTime" : "2015-12-22T01:10:00.000",
      "level" : "asleep",
      "seconds" : 6780
    },{
      "dateTime" : "2015-12-22T03:03:00.000",
      "level" : "restless",
      "seconds" : 120
    },{
      "dateTime" : "2015-12-22T03:05:00.000",
      "level" : "asleep",
      "seconds" : 3060
    },{
      "dateTime" : "2015-12-22T03:56:00.000",
      "level" : "restless",
      "seconds" : 60
    },{
      "dateTime" : "2015-12-22T03:57:00.000",
      "level" : "asleep",
      "seconds" : 8700
    }]
  },
  "mainSleep" : true
},{
  "logId" : 10373545637,
  "dateOfSleep" : "2015-12-21",
  "startTime" : "2015-12-20T23:25:00.000",
  "endTime" : "2015-12-21T07:25:00.000",
  "duration" : 28800000,
  "minutesToFallAsleep" : 0,
  "minutesAsleep" : 452,
  "minutesAwake" : 28,
  "minutesAfterWakeup" : 0,
  "timeInBed" : 480,
  "efficiency" : 94,
  "type" : "classic",
  "infoCode" : 0,
  "logType" : "auto_detected",
  "levels" : {
    "summary" : {
      "restless" : {
        "count" : 10,
        "minutes" : 26
      },
      "awake" : {
        "count" : 1,
        "minutes" : 2
      },
      "asleep" : {
        "count" : 0,
        "minutes" : 452
      }
    },
    "data" : [{
      "dateTime" : "2015-12-20T23:25:00.000",
      "level" : "restless",
      "seconds" : 120
    },{
      "dateTime" : "2015-12-20T23:27:00.000",
      "level" : "awake",
      "seconds" : 120
    },{
      "dateTime" : "2015-12-20T23:29:00.000",
      "level" : "restless",
      "seconds" : 240
    },{
      "dateTime" : "2015-12-20T23:33:00.000",
      "level" : "asleep",
      "seconds" : 60
    },{
      "dateTime" : "2015-12-20T23:34:00.000",
      "level" : "restless",
      "seconds" : 420
    },{
      "dateTime" : "2015-12-20T23:41:00.000",
      "level" : "asleep",
      "seconds" : 60
    },{
      "dateTime" : "2015-12-20T23:42:00.000",
      "level" : "restless",
      "seconds" : 60
    },{
      "dateTime" : "2015-12-20T23:43:00.000",
      "level" : "asleep",
      "seconds" : 420
    },{
      "dateTime" : "2015-12-20T23:50:00.000",
      "level" : "restless",
      "seconds" : 60
    },{
      "dateTime" : "2015-12-20T23:51:00.000",
      "level" : "asleep",
      "seconds" : 60
    },{
      "dateTime" : "2015-12-20T23:52:00.000",
      "level" : "restless",
      "seconds" : 300
    },{
      "dateTime" : "2015-12-20T23:57:00.000",
      "level" : "asleep",
      "seconds" : 6300
    },{
      "dateTime" : "2015-12-21T01:42:00.000",
      "level" : "restless",
      "seconds" : 60
    },{
      "dateTime" : "2015-12-21T01:43:00.000",
      "level" : "asleep",
      "seconds" : 10620
    },{
      "dateTime" : "2015-12-21T04:40:00.000",
      "level" : "restless",
      "seconds" : 180
    },{
      "dateTime" : "2015-12-21T04:43:00.000",
      "level" : "asleep",
      "seconds" : 120
    },{
      "dateTime" : "2015-12-21T04:45:00.000",
      "level" : "restless",
      "seconds" : 60
    },{
      "dateTime" : "2015-12-21T04:46:00.000",
      "level" : "asleep",
      "seconds" : 8040
    },{
      "dateTime" : "2015-12-21T07:00:00.000",
      "level" : "restless",
      "seconds" : 60
    },{
      "dateTime" : "2015-12-21T07:01:00.000",
      "level" : "asleep",
      "seconds" : 1440
    }]
  },
  "mainSleep" : true
},{
  "logId" : 10369297471,
  "dateOfSleep" : "2015-12-20",
  "startTime" : "2015-12-19T22:32:00.000",
  "endTime" : "2015-12-20T09:34:00.000",
  "duration" : 39720000,
  "minutesToFallAsleep" : 0,
  "minutesAsleep" : 634,
  "minutesAwake" : 28,
  "minutesAfterWakeup" : 0,
  "timeInBed" : 662,
  "efficiency" : 96,
  "type" : "classic",
  "infoCode" : 0,
  "logType" : "auto_detected",
  "levels" : {
    "summary" : {
      "restless" : {
        "count" : 10,
        "minutes" : 23
      },
      "awake" : {
        "count" : 1,
        "minutes" : 5
      },
      "asleep" : {
        "count" : 0,
        "minutes" : 634
      }
    },
    "data" : [{
      "dateTime" : "2015-12-19T22:32:00.000",
      "level" : "awake",
      "seconds" : 300
    },{
      "dateTime" : "2015-12-19T22:37:00.000",
      "level" : "restless",
      "seconds" : 120
    },{
      "dateTime" : "2015-12-19T22:39:00.000",
      "level" : "asleep",
      "seconds" : 7380
    },{
      "dateTime" : "2015-12-20T00:42:00.000",
      "level" : "restless",
      "seconds" : 120
    },{
      "dateTime" : "2015-12-20T00:44:00.000",
      "level" : "asleep",
      "seconds" : 60
    },{
      "dateTime" : "2015-12-20T00:45:00.000",
      "level" : "restless",
      "seconds" : 60
    },{
      "dateTime" : "2015-12-20T00:46:00.000",
      "level" : "asleep",
      "seconds" : 2820
    },{
      "dateTime" : "2015-12-20T01:33:00.000",
      "level" : "restless",
      "seconds" : 120
    },{
      "dateTime" : "2015-12-20T01:35:00.000",
      "level" : "asleep",
      "seconds" : 2220
    },{
      "dateTime" : "2015-12-20T02:12:00.000",
      "level" : "restless",
      "seconds" : 120
    },{
      "dateTime" : "2015-12-20T02:14:00.000",
      "level" : "asleep",
      "seconds" : 60
    },{
      "dateTime" : "2015-12-20T02:15:00.000",
      "level" : "restless",
      "seconds" : 60
    },{
      "dateTime" : "2015-12-20T02:16:00.000",
      "level" : "asleep",
      "seconds" : 16740
    },{
      "dateTime" : "2015-12-20T06:55:00.000",
      "level" : "restless",
      "seconds" : 60
    },{
      "dateTime" : "2015-12-20T06:56:00.000",
      "level" : "asleep",
      "seconds" : 7020
    },{
      "dateTime" : "2015-12-20T08:53:00.000",
      "level" : "restless",
      "seconds" : 540
    },{
      "dateTime" : "2015-12-20T09:02:00.000",
      "level" : "asleep",
      "seconds" : 360
    },{
      "dateTime" : "2015-12-20T09:08:00.000",
      "level" : "restless",
      "seconds" : 60
    },{
      "dateTime" : "2015-12-20T09:09:00.000",
      "level" : "asleep",
      "seconds" : 420
    },{
      "dateTime" : "2015-12-20T09:16:00.000",
      "level" : "restless",
      "seconds" : 120
    },{
      "dateTime" : "2015-12-20T09:18:00.000",
      "level" : "asleep",
      "seconds" : 960
    }]
  },
  "mainSleep" : true
},{
  "logId" : 10364819447,
  "dateOfSleep" : "2015-12-19",
  "startTime" : "2015-12-19T01:34:30.000",
  "endTime" : "2015-12-19T08:52:00.000",
  "duration" : 26220000,
  "minutesToFallAsleep" : 0,
  "minutesAsleep" : 424,
  "minutesAwake" : 13,
  "minutesAfterWakeup" : 0,
  "timeInBed" : 437,
  "efficiency" : 97,
  "type" : "classic",
  "infoCode" : 0,
  "logType" : "auto_detected",
  "levels" : {
    "summary" : {
      "restless" : {
        "count" : 10,
        "minutes" : 12
      },
      "awake" : {
        "count" : 1,
        "minutes" : 1
      },
      "asleep" : {
        "count" : 0,
        "minutes" : 424
      }
    },
    "data" : [{
      "dateTime" : "2015-12-19T01:34:30.000",
      "level" : "restless",
      "seconds" : 120
    },{
      "dateTime" : "2015-12-19T01:36:30.000",
      "level" : "awake",
      "seconds" : 60
    },{
      "dateTime" : "2015-12-19T01:37:30.000",
      "level" : "restless",
      "seconds" : 60
    },{
      "dateTime" : "2015-12-19T01:38:30.000",
      "level" : "asleep",
      "seconds" : 7860
    },{
      "dateTime" : "2015-12-19T03:49:30.000",
      "level" : "restless",
      "seconds" : 120
    },{
      "dateTime" : "2015-12-19T03:51:30.000",
      "level" : "asleep",
      "seconds" : 60
    },{
      "dateTime" : "2015-12-19T03:52:30.000",
      "level" : "restless",
      "seconds" : 60
    },{
      "dateTime" : "2015-12-19T03:53:30.000",
      "level" : "asleep",
      "seconds" : 900
    },{
      "dateTime" : "2015-12-19T04:08:30.000",
      "level" : "restless",
      "seconds" : 60
    },{
      "dateTime" : "2015-12-19T04:09:30.000",
      "level" : "asleep",
      "seconds" : 9540
    },{
      "dateTime" : "2015-12-19T06:48:30.000",
      "level" : "restless",
      "seconds" : 60
    },{
      "dateTime" : "2015-12-19T06:49:30.000",
      "level" : "asleep",
      "seconds" : 4920
    },{
      "dateTime" : "2015-12-19T08:11:30.000",
      "level" : "restless",
      "seconds" : 60
    },{
      "dateTime" : "2015-12-19T08:12:30.000",
      "level" : "asleep",
      "seconds" : 960
    },{
      "dateTime" : "2015-12-19T08:28:30.000",
      "level" : "restless",
      "seconds" : 60
    },{
      "dateTime" : "2015-12-19T08:29:30.000",
      "level" : "asleep",
      "seconds" : 780
    },{
      "dateTime" : "2015-12-19T08:42:30.000",
      "level" : "restless",
      "seconds" : 60
    },{
      "dateTime" : "2015-12-19T08:43:30.000",
      "level" : "asleep",
      "seconds" : 60
    },{
      "dateTime" : "2015-12-19T08:44:30.000",
      "level" : "restless",
      "seconds" : 60
    },{
      "dateTime" : "2015-12-19T08:45:30.000",
      "level" : "asleep",
      "seconds" : 360
    }]
  },
  "mainSleep" : true
},{
  "logId" : 10360246835,
  "dateOfSleep" : "2015-12-18",
  "startTime" : "2015-12-18T01:03:00.000",
  "endTime" : "2015-12-18T06:36:30.000",
  "duration" : 19980000,
  "minutesToFallAsleep" : 0,
  "minutesAsleep" : 327,
  "minutesAwake" : 6,
  "minutesAfterWakeup" : 0,
  "timeInBed" : 333,
  "efficiency" : 98,
  "type" : "classic",
  "infoCode" : 0,
  "logType" : "auto_detected",
  "levels" : {
    "summary" : {
      "restless" : {
        "count" : 5,
        "minutes" : 6
      },
      "awake" : {
        "count" : 0,
        "minutes" : 0
      },
      "asleep" : {
        "count" : 0,
        "minutes" : 327
      }
    },
    "data" : [{
      "dateTime" : "2015-12-18T01:03:00.000",
      "level" : "asleep",
      "seconds" : 240
    },{
      "dateTime" : "2015-12-18T01:07:00.000",
      "level" : "restless",
      "seconds" : 120
    },{
      "dateTime" : "2015-12-18T01:09:00.000",
      "level" : "asleep",
      "seconds" : 7020
    },{
      "dateTime" : "2015-12-18T03:06:00.000",
      "level" : "restless",
      "seconds" : 60
    },{
      "dateTime" : "2015-12-18T03:07:00.000",
      "level" : "asleep",
      "seconds" : 120
    },{
      "dateTime" : "2015-12-18T03:09:00.000",
      "level" : "restless",
      "seconds" : 60
    },{
      "dateTime" : "2015-12-18T03:10:00.000",
      "level" : "asleep",
      "seconds" : 2340
    },{
      "dateTime" : "2015-12-18T03:49:00.000",
      "level" : "restless",
      "seconds" : 60
    },{
      "dateTime" : "2015-12-18T03:50:00.000",
      "level" : "asleep",
      "seconds" : 9840
    },{
      "dateTime" : "2015-12-18T06:34:00.000",
      "level" : "restless",
      "seconds" : 60
    },{
      "dateTime" : "2015-12-18T06:35:00.000",
      "level" : "asleep",
      "seconds" : 60
    }]
  },
  "mainSleep" : true
},{
  "logId" : 10353650384,
  "dateOfSleep" : "2015-12-17",
  "startTime" : "2015-12-16T23:50:00.000",
  "endTime" : "2015-12-17T06:45:00.000",
  "duration" : 24900000,
  "minutesToFallAsleep" : 0,
  "minutesAsleep" : 404,
  "minutesAwake" : 11,
  "minutesAfterWakeup" : 0,
  "timeInBed" : 415,
  "efficiency" : 97,
  "type" : "classic",
  "infoCode" : 0,
  "logType" : "auto_detected",
  "levels" : {
    "summary" : {
      "restless" : {
        "count" : 6,
        "minutes" : 7
      },
      "awake" : {
        "count" : 1,
        "minutes" : 4
      },
      "asleep" : {
        "count" : 0,
        "minutes" : 404
      }
    },
    "data" : [{
      "dateTime" : "2015-12-16T23:50:00.000",
      "level" : "asleep",
      "seconds" : 120
    },{
      "dateTime" : "2015-12-16T23:52:00.000",
      "level" : "restless",
      "seconds" : 120
    },{
      "dateTime" : "2015-12-16T23:54:00.000",
      "level" : "awake",
      "seconds" : 240
    },{
      "dateTime" : "2015-12-16T23:58:00.000",
      "level" : "restless",
      "seconds" : 60
    },{
      "dateTime" : "2015-12-16T23:59:00.000",
      "level" : "asleep",
      "seconds" : 9360
    },{
      "dateTime" : "2015-12-17T02:35:00.000",
      "level" : "restless",
      "seconds" : 60
    },{
      "dateTime" : "2015-12-17T02:36:00.000",
      "level" : "asleep",
      "seconds" : 7500
    },{
      "dateTime" : "2015-12-17T04:41:00.000",
      "level" : "restless",
      "seconds" : 60
    },{
      "dateTime" : "2015-12-17T04:42:00.000",
      "level" : "asleep",
      "seconds" : 960
    },{
      "dateTime" : "2015-12-17T04:58:00.000",
      "level" : "restless",
      "seconds" : 60
    },{
      "dateTime" : "2015-12-17T04:59:00.000",
      "level" : "asleep",
      "seconds" : 2400
    },{
      "dateTime" : "2015-12-17T05:39:00.000",
      "level" : "restless",
      "seconds" : 60
    },{
      "dateTime" : "2015-12-17T05:40:00.000",
      "level" : "asleep",
      "seconds" : 3900
    }]
  },
  "mainSleep" : true
},{
  "logId" : 10348825883,
  "dateOfSleep" : "2015-12-16",
  "startTime" : "2015-12-15T22:50:00.000",
  "endTime" : "2015-12-16T06:58:00.000",
  "duration" : 29280000,
  "minutesToFallAsleep" : 0,
  "minutesAsleep" : 471,
  "minutesAwake" : 17,
  "minutesAfterWakeup" : 0,
  "timeInBed" : 488,
  "efficiency" : 97,
  "type" : "classic",
  "infoCode" : 0,
  "logType" : "auto_detected",
  "levels" : {
    "summary" : {
      "restless" : {
        "count" : 8,
        "minutes" : 11
      },
      "awake" : {
        "count" : 3,
        "minutes" : 6
      },
      "asleep" : {
        "count" : 0,
        "minutes" : 471
      }
    },
    "data" : [{
      "dateTime" : "2015-12-15T22:50:00.000",
      "level" : "awake",
      "seconds" : 180
    },{
      "dateTime" : "2015-12-15T22:53:00.000",
      "level" : "restless",
      "seconds" : 60
    },{
      "dateTime" : "2015-12-15T22:54:00.000",
      "level" : "awake",
      "seconds" : 120
    },{
      "dateTime" : "2015-12-15T22:56:00.000",
      "level" : "restless",
      "seconds" : 60
    },{
      "dateTime" : "2015-12-15T22:57:00.000",
      "level" : "asleep",
      "seconds" : 480
    },{
      "dateTime" : "2015-12-15T23:05:00.000",
      "level" : "restless",
      "seconds" : 60
    },{
      "dateTime" : "2015-12-15T23:06:00.000",
      "level" : "asleep",
      "seconds" : 540
    },{
      "dateTime" : "2015-12-15T23:15:00.000",
      "level" : "restless",
      "seconds" : 180
    },{
      "dateTime" : "2015-12-15T23:18:00.000",
      "level" : "awake",
      "seconds" : 60
    },{
      "dateTime" : "2015-12-15T23:19:00.000",
      "level" : "asleep",
      "seconds" : 2640
    },{
      "dateTime" : "2015-12-16T00:03:00.000",
      "level" : "restless",
      "seconds" : 60
    },{
      "dateTime" : "2015-12-16T00:04:00.000",
      "level" : "asleep",
      "seconds" : 2400
    },{
      "dateTime" : "2015-12-16T00:44:00.000",
      "level" : "restless",
      "seconds" : 60
    },{
      "dateTime" : "2015-12-16T00:45:00.000",
      "level" : "asleep",
      "seconds" : 8880
    },{
      "dateTime" : "2015-12-16T03:13:00.000",
      "level" : "restless",
      "seconds" : 60
    },{
      "dateTime" : "2015-12-16T03:14:00.000",
      "level" : "asleep",
      "seconds" : 2220
    },{
      "dateTime" : "2015-12-16T03:51:00.000",
      "level" : "restless",
      "seconds" : 120
    },{
      "dateTime" : "2015-12-16T03:53:00.000",
      "level" : "asleep",
      "seconds" : 11100
    }]
  },
  "mainSleep" : true
},{
  "logId" : 10341044235,
  "dateOfSleep" : "2015-12-15",
  "startTime" : "2015-12-14T22:45:00.000",
  "endTime" : "2015-12-15T06:38:00.000",
  "duration" : 28380000,
  "minutesToFallAsleep" : 0,
  "minutesAsleep" : 459,
  "minutesAwake" : 14,
  "minutesAfterWakeup" : 0,
  "timeInBed" : 473,
  "efficiency" : 97,
  "type" : "classic",
  "infoCode" : 0,
  "logType" : "auto_detected",
  "levels" : {
    "summary" : {
      "restless" : {
        "count" : 4,
        "minutes" : 12
      },
      "awake" : {
        "count" : 1,
        "minutes" : 2
      },
      "asleep" : {
        "count" : 0,
        "minutes" : 459
      }
    },
    "data" : [{
      "dateTime" : "2015-12-14T22:45:00.000",
      "level" : "awake",
      "seconds" : 120
    },{
      "dateTime" : "2015-12-14T22:47:00.000",
      "level" : "restless",
      "seconds" : 120
    },{
      "dateTime" : "2015-12-14T22:49:00.000",
      "level" : "asleep",
      "seconds" : 2580
    },{
      "dateTime" : "2015-12-14T23:32:00.000",
      "level" : "restless",
      "seconds" : 420
    },{
      "dateTime" : "2015-12-14T23:39:00.000",
      "level" : "asleep",
      "seconds" : 17760
    },{
      "dateTime" : "2015-12-15T04:35:00.000",
      "level" : "restless",
      "seconds" : 120
    },{
      "dateTime" : "2015-12-15T04:37:00.000",
      "level" : "asleep",
      "seconds" : 7080
    },{
      "dateTime" : "2015-12-15T06:35:00.000",
      "level" : "restless",
      "seconds" : 60
    },{
      "dateTime" : "2015-12-15T06:36:00.000",
      "level" : "asleep",
      "seconds" : 120
    }]
  },
  "mainSleep" : true
},{
  "logId" : 10335799067,
  "dateOfSleep" : "2015-12-14",
  "startTime" : "2015-12-13T22:47:30.000",
  "endTime" : "2015-12-14T06:59:00.000",
  "duration" : 29460000,
  "minutesToFallAsleep" : 0,
  "minutesAsleep" : 476,
  "minutesAwake" : 15,
  "minutesAfterWakeup" : 0,
  "timeInBed" : 491,
  "efficiency" : 97,
  "type" : "classic",
  "infoCode" : 0,
  "logType" : "auto_detected",
  "levels" : {
    "summary" : {
      "restless" : {
        "count" : 8,
        "minutes" : 13
      },
      "awake" : {
        "count" : 1,
        "minutes" : 2
      },
      "asleep" : {
        "count" : 0,
        "minutes" : 476
      }
    },
    "data" : [{
      "dateTime" : "2015-12-13T22:47:30.000",
      "level" : "awake",
      "seconds" : 120
    },{
      "dateTime" : "2015-12-13T22:49:30.000",
      "level" : "restless",
      "seconds" : 120
    },{
      "dateTime" : "2015-12-13T22:51:30.000",
      "level" : "asleep",
      "seconds" : 60
    },{
      "dateTime" : "2015-12-13T22:52:30.000",
      "level" : "restless",
      "seconds" : 120
    },{
      "dateTime" : "2015-12-13T22:54:30.000",
      "level" : "asleep",
      "seconds" : 600
    },{
      "dateTime" : "2015-12-13T23:04:30.000",
      "level" : "restless",
      "seconds" : 180
    },{
      "dateTime" : "2015-12-13T23:07:30.000",
      "level" : "asleep",
      "seconds" : 6060
    },{
      "dateTime" : "2015-12-14T00:48:30.000",
      "level" : "restless",
      "seconds" : 120
    },{
      "dateTime" : "2015-12-14T00:50:30.000",
      "level" : "asleep",
      "seconds" : 3120
    },{
      "dateTime" : "2015-12-14T01:42:30.000",
      "level" : "restless",
      "seconds" : 60
    },{
      "dateTime" : "2015-12-14T01:43:30.000",
      "level" : "asleep",
      "seconds" : 8880
    },{
      "dateTime" : "2015-12-14T04:11:30.000",
      "level" : "restless",
      "seconds" : 60
    },{
      "dateTime" : "2015-12-14T04:12:30.000",
      "level" : "asleep",
      "seconds" : 4320
    },{
      "dateTime" : "2015-12-14T05:24:30.000",
      "level" : "restless",
      "seconds" : 60
    },{
      "dateTime" : "2015-12-14T05:25:30.000",
      "level" : "asleep",
      "seconds" : 2880
    },{
      "dateTime" : "2015-12-14T06:13:30.000",
      "level" : "restless",
      "seconds" : 60
    },{
      "dateTime" : "2015-12-14T06:14:30.000",
      "level" : "asleep",
      "seconds" : 2640
    }]
  },
  "mainSleep" : true
},{
  "logId" : 10331588922,
  "dateOfSleep" : "2015-12-13",
  "startTime" : "2015-12-13T00:01:00.000",
  "endTime" : "2015-12-13T07:22:00.000",
  "duration" : 26460000,
  "minutesToFallAsleep" : 0,
  "minutesAsleep" : 426,
  "minutesAwake" : 15,
  "minutesAfterWakeup" : 0,
  "timeInBed" : 441,
  "efficiency" : 97,
  "type" : "classic",
  "infoCode" : 0,
  "logType" : "auto_detected",
  "levels" : {
    "summary" : {
      "restless" : {
        "count" : 9,
        "minutes" : 14
      },
      "awake" : {
        "count" : 1,
        "minutes" : 1
      },
      "asleep" : {
        "count" : 0,
        "minutes" : 426
      }
    },
    "data" : [{
      "dateTime" : "2015-12-13T00:01:00.000",
      "level" : "restless",
      "seconds" : 240
    },{
      "dateTime" : "2015-12-13T00:05:00.000",
      "level" : "awake",
      "seconds" : 60
    },{
      "dateTime" : "2015-12-13T00:06:00.000",
      "level" : "restless",
      "seconds" : 60
    },{
      "dateTime" : "2015-12-13T00:07:00.000",
      "level" : "asleep",
      "seconds" : 180
    },{
      "dateTime" : "2015-12-13T00:10:00.000",
      "level" : "restless",
      "seconds" : 60
    },{
      "dateTime" : "2015-12-13T00:11:00.000",
      "level" : "asleep",
      "seconds" : 3060
    },{
      "dateTime" : "2015-12-13T01:02:00.000",
      "level" : "restless",
      "seconds" : 60
    },{
      "dateTime" : "2015-12-13T01:03:00.000",
      "level" : "asleep",
      "seconds" : 11460
    },{
      "dateTime" : "2015-12-13T04:14:00.000",
      "level" : "restless",
      "seconds" : 60
    },{
      "dateTime" : "2015-12-13T04:15:00.000",
      "level" : "asleep",
      "seconds" : 3660
    },{
      "dateTime" : "2015-12-13T05:16:00.000",
      "level" : "restless",
      "seconds" : 60
    },{
      "dateTime" : "2015-12-13T05:17:00.000",
      "level" : "asleep",
      "seconds" : 660
    },{
      "dateTime" : "2015-12-13T05:28:00.000",
      "level" : "restless",
      "seconds" : 60
    },{
      "dateTime" : "2015-12-13T05:29:00.000",
      "level" : "asleep",
      "seconds" : 5520
    },{
      "dateTime" : "2015-12-13T07:01:00.000",
      "level" : "restless",
      "seconds" : 120
    },{
      "dateTime" : "2015-12-13T07:03:00.000",
      "level" : "asleep",
      "seconds" : 60
    },{
      "dateTime" : "2015-12-13T07:04:00.000",
      "level" : "restless",
      "seconds" : 120
    },{
      "dateTime" : "2015-12-13T07:06:00.000",
      "level" : "asleep",
      "seconds" : 960
    }]
  },
  "mainSleep" : true
},{
  "logId" : 10329183070,
  "dateOfSleep" : "2015-12-12",
  "startTime" : "2015-12-12T20:54:00.000",
  "endTime" : "2015-12-12T22:49:30.000",
  "duration" : 6900000,
  "minutesToFallAsleep" : 0,
  "minutesAsleep" : 112,
  "minutesAwake" : 3,
  "minutesAfterWakeup" : 0,
  "timeInBed" : 115,
  "efficiency" : 97,
  "type" : "classic",
  "infoCode" : 0,
  "logType" : "auto_detected",
  "levels" : {
    "summary" : {
      "restless" : {
        "count" : 2,
        "minutes" : 2
      },
      "awake" : {
        "count" : 1,
        "minutes" : 1
      },
      "asleep" : {
        "count" : 0,
        "minutes" : 112
      }
    },
    "data" : [{
      "dateTime" : "2015-12-12T20:54:00.000",
      "level" : "restless",
      "seconds" : 60
    },{
      "dateTime" : "2015-12-12T20:55:00.000",
      "level" : "asleep",
      "seconds" : 1920
    },{
      "dateTime" : "2015-12-12T21:27:00.000",
      "level" : "awake",
      "seconds" : 60
    },{
      "dateTime" : "2015-12-12T21:28:00.000",
      "level" : "asleep",
      "seconds" : 60
    },{
      "dateTime" : "2015-12-12T21:29:00.000",
      "level" : "restless",
      "seconds" : 60
    },{
      "dateTime" : "2015-12-12T21:30:00.000",
      "level" : "asleep",
      "seconds" : 4740
    }]
  },
  "mainSleep" : false
},{
  "logId" : 10327194731,
  "dateOfSleep" : "2015-12-12",
  "startTime" : "2015-12-11T22:12:00.000",
  "endTime" : "2015-12-12T07:47:00.000",
  "duration" : 34500000,
  "minutesToFallAsleep" : 0,
  "minutesAsleep" : 556,
  "minutesAwake" : 19,
  "minutesAfterWakeup" : 0,
  "timeInBed" : 575,
  "efficiency" : 97,
  "type" : "classic",
  "infoCode" : 0,
  "logType" : "auto_detected",
  "levels" : {
    "summary" : {
      "restless" : {
        "count" : 9,
        "minutes" : 15
      },
      "awake" : {
        "count" : 1,
        "minutes" : 4
      },
      "asleep" : {
        "count" : 0,
        "minutes" : 556
      }
    },
    "data" : [{
      "dateTime" : "2015-12-11T22:12:00.000",
      "level" : "awake",
      "seconds" : 240
    },{
      "dateTime" : "2015-12-11T22:16:00.000",
      "level" : "restless",
      "seconds" : 60
    },{
      "dateTime" : "2015-12-11T22:17:00.000",
      "level" : "asleep",
      "seconds" : 300
    },{
      "dateTime" : "2015-12-11T22:22:00.000",
      "level" : "restless",
      "seconds" : 60
    },{
      "dateTime" : "2015-12-11T22:23:00.000",
      "level" : "asleep",
      "seconds" : 1620
    },{
      "dateTime" : "2015-12-11T22:50:00.000",
      "level" : "restless",
      "seconds" : 60
    },{
      "dateTime" : "2015-12-11T22:51:00.000",
      "level" : "asleep",
      "seconds" : 2220
    },{
      "dateTime" : "2015-12-11T23:28:00.000",
      "level" : "restless",
      "seconds" : 360
    },{
      "dateTime" : "2015-12-11T23:34:00.000",
      "level" : "asleep",
      "seconds" : 3900
    },{
      "dateTime" : "2015-12-12T00:39:00.000",
      "level" : "restless",
      "seconds" : 120
    },{
      "dateTime" : "2015-12-12T00:41:00.000",
      "level" : "asleep",
      "seconds" : 1500
    },{
      "dateTime" : "2015-12-12T01:06:00.000",
      "level" : "restless",
      "seconds" : 60
    },{
      "dateTime" : "2015-12-12T01:07:00.000",
      "level" : "asleep",
      "seconds" : 12720
    },{
      "dateTime" : "2015-12-12T04:39:00.000",
      "level" : "restless",
      "seconds" : 60
    },{
      "dateTime" : "2015-12-12T04:40:00.000",
      "level" : "asleep",
      "seconds" : 8640
    },{
      "dateTime" : "2015-12-12T07:04:00.000",
      "level" : "restless",
      "seconds" : 60
    },{
      "dateTime" : "2015-12-12T07:05:00.000",
      "level" : "asleep",
      "seconds" : 2280
    },{
      "dateTime" : "2015-12-12T07:43:00.000",
      "level" : "restless",
      "seconds" : 60
    },{
      "dateTime" : "2015-12-12T07:44:00.000",
      "level" : "asleep",
      "seconds" : 180
    }]
  },
  "mainSleep" : true
},{
  "logId" : 10320634721,
  "dateOfSleep" : "2015-12-11",
  "startTime" : "2015-12-10T23:45:00.000",
  "endTime" : "2015-12-11T06:54:30.000",
  "duration" : 25740000,
  "minutesToFallAsleep" : 0,
  "minutesAsleep" : 414,
  "minutesAwake" : 15,
  "minutesAfterWakeup" : 0,
  "timeInBed" : 429,
  "efficiency" : 97,
  "type" : "classic",
  "infoCode" : 0,
  "logType" : "auto_detected",
  "levels" : {
    "summary" : {
      "restless" : {
        "count" : 11,
        "minutes" : 11
      },
      "awake" : {
        "count" : 1,
        "minutes" : 4
      },
      "asleep" : {
        "count" : 0,
        "minutes" : 414
      }
    },
    "data" : [{
      "dateTime" : "2015-12-10T23:45:00.000",
      "level" : "awake",
      "seconds" : 240
    },{
      "dateTime" : "2015-12-10T23:49:00.000",
      "level" : "restless",
      "seconds" : 60
    },{
      "dateTime" : "2015-12-10T23:50:00.000",
      "level" : "asleep",
      "seconds" : 180
    },{
      "dateTime" : "2015-12-10T23:53:00.000",
      "level" : "restless",
      "seconds" : 60
    },{
      "dateTime" : "2015-12-10T23:54:00.000",
      "level" : "asleep",
      "seconds" : 120
    },{
      "dateTime" : "2015-12-10T23:56:00.000",
      "level" : "restless",
      "seconds" : 60
    },{
      "dateTime" : "2015-12-10T23:57:00.000",
      "level" : "asleep",
      "seconds" : 60
    },{
      "dateTime" : "2015-12-10T23:58:00.000",
      "level" : "restless",
      "seconds" : 60
    },{
      "dateTime" : "2015-12-10T23:59:00.000",
      "level" : "asleep",
      "seconds" : 1140
    },{
      "dateTime" : "2015-12-11T00:18:00.000",
      "level" : "restless",
      "seconds" : 60
    },{
      "dateTime" : "2015-12-11T00:19:00.000",
      "level" : "asleep",
      "seconds" : 120
    },{
      "dateTime" : "2015-12-11T00:21:00.000",
      "level" : "restless",
      "seconds" : 60
    },{
      "dateTime" : "2015-12-11T00:22:00.000",
      "level" : "asleep",
      "seconds" : 60
    },{
      "dateTime" : "2015-12-11T00:23:00.000",
      "level" : "restless",
      "seconds" : 60
    },{
      "dateTime" : "2015-12-11T00:24:00.000",
      "level" : "asleep",
      "seconds" : 1800
    },{
      "dateTime" : "2015-12-11T00:54:00.000",
      "level" : "restless",
      "seconds" : 60
    },{
      "dateTime" : "2015-12-11T00:55:00.000",
      "level" : "asleep",
      "seconds" : 2100
    },{
      "dateTime" : "2015-12-11T01:30:00.000",
      "level" : "restless",
      "seconds" : 60
    },{
      "dateTime" : "2015-12-11T01:31:00.000",
      "level" : "asleep",
      "seconds" : 13260
    },{
      "dateTime" : "2015-12-11T05:12:00.000",
      "level" : "restless",
      "seconds" : 60
    },{
      "dateTime" : "2015-12-11T05:13:00.000",
      "level" : "asleep",
      "seconds" : 5760
    },{
      "dateTime" : "2015-12-11T06:49:00.000",
      "level" : "restless",
      "seconds" : 60
    },{
      "dateTime" : "2015-12-11T06:50:00.000",
      "level" : "asleep",
      "seconds" : 240
    }]
  },
  "mainSleep" : true
},{
  "logId" : 10315740125,
  "dateOfSleep" : "2015-12-10",
  "startTime" : "2015-12-10T00:38:00.000",
  "endTime" : "2015-12-10T06:44:30.000",
  "duration" : 21960000,
  "minutesToFallAsleep" : 0,
  "minutesAsleep" : 354,
  "minutesAwake" : 9,
  "minutesAfterWakeup" : 3,
  "timeInBed" : 366,
  "efficiency" : 98,
  "type" : "classic",
  "infoCode" : 0,
  "logType" : "auto_detected",
  "levels" : {
    "summary" : {
      "restless" : {
        "count" : 4,
        "minutes" : 12
      },
      "awake" : {
        "count" : 0,
        "minutes" : 0
      },
      "asleep" : {
        "count" : 0,
        "minutes" : 354
      }
    },
    "data" : [{
      "dateTime" : "2015-12-10T00:38:00.000",
      "level" : "restless",
      "seconds" : 300
    },{
      "dateTime" : "2015-12-10T00:43:00.000",
      "level" : "asleep",
      "seconds" : 19500
    },{
      "dateTime" : "2015-12-10T06:08:00.000",
      "level" : "restless",
      "seconds" : 60
    },{
      "dateTime" : "2015-12-10T06:09:00.000",
      "level" : "asleep",
      "seconds" : 1500
    },{
      "dateTime" : "2015-12-10T06:34:00.000",
      "level" : "restless",
      "seconds" : 180
    },{
      "dateTime" : "2015-12-10T06:37:00.000",
      "level" : "asleep",
      "seconds" : 240
    },{
      "dateTime" : "2015-12-10T06:41:00.000",
      "level" : "restless",
      "seconds" : 180
    }]
  },
  "mainSleep" : true
},{
  "logId" : 10312031270,
  "dateOfSleep" : "2015-12-09",
  "startTime" : "2015-12-08T23:21:00.000",
  "endTime" : "2015-12-09T06:31:00.000",
  "duration" : 25800000,
  "minutesToFallAsleep" : 0,
  "minutesAsleep" : 404,
  "minutesAwake" : 26,
  "minutesAfterWakeup" : 0,
  "timeInBed" : 430,
  "efficiency" : 94,
  "type" : "classic",
  "infoCode" : 0,
  "logType" : "auto_detected",
  "levels" : {
    "summary" : {
      "restless" : {
        "count" : 12,
        "minutes" : 25
      },
      "awake" : {
        "count" : 1,
        "minutes" : 1
      },
      "asleep" : {
        "count" : 0,
        "minutes" : 404
      }
    },
    "data" : [{
      "dateTime" : "2015-12-08T23:21:00.000",
      "level" : "asleep",
      "seconds" : 180
    },{
      "dateTime" : "2015-12-08T23:24:00.000",
      "level" : "restless",
      "seconds" : 120
    },{
      "dateTime" : "2015-12-08T23:26:00.000",
      "level" : "awake",
      "seconds" : 60
    },{
      "dateTime" : "2015-12-08T23:27:00.000",
      "level" : "restless",
      "seconds" : 120
    },{
      "dateTime" : "2015-12-08T23:29:00.000",
      "level" : "asleep",
      "seconds" : 840
    },{
      "dateTime" : "2015-12-08T23:43:00.000",
      "level" : "restless",
      "seconds" : 120
    },{
      "dateTime" : "2015-12-08T23:45:00.000",
      "level" : "asleep",
      "seconds" : 60
    },{
      "dateTime" : "2015-12-08T23:46:00.000",
      "level" : "restless",
      "seconds" : 120
    },{
      "dateTime" : "2015-12-08T23:48:00.000",
      "level" : "asleep",
      "seconds" : 120
    },{
      "dateTime" : "2015-12-08T23:50:00.000",
      "level" : "restless",
      "seconds" : 60
    },{
      "dateTime" : "2015-12-08T23:51:00.000",
      "level" : "asleep",
      "seconds" : 120
    },{
      "dateTime" : "2015-12-08T23:53:00.000",
      "level" : "restless",
      "seconds" : 60
    },{
      "dateTime" : "2015-12-08T23:54:00.000",
      "level" : "asleep",
      "seconds" : 660
    },{
      "dateTime" : "2015-12-09T00:05:00.000",
      "level" : "restless",
      "seconds" : 420
    },{
      "dateTime" : "2015-12-09T00:12:00.000",
      "level" : "asleep",
      "seconds" : 7920
    },{
      "dateTime" : "2015-12-09T02:24:00.000",
      "level" : "restless",
      "seconds" : 120
    },{
      "dateTime" : "2015-12-09T02:26:00.000",
      "level" : "asleep",
      "seconds" : 60
    },{
      "dateTime" : "2015-12-09T02:27:00.000",
      "level" : "restless",
      "seconds" : 120
    },{
      "dateTime" : "2015-12-09T02:29:00.000",
      "level" : "asleep",
      "seconds" : 960
    },{
      "dateTime" : "2015-12-09T02:45:00.000",
      "level" : "restless",
      "seconds" : 120
    },{
      "dateTime" : "2015-12-09T02:47:00.000",
      "level" : "asleep",
      "seconds" : 60
    },{
      "dateTime" : "2015-12-09T02:48:00.000",
      "level" : "restless",
      "seconds" : 60
    },{
      "dateTime" : "2015-12-09T02:49:00.000",
      "level" : "asleep",
      "seconds" : 7740
    },{
      "dateTime" : "2015-12-09T04:58:00.000",
      "level" : "restless",
      "seconds" : 60
    },{
      "dateTime" : "2015-12-09T04:59:00.000",
      "level" : "asleep",
      "seconds" : 5520
    }]
  },
  "mainSleep" : true
},{
  "logId" : 10307148354,
  "dateOfSleep" : "2015-12-08",
  "startTime" : "2015-12-07T23:39:00.000",
  "endTime" : "2015-12-08T06:56:30.000",
  "duration" : 26220000,
  "minutesToFallAsleep" : 0,
  "minutesAsleep" : 425,
  "minutesAwake" : 12,
  "minutesAfterWakeup" : 0,
  "timeInBed" : 437,
  "efficiency" : 97,
  "type" : "classic",
  "infoCode" : 0,
  "logType" : "auto_detected",
  "levels" : {
    "summary" : {
      "restless" : {
        "count" : 6,
        "minutes" : 6
      },
      "awake" : {
        "count" : 2,
        "minutes" : 6
      },
      "asleep" : {
        "count" : 0,
        "minutes" : 425
      }
    },
    "data" : [{
      "dateTime" : "2015-12-07T23:39:00.000",
      "level" : "awake",
      "seconds" : 180
    },{
      "dateTime" : "2015-12-07T23:42:00.000",
      "level" : "restless",
      "seconds" : 60
    },{
      "dateTime" : "2015-12-07T23:43:00.000",
      "level" : "awake",
      "seconds" : 180
    },{
      "dateTime" : "2015-12-07T23:46:00.000",
      "level" : "restless",
      "seconds" : 60
    },{
      "dateTime" : "2015-12-07T23:47:00.000",
      "level" : "asleep",
      "seconds" : 2100
    },{
      "dateTime" : "2015-12-08T00:22:00.000",
      "level" : "restless",
      "seconds" : 60
    },{
      "dateTime" : "2015-12-08T00:23:00.000",
      "level" : "asleep",
      "seconds" : 1320
    },{
      "dateTime" : "2015-12-08T00:45:00.000",
      "level" : "restless",
      "seconds" : 60
    },{
      "dateTime" : "2015-12-08T00:46:00.000",
      "level" : "asleep",
      "seconds" : 9840
    },{
      "dateTime" : "2015-12-08T03:30:00.000",
      "level" : "restless",
      "seconds" : 60
    },{
      "dateTime" : "2015-12-08T03:31:00.000",
      "level" : "asleep",
      "seconds" : 12000
    },{
      "dateTime" : "2015-12-08T06:51:00.000",
      "level" : "restless",
      "seconds" : 60
    },{
      "dateTime" : "2015-12-08T06:52:00.000",
      "level" : "asleep",
      "seconds" : 240
    }]
  },
  "mainSleep" : true
},{
  "logId" : 10302190411,
  "dateOfSleep" : "2015-12-07",
  "startTime" : "2015-12-07T02:01:30.000",
  "endTime" : "2015-12-07T06:50:30.000",
  "duration" : 17340000,
  "minutesToFallAsleep" : 0,
  "minutesAsleep" : 275,
  "minutesAwake" : 14,
  "minutesAfterWakeup" : 0,
  "timeInBed" : 289,
  "efficiency" : 95,
  "type" : "classic",
  "infoCode" : 0,
  "logType" : "auto_detected",
  "levels" : {
    "summary" : {
      "restless" : {
        "count" : 8,
        "minutes" : 11
      },
      "awake" : {
        "count" : 2,
        "minutes" : 3
      },
      "asleep" : {
        "count" : 0,
        "minutes" : 275
      }
    },
    "data" : [{
      "dateTime" : "2015-12-07T02:01:30.000",
      "level" : "asleep",
      "seconds" : 2160
    },{
      "dateTime" : "2015-12-07T02:37:30.000",
      "level" : "restless",
      "seconds" : 120
    },{
      "dateTime" : "2015-12-07T02:39:30.000",
      "level" : "awake",
      "seconds" : 120
    },{
      "dateTime" : "2015-12-07T02:41:30.000",
      "level" : "restless",
      "seconds" : 60
    },{
      "dateTime" : "2015-12-07T02:42:30.000",
      "level" : "asleep",
      "seconds" : 1380
    },{
      "dateTime" : "2015-12-07T03:05:30.000",
      "level" : "restless",
      "seconds" : 180
    },{
      "dateTime" : "2015-12-07T03:08:30.000",
      "level" : "awake",
      "seconds" : 60
    },{
      "dateTime" : "2015-12-07T03:09:30.000",
      "level" : "restless",
      "seconds" : 60
    },{
      "dateTime" : "2015-12-07T03:10:30.000",
      "level" : "asleep",
      "seconds" : 1020
    },{
      "dateTime" : "2015-12-07T03:27:30.000",
      "level" : "restless",
      "seconds" : 60
    },{
      "dateTime" : "2015-12-07T03:28:30.000",
      "level" : "asleep",
      "seconds" : 8520
    },{
      "dateTime" : "2015-12-07T05:50:30.000",
      "level" : "restless",
      "seconds" : 60
    },{
      "dateTime" : "2015-12-07T05:51:30.000",
      "level" : "asleep",
      "seconds" : 120
    },{
      "dateTime" : "2015-12-07T05:53:30.000",
      "level" : "restless",
      "seconds" : 60
    },{
      "dateTime" : "2015-12-07T05:54:30.000",
      "level" : "asleep",
      "seconds" : 3240
    },{
      "dateTime" : "2015-12-07T06:48:30.000",
      "level" : "restless",
      "seconds" : 60
    },{
      "dateTime" : "2015-12-07T06:49:30.000",
      "level" : "asleep",
      "seconds" : 60
    }]
  },
  "mainSleep" : true
},{
  "logId" : 10298469209,
  "dateOfSleep" : "2015-12-06",
  "startTime" : "2015-12-05T22:07:00.000",
  "endTime" : "2015-12-06T07:03:00.000",
  "duration" : 32160000,
  "minutesToFallAsleep" : 0,
  "minutesAsleep" : 520,
  "minutesAwake" : 15,
  "minutesAfterWakeup" : 1,
  "timeInBed" : 536,
  "efficiency" : 97,
  "type" : "classic",
  "infoCode" : 0,
  "logType" : "auto_detected",
  "levels" : {
    "summary" : {
      "restless" : {
        "count" : 9,
        "minutes" : 15
      },
      "awake" : {
        "count" : 1,
        "minutes" : 1
      },
      "asleep" : {
        "count" : 0,
        "minutes" : 520
      }
    },
    "data" : [{
      "dateTime" : "2015-12-05T22:07:00.000",
      "level" : "asleep",
      "seconds" : 360
    },{
      "dateTime" : "2015-12-05T22:13:00.000",
      "level" : "restless",
      "seconds" : 240
    },{
      "dateTime" : "2015-12-05T22:17:00.000",
      "level" : "awake",
      "seconds" : 60
    },{
      "dateTime" : "2015-12-05T22:18:00.000",
      "level" : "restless",
      "seconds" : 60
    },{
      "dateTime" : "2015-12-05T22:19:00.000",
      "level" : "asleep",
      "seconds" : 9660
    },{
      "dateTime" : "2015-12-06T01:00:00.000",
      "level" : "restless",
      "seconds" : 60
    },{
      "dateTime" : "2015-12-06T01:01:00.000",
      "level" : "asleep",
      "seconds" : 4380
    },{
      "dateTime" : "2015-12-06T02:14:00.000",
      "level" : "restless",
      "seconds" : 60
    },{
      "dateTime" : "2015-12-06T02:15:00.000",
      "level" : "asleep",
      "seconds" : 1740
    },{
      "dateTime" : "2015-12-06T02:44:00.000",
      "level" : "restless",
      "seconds" : 120
    },{
      "dateTime" : "2015-12-06T02:46:00.000",
      "level" : "asleep",
      "seconds" : 60
    },{
      "dateTime" : "2015-12-06T02:47:00.000",
      "level" : "restless",
      "seconds" : 180
    },{
      "dateTime" : "2015-12-06T02:50:00.000",
      "level" : "asleep",
      "seconds" : 7680
    },{
      "dateTime" : "2015-12-06T04:58:00.000",
      "level" : "restless",
      "seconds" : 60
    },{
      "dateTime" : "2015-12-06T04:59:00.000",
      "level" : "asleep",
      "seconds" : 780
    },{
      "dateTime" : "2015-12-06T05:12:00.000",
      "level" : "restless",
      "seconds" : 60
    },{
      "dateTime" : "2015-12-06T05:13:00.000",
      "level" : "asleep",
      "seconds" : 6540
    },{
      "dateTime" : "2015-12-06T07:02:00.000",
      "level" : "restless",
      "seconds" : 60
    }]
  },
  "mainSleep" : true
}]