[{
  "logId" : 11784907459,
  "dateOfSleep" : "2016-06-03",
  "startTime" : "2016-06-02T23:49:30.000",
  "endTime" : "2016-06-03T08:36:00.000",
  "duration" : 31560000,
  "minutesToFallAsleep" : 0,
  "minutesAsleep" : 489,
  "minutesAwake" : 37,
  "minutesAfterWakeup" : 0,
  "timeInBed" : 526,
  "efficiency" : 93,
  "type" : "classic",
  "infoCode" : 0,
  "logType" : "auto_detected",
  "levels" : {
    "summary" : {
      "restless" : {
        "count" : 13,
        "minutes" : 27
      },
      "awake" : {
        "count" : 4,
        "minutes" : 10
      },
      "asleep" : {
        "count" : 0,
        "minutes" : 489
      }
    },
    "data" : [{
      "dateTime" : "2016-06-02T23:49:30.000",
      "level" : "awake",
      "seconds" : 120
    },{
      "dateTime" : "2016-06-02T23:51:30.000",
      "level" : "restless",
      "seconds" : 60
    },{
      "dateTime" : "2016-06-02T23:52:30.000",
      "level" : "asleep",
      "seconds" : 960
    },{
      "dateTime" : "2016-06-03T00:08:30.000",
      "level" : "restless",
      "seconds" : 60
    },{
      "dateTime" : "2016-06-03T00:09:30.000",
      "level" : "asleep",
      "seconds" : 60
    },{
      "dateTime" : "2016-06-03T00:10:30.000",
      "level" : "restless",
      "seconds" : 120
    },{
      "dateTime" : "2016-06-03T00:12:30.000",
      "level" : "awake",
      "seconds" : 360
    },{
      "dateTime" : "2016-06-03T00:18:30.000",
      "level" : "restless",
      "seconds" : 540
    },{
      "dateTime" : "2016-06-03T00:27:30.000",
      "level" : "awake",
      "seconds" : 60
    },{
      "dateTime" : "2016-06-03T00:28:30.000",
      "level" : "restless",
      "seconds" : 60
    },{
      "dateTime" : "2016-06-03T00:29:30.000",
      "level" : "asleep",
      "seconds" : 2100
    },{
      "dateTime" : "2016-06-03T01:04:30.000",
      "level" : "restless",
      "seconds" : 120
    },{
      "dateTime" : "2016-06-03T01:06:30.000",
      "level" : "awake",
      "seconds" : 60
    },{
      "dateTime" : "2016-06-03T01:07:30.000",
      "level" : "restless",
      "seconds" : 60
    },{
      "dateTime" : "2016-06-03T01:08:30.000",
      "level" : "asleep",
      "seconds" : 5460
    },{
      "dateTime" : "2016-06-03T02:39:30.000",
      "level" : "restless",
      "seconds" : 60
    },{
      "dateTime" : "2016-06-03T02:40:30.000",
      "level" : "asleep",
      "seconds" : 2220
    },{
      "dateTime" : "2016-06-03T03:17:30.000",
      "level" : "restless",
      "seconds" : 120
    },{
      "dateTime" : "2016-06-03T03:19:30.000",
      "level" : "asleep",
      "seconds" : 11340
    },{
      "dateTime" : "2016-06-03T06:28:30.000",
      "level" : "restless",
      "seconds" : 60
    },{
      "dateTime" : "2016-06-03T06:29:30.000",
      "level" : "asleep",
      "seconds" : 1020
    },{
      "dateTime" : "2016-06-03T06:46:30.000",
      "level" : "restless",
      "seconds" : 60
    },{
      "dateTime" : "2016-06-03T06:47:30.000",
      "level" : "asleep",
      "seconds" : 60
    },{
      "dateTime" : "2016-06-03T06:48:30.000",
      "level" : "restless",
      "seconds" : 60
    },{
      "dateTime" : "2016-06-03T06:49:30.000",
      "level" : "asleep",
      "seconds" : 720
    },{
      "dateTime" : "2016-06-03T07:01:30.000",
      "level" : "restless",
      "seconds" : 240
    },{
      "dateTime" : "2016-06-03T07:05:30.000",
      "level" : "asleep",
      "seconds" : 5400
    }]
  },
  "mainSleep" : true
},{
  "logId" : 11776607472,
  "dateOfSleep" : "2016-06-02",
  "startTime" : "2016-06-01T23:00:00.000",
  "endTime" : "2016-06-02T06:58:30.000",
  "duration" : 28680000,
  "minutesToFallAsleep" : 0,
  "minutesAsleep" : 452,
  "minutesAwake" : 26,
  "minutesAfterWakeup" : 0,
  "timeInBed" : 478,
  "efficiency" : 95,
  "type" : "classic",
  "infoCode" : 0,
  "logType" : "auto_detected",
  "levels" : {
    "summary" : {
      "restless" : {
        "count" : 15,
        "minutes" : 25
      },
      "awake" : {
        "count" : 1,
        "minutes" : 1
      },
      "asleep" : {
        "count" : 0,
        "minutes" : 452
      }
    },
    "data" : [{
      "dateTime" : "2016-06-01T23:00:00.000",
      "level" : "restless",
      "seconds" : 420
    },{
      "dateTime" : "2016-06-01T23:07:00.000",
      "level" : "asleep",
      "seconds" : 540
    },{
      "dateTime" : "2016-06-01T23:16:00.000",
      "level" : "restless",
      "seconds" : 240
    },{
      "dateTime" : "2016-06-01T23:20:00.000",
      "level" : "awake",
      "seconds" : 60
    },{
      "dateTime" : "2016-06-01T23:21:00.000",
      "level" : "asleep",
      "seconds" : 1320
    },{
      "dateTime" : "2016-06-01T23:43:00.000",
      "level" : "restless",
      "seconds" : 60
    },{
      "dateTime" : "2016-06-01T23:44:00.000",
      "level" : "asleep",
      "seconds" : 2460
    },{
      "dateTime" : "2016-06-02T00:25:00.000",
      "level" : "restless",
      "seconds" : 60
    },{
      "dateTime" : "2016-06-02T00:26:00.000",
      "level" : "asleep",
      "seconds" : 4320
    },{
      "dateTime" : "2016-06-02T01:38:00.000",
      "level" : "restless",
      "seconds" : 60
    },{
      "dateTime" : "2016-06-02T01:39:00.000",
      "level" : "asleep",
      "seconds" : 1800
    },{
      "dateTime" : "2016-06-02T02:09:00.000",
      "level" : "restless",
      "seconds" : 60
    },{
      "dateTime" : "2016-06-02T02:10:00.000",
      "level" : "asleep",
      "seconds" : 4200
    },{
      "dateTime" : "2016-06-02T03:20:00.000",
      "level" : "restless",
      "seconds" : 60
    },{
      "dateTime" : "2016-06-02T03:21:00.000",
      "level" : "asleep",
      "seconds" : 120
    },{
      "dateTime" : "2016-06-02T03:23:00.000",
      "level" : "restless",
      "seconds" : 60
    },{
      "dateTime" : "2016-06-02T03:24:00.000",
      "level" : "asleep",
      "seconds" : 2880
    },{
      "dateTime" : "2016-06-02T04:12:00.000",
      "level" : "restless",
      "seconds" : 60
    },{
      "dateTime" : "2016-06-02T04:13:00.000",
      "level" : "asleep",
      "seconds" : 6540
    },{
      "dateTime" : "2016-06-02T06:02:00.000",
      "level" : "restless",
      "seconds" : 60
    },{
      "dateTime" : "2016-06-02T06:03:00.000",
      "level" : "asleep",
      "seconds" : 120
    },{
      "dateTime" : "2016-06-02T06:05:00.000",
      "level" : "restless",
      "seconds" : 60
    },{
      "dateTime" : "2016-06-02T06:06:00.000",
      "level" : "asleep",
      "seconds" : 840
    },{
      "dateTime" : "2016-06-02T06:20:00.000",
      "level" : "restless",
      "seconds" : 60
    },{
      "dateTime" : "2016-06-02T06:21:00.000",
      "level" : "asleep",
      "seconds" : 60
    },{
      "dateTime" : "2016-06-02T06:22:00.000",
      "level" : "restless",
      "seconds" : 120
    },{
      "dateTime" : "2016-06-02T06:24:00.000",
      "level" : "asleep",
      "seconds" : 1620
    },{
      "dateTime" : "2016-06-02T06:51:00.000",
      "level" : "restless",
      "seconds" : 60
    },{
      "dateTime" : "2016-06-02T06:52:00.000",
      "level" : "asleep",
      "seconds" : 120
    },{
      "dateTime" : "2016-06-02T06:54:00.000",
      "level" : "restless",
      "seconds" : 60
    },{
      "dateTime" : "2016-06-02T06:55:00.000",
      "level" : "asleep",
      "seconds" : 180
    }]
  },
  "mainSleep" : true
},{
  "logId" : 11769958009,
  "dateOfSleep" : "2016-06-01",
  "startTime" : "2016-05-31T23:49:00.000",
  "endTime" : "2016-06-01T07:46:00.000",
  "duration" : 28620000,
  "minutesToFallAsleep" : 0,
  "minutesAsleep" : 444,
  "minutesAwake" : 27,
  "minutesAfterWakeup" : 6,
  "timeInBed" : 477,
  "efficiency" : 94,
  "type" : "classic",
  "infoCode" : 0,
  "logType" : "auto_detected",
  "levels" : {
    "summary" : {
      "restless" : {
        "count" : 14,
        "minutes" : 32
      },
      "awake" : {
        "count" : 1,
        "minutes" : 1
      },
      "asleep" : {
        "count" : 0,
        "minutes" : 444
      }
    },
    "data" : [{
      "dateTime" : "2016-05-31T23:49:00.000",
      "level" : "asleep",
      "seconds" : 120
    },{
      "dateTime" : "2016-05-31T23:51:00.000",
      "level" : "restless",
      "seconds" : 120
    },{
      "dateTime" : "2016-05-31T23:53:00.000",
      "level" : "asleep",
      "seconds" : 120
    },{
      "dateTime" : "2016-05-31T23:55:00.000",
      "level" : "restless",
      "seconds" : 420
    },{
      "dateTime" : "2016-06-01T00:02:00.000",
      "level" : "asleep",
      "seconds" : 1500
    },{
      "dateTime" : "2016-06-01T00:27:00.000",
      "level" : "restless",
      "seconds" : 180
    },{
      "dateTime" : "2016-06-01T00:30:00.000",
      "level" : "awake",
      "seconds" : 60
    },{
      "dateTime" : "2016-06-01T00:31:00.000",
      "level" : "restless",
      "seconds" : 120
    },{
      "dateTime" : "2016-06-01T00:33:00.000",
      "level" : "asleep",
      "seconds" : 5220
    },{
      "dateTime" : "2016-06-01T02:00:00.000",
      "level" : "restless",
      "seconds" : 60
    },{
      "dateTime" : "2016-06-01T02:01:00.000",
      "level" : "asleep",
      "seconds" : 120
    },{
      "dateTime" : "2016-06-01T02:03:00.000",
      "level" : "restless",
      "seconds" : 60
    },{
      "dateTime" : "2016-06-01T02:04:00.000",
      "level" : "asleep",
      "seconds" : 4980
    },{
      "dateTime" : "2016-06-01T03:27:00.000",
      "level" : "restless",
      "seconds" : 60
    },{
      "dateTime" : "2016-06-01T03:28:00.000",
      "level" : "asleep",
      "seconds" : 7440
    },{
      "dateTime" : "2016-06-01T05:32:00.000",
      "level" : "restless",
      "seconds" : 60
    },{
      "dateTime" : "2016-06-01T05:33:00.000",
      "level" : "asleep",
      "seconds" : 120
    },{
      "dateTime" : "2016-06-01T05:35:00.000",
      "level" : "restless",
      "seconds" : 60
    },{
      "dateTime" : "2016-06-01T05:36:00.000",
      "level" : "asleep",
      "seconds" : 3420
    },{
      "dateTime" : "2016-06-01T06:33:00.000",
      "level" : "restless",
      "seconds" : 60
    },{
      "dateTime" : "2016-06-01T06:34:00.000",
      "level" : "asleep",
      "seconds" : 1320
    },{
      "dateTime" : "2016-06-01T06:56:00.000",
      "level" : "restless",
      "seconds" : 240
    },{
      "dateTime" : "2016-06-01T07:00:00.000",
      "level" : "asleep",
      "seconds" : 1620
    },{
      "dateTime" : "2016-06-01T07:27:00.000",
      "level" : "restless",
      "seconds" : 60
    },{
      "dateTime" : "2016-06-01T07:28:00.000",
      "level" : "asleep",
      "seconds" : 360
    },{
      "dateTime" : "2016-06-01T07:34:00.000",
      "level" : "restless",
      "seconds" : 60
    },{
      "dateTime" : "2016-06-01T07:35:00.000",
      "level" : "asleep",
      "seconds" : 300
    },{
      "dateTime" : "2016-06-01T07:40:00.000",
      "level" : "restless",
      "seconds" : 360
    }]
  },
  "mainSleep" : true
},{
  "logId" : 11761698709,
  "dateOfSleep" : "2016-05-31",
  "startTime" : "2016-05-30T22:32:00.000",
  "endTime" : "2016-05-31T07:21:30.000",
  "duration" : 31740000,
  "minutesToFallAsleep" : 0,
  "minutesAsleep" : 508,
  "minutesAwake" : 21,
  "minutesAfterWakeup" : 0,
  "timeInBed" : 529,
  "efficiency" : 96,
  "type" : "classic",
  "infoCode" : 0,
  "logType" : "auto_detected",
  "levels" : {
    "summary" : {
      "restless" : {
        "count" : 8,
        "minutes" : 21
      },
      "awake" : {
        "count" : 0,
        "minutes" : 0
      },
      "asleep" : {
        "count" : 0,
        "minutes" : 508
      }
    },
    "data" : [{
      "dateTime" : "2016-05-30T22:32:00.000",
      "level" : "asleep",
      "seconds" : 120
    },{
      "dateTime" : "2016-05-30T22:34:00.000",
      "level" : "restless",
      "seconds" : 60
    },{
      "dateTime" : "2016-05-30T22:35:00.000",
      "level" : "asleep",
      "seconds" : 240
    },{
      "dateTime" : "2016-05-30T22:39:00.000",
      "level" : "restless",
      "seconds" : 540
    },{
      "dateTime" : "2016-05-30T22:48:00.000",
      "level" : "asleep",
      "seconds" : 180
    },{
      "dateTime" : "2016-05-30T22:51:00.000",
      "level" : "restless",
      "seconds" : 360
    },{
      "dateTime" : "2016-05-30T22:57:00.000",
      "level" : "asleep",
      "seconds" : 1200
    },{
      "dateTime" : "2016-05-30T23:17:00.000",
      "level" : "restless",
      "seconds" : 60
    },{
      "dateTime" : "2016-05-30T23:18:00.000",
      "level" : "asleep",
      "seconds" : 120
    },{
      "dateTime" : "2016-05-30T23:20:00.000",
      "level" : "restless",
      "seconds" : 60
    },{
      "dateTime" : "2016-05-30T23:21:00.000",
      "level" : "asleep",
      "seconds" : 13860
    },{
      "dateTime" : "2016-05-31T03:12:00.000",
      "level" : "restless",
      "seconds" : 60
    },{
      "dateTime" : "2016-05-31T03:13:00.000",
      "level" : "asleep",
      "seconds" : 960
    },{
      "dateTime" : "2016-05-31T03:29:00.000",
      "level" : "restless",
      "seconds" : 60
    },{
      "dateTime" : "2016-05-31T03:30:00.000",
      "level" : "asleep",
      "seconds" : 13500
    },{
      "dateTime" : "2016-05-31T07:15:00.000",
      "level" : "restless",
      "seconds" : 60
    },{
      "dateTime" : "2016-05-31T07:16:00.000",
      "level" : "asleep",
      "seconds" : 300
    }]
  },
  "mainSleep" : true
},{
  "logId" : 11753695189,
  "dateOfSleep" : "2016-05-30",
  "startTime" : "2016-05-29T23:20:30.000",
  "endTime" : "2016-05-30T06:29:00.000",
  "duration" : 25680000,
  "minutesToFallAsleep" : 0,
  "minutesAsleep" : 420,
  "minutesAwake" : 8,
  "minutesAfterWakeup" : 0,
  "timeInBed" : 428,
  "efficiency" : 98,
  "type" : "classic",
  "infoCode" : 0,
  "logType" : "auto_detected",
  "levels" : {
    "summary" : {
      "restless" : {
        "count" : 5,
        "minutes" : 7
      },
      "awake" : {
        "count" : 1,
        "minutes" : 1
      },
      "asleep" : {
        "count" : 0,
        "minutes" : 420
      }
    },
    "data" : [{
      "dateTime" : "2016-05-29T23:20:30.000",
      "level" : "restless",
      "seconds" : 60
    },{
      "dateTime" : "2016-05-29T23:21:30.000",
      "level" : "asleep",
      "seconds" : 300
    },{
      "dateTime" : "2016-05-29T23:26:30.000",
      "level" : "restless",
      "seconds" : 180
    },{
      "dateTime" : "2016-05-29T23:29:30.000",
      "level" : "awake",
      "seconds" : 60
    },{
      "dateTime" : "2016-05-29T23:30:30.000",
      "level" : "restless",
      "seconds" : 60
    },{
      "dateTime" : "2016-05-29T23:31:30.000",
      "level" : "asleep",
      "seconds" : 11580
    },{
      "dateTime" : "2016-05-30T02:44:30.000",
      "level" : "restless",
      "seconds" : 60
    },{
      "dateTime" : "2016-05-30T02:45:30.000",
      "level" : "asleep",
      "seconds" : 6900
    },{
      "dateTime" : "2016-05-30T04:40:30.000",
      "level" : "restless",
      "seconds" : 60
    },{
      "dateTime" : "2016-05-30T04:41:30.000",
      "level" : "asleep",
      "seconds" : 6420
    }]
  },
  "mainSleep" : true
},{
  "logId" : 11747182186,
  "dateOfSleep" : "2016-05-29",
  "startTime" : "2016-05-29T00:53:00.000",
  "endTime" : "2016-05-29T08:33:00.000",
  "duration" : 27600000,
  "minutesToFallAsleep" : 0,
  "minutesAsleep" : 447,
  "minutesAwake" : 13,
  "minutesAfterWakeup" : 0,
  "timeInBed" : 460,
  "efficiency" : 97,
  "type" : "classic",
  "infoCode" : 0,
  "logType" : "auto_detected",
  "levels" : {
    "summary" : {
      "restless" : {
        "count" : 5,
        "minutes" : 9
      },
      "awake" : {
        "count" : 2,
        "minutes" : 4
      },
      "asleep" : {
        "count" : 0,
        "minutes" : 447
      }
    },
    "data" : [{
      "dateTime" : "2016-05-29T00:53:00.000",
      "level" : "awake",
      "seconds" : 60
    },{
      "dateTime" : "2016-05-29T00:54:00.000",
      "level" : "restless",
      "seconds" : 180
    },{
      "dateTime" : "2016-05-29T00:57:00.000",
      "level" : "asleep",
      "seconds" : 900
    },{
      "dateTime" : "2016-05-29T01:12:00.000",
      "level" : "restless",
      "seconds" : 180
    },{
      "dateTime" : "2016-05-29T01:15:00.000",
      "level" : "awake",
      "seconds" : 180
    },{
      "dateTime" : "2016-05-29T01:18:00.000",
      "level" : "asleep",
      "seconds" : 11220
    },{
      "dateTime" : "2016-05-29T04:25:00.000",
      "level" : "restless",
      "seconds" : 60
    },{
      "dateTime" : "2016-05-29T04:26:00.000",
      "level" : "asleep",
      "seconds" : 8580
    },{
      "dateTime" : "2016-05-29T06:49:00.000",
      "level" : "restless",
      "seconds" : 60
    },{
      "dateTime" : "2016-05-29T06:50:00.000",
      "level" : "asleep",
      "seconds" : 600
    },{
      "dateTime" : "2016-05-29T07:00:00.000",
      "level" : "restless",
      "seconds" : 60
    },{
      "dateTime" : "2016-05-29T07:01:00.000",
      "level" : "asleep",
      "seconds" : 5520
    }]
  },
  "mainSleep" : true
},{
  "logId" : 11743576773,
  "dateOfSleep" : "2016-05-28",
  "startTime" : "2016-05-28T18:45:00.000",
  "endTime" : "2016-05-28T20:45:00.000",
  "duration" : 7200000,
  "minutesToFallAsleep" : 0,
  "minutesAsleep" : 117,
  "minutesAwake" : 3,
  "minutesAfterWakeup" : 0,
  "timeInBed" : 120,
  "efficiency" : 98,
  "type" : "classic",
  "infoCode" : 0,
  "logType" : "auto_detected",
  "levels" : {
    "summary" : {
      "restless" : {
        "count" : 2,
        "minutes" : 3
      },
      "awake" : {
        "count" : 0,
        "minutes" : 0
      },
      "asleep" : {
        "count" : 0,
        "minutes" : 117
      }
    },
    "data" : [{
      "dateTime" : "2016-05-28T18:45:00.000",
      "level" : "asleep",
      "seconds" : 480
    },{
      "dateTime" : "2016-05-28T18:53:00.000",
      "level" : "restless",
      "seconds" : 60
    },{
      "dateTime" : "2016-05-28T18:54:00.000",
      "level" : "asleep",
      "seconds" : 2640
    },{
      "dateTime" : "2016-05-28T19:38:00.000",
      "level" : "restless",
      "seconds" : 120
    },{
      "dateTime" : "2016-05-28T19:40:00.000",
      "level" : "asleep",
      "seconds" : 3900
    }]
  },
  "mainSleep" : false
},{
  "logId" : 11739773709,
  "dateOfSleep" : "2016-05-28",
  "startTime" : "2016-05-27T23:33:00.000",
  "endTime" : "2016-05-28T06:41:00.000",
  "duration" : 25680000,
  "minutesToFallAsleep" : 0,
  "minutesAsleep" : 414,
  "minutesAwake" : 14,
  "minutesAfterWakeup" : 0,
  "timeInBed" : 428,
  "efficiency" : 97,
  "type" : "classic",
  "infoCode" : 0,
  "logType" : "auto_detected",
  "levels" : {
    "summary" : {
      "restless" : {
        "count" : 6,
        "minutes" : 12
      },
      "awake" : {
        "count" : 2,
        "minutes" : 2
      },
      "asleep" : {
        "count" : 0,
        "minutes" : 414
      }
    },
    "data" : [{
      "dateTime" : "2016-05-27T23:33:00.000",
      "level" : "awake",
      "seconds" : 60
    },{
      "dateTime" : "2016-05-27T23:34:00.000",
      "level" : "restless",
      "seconds" : 240
    },{
      "dateTime" : "2016-05-27T23:38:00.000",
      "level" : "asleep",
      "seconds" : 1020
    },{
      "dateTime" : "2016-05-27T23:55:00.000",
      "level" : "restless",
      "seconds" : 240
    },{
      "dateTime" : "2016-05-27T23:59:00.000",
      "level" : "awake",
      "seconds" : 60
    },{
      "dateTime" : "2016-05-28T00:00:00.000",
      "level" : "asleep",
      "seconds" : 480
    },{
      "dateTime" : "2016-05-28T00:08:00.000",
      "level" : "restless",
      "seconds" : 60
    },{
      "dateTime" : "2016-05-28T00:09:00.000",
      "level" : "asleep",
      "seconds" : 19200
    },{
      "dateTime" : "2016-05-28T05:29:00.000",
      "level" : "restless",
      "seconds" : 60
    },{
      "dateTime" : "2016-05-28T05:30:00.000",
      "level" : "asleep",
      "seconds" : 120
    },{
      "dateTime" : "2016-05-28T05:32:00.000",
      "level" : "restless",
      "seconds" : 60
    },{
      "dateTime" : "2016-05-28T05:33:00.000",
      "level" : "asleep",
      "seconds" : 3660
    },{
      "dateTime" : "2016-05-28T06:34:00.000",
      "level" : "restless",
      "seconds" : 60
    },{
      "dateTime" : "2016-05-28T06:35:00.000",
      "level" : "asleep",
      "seconds" : 360
    }]
  },
  "mainSleep" : true
},{
  "logId" : 11732555743,
  "dateOfSleep" : "2016-05-27",
  "startTime" : "2016-05-26T23:05:30.000",
  "endTime" : "2016-05-27T07:05:30.000",
  "duration" : 28800000,
  "minutesToFallAsleep" : 0,
  "minutesAsleep" : 460,
  "minutesAwake" : 20,
  "minutesAfterWakeup" : 0,
  "timeInBed" : 480,
  "efficiency" : 96,
  "type" : "classic",
  "infoCode" : 0,
  "logType" : "auto_detected",
  "levels" : {
    "summary" : {
      "restless" : {
        "count" : 11,
        "minutes" : 19
      },
      "awake" : {
        "count" : 1,
        "minutes" : 1
      },
      "asleep" : {
        "count" : 0,
        "minutes" : 460
      }
    },
    "data" : [{
      "dateTime" : "2016-05-26T23:05:30.000",
      "level" : "asleep",
      "seconds" : 300
    },{
      "dateTime" : "2016-05-26T23:10:30.000",
      "level" : "restless",
      "seconds" : 120
    },{
      "dateTime" : "2016-05-26T23:12:30.000",
      "level" : "awake",
      "seconds" : 60
    },{
      "dateTime" : "2016-05-26T23:13:30.000",
      "level" : "restless",
      "seconds" : 300
    },{
      "dateTime" : "2016-05-26T23:18:30.000",
      "level" : "asleep",
      "seconds" : 60
    },{
      "dateTime" : "2016-05-26T23:19:30.000",
      "level" : "restless",
      "seconds" : 60
    },{
      "dateTime" : "2016-05-26T23:20:30.000",
      "level" : "asleep",
      "seconds" : 1740
    },{
      "dateTime" : "2016-05-26T23:49:30.000",
      "level" : "restless",
      "seconds" : 60
    },{
      "dateTime" : "2016-05-26T23:50:30.000",
      "level" : "asleep",
      "seconds" : 5520
    },{
      "dateTime" : "2016-05-27T01:22:30.000",
      "level" : "restless",
      "seconds" : 60
    },{
      "dateTime" : "2016-05-27T01:23:30.000",
      "level" : "asleep",
      "seconds" : 3420
    },{
      "dateTime" : "2016-05-27T02:20:30.000",
      "level" : "restless",
      "seconds" : 60
    },{
      "dateTime" : "2016-05-27T02:21:30.000",
      "level" : "asleep",
      "seconds" : 1140
    },{
      "dateTime" : "2016-05-27T02:40:30.000",
      "level" : "restless",
      "seconds" : 60
    },{
      "dateTime" : "2016-05-27T02:41:30.000",
      "level" : "asleep",
      "seconds" : 11820
    },{
      "dateTime" : "2016-05-27T05:58:30.000",
      "level" : "restless",
      "seconds" : 60
    },{
      "dateTime" : "2016-05-27T05:59:30.000",
      "level" : "asleep",
      "seconds" : 2880
    },{
      "dateTime" : "2016-05-27T06:47:30.000",
      "level" : "restless",
      "seconds" : 60
    },{
      "dateTime" : "2016-05-27T06:48:30.000",
      "level" : "asleep",
      "seconds" : 120
    },{
      "dateTime" : "2016-05-27T06:50:30.000",
      "level" : "restless",
      "seconds" : 60
    },{
      "dateTime" : "2016-05-27T06:51:30.000",
      "level" : "asleep",
      "seconds" : 540
    },{
      "dateTime" : "2016-05-27T07:00:30.000",
      "level" : "restless",
      "seconds" : 240
    },{
      "dateTime" : "2016-05-27T07:04:30.000",
      "level" : "asleep",
      "seconds" : 60
    }]
  },
  "mainSleep" : true
},{
  "logId" : 11723442037,
  "dateOfSleep" : "2016-05-26",
  "startTime" : "2016-05-25T22:54:00.000",
  "endTime" : "2016-05-26T06:59:30.000",
  "duration" : 29100000,
  "minutesToFallAsleep" : 0,
  "minutesAsleep" : 467,
  "minutesAwake" : 18,
  "minutesAfterWakeup" : 0,
  "timeInBed" : 485,
  "efficiency" : 96,
  "type" : "classic",
  "infoCode" : 0,
  "logType" : "auto_detected",
  "levels" : {
    "summary" : {
      "restless" : {
        "count" : 10,
        "minutes" : 18
      },
      "awake" : {
        "count" : 0,
        "minutes" : 0
      },
      "asleep" : {
        "count" : 0,
        "minutes" : 467
      }
    },
    "data" : [{
      "dateTime" : "2016-05-25T22:54:00.000",
      "level" : "asleep",
      "seconds" : 60
    },{
      "dateTime" : "2016-05-25T22:55:00.000",
      "level" : "restless",
      "seconds" : 120
    },{
      "dateTime" : "2016-05-25T22:57:00.000",
      "level" : "asleep",
      "seconds" : 240
    },{
      "dateTime" : "2016-05-25T23:01:00.000",
      "level" : "restless",
      "seconds" : 60
    },{
      "dateTime" : "2016-05-25T23:02:00.000",
      "level" : "asleep",
      "seconds" : 1140
    },{
      "dateTime" : "2016-05-25T23:21:00.000",
      "level" : "restless",
      "seconds" : 60
    },{
      "dateTime" : "2016-05-25T23:22:00.000",
      "level" : "asleep",
      "seconds" : 660
    },{
      "dateTime" : "2016-05-25T23:33:00.000",
      "level" : "restless",
      "seconds" : 60
    },{
      "dateTime" : "2016-05-25T23:34:00.000",
      "level" : "asleep",
      "seconds" : 1320
    },{
      "dateTime" : "2016-05-25T23:56:00.000",
      "level" : "restless",
      "seconds" : 420
    },{
      "dateTime" : "2016-05-26T00:03:00.000",
      "level" : "asleep",
      "seconds" : 7920
    },{
      "dateTime" : "2016-05-26T02:15:00.000",
      "level" : "restless",
      "seconds" : 60
    },{
      "dateTime" : "2016-05-26T02:16:00.000",
      "level" : "asleep",
      "seconds" : 12480
    },{
      "dateTime" : "2016-05-26T05:44:00.000",
      "level" : "restless",
      "seconds" : 60
    },{
      "dateTime" : "2016-05-26T05:45:00.000",
      "level" : "asleep",
      "seconds" : 420
    },{
      "dateTime" : "2016-05-26T05:52:00.000",
      "level" : "restless",
      "seconds" : 120
    },{
      "dateTime" : "2016-05-26T05:54:00.000",
      "level" : "asleep",
      "seconds" : 60
    },{
      "dateTime" : "2016-05-26T05:55:00.000",
      "level" : "restless",
      "seconds" : 60
    },{
      "dateTime" : "2016-05-26T05:56:00.000",
      "level" : "asleep",
      "seconds" : 3060
    },{
      "dateTime" : "2016-05-26T06:47:00.000",
      "level" : "restless",
      "seconds" : 60
    },{
      "dateTime" : "2016-05-26T06:48:00.000",
      "level" : "asleep",
      "seconds" : 660
    }]
  },
  "mainSleep" : true
},{
  "logId" : 11717362467,
  "dateOfSleep" : "2016-05-25",
  "startTime" : "2016-05-24T22:37:30.000",
  "endTime" : "2016-05-25T08:23:30.000",
  "duration" : 35160000,
  "minutesToFallAsleep" : 0,
  "minutesAsleep" : 561,
  "minutesAwake" : 25,
  "minutesAfterWakeup" : 0,
  "timeInBed" : 586,
  "efficiency" : 96,
  "type" : "classic",
  "infoCode" : 0,
  "logType" : "auto_detected",
  "levels" : {
    "summary" : {
      "restless" : {
        "count" : 13,
        "minutes" : 24
      },
      "awake" : {
        "count" : 1,
        "minutes" : 1
      },
      "asleep" : {
        "count" : 0,
        "minutes" : 561
      }
    },
    "data" : [{
      "dateTime" : "2016-05-24T22:37:30.000",
      "level" : "asleep",
      "seconds" : 2460
    },{
      "dateTime" : "2016-05-24T23:18:30.000",
      "level" : "restless",
      "seconds" : 60
    },{
      "dateTime" : "2016-05-24T23:19:30.000",
      "level" : "asleep",
      "seconds" : 420
    },{
      "dateTime" : "2016-05-24T23:26:30.000",
      "level" : "restless",
      "seconds" : 60
    },{
      "dateTime" : "2016-05-24T23:27:30.000",
      "level" : "asleep",
      "seconds" : 840
    },{
      "dateTime" : "2016-05-24T23:41:30.000",
      "level" : "restless",
      "seconds" : 180
    },{
      "dateTime" : "2016-05-24T23:44:30.000",
      "level" : "asleep",
      "seconds" : 120
    },{
      "dateTime" : "2016-05-24T23:46:30.000",
      "level" : "restless",
      "seconds" : 60
    },{
      "dateTime" : "2016-05-24T23:47:30.000",
      "level" : "asleep",
      "seconds" : 660
    },{
      "dateTime" : "2016-05-24T23:58:30.000",
      "level" : "restless",
      "seconds" : 240
    },{
      "dateTime" : "2016-05-25T00:02:30.000",
      "level" : "asleep",
      "seconds" : 7680
    },{
      "dateTime" : "2016-05-25T02:10:30.000",
      "level" : "restless",
      "seconds" : 60
    },{
      "dateTime" : "2016-05-25T02:11:30.000",
      "level" : "asleep",
      "seconds" : 5760
    },{
      "dateTime" : "2016-05-25T03:47:30.000",
      "level" : "restless",
      "seconds" : 60
    },{
      "dateTime" : "2016-05-25T03:48:30.000",
      "level" : "asleep",
      "seconds" : 8220
    },{
      "dateTime" : "2016-05-25T06:05:30.000",
      "level" : "restless",
      "seconds" : 60
    },{
      "dateTime" : "2016-05-25T06:06:30.000",
      "level" : "asleep",
      "seconds" : 2340
    },{
      "dateTime" : "2016-05-25T06:45:30.000",
      "level" : "restless",
      "seconds" : 180
    },{
      "dateTime" : "2016-05-25T06:48:30.000",
      "level" : "awake",
      "seconds" : 60
    },{
      "dateTime" : "2016-05-25T06:49:30.000",
      "level" : "asleep",
      "seconds" : 480
    },{
      "dateTime" : "2016-05-25T06:57:30.000",
      "level" : "restless",
      "seconds" : 120
    },{
      "dateTime" : "2016-05-25T06:59:30.000",
      "level" : "asleep",
      "seconds" : 120
    },{
      "dateTime" : "2016-05-25T07:01:30.000",
      "level" : "restless",
      "seconds" : 240
    },{
      "dateTime" : "2016-05-25T07:05:30.000",
      "level" : "asleep",
      "seconds" : 4080
    },{
      "dateTime" : "2016-05-25T08:13:30.000",
      "level" : "restless",
      "seconds" : 60
    },{
      "dateTime" : "2016-05-25T08:14:30.000",
      "level" : "asleep",
      "seconds" : 60
    },{
      "dateTime" : "2016-05-25T08:15:30.000",
      "level" : "restless",
      "seconds" : 60
    },{
      "dateTime" : "2016-05-25T08:16:30.000",
      "level" : "asleep",
      "seconds" : 420
    }]
  },
  "mainSleep" : true
},{
  "logId" : 11708277579,
  "dateOfSleep" : "2016-05-24",
  "startTime" : "2016-05-23T23:29:00.000",
  "endTime" : "2016-05-24T06:44:30.000",
  "duration" : 26100000,
  "minutesToFallAsleep" : 0,
  "minutesAsleep" : 408,
  "minutesAwake" : 27,
  "minutesAfterWakeup" : 0,
  "timeInBed" : 435,
  "efficiency" : 94,
  "type" : "classic",
  "infoCode" : 0,
  "logType" : "auto_detected",
  "levels" : {
    "summary" : {
      "restless" : {
        "count" : 12,
        "minutes" : 26
      },
      "awake" : {
        "count" : 1,
        "minutes" : 1
      },
      "asleep" : {
        "count" : 0,
        "minutes" : 408
      }
    },
    "data" : [{
      "dateTime" : "2016-05-23T23:29:00.000",
      "level" : "restless",
      "seconds" : 480
    },{
      "dateTime" : "2016-05-23T23:37:00.000",
      "level" : "asleep",
      "seconds" : 540
    },{
      "dateTime" : "2016-05-23T23:46:00.000",
      "level" : "restless",
      "seconds" : 120
    },{
      "dateTime" : "2016-05-23T23:48:00.000",
      "level" : "asleep",
      "seconds" : 120
    },{
      "dateTime" : "2016-05-23T23:50:00.000",
      "level" : "restless",
      "seconds" : 60
    },{
      "dateTime" : "2016-05-23T23:51:00.000",
      "level" : "asleep",
      "seconds" : 240
    },{
      "dateTime" : "2016-05-23T23:55:00.000",
      "level" : "restless",
      "seconds" : 60
    },{
      "dateTime" : "2016-05-23T23:56:00.000",
      "level" : "asleep",
      "seconds" : 480
    },{
      "dateTime" : "2016-05-24T00:04:00.000",
      "level" : "restless",
      "seconds" : 180
    },{
      "dateTime" : "2016-05-24T00:07:00.000",
      "level" : "awake",
      "seconds" : 60
    },{
      "dateTime" : "2016-05-24T00:08:00.000",
      "level" : "restless",
      "seconds" : 120
    },{
      "dateTime" : "2016-05-24T00:10:00.000",
      "level" : "asleep",
      "seconds" : 2280
    },{
      "dateTime" : "2016-05-24T00:48:00.000",
      "level" : "restless",
      "seconds" : 120
    },{
      "dateTime" : "2016-05-24T00:50:00.000",
      "level" : "asleep",
      "seconds" : 60
    },{
      "dateTime" : "2016-05-24T00:51:00.000",
      "level" : "restless",
      "seconds" : 180
    },{
      "dateTime" : "2016-05-24T00:54:00.000",
      "level" : "asleep",
      "seconds" : 900
    },{
      "dateTime" : "2016-05-24T01:09:00.000",
      "level" : "restless",
      "seconds" : 60
    },{
      "dateTime" : "2016-05-24T01:10:00.000",
      "level" : "asleep",
      "seconds" : 120
    },{
      "dateTime" : "2016-05-24T01:12:00.000",
      "level" : "restless",
      "seconds" : 60
    },{
      "dateTime" : "2016-05-24T01:13:00.000",
      "level" : "asleep",
      "seconds" : 6660
    },{
      "dateTime" : "2016-05-24T03:04:00.000",
      "level" : "restless",
      "seconds" : 60
    },{
      "dateTime" : "2016-05-24T03:05:00.000",
      "level" : "asleep",
      "seconds" : 2760
    },{
      "dateTime" : "2016-05-24T03:51:00.000",
      "level" : "restless",
      "seconds" : 60
    },{
      "dateTime" : "2016-05-24T03:52:00.000",
      "level" : "asleep",
      "seconds" : 10320
    }]
  },
  "mainSleep" : true
},{
  "logId" : 11697544703,
  "dateOfSleep" : "2016-05-23",
  "startTime" : "2016-05-22T23:00:00.000",
  "endTime" : "2016-05-23T06:53:30.000",
  "duration" : 28380000,
  "minutesToFallAsleep" : 0,
  "minutesAsleep" : 404,
  "minutesAwake" : 13,
  "minutesAfterWakeup" : 0,
  "timeInBed" : 473,
  "efficiency" : 97,
  "type" : "classic",
  "infoCode" : 0,
  "logType" : "auto_detected",
  "levels" : {
    "summary" : {
      "restless" : {
        "count" : 13,
        "minutes" : 68
      },
      "awake" : {
        "count" : 1,
        "minutes" : 1
      },
      "asleep" : {
        "count" : 0,
        "minutes" : 404
      }
    },
    "data" : [{
      "dateTime" : "2016-05-22T23:00:00.000",
      "level" : "awake",
      "seconds" : 60
    },{
      "dateTime" : "2016-05-22T23:01:00.000",
      "level" : "restless",
      "seconds" : 240
    },{
      "dateTime" : "2016-05-22T23:05:00.000",
      "level" : "asleep",
      "seconds" : 480
    },{
      "dateTime" : "2016-05-22T23:13:00.000",
      "level" : "restless",
      "seconds" : 60
    },{
      "dateTime" : "2016-05-22T23:14:00.000",
      "level" : "asleep",
      "seconds" : 540
    },{
      "dateTime" : "2016-05-22T23:23:00.000",
      "level" : "restless",
      "seconds" : 360
    },{
      "dateTime" : "2016-05-22T23:29:00.000",
      "level" : "asleep",
      "seconds" : 60
    },{
      "dateTime" : "2016-05-22T23:30:00.000",
      "level" : "restless",
      "seconds" : 60
    },{
      "dateTime" : "2016-05-22T23:31:00.000",
      "level" : "asleep",
      "seconds" : 300
    },{
      "dateTime" : "2016-05-22T23:36:00.000",
      "level" : "restless",
      "seconds" : 120
    },{
      "dateTime" : "2016-05-22T23:38:00.000",
      "level" : "asleep",
      "seconds" : 660
    },{
      "dateTime" : "2016-05-22T23:49:00.000",
      "level" : "restless",
      "seconds" : 240
    },{
      "dateTime" : "2016-05-22T23:53:00.000",
      "level" : "asleep",
      "seconds" : 2700
    },{
      "dateTime" : "2016-05-23T00:38:00.000",
      "level" : "restless",
      "seconds" : 60
    },{
      "dateTime" : "2016-05-23T00:39:00.000",
      "level" : "asleep",
      "seconds" : 1380
    },{
      "dateTime" : "2016-05-23T01:02:00.000",
      "level" : "restless",
      "seconds" : 60
    },{
      "dateTime" : "2016-05-23T01:03:00.000",
      "level" : "asleep",
      "seconds" : 2520
    },{
      "dateTime" : "2016-05-23T01:45:00.000",
      "level" : "restless",
      "seconds" : 60
    },{
      "dateTime" : "2016-05-23T01:46:00.000",
      "level" : "asleep",
      "seconds" : 60
    },{
      "dateTime" : "2016-05-23T01:47:00.000",
      "level" : "restless",
      "seconds" : 60
    },{
      "dateTime" : "2016-05-23T01:48:00.000",
      "level" : "asleep",
      "seconds" : 480
    },{
      "dateTime" : "2016-05-23T01:56:00.000",
      "level" : "restless",
      "seconds" : 60
    },{
      "dateTime" : "2016-05-23T01:57:00.000",
      "level" : "asleep",
      "seconds" : 2640
    },{
      "dateTime" : "2016-05-23T02:41:00.000",
      "level" : "restless",
      "seconds" : 60
    },{
      "dateTime" : "2016-05-23T02:42:00.000",
      "level" : "asleep",
      "seconds" : 3300
    },{
      "dateTime" : "2016-05-23T03:37:00.000",
      "level" : "restless",
      "seconds" : 60
    },{
      "dateTime" : "2016-05-23T03:38:00.000",
      "level" : "asleep",
      "seconds" : 4560
    },{
      "dateTime" : "2016-05-23T04:54:00.000",
      "level" : "restless",
      "seconds" : 60
    },{
      "dateTime" : "2016-05-23T04:55:00.000",
      "level" : "asleep",
      "seconds" : 4080
    },{
      "dateTime" : "2016-05-23T06:03:00.000",
      "level" : "restless",
      "seconds" : 60
    },{
      "dateTime" : "2016-05-23T06:04:00.000",
      "level" : "asleep",
      "seconds" : 2220
    },{
      "dateTime" : "2016-05-23T06:41:00.000",
      "level" : "restless",
      "seconds" : 60
    },{
      "dateTime" : "2016-05-23T06:42:00.000",
      "level" : "asleep",
      "seconds" : 360
    },{
      "dateTime" : "2016-05-23T06:48:00.000",
      "level" : "restless",
      "seconds" : 120
    },{
      "dateTime" : "2016-05-23T06:50:00.000",
      "level" : "asleep",
      "seconds" : 60
    },{
      "dateTime" : "2016-05-23T06:51:00.000",
      "level" : "restless",
      "seconds" : 60
    },{
      "dateTime" : "2016-05-23T06:52:00.000",
      "level" : "asleep",
      "seconds" : 60
    }]
  },
  "mainSleep" : true
},{
  "logId" : 11692430950,
  "dateOfSleep" : "2016-05-22",
  "startTime" : "2016-05-21T21:04:30.000",
  "endTime" : "2016-05-22T08:49:30.000",
  "duration" : 42300000,
  "minutesToFallAsleep" : 0,
  "minutesAsleep" : 670,
  "minutesAwake" : 35,
  "minutesAfterWakeup" : 0,
  "timeInBed" : 705,
  "efficiency" : 95,
  "type" : "classic",
  "infoCode" : 0,
  "logType" : "auto_detected",
  "levels" : {
    "summary" : {
      "restless" : {
        "count" : 17,
        "minutes" : 29
      },
      "awake" : {
        "count" : 1,
        "minutes" : 6
      },
      "asleep" : {
        "count" : 0,
        "minutes" : 670
      }
    },
    "data" : [{
      "dateTime" : "2016-05-21T21:04:30.000",
      "level" : "asleep",
      "seconds" : 360
    },{
      "dateTime" : "2016-05-21T21:10:30.000",
      "level" : "restless",
      "seconds" : 360
    },{
      "dateTime" : "2016-05-21T21:16:30.000",
      "level" : "asleep",
      "seconds" : 900
    },{
      "dateTime" : "2016-05-21T21:31:30.000",
      "level" : "restless",
      "seconds" : 60
    },{
      "dateTime" : "2016-05-21T21:32:30.000",
      "level" : "asleep",
      "seconds" : 60
    },{
      "dateTime" : "2016-05-21T21:33:30.000",
      "level" : "restless",
      "seconds" : 120
    },{
      "dateTime" : "2016-05-21T21:35:30.000",
      "level" : "asleep",
      "seconds" : 60
    },{
      "dateTime" : "2016-05-21T21:36:30.000",
      "level" : "restless",
      "seconds" : 120
    },{
      "dateTime" : "2016-05-21T21:38:30.000",
      "level" : "asleep",
      "seconds" : 60
    },{
      "dateTime" : "2016-05-21T21:39:30.000",
      "level" : "restless",
      "seconds" : 60
    },{
      "dateTime" : "2016-05-21T21:40:30.000",
      "level" : "asleep",
      "seconds" : 2340
    },{
      "dateTime" : "2016-05-21T22:19:30.000",
      "level" : "restless",
      "seconds" : 120
    },{
      "dateTime" : "2016-05-21T22:21:30.000",
      "level" : "awake",
      "seconds" : 360
    },{
      "dateTime" : "2016-05-21T22:27:30.000",
      "level" : "restless",
      "seconds" : 60
    },{
      "dateTime" : "2016-05-21T22:28:30.000",
      "level" : "asleep",
      "seconds" : 11040
    },{
      "dateTime" : "2016-05-22T01:32:30.000",
      "level" : "restless",
      "seconds" : 60
    },{
      "dateTime" : "2016-05-22T01:33:30.000",
      "level" : "asleep",
      "seconds" : 9960
    },{
      "dateTime" : "2016-05-22T04:19:30.000",
      "level" : "restless",
      "seconds" : 60
    },{
      "dateTime" : "2016-05-22T04:20:30.000",
      "level" : "asleep",
      "seconds" : 60
    },{
      "dateTime" : "2016-05-22T04:21:30.000",
      "level" : "restless",
      "seconds" : 60
    },{
      "dateTime" : "2016-05-22T04:22:30.000",
      "level" : "asleep",
      "seconds" : 2100
    },{
      "dateTime" : "2016-05-22T04:57:30.000",
      "level" : "restless",
      "seconds" : 60
    },{
      "dateTime" : "2016-05-22T04:58:30.000",
      "level" : "asleep",
      "seconds" : 1500
    },{
      "dateTime" : "2016-05-22T05:23:30.000",
      "level" : "restless",
      "seconds" : 180
    },{
      "dateTime" : "2016-05-22T05:26:30.000",
      "level" : "asleep",
      "seconds" : 2460
    },{
      "dateTime" : "2016-05-22T06:07:30.000",
      "level" : "restless",
      "seconds" : 120
    },{
      "dateTime" : "2016-05-22T06:09:30.000",
      "level" : "asleep",
      "seconds" : 120
    },{
      "dateTime" : "2016-05-22T06:11:30.000",
      "level" : "restless",
      "seconds" : 60
    },{
      "dateTime" : "2016-05-22T06:12:30.000",
      "level" : "asleep",
      "seconds" : 2160
    },{
      "dateTime" : "2016-05-22T06:48:30.000",
      "level" : "restless",
      "seconds" : 120
    },{
      "dateTime" : "2016-05-22T06:50:30.000",
      "level" : "asleep",
      "seconds" : 4440
    },{
      "dateTime" : "2016-05-22T08:04:30.000",
      "level" : "restless",
      "seconds" : 60
    },{
      "dateTime" : "2016-05-22T08:05:30.000",
      "level" : "asleep",
      "seconds" : 120
    },{
      "dateTime" : "2016-05-22T08:07:30.000",
      "level" : "restless",
      "seconds" : 60
    },{
      "dateTime" : "2016-05-22T08:08:30.000",
      "level" : "asleep",
      "seconds" : 2460
    }]
  },
  "mainSleep" : true
},{
  "logId" : 11685169163,
  "dateOfSleep" : "2016-05-21",
  "startTime" : "2016-05-20T23:33:00.000",
  "endTime" : "2016-05-21T06:28:30.000",
  "duration" : 24900000,
  "minutesToFallAsleep" : 0,
  "minutesAsleep" : 401,
  "minutesAwake" : 14,
  "minutesAfterWakeup" : 0,
  "timeInBed" : 415,
  "efficiency" : 97,
  "type" : "classic",
  "infoCode" : 0,
  "logType" : "auto_detected",
  "levels" : {
    "summary" : {
      "restless" : {
        "count" : 7,
        "minutes" : 12
      },
      "awake" : {
        "count" : 1,
        "minutes" : 2
      },
      "asleep" : {
        "count" : 0,
        "minutes" : 401
      }
    },
    "data" : [{
      "dateTime" : "2016-05-20T23:33:00.000",
      "level" : "restless",
      "seconds" : 180
    },{
      "dateTime" : "2016-05-20T23:36:00.000",
      "level" : "asleep",
      "seconds" : 660
    },{
      "dateTime" : "2016-05-20T23:47:00.000",
      "level" : "restless",
      "seconds" : 120
    },{
      "dateTime" : "2016-05-20T23:49:00.000",
      "level" : "awake",
      "seconds" : 120
    },{
      "dateTime" : "2016-05-20T23:51:00.000",
      "level" : "restless",
      "seconds" : 60
    },{
      "dateTime" : "2016-05-20T23:52:00.000",
      "level" : "asleep",
      "seconds" : 7320
    },{
      "dateTime" : "2016-05-21T01:54:00.000",
      "level" : "restless",
      "seconds" : 120
    },{
      "dateTime" : "2016-05-21T01:56:00.000",
      "level" : "asleep",
      "seconds" : 6720
    },{
      "dateTime" : "2016-05-21T03:48:00.000",
      "level" : "restless",
      "seconds" : 120
    },{
      "dateTime" : "2016-05-21T03:50:00.000",
      "level" : "asleep",
      "seconds" : 60
    },{
      "dateTime" : "2016-05-21T03:51:00.000",
      "level" : "restless",
      "seconds" : 60
    },{
      "dateTime" : "2016-05-21T03:52:00.000",
      "level" : "asleep",
      "seconds" : 60
    },{
      "dateTime" : "2016-05-21T03:53:00.000",
      "level" : "restless",
      "seconds" : 60
    },{
      "dateTime" : "2016-05-21T03:54:00.000",
      "level" : "asleep",
      "seconds" : 9240
    }]
  },
  "mainSleep" : true
},{
  "logId" : 11679250009,
  "dateOfSleep" : "2016-05-20",
  "startTime" : "2016-05-19T23:40:00.000",
  "endTime" : "2016-05-20T07:02:00.000",
  "duration" : 26520000,
  "minutesToFallAsleep" : 0,
  "minutesAsleep" : 440,
  "minutesAwake" : 2,
  "minutesAfterWakeup" : 0,
  "timeInBed" : 442,
  "efficiency" : 100,
  "type" : "classic",
  "infoCode" : 0,
  "logType" : "auto_detected",
  "levels" : {
    "summary" : {
      "restless" : {
        "count" : 2,
        "minutes" : 2
      },
      "awake" : {
        "count" : 0,
        "minutes" : 0
      },
      "asleep" : {
        "count" : 0,
        "minutes" : 440
      }
    },
    "data" : [{
      "dateTime" : "2016-05-19T23:40:00.000",
      "level" : "asleep",
      "seconds" : 12900
    },{
      "dateTime" : "2016-05-20T03:15:00.000",
      "level" : "restless",
      "seconds" : 60
    },{
      "dateTime" : "2016-05-20T03:16:00.000",
      "level" : "asleep",
      "seconds" : 3960
    },{
      "dateTime" : "2016-05-20T04:22:00.000",
      "level" : "restless",
      "seconds" : 60
    },{
      "dateTime" : "2016-05-20T04:23:00.000",
      "level" : "asleep",
      "seconds" : 9540
    }]
  },
  "mainSleep" : true
},{
  "logId" : 11667593383,
  "dateOfSleep" : "2016-05-19",
  "startTime" : "2016-05-18T22:57:30.000",
  "endTime" : "2016-05-19T07:29:30.000",
  "duration" : 30720000,
  "minutesToFallAsleep" : 0,
  "minutesAsleep" : 486,
  "minutesAwake" : 26,
  "minutesAfterWakeup" : 0,
  "timeInBed" : 512,
  "efficiency" : 95,
  "type" : "classic",
  "infoCode" : 0,
  "logType" : "auto_detected",
  "levels" : {
    "summary" : {
      "restless" : {
        "count" : 17,
        "minutes" : 26
      },
      "awake" : {
        "count" : 0,
        "minutes" : 0
      },
      "asleep" : {
        "count" : 0,
        "minutes" : 486
      }
    },
    "data" : [{
      "dateTime" : "2016-05-18T22:57:30.000",
      "level" : "restless",
      "seconds" : 60
    },{
      "dateTime" : "2016-05-18T22:58:30.000",
      "level" : "asleep",
      "seconds" : 240
    },{
      "dateTime" : "2016-05-18T23:02:30.000",
      "level" : "restless",
      "seconds" : 60
    },{
      "dateTime" : "2016-05-18T23:03:30.000",
      "level" : "asleep",
      "seconds" : 120
    },{
      "dateTime" : "2016-05-18T23:05:30.000",
      "level" : "restless",
      "seconds" : 60
    },{
      "dateTime" : "2016-05-18T23:06:30.000",
      "level" : "asleep",
      "seconds" : 3240
    },{
      "dateTime" : "2016-05-19T00:00:30.000",
      "level" : "restless",
      "seconds" : 120
    },{
      "dateTime" : "2016-05-19T00:02:30.000",
      "level" : "asleep",
      "seconds" : 60
    },{
      "dateTime" : "2016-05-19T00:03:30.000",
      "level" : "restless",
      "seconds" : 120
    },{
      "dateTime" : "2016-05-19T00:05:30.000",
      "level" : "asleep",
      "seconds" : 1680
    },{
      "dateTime" : "2016-05-19T00:33:30.000",
      "level" : "restless",
      "seconds" : 60
    },{
      "dateTime" : "2016-05-19T00:34:30.000",
      "level" : "asleep",
      "seconds" : 120
    },{
      "dateTime" : "2016-05-19T00:36:30.000",
      "level" : "restless",
      "seconds" : 60
    },{
      "dateTime" : "2016-05-19T00:37:30.000",
      "level" : "asleep",
      "seconds" : 3240
    },{
      "dateTime" : "2016-05-19T01:31:30.000",
      "level" : "restless",
      "seconds" : 60
    },{
      "dateTime" : "2016-05-19T01:32:30.000",
      "level" : "asleep",
      "seconds" : 120
    },{
      "dateTime" : "2016-05-19T01:34:30.000",
      "level" : "restless",
      "seconds" : 60
    },{
      "dateTime" : "2016-05-19T01:35:30.000",
      "level" : "asleep",
      "seconds" : 1980
    },{
      "dateTime" : "2016-05-19T02:08:30.000",
      "level" : "restless",
      "seconds" : 120
    },{
      "dateTime" : "2016-05-19T02:10:30.000",
      "level" : "asleep",
      "seconds" : 7920
    },{
      "dateTime" : "2016-05-19T04:22:30.000",
      "level" : "restless",
      "seconds" : 60
    },{
      "dateTime" : "2016-05-19T04:23:30.000",
      "level" : "asleep",
      "seconds" : 660
    },{
      "dateTime" : "2016-05-19T04:34:30.000",
      "level" : "restless",
      "seconds" : 60
    },{
      "dateTime" : "2016-05-19T04:35:30.000",
      "level" : "asleep",
      "seconds" : 1440
    },{
      "dateTime" : "2016-05-19T04:59:30.000",
      "level" : "restless",
      "seconds" : 120
    },{
      "dateTime" : "2016-05-19T05:01:30.000",
      "level" : "asleep",
      "seconds" : 60
    },{
      "dateTime" : "2016-05-19T05:02:30.000",
      "level" : "restless",
      "seconds" : 180
    },{
      "dateTime" : "2016-05-19T05:05:30.000",
      "level" : "asleep",
      "seconds" : 5340
    },{
      "dateTime" : "2016-05-19T06:34:30.000",
      "level" : "restless",
      "seconds" : 60
    },{
      "dateTime" : "2016-05-19T06:35:30.000",
      "level" : "asleep",
      "seconds" : 60
    },{
      "dateTime" : "2016-05-19T06:36:30.000",
      "level" : "restless",
      "seconds" : 60
    },{
      "dateTime" : "2016-05-19T06:37:30.000",
      "level" : "asleep",
      "seconds" : 1560
    },{
      "dateTime" : "2016-05-19T07:03:30.000",
      "level" : "restless",
      "seconds" : 240
    },{
      "dateTime" : "2016-05-19T07:07:30.000",
      "level" : "asleep",
      "seconds" : 1140
    },{
      "dateTime" : "2016-05-19T07:26:30.000",
      "level" : "restless",
      "seconds" : 60
    },{
      "dateTime" : "2016-05-19T07:27:30.000",
      "level" : "asleep",
      "seconds" : 120
    }]
  },
  "mainSleep" : true
},{
  "logId" : 11659101871,
  "dateOfSleep" : "2016-05-18",
  "startTime" : "2016-05-18T00:14:00.000",
  "endTime" : "2016-05-18T07:03:00.000",
  "duration" : 24540000,
  "minutesToFallAsleep" : 0,
  "minutesAsleep" : 398,
  "minutesAwake" : 10,
  "minutesAfterWakeup" : 1,
  "timeInBed" : 409,
  "efficiency" : 98,
  "type" : "classic",
  "infoCode" : 0,
  "logType" : "auto_detected",
  "levels" : {
    "summary" : {
      "restless" : {
        "count" : 5,
        "minutes" : 11
      },
      "awake" : {
        "count" : 0,
        "minutes" : 0
      },
      "asleep" : {
        "count" : 0,
        "minutes" : 398
      }
    },
    "data" : [{
      "dateTime" : "2016-05-18T00:14:00.000",
      "level" : "asleep",
      "seconds" : 540
    },{
      "dateTime" : "2016-05-18T00:23:00.000",
      "level" : "restless",
      "seconds" : 420
    },{
      "dateTime" : "2016-05-18T00:30:00.000",
      "level" : "asleep",
      "seconds" : 5340
    },{
      "dateTime" : "2016-05-18T01:59:00.000",
      "level" : "restless",
      "seconds" : 60
    },{
      "dateTime" : "2016-05-18T02:00:00.000",
      "level" : "asleep",
      "seconds" : 120
    },{
      "dateTime" : "2016-05-18T02:02:00.000",
      "level" : "restless",
      "seconds" : 60
    },{
      "dateTime" : "2016-05-18T02:03:00.000",
      "level" : "asleep",
      "seconds" : 1620
    },{
      "dateTime" : "2016-05-18T02:30:00.000",
      "level" : "restless",
      "seconds" : 60
    },{
      "dateTime" : "2016-05-18T02:31:00.000",
      "level" : "asleep",
      "seconds" : 16260
    },{
      "dateTime" : "2016-05-18T07:02:00.000",
      "level" : "restless",
      "seconds" : 60
    }]
  },
  "mainSleep" : true
},{
  "logId" : 11652031325,
  "dateOfSleep" : "2016-05-17",
  "startTime" : "2016-05-16T23:31:30.000",
  "endTime" : "2016-05-17T06:58:30.000",
  "duration" : 26820000,
  "minutesToFallAsleep" : 0,
  "minutesAsleep" : 439,
  "minutesAwake" : 8,
  "minutesAfterWakeup" : 0,
  "timeInBed" : 447,
  "efficiency" : 98,
  "type" : "classic",
  "infoCode" : 0,
  "logType" : "auto_detected",
  "levels" : {
    "summary" : {
      "restless" : {
        "count" : 4,
        "minutes" : 8
      },
      "awake" : {
        "count" : 0,
        "minutes" : 0
      },
      "asleep" : {
        "count" : 0,
        "minutes" : 439
      }
    },
    "data" : [{
      "dateTime" : "2016-05-16T23:31:30.000",
      "level" : "restless",
      "seconds" : 300
    },{
      "dateTime" : "2016-05-16T23:36:30.000",
      "level" : "asleep",
      "seconds" : 3000
    },{
      "dateTime" : "2016-05-17T00:26:30.000",
      "level" : "restless",
      "seconds" : 60
    },{
      "dateTime" : "2016-05-17T00:27:30.000",
      "level" : "asleep",
      "seconds" : 4200
    },{
      "dateTime" : "2016-05-17T01:37:30.000",
      "level" : "restless",
      "seconds" : 60
    },{
      "dateTime" : "2016-05-17T01:38:30.000",
      "level" : "asleep",
      "seconds" : 16500
    },{
      "dateTime" : "2016-05-17T06:13:30.000",
      "level" : "restless",
      "seconds" : 60
    },{
      "dateTime" : "2016-05-17T06:14:30.000",
      "level" : "asleep",
      "seconds" : 2640
    }]
  },
  "mainSleep" : true
},{
  "logId" : 11642636436,
  "dateOfSleep" : "2016-05-16",
  "startTime" : "2016-05-15T22:58:00.000",
  "endTime" : "2016-05-16T07:02:00.000",
  "duration" : 29040000,
  "minutesToFallAsleep" : 0,
  "minutesAsleep" : 459,
  "minutesAwake" : 25,
  "minutesAfterWakeup" : 0,
  "timeInBed" : 484,
  "efficiency" : 95,
  "type" : "classic",
  "infoCode" : 0,
  "logType" : "auto_detected",
  "levels" : {
    "summary" : {
      "restless" : {
        "count" : 10,
        "minutes" : 20
      },
      "awake" : {
        "count" : 1,
        "minutes" : 5
      },
      "asleep" : {
        "count" : 0,
        "minutes" : 459
      }
    },
    "data" : [{
      "dateTime" : "2016-05-15T22:58:00.000",
      "level" : "restless",
      "seconds" : 300
    },{
      "dateTime" : "2016-05-15T23:03:00.000",
      "level" : "awake",
      "seconds" : 300
    },{
      "dateTime" : "2016-05-15T23:08:00.000",
      "level" : "restless",
      "seconds" : 240
    },{
      "dateTime" : "2016-05-15T23:12:00.000",
      "level" : "asleep",
      "seconds" : 1740
    },{
      "dateTime" : "2016-05-15T23:41:00.000",
      "level" : "restless",
      "seconds" : 60
    },{
      "dateTime" : "2016-05-15T23:42:00.000",
      "level" : "asleep",
      "seconds" : 4740
    },{
      "dateTime" : "2016-05-16T01:01:00.000",
      "level" : "restless",
      "seconds" : 60
    },{
      "dateTime" : "2016-05-16T01:02:00.000",
      "level" : "asleep",
      "seconds" : 2100
    },{
      "dateTime" : "2016-05-16T01:37:00.000",
      "level" : "restless",
      "seconds" : 60
    },{
      "dateTime" : "2016-05-16T01:38:00.000",
      "level" : "asleep",
      "seconds" : 1500
    },{
      "dateTime" : "2016-05-16T02:03:00.000",
      "level" : "restless",
      "seconds" : 60
    },{
      "dateTime" : "2016-05-16T02:04:00.000",
      "level" : "asleep",
      "seconds" : 60
    },{
      "dateTime" : "2016-05-16T02:05:00.000",
      "level" : "restless",
      "seconds" : 120
    },{
      "dateTime" : "2016-05-16T02:07:00.000",
      "level" : "asleep",
      "seconds" : 4980
    },{
      "dateTime" : "2016-05-16T03:30:00.000",
      "level" : "restless",
      "seconds" : 120
    },{
      "dateTime" : "2016-05-16T03:32:00.000",
      "level" : "asleep",
      "seconds" : 3540
    },{
      "dateTime" : "2016-05-16T04:31:00.000",
      "level" : "restless",
      "seconds" : 60
    },{
      "dateTime" : "2016-05-16T04:32:00.000",
      "level" : "asleep",
      "seconds" : 60
    },{
      "dateTime" : "2016-05-16T04:33:00.000",
      "level" : "restless",
      "seconds" : 120
    },{
      "dateTime" : "2016-05-16T04:35:00.000",
      "level" : "asleep",
      "seconds" : 8820
    }]
  },
  "mainSleep" : true
},{
  "logId" : 11635347073,
  "dateOfSleep" : "2016-05-15",
  "startTime" : "2016-05-14T21:09:00.000",
  "endTime" : "2016-05-15T07:35:30.000",
  "duration" : 37560000,
  "minutesToFallAsleep" : 0,
  "minutesAsleep" : 598,
  "minutesAwake" : 28,
  "minutesAfterWakeup" : 0,
  "timeInBed" : 626,
  "efficiency" : 96,
  "type" : "classic",
  "infoCode" : 0,
  "logType" : "auto_detected",
  "levels" : {
    "summary" : {
      "restless" : {
        "count" : 12,
        "minutes" : 17
      },
      "awake" : {
        "count" : 3,
        "minutes" : 11
      },
      "asleep" : {
        "count" : 0,
        "minutes" : 598
      }
    },
    "data" : [{
      "dateTime" : "2016-05-14T21:09:00.000",
      "level" : "awake",
      "seconds" : 180
    },{
      "dateTime" : "2016-05-14T21:12:00.000",
      "level" : "restless",
      "seconds" : 60
    },{
      "dateTime" : "2016-05-14T21:13:00.000",
      "level" : "asleep",
      "seconds" : 600
    },{
      "dateTime" : "2016-05-14T21:23:00.000",
      "level" : "restless",
      "seconds" : 120
    },{
      "dateTime" : "2016-05-14T21:25:00.000",
      "level" : "awake",
      "seconds" : 120
    },{
      "dateTime" : "2016-05-14T21:27:00.000",
      "level" : "restless",
      "seconds" : 120
    },{
      "dateTime" : "2016-05-14T21:29:00.000",
      "level" : "asleep",
      "seconds" : 4800
    },{
      "dateTime" : "2016-05-14T22:49:00.000",
      "level" : "restless",
      "seconds" : 120
    },{
      "dateTime" : "2016-05-14T22:51:00.000",
      "level" : "awake",
      "seconds" : 360
    },{
      "dateTime" : "2016-05-14T22:57:00.000",
      "level" : "restless",
      "seconds" : 60
    },{
      "dateTime" : "2016-05-14T22:58:00.000",
      "level" : "asleep",
      "seconds" : 7920
    },{
      "dateTime" : "2016-05-15T01:10:00.000",
      "level" : "restless",
      "seconds" : 60
    },{
      "dateTime" : "2016-05-15T01:11:00.000",
      "level" : "asleep",
      "seconds" : 3120
    },{
      "dateTime" : "2016-05-15T02:03:00.000",
      "level" : "restless",
      "seconds" : 60
    },{
      "dateTime" : "2016-05-15T02:04:00.000",
      "level" : "asleep",
      "seconds" : 7920
    },{
      "dateTime" : "2016-05-15T04:16:00.000",
      "level" : "restless",
      "seconds" : 60
    },{
      "dateTime" : "2016-05-15T04:17:00.000",
      "level" : "asleep",
      "seconds" : 4440
    },{
      "dateTime" : "2016-05-15T05:31:00.000",
      "level" : "restless",
      "seconds" : 60
    },{
      "dateTime" : "2016-05-15T05:32:00.000",
      "level" : "asleep",
      "seconds" : 420
    },{
      "dateTime" : "2016-05-15T05:39:00.000",
      "level" : "restless",
      "seconds" : 120
    },{
      "dateTime" : "2016-05-15T05:41:00.000",
      "level" : "asleep",
      "seconds" : 60
    },{
      "dateTime" : "2016-05-15T05:42:00.000",
      "level" : "restless",
      "seconds" : 120
    },{
      "dateTime" : "2016-05-15T05:44:00.000",
      "level" : "asleep",
      "seconds" : 4800
    },{
      "dateTime" : "2016-05-15T07:04:00.000",
      "level" : "restless",
      "seconds" : 60
    },{
      "dateTime" : "2016-05-15T07:05:00.000",
      "level" : "asleep",
      "seconds" : 1800
    }]
  },
  "mainSleep" : true
},{
  "logId" : 11627449874,
  "dateOfSleep" : "2016-05-14",
  "startTime" : "2016-05-14T00:07:00.000",
  "endTime" : "2016-05-14T07:22:30.000",
  "duration" : 26100000,
  "minutesToFallAsleep" : 0,
  "minutesAsleep" : 404,
  "minutesAwake" : 19,
  "minutesAfterWakeup" : 12,
  "timeInBed" : 435,
  "efficiency" : 96,
  "type" : "classic",
  "infoCode" : 0,
  "logType" : "auto_detected",
  "levels" : {
    "summary" : {
      "restless" : {
        "count" : 11,
        "minutes" : 19
      },
      "awake" : {
        "count" : 4,
        "minutes" : 12
      },
      "asleep" : {
        "count" : 0,
        "minutes" : 404
      }
    },
    "data" : [{
      "dateTime" : "2016-05-14T00:07:00.000",
      "level" : "restless",
      "seconds" : 120
    },{
      "dateTime" : "2016-05-14T00:09:00.000",
      "level" : "asleep",
      "seconds" : 180
    },{
      "dateTime" : "2016-05-14T00:12:00.000",
      "level" : "restless",
      "seconds" : 180
    },{
      "dateTime" : "2016-05-14T00:15:00.000",
      "level" : "awake",
      "seconds" : 180
    },{
      "dateTime" : "2016-05-14T00:18:00.000",
      "level" : "asleep",
      "seconds" : 8640
    },{
      "dateTime" : "2016-05-14T02:42:00.000",
      "level" : "restless",
      "seconds" : 60
    },{
      "dateTime" : "2016-05-14T02:43:00.000",
      "level" : "asleep",
      "seconds" : 2220
    },{
      "dateTime" : "2016-05-14T03:20:00.000",
      "level" : "restless",
      "seconds" : 60
    },{
      "dateTime" : "2016-05-14T03:21:00.000",
      "level" : "asleep",
      "seconds" : 1620
    },{
      "dateTime" : "2016-05-14T03:48:00.000",
      "level" : "restless",
      "seconds" : 60
    },{
      "dateTime" : "2016-05-14T03:49:00.000",
      "level" : "asleep",
      "seconds" : 5400
    },{
      "dateTime" : "2016-05-14T05:19:00.000",
      "level" : "restless",
      "seconds" : 60
    },{
      "dateTime" : "2016-05-14T05:20:00.000",
      "level" : "asleep",
      "seconds" : 6060
    },{
      "dateTime" : "2016-05-14T07:01:00.000",
      "level" : "restless",
      "seconds" : 180
    },{
      "dateTime" : "2016-05-14T07:04:00.000",
      "level" : "awake",
      "seconds" : 60
    },{
      "dateTime" : "2016-05-14T07:05:00.000",
      "level" : "restless",
      "seconds" : 180
    },{
      "dateTime" : "2016-05-14T07:08:00.000",
      "level" : "asleep",
      "seconds" : 120
    },{
      "dateTime" : "2016-05-14T07:10:00.000",
      "level" : "restless",
      "seconds" : 120
    },{
      "dateTime" : "2016-05-14T07:12:00.000",
      "level" : "awake",
      "seconds" : 300
    },{
      "dateTime" : "2016-05-14T07:17:00.000",
      "level" : "restless",
      "seconds" : 60
    },{
      "dateTime" : "2016-05-14T07:18:00.000",
      "level" : "awake",
      "seconds" : 240
    }]
  },
  "mainSleep" : true
},{
  "logId" : 11618011594,
  "dateOfSleep" : "2016-05-13",
  "startTime" : "2016-05-12T21:32:00.000",
  "endTime" : "2016-05-13T06:59:00.000",
  "duration" : 34020000,
  "minutesToFallAsleep" : 0,
  "minutesAsleep" : 551,
  "minutesAwake" : 16,
  "minutesAfterWakeup" : 0,
  "timeInBed" : 567,
  "efficiency" : 97,
  "type" : "classic",
  "infoCode" : 0,
  "logType" : "auto_detected",
  "levels" : {
    "summary" : {
      "restless" : {
        "count" : 9,
        "minutes" : 12
      },
      "awake" : {
        "count" : 1,
        "minutes" : 4
      },
      "asleep" : {
        "count" : 0,
        "minutes" : 551
      }
    },
    "data" : [{
      "dateTime" : "2016-05-12T21:32:00.000",
      "level" : "awake",
      "seconds" : 240
    },{
      "dateTime" : "2016-05-12T21:36:00.000",
      "level" : "restless",
      "seconds" : 60
    },{
      "dateTime" : "2016-05-12T21:37:00.000",
      "level" : "asleep",
      "seconds" : 1260
    },{
      "dateTime" : "2016-05-12T21:58:00.000",
      "level" : "restless",
      "seconds" : 60
    },{
      "dateTime" : "2016-05-12T21:59:00.000",
      "level" : "asleep",
      "seconds" : 360
    },{
      "dateTime" : "2016-05-12T22:05:00.000",
      "level" : "restless",
      "seconds" : 60
    },{
      "dateTime" : "2016-05-12T22:06:00.000",
      "level" : "asleep",
      "seconds" : 3060
    },{
      "dateTime" : "2016-05-12T22:57:00.000",
      "level" : "restless",
      "seconds" : 120
    },{
      "dateTime" : "2016-05-12T22:59:00.000",
      "level" : "asleep",
      "seconds" : 660
    },{
      "dateTime" : "2016-05-12T23:10:00.000",
      "level" : "restless",
      "seconds" : 120
    },{
      "dateTime" : "2016-05-12T23:12:00.000",
      "level" : "asleep",
      "seconds" : 60
    },{
      "dateTime" : "2016-05-12T23:13:00.000",
      "level" : "restless",
      "seconds" : 60
    },{
      "dateTime" : "2016-05-12T23:14:00.000",
      "level" : "asleep",
      "seconds" : 4260
    },{
      "dateTime" : "2016-05-13T00:25:00.000",
      "level" : "restless",
      "seconds" : 60
    },{
      "dateTime" : "2016-05-13T00:26:00.000",
      "level" : "asleep",
      "seconds" : 17460
    },{
      "dateTime" : "2016-05-13T05:17:00.000",
      "level" : "restless",
      "seconds" : 120
    },{
      "dateTime" : "2016-05-13T05:19:00.000",
      "level" : "asleep",
      "seconds" : 60
    },{
      "dateTime" : "2016-05-13T05:20:00.000",
      "level" : "restless",
      "seconds" : 60
    },{
      "dateTime" : "2016-05-13T05:21:00.000",
      "level" : "asleep",
      "seconds" : 5880
    }]
  },
  "mainSleep" : true
},{
  "logId" : 11610202051,
  "dateOfSleep" : "2016-05-12",
  "startTime" : "2016-05-12T00:17:00.000",
  "endTime" : "2016-05-12T06:53:30.000",
  "duration" : 23760000,
  "minutesToFallAsleep" : 0,
  "minutesAsleep" : 386,
  "minutesAwake" : 10,
  "minutesAfterWakeup" : 0,
  "timeInBed" : 396,
  "efficiency" : 97,
  "type" : "classic",
  "infoCode" : 0,
  "logType" : "auto_detected",
  "levels" : {
    "summary" : {
      "restless" : {
        "count" : 9,
        "minutes" : 10
      },
      "awake" : {
        "count" : 0,
        "minutes" : 0
      },
      "asleep" : {
        "count" : 0,
        "minutes" : 386
      }
    },
    "data" : [{
      "dateTime" : "2016-05-12T00:17:00.000",
      "level" : "asleep",
      "seconds" : 1260
    },{
      "dateTime" : "2016-05-12T00:38:00.000",
      "level" : "restless",
      "seconds" : 60
    },{
      "dateTime" : "2016-05-12T00:39:00.000",
      "level" : "asleep",
      "seconds" : 1740
    },{
      "dateTime" : "2016-05-12T01:08:00.000",
      "level" : "restless",
      "seconds" : 60
    },{
      "dateTime" : "2016-05-12T01:09:00.000",
      "level" : "asleep",
      "seconds" : 1920
    },{
      "dateTime" : "2016-05-12T01:41:00.000",
      "level" : "restless",
      "seconds" : 60
    },{
      "dateTime" : "2016-05-12T01:42:00.000",
      "level" : "asleep",
      "seconds" : 120
    },{
      "dateTime" : "2016-05-12T01:44:00.000",
      "level" : "restless",
      "seconds" : 60
    },{
      "dateTime" : "2016-05-12T01:45:00.000",
      "level" : "asleep",
      "seconds" : 2220
    },{
      "dateTime" : "2016-05-12T02:22:00.000",
      "level" : "restless",
      "seconds" : 60
    },{
      "dateTime" : "2016-05-12T02:23:00.000",
      "level" : "asleep",
      "seconds" : 3180
    },{
      "dateTime" : "2016-05-12T03:16:00.000",
      "level" : "restless",
      "seconds" : 60
    },{
      "dateTime" : "2016-05-12T03:17:00.000",
      "level" : "asleep",
      "seconds" : 1680
    },{
      "dateTime" : "2016-05-12T03:45:00.000",
      "level" : "restless",
      "seconds" : 120
    },{
      "dateTime" : "2016-05-12T03:47:00.000",
      "level" : "asleep",
      "seconds" : 60
    },{
      "dateTime" : "2016-05-12T03:48:00.000",
      "level" : "restless",
      "seconds" : 60
    },{
      "dateTime" : "2016-05-12T03:49:00.000",
      "level" : "asleep",
      "seconds" : 8760
    },{
      "dateTime" : "2016-05-12T06:15:00.000",
      "level" : "restless",
      "seconds" : 60
    },{
      "dateTime" : "2016-05-12T06:16:00.000",
      "level" : "asleep",
      "seconds" : 2220
    }]
  },
  "mainSleep" : true
},{
  "logId" : 11601012038,
  "dateOfSleep" : "2016-05-11",
  "startTime" : "2016-05-10T23:39:00.000",
  "endTime" : "2016-05-11T06:59:00.000",
  "duration" : 26400000,
  "minutesToFallAsleep" : 0,
  "minutesAsleep" : 426,
  "minutesAwake" : 14,
  "minutesAfterWakeup" : 0,
  "timeInBed" : 440,
  "efficiency" : 97,
  "type" : "classic",
  "infoCode" : 0,
  "logType" : "auto_detected",
  "levels" : {
    "summary" : {
      "restless" : {
        "count" : 7,
        "minutes" : 14
      },
      "awake" : {
        "count" : 0,
        "minutes" : 0
      },
      "asleep" : {
        "count" : 0,
        "minutes" : 426
      }
    },
    "data" : [{
      "dateTime" : "2016-05-10T23:39:00.000",
      "level" : "restless",
      "seconds" : 360
    },{
      "dateTime" : "2016-05-10T23:45:00.000",
      "level" : "asleep",
      "seconds" : 960
    },{
      "dateTime" : "2016-05-11T00:01:00.000",
      "level" : "restless",
      "seconds" : 60
    },{
      "dateTime" : "2016-05-11T00:02:00.000",
      "level" : "asleep",
      "seconds" : 60
    },{
      "dateTime" : "2016-05-11T00:03:00.000",
      "level" : "restless",
      "seconds" : 180
    },{
      "dateTime" : "2016-05-11T00:06:00.000",
      "level" : "asleep",
      "seconds" : 1920
    },{
      "dateTime" : "2016-05-11T00:38:00.000",
      "level" : "restless",
      "seconds" : 60
    },{
      "dateTime" : "2016-05-11T00:39:00.000",
      "level" : "asleep",
      "seconds" : 5100
    },{
      "dateTime" : "2016-05-11T02:04:00.000",
      "level" : "restless",
      "seconds" : 60
    },{
      "dateTime" : "2016-05-11T02:05:00.000",
      "level" : "asleep",
      "seconds" : 2580
    },{
      "dateTime" : "2016-05-11T02:48:00.000",
      "level" : "restless",
      "seconds" : 60
    },{
      "dateTime" : "2016-05-11T02:49:00.000",
      "level" : "asleep",
      "seconds" : 8520
    },{
      "dateTime" : "2016-05-11T05:11:00.000",
      "level" : "restless",
      "seconds" : 60
    },{
      "dateTime" : "2016-05-11T05:12:00.000",
      "level" : "asleep",
      "seconds" : 6420
    }]
  },
  "mainSleep" : true
},{
  "logId" : 11591858994,
  "dateOfSleep" : "2016-05-10",
  "startTime" : "2016-05-09T23:22:00.000",
  "endTime" : "2016-05-10T07:08:30.000",
  "duration" : 27960000,
  "minutesToFallAsleep" : 0,
  "minutesAsleep" : 450,
  "minutesAwake" : 16,
  "minutesAfterWakeup" : 0,
  "timeInBed" : 466,
  "efficiency" : 97,
  "type" : "classic",
  "infoCode" : 0,
  "logType" : "auto_detected",
  "levels" : {
    "summary" : {
      "restless" : {
        "count" : 8,
        "minutes" : 15
      },
      "awake" : {
        "count" : 1,
        "minutes" : 1
      },
      "asleep" : {
        "count" : 0,
        "minutes" : 450
      }
    },
    "data" : [{
      "dateTime" : "2016-05-09T23:22:00.000",
      "level" : "restless",
      "seconds" : 360
    },{
      "dateTime" : "2016-05-09T23:28:00.000",
      "level" : "awake",
      "seconds" : 60
    },{
      "dateTime" : "2016-05-09T23:29:00.000",
      "level" : "restless",
      "seconds" : 60
    },{
      "dateTime" : "2016-05-09T23:30:00.000",
      "level" : "asleep",
      "seconds" : 1080
    },{
      "dateTime" : "2016-05-09T23:48:00.000",
      "level" : "restless",
      "seconds" : 60
    },{
      "dateTime" : "2016-05-09T23:49:00.000",
      "level" : "asleep",
      "seconds" : 1440
    },{
      "dateTime" : "2016-05-10T00:13:00.000",
      "level" : "restless",
      "seconds" : 180
    },{
      "dateTime" : "2016-05-10T00:16:00.000",
      "level" : "asleep",
      "seconds" : 5760
    },{
      "dateTime" : "2016-05-10T01:52:00.000",
      "level" : "restless",
      "seconds" : 60
    },{
      "dateTime" : "2016-05-10T01:53:00.000",
      "level" : "asleep",
      "seconds" : 1800
    },{
      "dateTime" : "2016-05-10T02:23:00.000",
      "level" : "restless",
      "seconds" : 60
    },{
      "dateTime" : "2016-05-10T02:24:00.000",
      "level" : "asleep",
      "seconds" : 9240
    },{
      "dateTime" : "2016-05-10T04:58:00.000",
      "level" : "restless",
      "seconds" : 60
    },{
      "dateTime" : "2016-05-10T04:59:00.000",
      "level" : "asleep",
      "seconds" : 4800
    },{
      "dateTime" : "2016-05-10T06:19:00.000",
      "level" : "restless",
      "seconds" : 60
    },{
      "dateTime" : "2016-05-10T06:20:00.000",
      "level" : "asleep",
      "seconds" : 2880
    }]
  },
  "mainSleep" : true
},{
  "logId" : 11585791205,
  "dateOfSleep" : "2016-05-09",
  "startTime" : "2016-05-09T17:00:00.000",
  "endTime" : "2016-05-09T18:13:00.000",
  "duration" : 4380000,
  "minutesToFallAsleep" : 0,
  "minutesAsleep" : 68,
  "minutesAwake" : 5,
  "minutesAfterWakeup" : 0,
  "timeInBed" : 73,
  "efficiency" : 93,
  "type" : "classic",
  "infoCode" : 0,
  "logType" : "auto_detected",
  "levels" : {
    "summary" : {
      "restless" : {
        "count" : 1,
        "minutes" : 4
      },
      "awake" : {
        "count" : 1,
        "minutes" : 1
      },
      "asleep" : {
        "count" : 0,
        "minutes" : 68
      }
    },
    "data" : [{
      "dateTime" : "2016-05-09T17:00:00.000",
      "level" : "awake",
      "seconds" : 60
    },{
      "dateTime" : "2016-05-09T17:01:00.000",
      "level" : "restless",
      "seconds" : 240
    },{
      "dateTime" : "2016-05-09T17:05:00.000",
      "level" : "asleep",
      "seconds" : 4080
    }]
  },
  "mainSleep" : true
}]