[{
  "logId" : 1551101969,
  "dateOfSleep" : "2015-11-06",
  "startTime" : "2015-11-05T23:10:00.000",
  "endTime" : "2015-11-06T08:00:30.000",
  "duration" : 31800000,
  "minutesToFallAsleep" : 0,
  "minutesAsleep" : 512,
  "minutesAwake" : 18,
  "minutesAfterWakeup" : 0,
  "timeInBed" : 530,
  "efficiency" : 97,
  "type" : "classic",
  "infoCode" : 0,
  "logType" : "auto_detected",
  "levels" : {
    "summary" : {
      "restless" : {
        "count" : 7,
        "minutes" : 16
      },
      "awake" : {
        "count" : 1,
        "minutes" : 2
      },
      "asleep" : {
        "count" : 0,
        "minutes" : 512
      }
    },
    "data" : [{
      "dateTime" : "2015-11-05T23:10:00.000",
      "level" : "asleep",
      "seconds" : 60
    },{
      "dateTime" : "2015-11-05T23:11:00.000",
      "level" : "restless",
      "seconds" : 180
    },{
      "dateTime" : "2015-11-05T23:14:00.000",
      "level" : "awake",
      "seconds" : 120
    },{
      "dateTime" : "2015-11-05T23:16:00.000",
      "level" : "restless",
      "seconds" : 120
    },{
      "dateTime" : "2015-11-05T23:18:00.000",
      "level" : "asleep",
      "seconds" : 7800
    },{
      "dateTime" : "2015-11-06T01:28:00.000",
      "level" : "restless",
      "seconds" : 60
    },{
      "dateTime" : "2015-11-06T01:29:00.000",
      "level" : "asleep",
      "seconds" : 900
    },{
      "dateTime" : "2015-11-06T01:44:00.000",
      "level" : "restless",
      "seconds" : 60
    },{
      "dateTime" : "2015-11-06T01:45:00.000",
      "level" : "asleep",
      "seconds" : 13860
    },{
      "dateTime" : "2015-11-06T05:36:00.000",
      "level" : "restless",
      "seconds" : 120
    },{
      "dateTime" : "2015-11-06T05:38:00.000",
      "level" : "asleep",
      "seconds" : 60
    },{
      "dateTime" : "2015-11-06T05:39:00.000",
      "level" : "restless",
      "seconds" : 60
    },{
      "dateTime" : "2015-11-06T05:40:00.000",
      "level" : "asleep",
      "seconds" : 7920
    },{
      "dateTime" : "2015-11-06T07:52:00.000",
      "level" : "restless",
      "seconds" : 360
    },{
      "dateTime" : "2015-11-06T07:58:00.000",
      "level" : "asleep",
      "seconds" : 120
    }]
  },
  "mainSleep" : true
},{
  "logId" : 1547017725,
  "dateOfSleep" : "2015-11-05",
  "startTime" : "2015-11-05T00:11:00.000",
  "endTime" : "2015-11-05T07:47:30.000",
  "duration" : 27360000,
  "minutesToFallAsleep" : 0,
  "minutesAsleep" : 451,
  "minutesAwake" : 5,
  "minutesAfterWakeup" : 0,
  "timeInBed" : 456,
  "efficiency" : 99,
  "type" : "classic",
  "infoCode" : 0,
  "logType" : "auto_detected",
  "levels" : {
    "summary" : {
      "restless" : {
        "count" : 3,
        "minutes" : 3
      },
      "awake" : {
        "count" : 1,
        "minutes" : 2
      },
      "asleep" : {
        "count" : 0,
        "minutes" : 451
      }
    },
    "data" : [{
      "dateTime" : "2015-11-05T00:11:00.000",
      "level" : "awake",
      "seconds" : 120
    },{
      "dateTime" : "2015-11-05T00:13:00.000",
      "level" : "asleep",
      "seconds" : 1260
    },{
      "dateTime" : "2015-11-05T00:34:00.000",
      "level" : "restless",
      "seconds" : 60
    },{
      "dateTime" : "2015-11-05T00:35:00.000",
      "level" : "asleep",
      "seconds" : 14940
    },{
      "dateTime" : "2015-11-05T04:44:00.000",
      "level" : "restless",
      "seconds" : 60
    },{
      "dateTime" : "2015-11-05T04:45:00.000",
      "level" : "asleep",
      "seconds" : 8340
    },{
      "dateTime" : "2015-11-05T07:04:00.000",
      "level" : "restless",
      "seconds" : 60
    },{
      "dateTime" : "2015-11-05T07:05:00.000",
      "level" : "asleep",
      "seconds" : 2520
    }]
  },
  "mainSleep" : true
},{
  "logId" : 1543450536,
  "dateOfSleep" : "2015-11-04",
  "startTime" : "2015-11-04T00:44:00.000",
  "endTime" : "2015-11-04T07:15:00.000",
  "duration" : 23460000,
  "minutesToFallAsleep" : 0,
  "minutesAsleep" : 374,
  "minutesAwake" : 17,
  "minutesAfterWakeup" : 0,
  "timeInBed" : 391,
  "efficiency" : 96,
  "type" : "classic",
  "infoCode" : 0,
  "logType" : "auto_detected",
  "levels" : {
    "summary" : {
      "restless" : {
        "count" : 9,
        "minutes" : 13
      },
      "awake" : {
        "count" : 2,
        "minutes" : 4
      },
      "asleep" : {
        "count" : 0,
        "minutes" : 374
      }
    },
    "data" : [{
      "dateTime" : "2015-11-04T00:44:00.000",
      "level" : "asleep",
      "seconds" : 240
    },{
      "dateTime" : "2015-11-04T00:48:00.000",
      "level" : "restless",
      "seconds" : 60
    },{
      "dateTime" : "2015-11-04T00:49:00.000",
      "level" : "asleep",
      "seconds" : 300
    },{
      "dateTime" : "2015-11-04T00:54:00.000",
      "level" : "restless",
      "seconds" : 240
    },{
      "dateTime" : "2015-11-04T00:58:00.000",
      "level" : "awake",
      "seconds" : 60
    },{
      "dateTime" : "2015-11-04T00:59:00.000",
      "level" : "restless",
      "seconds" : 60
    },{
      "dateTime" : "2015-11-04T01:00:00.000",
      "level" : "awake",
      "seconds" : 180
    },{
      "dateTime" : "2015-11-04T01:03:00.000",
      "level" : "restless",
      "seconds" : 60
    },{
      "dateTime" : "2015-11-04T01:04:00.000",
      "level" : "asleep",
      "seconds" : 120
    },{
      "dateTime" : "2015-11-04T01:06:00.000",
      "level" : "restless",
      "seconds" : 120
    },{
      "dateTime" : "2015-11-04T01:08:00.000",
      "level" : "asleep",
      "seconds" : 600
    },{
      "dateTime" : "2015-11-04T01:18:00.000",
      "level" : "restless",
      "seconds" : 60
    },{
      "dateTime" : "2015-11-04T01:19:00.000",
      "level" : "asleep",
      "seconds" : 9600
    },{
      "dateTime" : "2015-11-04T03:59:00.000",
      "level" : "restless",
      "seconds" : 60
    },{
      "dateTime" : "2015-11-04T04:00:00.000",
      "level" : "asleep",
      "seconds" : 5100
    },{
      "dateTime" : "2015-11-04T05:25:00.000",
      "level" : "restless",
      "seconds" : 60
    },{
      "dateTime" : "2015-11-04T05:26:00.000",
      "level" : "asleep",
      "seconds" : 3780
    },{
      "dateTime" : "2015-11-04T06:29:00.000",
      "level" : "restless",
      "seconds" : 60
    },{
      "dateTime" : "2015-11-04T06:30:00.000",
      "level" : "asleep",
      "seconds" : 2700
    }]
  },
  "mainSleep" : true
},{
  "logId" : 1539455807,
  "dateOfSleep" : "2015-11-03",
  "startTime" : "2015-11-03T00:23:00.000",
  "endTime" : "2015-11-03T09:08:30.000",
  "duration" : 31500000,
  "minutesToFallAsleep" : 0,
  "minutesAsleep" : 502,
  "minutesAwake" : 23,
  "minutesAfterWakeup" : 0,
  "timeInBed" : 525,
  "efficiency" : 96,
  "type" : "classic",
  "infoCode" : 0,
  "logType" : "auto_detected",
  "levels" : {
    "summary" : {
      "restless" : {
        "count" : 9,
        "minutes" : 19
      },
      "awake" : {
        "count" : 1,
        "minutes" : 4
      },
      "asleep" : {
        "count" : 0,
        "minutes" : 502
      }
    },
    "data" : [{
      "dateTime" : "2015-11-03T00:23:00.000",
      "level" : "awake",
      "seconds" : 240
    },{
      "dateTime" : "2015-11-03T00:27:00.000",
      "level" : "restless",
      "seconds" : 60
    },{
      "dateTime" : "2015-11-03T00:28:00.000",
      "level" : "asleep",
      "seconds" : 600
    },{
      "dateTime" : "2015-11-03T00:38:00.000",
      "level" : "restless",
      "seconds" : 300
    },{
      "dateTime" : "2015-11-03T00:43:00.000",
      "level" : "asleep",
      "seconds" : 180
    },{
      "dateTime" : "2015-11-03T00:46:00.000",
      "level" : "restless",
      "seconds" : 240
    },{
      "dateTime" : "2015-11-03T00:50:00.000",
      "level" : "asleep",
      "seconds" : 360
    },{
      "dateTime" : "2015-11-03T00:56:00.000",
      "level" : "restless",
      "seconds" : 180
    },{
      "dateTime" : "2015-11-03T00:59:00.000",
      "level" : "asleep",
      "seconds" : 1020
    },{
      "dateTime" : "2015-11-03T01:16:00.000",
      "level" : "restless",
      "seconds" : 120
    },{
      "dateTime" : "2015-11-03T01:18:00.000",
      "level" : "asleep",
      "seconds" : 60
    },{
      "dateTime" : "2015-11-03T01:19:00.000",
      "level" : "restless",
      "seconds" : 60
    },{
      "dateTime" : "2015-11-03T01:20:00.000",
      "level" : "asleep",
      "seconds" : 180
    },{
      "dateTime" : "2015-11-03T01:23:00.000",
      "level" : "restless",
      "seconds" : 60
    },{
      "dateTime" : "2015-11-03T01:24:00.000",
      "level" : "asleep",
      "seconds" : 480
    },{
      "dateTime" : "2015-11-03T01:32:00.000",
      "level" : "restless",
      "seconds" : 60
    },{
      "dateTime" : "2015-11-03T01:33:00.000",
      "level" : "asleep",
      "seconds" : 9840
    },{
      "dateTime" : "2015-11-03T04:17:00.000",
      "level" : "restless",
      "seconds" : 60
    },{
      "dateTime" : "2015-11-03T04:18:00.000",
      "level" : "asleep",
      "seconds" : 17400
    }]
  },
  "mainSleep" : true
},{
  "logId" : 1535144844,
  "dateOfSleep" : "2015-11-02",
  "startTime" : "2015-11-02T01:14:30.000",
  "endTime" : "2015-11-02T08:56:30.000",
  "duration" : 27720000,
  "minutesToFallAsleep" : 0,
  "minutesAsleep" : 449,
  "minutesAwake" : 13,
  "minutesAfterWakeup" : 0,
  "timeInBed" : 462,
  "efficiency" : 97,
  "type" : "classic",
  "infoCode" : 0,
  "logType" : "auto_detected",
  "levels" : {
    "summary" : {
      "restless" : {
        "count" : 6,
        "minutes" : 13
      },
      "awake" : {
        "count" : 0,
        "minutes" : 0
      },
      "asleep" : {
        "count" : 0,
        "minutes" : 449
      }
    },
    "data" : [{
      "dateTime" : "2015-11-02T01:14:30.000",
      "level" : "asleep",
      "seconds" : 120
    },{
      "dateTime" : "2015-11-02T01:16:30.000",
      "level" : "restless",
      "seconds" : 240
    },{
      "dateTime" : "2015-11-02T01:20:30.000",
      "level" : "asleep",
      "seconds" : 8100
    },{
      "dateTime" : "2015-11-02T03:35:30.000",
      "level" : "restless",
      "seconds" : 60
    },{
      "dateTime" : "2015-11-02T03:36:30.000",
      "level" : "asleep",
      "seconds" : 2700
    },{
      "dateTime" : "2015-11-02T04:21:30.000",
      "level" : "restless",
      "seconds" : 60
    },{
      "dateTime" : "2015-11-02T04:22:30.000",
      "level" : "asleep",
      "seconds" : 9660
    },{
      "dateTime" : "2015-11-02T07:03:30.000",
      "level" : "restless",
      "seconds" : 60
    },{
      "dateTime" : "2015-11-02T07:04:30.000",
      "level" : "asleep",
      "seconds" : 1200
    },{
      "dateTime" : "2015-11-02T07:24:30.000",
      "level" : "restless",
      "seconds" : 60
    },{
      "dateTime" : "2015-11-02T07:25:30.000",
      "level" : "asleep",
      "seconds" : 4680
    },{
      "dateTime" : "2015-11-02T08:43:30.000",
      "level" : "restless",
      "seconds" : 300
    },{
      "dateTime" : "2015-11-02T08:48:30.000",
      "level" : "asleep",
      "seconds" : 480
    }]
  },
  "mainSleep" : true
},{
  "logId" : 1531524891,
  "dateOfSleep" : "2015-11-01",
  "startTime" : "2015-11-01T01:44:00.000",
  "endTime" : "2015-11-01T08:42:30.000",
  "duration" : 25080000,
  "minutesToFallAsleep" : 0,
  "minutesAsleep" : 387,
  "minutesAwake" : 25,
  "minutesAfterWakeup" : 6,
  "timeInBed" : 418,
  "efficiency" : 94,
  "type" : "classic",
  "infoCode" : 0,
  "logType" : "auto_detected",
  "levels" : {
    "summary" : {
      "restless" : {
        "count" : 11,
        "minutes" : 27
      },
      "awake" : {
        "count" : 1,
        "minutes" : 4
      },
      "asleep" : {
        "count" : 0,
        "minutes" : 387
      }
    },
    "data" : [{
      "dateTime" : "2015-11-01T01:44:00.000",
      "level" : "asleep",
      "seconds" : 120
    },{
      "dateTime" : "2015-11-01T01:46:00.000",
      "level" : "restless",
      "seconds" : 360
    },{
      "dateTime" : "2015-11-01T01:52:00.000",
      "level" : "asleep",
      "seconds" : 60
    },{
      "dateTime" : "2015-11-01T01:53:00.000",
      "level" : "restless",
      "seconds" : 60
    },{
      "dateTime" : "2015-11-01T01:54:00.000",
      "level" : "awake",
      "seconds" : 240
    },{
      "dateTime" : "2015-11-01T01:58:00.000",
      "level" : "restless",
      "seconds" : 60
    },{
      "dateTime" : "2015-11-01T01:59:00.000",
      "level" : "asleep",
      "seconds" : 180
    },{
      "dateTime" : "2015-11-01T02:02:00.000",
      "level" : "restless",
      "seconds" : 240
    },{
      "dateTime" : "2015-11-01T02:06:00.000",
      "level" : "asleep",
      "seconds" : 6240
    },{
      "dateTime" : "2015-11-01T03:50:00.000",
      "level" : "restless",
      "seconds" : 120
    },{
      "dateTime" : "2015-11-01T03:52:00.000",
      "level" : "asleep",
      "seconds" : 60
    },{
      "dateTime" : "2015-11-01T03:53:00.000",
      "level" : "restless",
      "seconds" : 60
    },{
      "dateTime" : "2015-11-01T03:54:00.000",
      "level" : "asleep",
      "seconds" : 3300
    },{
      "dateTime" : "2015-11-01T04:49:00.000",
      "level" : "restless",
      "seconds" : 120
    },{
      "dateTime" : "2015-11-01T04:51:00.000",
      "level" : "asleep",
      "seconds" : 2160
    },{
      "dateTime" : "2015-11-01T05:27:00.000",
      "level" : "restless",
      "seconds" : 60
    },{
      "dateTime" : "2015-11-01T05:28:00.000",
      "level" : "asleep",
      "seconds" : 6840
    },{
      "dateTime" : "2015-11-01T07:22:00.000",
      "level" : "restless",
      "seconds" : 60
    },{
      "dateTime" : "2015-11-01T07:23:00.000",
      "level" : "asleep",
      "seconds" : 4200
    },{
      "dateTime" : "2015-11-01T08:33:00.000",
      "level" : "restless",
      "seconds" : 120
    },{
      "dateTime" : "2015-11-01T08:35:00.000",
      "level" : "asleep",
      "seconds" : 60
    },{
      "dateTime" : "2015-11-01T08:36:00.000",
      "level" : "restless",
      "seconds" : 360
    }]
  },
  "mainSleep" : true
},{
  "logId" : 1527532218,
  "dateOfSleep" : "2015-10-31",
  "startTime" : "2015-10-31T00:22:00.000",
  "endTime" : "2015-10-31T08:43:30.000",
  "duration" : 30060000,
  "minutesToFallAsleep" : 0,
  "minutesAsleep" : 477,
  "minutesAwake" : 24,
  "minutesAfterWakeup" : 0,
  "timeInBed" : 501,
  "efficiency" : 95,
  "type" : "classic",
  "infoCode" : 0,
  "logType" : "auto_detected",
  "levels" : {
    "summary" : {
      "restless" : {
        "count" : 5,
        "minutes" : 24
      },
      "awake" : {
        "count" : 0,
        "minutes" : 0
      },
      "asleep" : {
        "count" : 0,
        "minutes" : 477
      }
    },
    "data" : [{
      "dateTime" : "2015-10-31T00:22:00.000",
      "level" : "asleep",
      "seconds" : 60
    },{
      "dateTime" : "2015-10-31T00:23:00.000",
      "level" : "restless",
      "seconds" : 240
    },{
      "dateTime" : "2015-10-31T00:27:00.000",
      "level" : "asleep",
      "seconds" : 480
    },{
      "dateTime" : "2015-10-31T00:35:00.000",
      "level" : "restless",
      "seconds" : 960
    },{
      "dateTime" : "2015-10-31T00:51:00.000",
      "level" : "asleep",
      "seconds" : 7620
    },{
      "dateTime" : "2015-10-31T02:58:00.000",
      "level" : "restless",
      "seconds" : 120
    },{
      "dateTime" : "2015-10-31T03:00:00.000",
      "level" : "asleep",
      "seconds" : 2640
    },{
      "dateTime" : "2015-10-31T03:44:00.000",
      "level" : "restless",
      "seconds" : 60
    },{
      "dateTime" : "2015-10-31T03:45:00.000",
      "level" : "asleep",
      "seconds" : 11580
    },{
      "dateTime" : "2015-10-31T06:58:00.000",
      "level" : "restless",
      "seconds" : 60
    },{
      "dateTime" : "2015-10-31T06:59:00.000",
      "level" : "asleep",
      "seconds" : 6240
    }]
  },
  "mainSleep" : true
},{
  "logId" : 1523254105,
  "dateOfSleep" : "2015-10-30",
  "startTime" : "2015-10-30T00:45:00.000",
  "endTime" : "2015-10-30T07:03:00.000",
  "duration" : 22680000,
  "minutesToFallAsleep" : 0,
  "minutesAsleep" : 359,
  "minutesAwake" : 18,
  "minutesAfterWakeup" : 1,
  "timeInBed" : 378,
  "efficiency" : 95,
  "type" : "classic",
  "infoCode" : 0,
  "logType" : "auto_detected",
  "levels" : {
    "summary" : {
      "restless" : {
        "count" : 9,
        "minutes" : 16
      },
      "awake" : {
        "count" : 1,
        "minutes" : 3
      },
      "asleep" : {
        "count" : 0,
        "minutes" : 359
      }
    },
    "data" : [{
      "dateTime" : "2015-10-30T00:45:00.000",
      "level" : "awake",
      "seconds" : 180
    },{
      "dateTime" : "2015-10-30T00:48:00.000",
      "level" : "restless",
      "seconds" : 60
    },{
      "dateTime" : "2015-10-30T00:49:00.000",
      "level" : "asleep",
      "seconds" : 540
    },{
      "dateTime" : "2015-10-30T00:58:00.000",
      "level" : "restless",
      "seconds" : 60
    },{
      "dateTime" : "2015-10-30T00:59:00.000",
      "level" : "asleep",
      "seconds" : 3180
    },{
      "dateTime" : "2015-10-30T01:52:00.000",
      "level" : "restless",
      "seconds" : 60
    },{
      "dateTime" : "2015-10-30T01:53:00.000",
      "level" : "asleep",
      "seconds" : 12960
    },{
      "dateTime" : "2015-10-30T05:29:00.000",
      "level" : "restless",
      "seconds" : 60
    },{
      "dateTime" : "2015-10-30T05:30:00.000",
      "level" : "asleep",
      "seconds" : 900
    },{
      "dateTime" : "2015-10-30T05:45:00.000",
      "level" : "restless",
      "seconds" : 360
    },{
      "dateTime" : "2015-10-30T05:51:00.000",
      "level" : "asleep",
      "seconds" : 1140
    },{
      "dateTime" : "2015-10-30T06:10:00.000",
      "level" : "restless",
      "seconds" : 120
    },{
      "dateTime" : "2015-10-30T06:12:00.000",
      "level" : "asleep",
      "seconds" : 900
    },{
      "dateTime" : "2015-10-30T06:27:00.000",
      "level" : "restless",
      "seconds" : 60
    },{
      "dateTime" : "2015-10-30T06:28:00.000",
      "level" : "asleep",
      "seconds" : 1680
    },{
      "dateTime" : "2015-10-30T06:56:00.000",
      "level" : "restless",
      "seconds" : 120
    },{
      "dateTime" : "2015-10-30T06:58:00.000",
      "level" : "asleep",
      "seconds" : 240
    },{
      "dateTime" : "2015-10-30T07:02:00.000",
      "level" : "restless",
      "seconds" : 60
    }]
  },
  "mainSleep" : true
},{
  "logId" : 1519707196,
  "dateOfSleep" : "2015-10-29",
  "startTime" : "2015-10-29T00:25:00.000",
  "endTime" : "2015-10-29T08:33:30.000",
  "duration" : 29280000,
  "minutesToFallAsleep" : 0,
  "minutesAsleep" : 480,
  "minutesAwake" : 8,
  "minutesAfterWakeup" : 0,
  "timeInBed" : 488,
  "efficiency" : 98,
  "type" : "classic",
  "infoCode" : 0,
  "logType" : "auto_detected",
  "levels" : {
    "summary" : {
      "restless" : {
        "count" : 7,
        "minutes" : 8
      },
      "awake" : {
        "count" : 0,
        "minutes" : 0
      },
      "asleep" : {
        "count" : 0,
        "minutes" : 480
      }
    },
    "data" : [{
      "dateTime" : "2015-10-29T00:25:00.000",
      "level" : "asleep",
      "seconds" : 960
    },{
      "dateTime" : "2015-10-29T00:41:00.000",
      "level" : "restless",
      "seconds" : 60
    },{
      "dateTime" : "2015-10-29T00:42:00.000",
      "level" : "asleep",
      "seconds" : 120
    },{
      "dateTime" : "2015-10-29T00:44:00.000",
      "level" : "restless",
      "seconds" : 60
    },{
      "dateTime" : "2015-10-29T00:45:00.000",
      "level" : "asleep",
      "seconds" : 120
    },{
      "dateTime" : "2015-10-29T00:47:00.000",
      "level" : "restless",
      "seconds" : 60
    },{
      "dateTime" : "2015-10-29T00:48:00.000",
      "level" : "asleep",
      "seconds" : 7620
    },{
      "dateTime" : "2015-10-29T02:55:00.000",
      "level" : "restless",
      "seconds" : 60
    },{
      "dateTime" : "2015-10-29T02:56:00.000",
      "level" : "asleep",
      "seconds" : 1560
    },{
      "dateTime" : "2015-10-29T03:22:00.000",
      "level" : "restless",
      "seconds" : 60
    },{
      "dateTime" : "2015-10-29T03:23:00.000",
      "level" : "asleep",
      "seconds" : 3000
    },{
      "dateTime" : "2015-10-29T04:13:00.000",
      "level" : "restless",
      "seconds" : 60
    },{
      "dateTime" : "2015-10-29T04:14:00.000",
      "level" : "asleep",
      "seconds" : 14640
    },{
      "dateTime" : "2015-10-29T08:18:00.000",
      "level" : "restless",
      "seconds" : 120
    },{
      "dateTime" : "2015-10-29T08:20:00.000",
      "level" : "asleep",
      "seconds" : 780
    }]
  },
  "mainSleep" : true
},{
  "logId" : 1515679736,
  "dateOfSleep" : "2015-10-28",
  "startTime" : "2015-10-27T23:56:00.000",
  "endTime" : "2015-10-28T08:41:30.000",
  "duration" : 31500000,
  "minutesToFallAsleep" : 0,
  "minutesAsleep" : 501,
  "minutesAwake" : 24,
  "minutesAfterWakeup" : 0,
  "timeInBed" : 525,
  "efficiency" : 95,
  "type" : "classic",
  "infoCode" : 0,
  "logType" : "auto_detected",
  "levels" : {
    "summary" : {
      "restless" : {
        "count" : 14,
        "minutes" : 22
      },
      "awake" : {
        "count" : 2,
        "minutes" : 2
      },
      "asleep" : {
        "count" : 0,
        "minutes" : 501
      }
    },
    "data" : [{
      "dateTime" : "2015-10-27T23:56:00.000",
      "level" : "asleep",
      "seconds" : 600
    },{
      "dateTime" : "2015-10-28T00:06:00.000",
      "level" : "restless",
      "seconds" : 60
    },{
      "dateTime" : "2015-10-28T00:07:00.000",
      "level" : "asleep",
      "seconds" : 540
    },{
      "dateTime" : "2015-10-28T00:16:00.000",
      "level" : "restless",
      "seconds" : 180
    },{
      "dateTime" : "2015-10-28T00:19:00.000",
      "level" : "asleep",
      "seconds" : 1860
    },{
      "dateTime" : "2015-10-28T00:50:00.000",
      "level" : "restless",
      "seconds" : 60
    },{
      "dateTime" : "2015-10-28T00:51:00.000",
      "level" : "asleep",
      "seconds" : 5340
    },{
      "dateTime" : "2015-10-28T02:20:00.000",
      "level" : "restless",
      "seconds" : 60
    },{
      "dateTime" : "2015-10-28T02:21:00.000",
      "level" : "asleep",
      "seconds" : 2460
    },{
      "dateTime" : "2015-10-28T03:02:00.000",
      "level" : "restless",
      "seconds" : 60
    },{
      "dateTime" : "2015-10-28T03:03:00.000",
      "level" : "asleep",
      "seconds" : 720
    },{
      "dateTime" : "2015-10-28T03:15:00.000",
      "level" : "restless",
      "seconds" : 60
    },{
      "dateTime" : "2015-10-28T03:16:00.000",
      "level" : "asleep",
      "seconds" : 1140
    },{
      "dateTime" : "2015-10-28T03:35:00.000",
      "level" : "restless",
      "seconds" : 60
    },{
      "dateTime" : "2015-10-28T03:36:00.000",
      "level" : "asleep",
      "seconds" : 12480
    },{
      "dateTime" : "2015-10-28T07:04:00.000",
      "level" : "restless",
      "seconds" : 60
    },{
      "dateTime" : "2015-10-28T07:05:00.000",
      "level" : "asleep",
      "seconds" : 1380
    },{
      "dateTime" : "2015-10-28T07:28:00.000",
      "level" : "restless",
      "seconds" : 60
    },{
      "dateTime" : "2015-10-28T07:29:00.000",
      "level" : "asleep",
      "seconds" : 2040
    },{
      "dateTime" : "2015-10-28T08:03:00.000",
      "level" : "restless",
      "seconds" : 180
    },{
      "dateTime" : "2015-10-28T08:06:00.000",
      "level" : "awake",
      "seconds" : 60
    },{
      "dateTime" : "2015-10-28T08:07:00.000",
      "level" : "restless",
      "seconds" : 120
    },{
      "dateTime" : "2015-10-28T08:09:00.000",
      "level" : "asleep",
      "seconds" : 660
    },{
      "dateTime" : "2015-10-28T08:20:00.000",
      "level" : "restless",
      "seconds" : 180
    },{
      "dateTime" : "2015-10-28T08:23:00.000",
      "level" : "awake",
      "seconds" : 60
    },{
      "dateTime" : "2015-10-28T08:24:00.000",
      "level" : "restless",
      "seconds" : 120
    },{
      "dateTime" : "2015-10-28T08:26:00.000",
      "level" : "asleep",
      "seconds" : 180
    },{
      "dateTime" : "2015-10-28T08:29:00.000",
      "level" : "restless",
      "seconds" : 60
    },{
      "dateTime" : "2015-10-28T08:30:00.000",
      "level" : "asleep",
      "seconds" : 660
    }]
  },
  "mainSleep" : true
},{
  "logId" : 1511068188,
  "dateOfSleep" : "2015-10-27",
  "startTime" : "2015-10-27T00:12:00.000",
  "endTime" : "2015-10-27T07:47:30.000",
  "duration" : 27300000,
  "minutesToFallAsleep" : 0,
  "minutesAsleep" : 440,
  "minutesAwake" : 15,
  "minutesAfterWakeup" : 0,
  "timeInBed" : 455,
  "efficiency" : 97,
  "type" : "classic",
  "infoCode" : 0,
  "logType" : "auto_detected",
  "levels" : {
    "summary" : {
      "restless" : {
        "count" : 7,
        "minutes" : 15
      },
      "awake" : {
        "count" : 0,
        "minutes" : 0
      },
      "asleep" : {
        "count" : 0,
        "minutes" : 440
      }
    },
    "data" : [{
      "dateTime" : "2015-10-27T00:12:00.000",
      "level" : "restless",
      "seconds" : 60
    },{
      "dateTime" : "2015-10-27T00:13:00.000",
      "level" : "asleep",
      "seconds" : 600
    },{
      "dateTime" : "2015-10-27T00:23:00.000",
      "level" : "restless",
      "seconds" : 60
    },{
      "dateTime" : "2015-10-27T00:24:00.000",
      "level" : "asleep",
      "seconds" : 1020
    },{
      "dateTime" : "2015-10-27T00:41:00.000",
      "level" : "restless",
      "seconds" : 180
    },{
      "dateTime" : "2015-10-27T00:44:00.000",
      "level" : "asleep",
      "seconds" : 15120
    },{
      "dateTime" : "2015-10-27T04:56:00.000",
      "level" : "restless",
      "seconds" : 60
    },{
      "dateTime" : "2015-10-27T04:57:00.000",
      "level" : "asleep",
      "seconds" : 1380
    },{
      "dateTime" : "2015-10-27T05:20:00.000",
      "level" : "restless",
      "seconds" : 60
    },{
      "dateTime" : "2015-10-27T05:21:00.000",
      "level" : "asleep",
      "seconds" : 4860
    },{
      "dateTime" : "2015-10-27T06:42:00.000",
      "level" : "restless",
      "seconds" : 60
    },{
      "dateTime" : "2015-10-27T06:43:00.000",
      "level" : "asleep",
      "seconds" : 3360
    },{
      "dateTime" : "2015-10-27T07:39:00.000",
      "level" : "restless",
      "seconds" : 420
    },{
      "dateTime" : "2015-10-27T07:46:00.000",
      "level" : "asleep",
      "seconds" : 60
    }]
  },
  "mainSleep" : true
},{
  "logId" : 1507294513,
  "dateOfSleep" : "2015-10-26",
  "startTime" : "2015-10-25T23:20:00.000",
  "endTime" : "2015-10-26T09:19:30.000",
  "duration" : 35940000,
  "minutesToFallAsleep" : 0,
  "minutesAsleep" : 580,
  "minutesAwake" : 19,
  "minutesAfterWakeup" : 0,
  "timeInBed" : 599,
  "efficiency" : 97,
  "type" : "classic",
  "infoCode" : 0,
  "logType" : "auto_detected",
  "levels" : {
    "summary" : {
      "restless" : {
        "count" : 7,
        "minutes" : 14
      },
      "awake" : {
        "count" : 1,
        "minutes" : 5
      },
      "asleep" : {
        "count" : 0,
        "minutes" : 580
      }
    },
    "data" : [{
      "dateTime" : "2015-10-25T23:20:00.000",
      "level" : "awake",
      "seconds" : 300
    },{
      "dateTime" : "2015-10-25T23:25:00.000",
      "level" : "restless",
      "seconds" : 60
    },{
      "dateTime" : "2015-10-25T23:26:00.000",
      "level" : "asleep",
      "seconds" : 360
    },{
      "dateTime" : "2015-10-25T23:32:00.000",
      "level" : "restless",
      "seconds" : 60
    },{
      "dateTime" : "2015-10-25T23:33:00.000",
      "level" : "asleep",
      "seconds" : 3720
    },{
      "dateTime" : "2015-10-26T00:35:00.000",
      "level" : "restless",
      "seconds" : 120
    },{
      "dateTime" : "2015-10-26T00:37:00.000",
      "level" : "asleep",
      "seconds" : 5280
    },{
      "dateTime" : "2015-10-26T02:05:00.000",
      "level" : "restless",
      "seconds" : 60
    },{
      "dateTime" : "2015-10-26T02:06:00.000",
      "level" : "asleep",
      "seconds" : 18600
    },{
      "dateTime" : "2015-10-26T07:16:00.000",
      "level" : "restless",
      "seconds" : 120
    },{
      "dateTime" : "2015-10-26T07:18:00.000",
      "level" : "asleep",
      "seconds" : 1920
    },{
      "dateTime" : "2015-10-26T07:50:00.000",
      "level" : "restless",
      "seconds" : 60
    },{
      "dateTime" : "2015-10-26T07:51:00.000",
      "level" : "asleep",
      "seconds" : 4440
    },{
      "dateTime" : "2015-10-26T09:05:00.000",
      "level" : "restless",
      "seconds" : 360
    },{
      "dateTime" : "2015-10-26T09:11:00.000",
      "level" : "asleep",
      "seconds" : 480
    }]
  },
  "mainSleep" : true
},{
  "logId" : 1503360414,
  "dateOfSleep" : "2015-10-25",
  "startTime" : "2015-10-24T23:19:00.000",
  "endTime" : "2015-10-25T08:40:30.000",
  "duration" : 33660000,
  "minutesToFallAsleep" : 0,
  "minutesAsleep" : 536,
  "minutesAwake" : 25,
  "minutesAfterWakeup" : 0,
  "timeInBed" : 561,
  "efficiency" : 96,
  "type" : "classic",
  "infoCode" : 0,
  "logType" : "auto_detected",
  "levels" : {
    "summary" : {
      "restless" : {
        "count" : 15,
        "minutes" : 17
      },
      "awake" : {
        "count" : 3,
        "minutes" : 8
      },
      "asleep" : {
        "count" : 0,
        "minutes" : 536
      }
    },
    "data" : [{
      "dateTime" : "2015-10-24T23:19:00.000",
      "level" : "asleep",
      "seconds" : 60
    },{
      "dateTime" : "2015-10-24T23:20:00.000",
      "level" : "restless",
      "seconds" : 60
    },{
      "dateTime" : "2015-10-24T23:21:00.000",
      "level" : "awake",
      "seconds" : 300
    },{
      "dateTime" : "2015-10-24T23:26:00.000",
      "level" : "restless",
      "seconds" : 60
    },{
      "dateTime" : "2015-10-24T23:27:00.000",
      "level" : "asleep",
      "seconds" : 3660
    },{
      "dateTime" : "2015-10-25T00:28:00.000",
      "level" : "restless",
      "seconds" : 60
    },{
      "dateTime" : "2015-10-25T00:29:00.000",
      "level" : "asleep",
      "seconds" : 6480
    },{
      "dateTime" : "2015-10-25T02:17:00.000",
      "level" : "restless",
      "seconds" : 120
    },{
      "dateTime" : "2015-10-25T02:19:00.000",
      "level" : "awake",
      "seconds" : 60
    },{
      "dateTime" : "2015-10-25T02:20:00.000",
      "level" : "restless",
      "seconds" : 60
    },{
      "dateTime" : "2015-10-25T02:21:00.000",
      "level" : "awake",
      "seconds" : 120
    },{
      "dateTime" : "2015-10-25T02:23:00.000",
      "level" : "restless",
      "seconds" : 60
    },{
      "dateTime" : "2015-10-25T02:24:00.000",
      "level" : "asleep",
      "seconds" : 600
    },{
      "dateTime" : "2015-10-25T02:34:00.000",
      "level" : "restless",
      "seconds" : 60
    },{
      "dateTime" : "2015-10-25T02:35:00.000",
      "level" : "asleep",
      "seconds" : 60
    },{
      "dateTime" : "2015-10-25T02:36:00.000",
      "level" : "restless",
      "seconds" : 60
    },{
      "dateTime" : "2015-10-25T02:37:00.000",
      "level" : "asleep",
      "seconds" : 60
    },{
      "dateTime" : "2015-10-25T02:38:00.000",
      "level" : "restless",
      "seconds" : 120
    },{
      "dateTime" : "2015-10-25T02:40:00.000",
      "level" : "asleep",
      "seconds" : 300
    },{
      "dateTime" : "2015-10-25T02:45:00.000",
      "level" : "restless",
      "seconds" : 60
    },{
      "dateTime" : "2015-10-25T02:46:00.000",
      "level" : "asleep",
      "seconds" : 7440
    },{
      "dateTime" : "2015-10-25T04:50:00.000",
      "level" : "restless",
      "seconds" : 60
    },{
      "dateTime" : "2015-10-25T04:51:00.000",
      "level" : "asleep",
      "seconds" : 2280
    },{
      "dateTime" : "2015-10-25T05:29:00.000",
      "level" : "restless",
      "seconds" : 60
    },{
      "dateTime" : "2015-10-25T05:30:00.000",
      "level" : "asleep",
      "seconds" : 900
    },{
      "dateTime" : "2015-10-25T05:45:00.000",
      "level" : "restless",
      "seconds" : 60
    },{
      "dateTime" : "2015-10-25T05:46:00.000",
      "level" : "asleep",
      "seconds" : 120
    },{
      "dateTime" : "2015-10-25T05:48:00.000",
      "level" : "restless",
      "seconds" : 60
    },{
      "dateTime" : "2015-10-25T05:49:00.000",
      "level" : "asleep",
      "seconds" : 7500
    },{
      "dateTime" : "2015-10-25T07:54:00.000",
      "level" : "restless",
      "seconds" : 60
    },{
      "dateTime" : "2015-10-25T07:55:00.000",
      "level" : "asleep",
      "seconds" : 2700
    }]
  },
  "mainSleep" : true
},{
  "logId" : 1501842806,
  "dateOfSleep" : "2015-10-24",
  "startTime" : "2015-10-24T00:38:30.000",
  "endTime" : "2015-10-24T08:41:00.000",
  "duration" : 28920000,
  "minutesToFallAsleep" : 0,
  "minutesAsleep" : 470,
  "minutesAwake" : 12,
  "minutesAfterWakeup" : 0,
  "timeInBed" : 482,
  "efficiency" : 98,
  "type" : "classic",
  "infoCode" : 0,
  "logType" : "auto_detected",
  "levels" : {
    "summary" : {
      "restless" : {
        "count" : 9,
        "minutes" : 12
      },
      "awake" : {
        "count" : 0,
        "minutes" : 0
      },
      "asleep" : {
        "count" : 0,
        "minutes" : 470
      }
    },
    "data" : [{
      "dateTime" : "2015-10-24T00:38:30.000",
      "level" : "asleep",
      "seconds" : 540
    },{
      "dateTime" : "2015-10-24T00:47:30.000",
      "level" : "restless",
      "seconds" : 60
    },{
      "dateTime" : "2015-10-24T00:48:30.000",
      "level" : "asleep",
      "seconds" : 120
    },{
      "dateTime" : "2015-10-24T00:50:30.000",
      "level" : "restless",
      "seconds" : 60
    },{
      "dateTime" : "2015-10-24T00:51:30.000",
      "level" : "asleep",
      "seconds" : 1080
    },{
      "dateTime" : "2015-10-24T01:09:30.000",
      "level" : "restless",
      "seconds" : 120
    },{
      "dateTime" : "2015-10-24T01:11:30.000",
      "level" : "asleep",
      "seconds" : 300
    },{
      "dateTime" : "2015-10-24T01:16:30.000",
      "level" : "restless",
      "seconds" : 120
    },{
      "dateTime" : "2015-10-24T01:18:30.000",
      "level" : "asleep",
      "seconds" : 2820
    },{
      "dateTime" : "2015-10-24T02:05:30.000",
      "level" : "restless",
      "seconds" : 60
    },{
      "dateTime" : "2015-10-24T02:06:30.000",
      "level" : "asleep",
      "seconds" : 15960
    },{
      "dateTime" : "2015-10-24T06:32:30.000",
      "level" : "restless",
      "seconds" : 60
    },{
      "dateTime" : "2015-10-24T06:33:30.000",
      "level" : "asleep",
      "seconds" : 6540
    },{
      "dateTime" : "2015-10-24T08:22:30.000",
      "level" : "restless",
      "seconds" : 60
    },{
      "dateTime" : "2015-10-24T08:23:30.000",
      "level" : "asleep",
      "seconds" : 300
    },{
      "dateTime" : "2015-10-24T08:28:30.000",
      "level" : "restless",
      "seconds" : 60
    },{
      "dateTime" : "2015-10-24T08:29:30.000",
      "level" : "asleep",
      "seconds" : 180
    },{
      "dateTime" : "2015-10-24T08:32:30.000",
      "level" : "restless",
      "seconds" : 120
    },{
      "dateTime" : "2015-10-24T08:34:30.000",
      "level" : "asleep",
      "seconds" : 360
    }]
  },
  "mainSleep" : true
},{
  "logId" : 1501842805,
  "dateOfSleep" : "2015-10-23",
  "startTime" : "2015-10-23T00:52:30.000",
  "endTime" : "2015-10-23T08:05:00.000",
  "duration" : 25920000,
  "minutesToFallAsleep" : 0,
  "minutesAsleep" : 424,
  "minutesAwake" : 8,
  "minutesAfterWakeup" : 0,
  "timeInBed" : 432,
  "efficiency" : 98,
  "type" : "classic",
  "infoCode" : 0,
  "logType" : "auto_detected",
  "levels" : {
    "summary" : {
      "restless" : {
        "count" : 4,
        "minutes" : 8
      },
      "awake" : {
        "count" : 0,
        "minutes" : 0
      },
      "asleep" : {
        "count" : 0,
        "minutes" : 424
      }
    },
    "data" : [{
      "dateTime" : "2015-10-23T00:52:30.000",
      "level" : "restless",
      "seconds" : 120
    },{
      "dateTime" : "2015-10-23T00:54:30.000",
      "level" : "asleep",
      "seconds" : 60
    },{
      "dateTime" : "2015-10-23T00:55:30.000",
      "level" : "restless",
      "seconds" : 60
    },{
      "dateTime" : "2015-10-23T00:56:30.000",
      "level" : "asleep",
      "seconds" : 420
    },{
      "dateTime" : "2015-10-23T01:03:30.000",
      "level" : "restless",
      "seconds" : 180
    },{
      "dateTime" : "2015-10-23T01:06:30.000",
      "level" : "asleep",
      "seconds" : 24840
    },{
      "dateTime" : "2015-10-23T08:00:30.000",
      "level" : "restless",
      "seconds" : 120
    },{
      "dateTime" : "2015-10-23T08:02:30.000",
      "level" : "asleep",
      "seconds" : 120
    }]
  },
  "mainSleep" : true
},{
  "logId" : 1492014508,
  "dateOfSleep" : "2015-10-22",
  "startTime" : "2015-10-22T00:34:00.000",
  "endTime" : "2015-10-22T06:53:30.000",
  "duration" : 22740000,
  "minutesToFallAsleep" : 0,
  "minutesAsleep" : 366,
  "minutesAwake" : 13,
  "minutesAfterWakeup" : 0,
  "timeInBed" : 379,
  "efficiency" : 97,
  "type" : "classic",
  "infoCode" : 0,
  "logType" : "auto_detected",
  "levels" : {
    "summary" : {
      "restless" : {
        "count" : 3,
        "minutes" : 11
      },
      "awake" : {
        "count" : 1,
        "minutes" : 2
      },
      "asleep" : {
        "count" : 0,
        "minutes" : 366
      }
    },
    "data" : [{
      "dateTime" : "2015-10-22T00:34:00.000",
      "level" : "awake",
      "seconds" : 120
    },{
      "dateTime" : "2015-10-22T00:36:00.000",
      "level" : "restless",
      "seconds" : 360
    },{
      "dateTime" : "2015-10-22T00:42:00.000",
      "level" : "asleep",
      "seconds" : 10020
    },{
      "dateTime" : "2015-10-22T03:29:00.000",
      "level" : "restless",
      "seconds" : 240
    },{
      "dateTime" : "2015-10-22T03:33:00.000",
      "level" : "asleep",
      "seconds" : 10380
    },{
      "dateTime" : "2015-10-22T06:26:00.000",
      "level" : "restless",
      "seconds" : 60
    },{
      "dateTime" : "2015-10-22T06:27:00.000",
      "level" : "asleep",
      "seconds" : 1560
    }]
  },
  "mainSleep" : true
},{
  "logId" : 1488702956,
  "dateOfSleep" : "2015-10-21",
  "startTime" : "2015-10-20T23:59:30.000",
  "endTime" : "2015-10-21T08:52:30.000",
  "duration" : 31980000,
  "minutesToFallAsleep" : 0,
  "minutesAsleep" : 523,
  "minutesAwake" : 10,
  "minutesAfterWakeup" : 0,
  "timeInBed" : 533,
  "efficiency" : 98,
  "type" : "classic",
  "infoCode" : 0,
  "logType" : "auto_detected",
  "levels" : {
    "summary" : {
      "restless" : {
        "count" : 4,
        "minutes" : 9
      },
      "awake" : {
        "count" : 1,
        "minutes" : 1
      },
      "asleep" : {
        "count" : 0,
        "minutes" : 523
      }
    },
    "data" : [{
      "dateTime" : "2015-10-20T23:59:30.000",
      "level" : "awake",
      "seconds" : 60
    },{
      "dateTime" : "2015-10-21T00:00:30.000",
      "level" : "restless",
      "seconds" : 120
    },{
      "dateTime" : "2015-10-21T00:02:30.000",
      "level" : "asleep",
      "seconds" : 8280
    },{
      "dateTime" : "2015-10-21T02:20:30.000",
      "level" : "restless",
      "seconds" : 120
    },{
      "dateTime" : "2015-10-21T02:22:30.000",
      "level" : "asleep",
      "seconds" : 18120
    },{
      "dateTime" : "2015-10-21T07:24:30.000",
      "level" : "restless",
      "seconds" : 60
    },{
      "dateTime" : "2015-10-21T07:25:30.000",
      "level" : "asleep",
      "seconds" : 1920
    },{
      "dateTime" : "2015-10-21T07:57:30.000",
      "level" : "restless",
      "seconds" : 240
    },{
      "dateTime" : "2015-10-21T08:01:30.000",
      "level" : "asleep",
      "seconds" : 3060
    }]
  },
  "mainSleep" : true
},{
  "logId" : 1486151023,
  "dateOfSleep" : "2015-10-20",
  "startTime" : "2015-10-19T23:58:00.000",
  "endTime" : "2015-10-20T08:41:30.000",
  "duration" : 31380000,
  "minutesToFallAsleep" : 0,
  "minutesAsleep" : 499,
  "minutesAwake" : 24,
  "minutesAfterWakeup" : 0,
  "timeInBed" : 523,
  "efficiency" : 95,
  "type" : "classic",
  "infoCode" : 0,
  "logType" : "auto_detected",
  "levels" : {
    "summary" : {
      "restless" : {
        "count" : 9,
        "minutes" : 16
      },
      "awake" : {
        "count" : 4,
        "minutes" : 8
      },
      "asleep" : {
        "count" : 0,
        "minutes" : 499
      }
    },
    "data" : [{
      "dateTime" : "2015-10-19T23:58:00.000",
      "level" : "asleep",
      "seconds" : 240
    },{
      "dateTime" : "2015-10-20T00:02:00.000",
      "level" : "restless",
      "seconds" : 60
    },{
      "dateTime" : "2015-10-20T00:03:00.000",
      "level" : "awake",
      "seconds" : 300
    },{
      "dateTime" : "2015-10-20T00:08:00.000",
      "level" : "restless",
      "seconds" : 60
    },{
      "dateTime" : "2015-10-20T00:09:00.000",
      "level" : "asleep",
      "seconds" : 26280
    },{
      "dateTime" : "2015-10-20T07:27:00.000",
      "level" : "restless",
      "seconds" : 240
    },{
      "dateTime" : "2015-10-20T07:31:00.000",
      "level" : "asleep",
      "seconds" : 840
    },{
      "dateTime" : "2015-10-20T07:45:00.000",
      "level" : "restless",
      "seconds" : 180
    },{
      "dateTime" : "2015-10-20T07:48:00.000",
      "level" : "awake",
      "seconds" : 60
    },{
      "dateTime" : "2015-10-20T07:49:00.000",
      "level" : "restless",
      "seconds" : 60
    },{
      "dateTime" : "2015-10-20T07:50:00.000",
      "level" : "awake",
      "seconds" : 60
    },{
      "dateTime" : "2015-10-20T07:51:00.000",
      "level" : "restless",
      "seconds" : 180
    },{
      "dateTime" : "2015-10-20T07:54:00.000",
      "level" : "awake",
      "seconds" : 60
    },{
      "dateTime" : "2015-10-20T07:55:00.000",
      "level" : "restless",
      "seconds" : 60
    },{
      "dateTime" : "2015-10-20T07:56:00.000",
      "level" : "asleep",
      "seconds" : 1260
    },{
      "dateTime" : "2015-10-20T08:17:00.000",
      "level" : "restless",
      "seconds" : 60
    },{
      "dateTime" : "2015-10-20T08:18:00.000",
      "level" : "asleep",
      "seconds" : 60
    },{
      "dateTime" : "2015-10-20T08:19:00.000",
      "level" : "restless",
      "seconds" : 60
    },{
      "dateTime" : "2015-10-20T08:20:00.000",
      "level" : "asleep",
      "seconds" : 1260
    }]
  },
  "mainSleep" : true
},{
  "logId" : 1486151022,
  "dateOfSleep" : "2015-10-19",
  "startTime" : "2015-10-19T01:24:00.000",
  "endTime" : "2015-10-19T07:56:30.000",
  "duration" : 23520000,
  "minutesToFallAsleep" : 0,
  "minutesAsleep" : 375,
  "minutesAwake" : 17,
  "minutesAfterWakeup" : 0,
  "timeInBed" : 392,
  "efficiency" : 96,
  "type" : "classic",
  "infoCode" : 0,
  "logType" : "auto_detected",
  "levels" : {
    "summary" : {
      "restless" : {
        "count" : 6,
        "minutes" : 15
      },
      "awake" : {
        "count" : 1,
        "minutes" : 2
      },
      "asleep" : {
        "count" : 0,
        "minutes" : 375
      }
    },
    "data" : [{
      "dateTime" : "2015-10-19T01:24:00.000",
      "level" : "asleep",
      "seconds" : 420
    },{
      "dateTime" : "2015-10-19T01:31:00.000",
      "level" : "restless",
      "seconds" : 120
    },{
      "dateTime" : "2015-10-19T01:33:00.000",
      "level" : "awake",
      "seconds" : 120
    },{
      "dateTime" : "2015-10-19T01:35:00.000",
      "level" : "restless",
      "seconds" : 60
    },{
      "dateTime" : "2015-10-19T01:36:00.000",
      "level" : "asleep",
      "seconds" : 180
    },{
      "dateTime" : "2015-10-19T01:39:00.000",
      "level" : "restless",
      "seconds" : 240
    },{
      "dateTime" : "2015-10-19T01:43:00.000",
      "level" : "asleep",
      "seconds" : 6540
    },{
      "dateTime" : "2015-10-19T03:32:00.000",
      "level" : "restless",
      "seconds" : 60
    },{
      "dateTime" : "2015-10-19T03:33:00.000",
      "level" : "asleep",
      "seconds" : 6780
    },{
      "dateTime" : "2015-10-19T05:26:00.000",
      "level" : "restless",
      "seconds" : 60
    },{
      "dateTime" : "2015-10-19T05:27:00.000",
      "level" : "asleep",
      "seconds" : 8220
    },{
      "dateTime" : "2015-10-19T07:44:00.000",
      "level" : "restless",
      "seconds" : 360
    },{
      "dateTime" : "2015-10-19T07:50:00.000",
      "level" : "asleep",
      "seconds" : 360
    }]
  },
  "mainSleep" : true
},{
  "logId" : 1486151021,
  "dateOfSleep" : "2015-10-18",
  "startTime" : "2015-10-18T02:01:30.000",
  "endTime" : "2015-10-18T08:36:30.000",
  "duration" : 23700000,
  "minutesToFallAsleep" : 0,
  "minutesAsleep" : 379,
  "minutesAwake" : 16,
  "minutesAfterWakeup" : 0,
  "timeInBed" : 395,
  "efficiency" : 96,
  "type" : "classic",
  "infoCode" : 0,
  "logType" : "auto_detected",
  "levels" : {
    "summary" : {
      "restless" : {
        "count" : 9,
        "minutes" : 16
      },
      "awake" : {
        "count" : 0,
        "minutes" : 0
      },
      "asleep" : {
        "count" : 0,
        "minutes" : 379
      }
    },
    "data" : [{
      "dateTime" : "2015-10-18T02:01:30.000",
      "level" : "asleep",
      "seconds" : 120
    },{
      "dateTime" : "2015-10-18T02:03:30.000",
      "level" : "restless",
      "seconds" : 120
    },{
      "dateTime" : "2015-10-18T02:05:30.000",
      "level" : "asleep",
      "seconds" : 360
    },{
      "dateTime" : "2015-10-18T02:11:30.000",
      "level" : "restless",
      "seconds" : 60
    },{
      "dateTime" : "2015-10-18T02:12:30.000",
      "level" : "asleep",
      "seconds" : 1680
    },{
      "dateTime" : "2015-10-18T02:40:30.000",
      "level" : "restless",
      "seconds" : 180
    },{
      "dateTime" : "2015-10-18T02:43:30.000",
      "level" : "asleep",
      "seconds" : 6300
    },{
      "dateTime" : "2015-10-18T04:28:30.000",
      "level" : "restless",
      "seconds" : 120
    },{
      "dateTime" : "2015-10-18T04:30:30.000",
      "level" : "asleep",
      "seconds" : 660
    },{
      "dateTime" : "2015-10-18T04:41:30.000",
      "level" : "restless",
      "seconds" : 60
    },{
      "dateTime" : "2015-10-18T04:42:30.000",
      "level" : "asleep",
      "seconds" : 1920
    },{
      "dateTime" : "2015-10-18T05:14:30.000",
      "level" : "restless",
      "seconds" : 60
    },{
      "dateTime" : "2015-10-18T05:15:30.000",
      "level" : "asleep",
      "seconds" : 10020
    },{
      "dateTime" : "2015-10-18T08:02:30.000",
      "level" : "restless",
      "seconds" : 180
    },{
      "dateTime" : "2015-10-18T08:05:30.000",
      "level" : "asleep",
      "seconds" : 960
    },{
      "dateTime" : "2015-10-18T08:21:30.000",
      "level" : "restless",
      "seconds" : 120
    },{
      "dateTime" : "2015-10-18T08:23:30.000",
      "level" : "asleep",
      "seconds" : 180
    },{
      "dateTime" : "2015-10-18T08:26:30.000",
      "level" : "restless",
      "seconds" : 60
    },{
      "dateTime" : "2015-10-18T08:27:30.000",
      "level" : "asleep",
      "seconds" : 540
    }]
  },
  "mainSleep" : true
},{
  "logId" : 1486151020,
  "dateOfSleep" : "2015-10-17",
  "startTime" : "2015-10-16T23:59:00.000",
  "endTime" : "2015-10-17T08:08:00.000",
  "duration" : 29340000,
  "minutesToFallAsleep" : 0,
  "minutesAsleep" : 485,
  "minutesAwake" : 4,
  "minutesAfterWakeup" : 0,
  "timeInBed" : 489,
  "efficiency" : 99,
  "type" : "classic",
  "infoCode" : 0,
  "logType" : "auto_detected",
  "levels" : {
    "summary" : {
      "restless" : {
        "count" : 2,
        "minutes" : 2
      },
      "awake" : {
        "count" : 1,
        "minutes" : 2
      },
      "asleep" : {
        "count" : 0,
        "minutes" : 485
      }
    },
    "data" : [{
      "dateTime" : "2015-10-16T23:59:00.000",
      "level" : "awake",
      "seconds" : 120
    },{
      "dateTime" : "2015-10-17T00:01:00.000",
      "level" : "asleep",
      "seconds" : 5940
    },{
      "dateTime" : "2015-10-17T01:40:00.000",
      "level" : "restless",
      "seconds" : 60
    },{
      "dateTime" : "2015-10-17T01:41:00.000",
      "level" : "asleep",
      "seconds" : 21180
    },{
      "dateTime" : "2015-10-17T07:34:00.000",
      "level" : "restless",
      "seconds" : 60
    },{
      "dateTime" : "2015-10-17T07:35:00.000",
      "level" : "asleep",
      "seconds" : 1980
    }]
  },
  "mainSleep" : true
},{
  "logId" : 1468863675,
  "dateOfSleep" : "2015-10-16",
  "startTime" : "2015-10-16T01:04:00.000",
  "endTime" : "2015-10-16T06:30:00.000",
  "duration" : 19560000,
  "minutesToFallAsleep" : 0,
  "minutesAsleep" : 317,
  "minutesAwake" : 5,
  "minutesAfterWakeup" : 4,
  "timeInBed" : 326,
  "efficiency" : 98,
  "type" : "classic",
  "infoCode" : 0,
  "logType" : "auto_detected",
  "levels" : {
    "summary" : {
      "restless" : {
        "count" : 6,
        "minutes" : 9
      },
      "awake" : {
        "count" : 0,
        "minutes" : 0
      },
      "asleep" : {
        "count" : 0,
        "minutes" : 317
      }
    },
    "data" : [{
      "dateTime" : "2015-10-16T01:04:00.000",
      "level" : "restless",
      "seconds" : 60
    },{
      "dateTime" : "2015-10-16T01:05:00.000",
      "level" : "asleep",
      "seconds" : 1440
    },{
      "dateTime" : "2015-10-16T01:29:00.000",
      "level" : "restless",
      "seconds" : 60
    },{
      "dateTime" : "2015-10-16T01:30:00.000",
      "level" : "asleep",
      "seconds" : 8580
    },{
      "dateTime" : "2015-10-16T03:53:00.000",
      "level" : "restless",
      "seconds" : 60
    },{
      "dateTime" : "2015-10-16T03:54:00.000",
      "level" : "asleep",
      "seconds" : 7080
    },{
      "dateTime" : "2015-10-16T05:52:00.000",
      "level" : "restless",
      "seconds" : 60
    },{
      "dateTime" : "2015-10-16T05:53:00.000",
      "level" : "asleep",
      "seconds" : 120
    },{
      "dateTime" : "2015-10-16T05:55:00.000",
      "level" : "restless",
      "seconds" : 60
    },{
      "dateTime" : "2015-10-16T05:56:00.000",
      "level" : "asleep",
      "seconds" : 1800
    },{
      "dateTime" : "2015-10-16T06:26:00.000",
      "level" : "restless",
      "seconds" : 240
    }]
  },
  "mainSleep" : true
},{
  "logId" : 1465638959,
  "dateOfSleep" : "2015-10-15",
  "startTime" : "2015-10-14T23:52:00.000",
  "endTime" : "2015-10-15T06:59:30.000",
  "duration" : 25620000,
  "minutesToFallAsleep" : 0,
  "minutesAsleep" : 401,
  "minutesAwake" : 26,
  "minutesAfterWakeup" : 0,
  "timeInBed" : 427,
  "efficiency" : 94,
  "type" : "classic",
  "infoCode" : 0,
  "logType" : "auto_detected",
  "levels" : {
    "summary" : {
      "restless" : {
        "count" : 13,
        "minutes" : 21
      },
      "awake" : {
        "count" : 1,
        "minutes" : 5
      },
      "asleep" : {
        "count" : 0,
        "minutes" : 401
      }
    },
    "data" : [{
      "dateTime" : "2015-10-14T23:52:00.000",
      "level" : "awake",
      "seconds" : 300
    },{
      "dateTime" : "2015-10-14T23:57:00.000",
      "level" : "restless",
      "seconds" : 60
    },{
      "dateTime" : "2015-10-14T23:58:00.000",
      "level" : "asleep",
      "seconds" : 240
    },{
      "dateTime" : "2015-10-15T00:02:00.000",
      "level" : "restless",
      "seconds" : 60
    },{
      "dateTime" : "2015-10-15T00:03:00.000",
      "level" : "asleep",
      "seconds" : 780
    },{
      "dateTime" : "2015-10-15T00:16:00.000",
      "level" : "restless",
      "seconds" : 60
    },{
      "dateTime" : "2015-10-15T00:17:00.000",
      "level" : "asleep",
      "seconds" : 120
    },{
      "dateTime" : "2015-10-15T00:19:00.000",
      "level" : "restless",
      "seconds" : 60
    },{
      "dateTime" : "2015-10-15T00:20:00.000",
      "level" : "asleep",
      "seconds" : 3240
    },{
      "dateTime" : "2015-10-15T01:14:00.000",
      "level" : "restless",
      "seconds" : 60
    },{
      "dateTime" : "2015-10-15T01:15:00.000",
      "level" : "asleep",
      "seconds" : 3000
    },{
      "dateTime" : "2015-10-15T02:05:00.000",
      "level" : "restless",
      "seconds" : 60
    },{
      "dateTime" : "2015-10-15T02:06:00.000",
      "level" : "asleep",
      "seconds" : 540
    },{
      "dateTime" : "2015-10-15T02:15:00.000",
      "level" : "restless",
      "seconds" : 120
    },{
      "dateTime" : "2015-10-15T02:17:00.000",
      "level" : "asleep",
      "seconds" : 2280
    },{
      "dateTime" : "2015-10-15T02:55:00.000",
      "level" : "restless",
      "seconds" : 60
    },{
      "dateTime" : "2015-10-15T02:56:00.000",
      "level" : "asleep",
      "seconds" : 780
    },{
      "dateTime" : "2015-10-15T03:09:00.000",
      "level" : "restless",
      "seconds" : 60
    },{
      "dateTime" : "2015-10-15T03:10:00.000",
      "level" : "asleep",
      "seconds" : 60
    },{
      "dateTime" : "2015-10-15T03:11:00.000",
      "level" : "restless",
      "seconds" : 120
    },{
      "dateTime" : "2015-10-15T03:13:00.000",
      "level" : "asleep",
      "seconds" : 2940
    },{
      "dateTime" : "2015-10-15T04:02:00.000",
      "level" : "restless",
      "seconds" : 180
    },{
      "dateTime" : "2015-10-15T04:05:00.000",
      "level" : "asleep",
      "seconds" : 720
    },{
      "dateTime" : "2015-10-15T04:17:00.000",
      "level" : "restless",
      "seconds" : 60
    },{
      "dateTime" : "2015-10-15T04:18:00.000",
      "level" : "asleep",
      "seconds" : 1320
    },{
      "dateTime" : "2015-10-15T04:40:00.000",
      "level" : "restless",
      "seconds" : 300
    },{
      "dateTime" : "2015-10-15T04:45:00.000",
      "level" : "asleep",
      "seconds" : 8040
    }]
  },
  "mainSleep" : true
},{
  "logId" : 1461119656,
  "dateOfSleep" : "2015-10-14",
  "startTime" : "2015-10-14T01:16:00.000",
  "endTime" : "2015-10-14T07:46:30.000",
  "duration" : 23400000,
  "minutesToFallAsleep" : 0,
  "minutesAsleep" : 376,
  "minutesAwake" : 14,
  "minutesAfterWakeup" : 0,
  "timeInBed" : 390,
  "efficiency" : 96,
  "type" : "classic",
  "infoCode" : 0,
  "logType" : "auto_detected",
  "levels" : {
    "summary" : {
      "restless" : {
        "count" : 7,
        "minutes" : 10
      },
      "awake" : {
        "count" : 1,
        "minutes" : 4
      },
      "asleep" : {
        "count" : 0,
        "minutes" : 376
      }
    },
    "data" : [{
      "dateTime" : "2015-10-14T01:16:00.000",
      "level" : "asleep",
      "seconds" : 120
    },{
      "dateTime" : "2015-10-14T01:18:00.000",
      "level" : "restless",
      "seconds" : 120
    },{
      "dateTime" : "2015-10-14T01:20:00.000",
      "level" : "awake",
      "seconds" : 240
    },{
      "dateTime" : "2015-10-14T01:24:00.000",
      "level" : "restless",
      "seconds" : 60
    },{
      "dateTime" : "2015-10-14T01:25:00.000",
      "level" : "asleep",
      "seconds" : 6600
    },{
      "dateTime" : "2015-10-14T03:15:00.000",
      "level" : "restless",
      "seconds" : 60
    },{
      "dateTime" : "2015-10-14T03:16:00.000",
      "level" : "asleep",
      "seconds" : 120
    },{
      "dateTime" : "2015-10-14T03:18:00.000",
      "level" : "restless",
      "seconds" : 60
    },{
      "dateTime" : "2015-10-14T03:19:00.000",
      "level" : "asleep",
      "seconds" : 1140
    },{
      "dateTime" : "2015-10-14T03:38:00.000",
      "level" : "restless",
      "seconds" : 120
    },{
      "dateTime" : "2015-10-14T03:40:00.000",
      "level" : "asleep",
      "seconds" : 12180
    },{
      "dateTime" : "2015-10-14T07:03:00.000",
      "level" : "restless",
      "seconds" : 60
    },{
      "dateTime" : "2015-10-14T07:04:00.000",
      "level" : "asleep",
      "seconds" : 2280
    },{
      "dateTime" : "2015-10-14T07:42:00.000",
      "level" : "restless",
      "seconds" : 120
    },{
      "dateTime" : "2015-10-14T07:44:00.000",
      "level" : "asleep",
      "seconds" : 120
    }]
  },
  "mainSleep" : true
},{
  "logId" : 1457307651,
  "dateOfSleep" : "2015-10-13",
  "startTime" : "2015-10-12T23:42:00.000",
  "endTime" : "2015-10-13T11:00:00.000",
  "duration" : 40680000,
  "minutesToFallAsleep" : 0,
  "minutesAsleep" : 654,
  "minutesAwake" : 24,
  "minutesAfterWakeup" : 0,
  "timeInBed" : 678,
  "efficiency" : 96,
  "type" : "classic",
  "infoCode" : 0,
  "logType" : "auto_detected",
  "levels" : {
    "summary" : {
      "restless" : {
        "count" : 12,
        "minutes" : 17
      },
      "awake" : {
        "count" : 2,
        "minutes" : 7
      },
      "asleep" : {
        "count" : 0,
        "minutes" : 654
      }
    },
    "data" : [{
      "dateTime" : "2015-10-12T23:42:00.000",
      "level" : "awake",
      "seconds" : 240
    },{
      "dateTime" : "2015-10-12T23:46:00.000",
      "level" : "restless",
      "seconds" : 60
    },{
      "dateTime" : "2015-10-12T23:47:00.000",
      "level" : "asleep",
      "seconds" : 3300
    },{
      "dateTime" : "2015-10-13T00:42:00.000",
      "level" : "restless",
      "seconds" : 60
    },{
      "dateTime" : "2015-10-13T00:43:00.000",
      "level" : "asleep",
      "seconds" : 1320
    },{
      "dateTime" : "2015-10-13T01:05:00.000",
      "level" : "restless",
      "seconds" : 60
    },{
      "dateTime" : "2015-10-13T01:06:00.000",
      "level" : "asleep",
      "seconds" : 5760
    },{
      "dateTime" : "2015-10-13T02:42:00.000",
      "level" : "restless",
      "seconds" : 60
    },{
      "dateTime" : "2015-10-13T02:43:00.000",
      "level" : "asleep",
      "seconds" : 6240
    },{
      "dateTime" : "2015-10-13T04:27:00.000",
      "level" : "restless",
      "seconds" : 60
    },{
      "dateTime" : "2015-10-13T04:28:00.000",
      "level" : "asleep",
      "seconds" : 4380
    },{
      "dateTime" : "2015-10-13T05:41:00.000",
      "level" : "restless",
      "seconds" : 60
    },{
      "dateTime" : "2015-10-13T05:42:00.000",
      "level" : "asleep",
      "seconds" : 7620
    },{
      "dateTime" : "2015-10-13T07:49:00.000",
      "level" : "restless",
      "seconds" : 60
    },{
      "dateTime" : "2015-10-13T07:50:00.000",
      "level" : "asleep",
      "seconds" : 660
    },{
      "dateTime" : "2015-10-13T08:01:00.000",
      "level" : "restless",
      "seconds" : 120
    },{
      "dateTime" : "2015-10-13T08:03:00.000",
      "level" : "asleep",
      "seconds" : 1260
    },{
      "dateTime" : "2015-10-13T08:24:00.000",
      "level" : "restless",
      "seconds" : 60
    },{
      "dateTime" : "2015-10-13T08:25:00.000",
      "level" : "asleep",
      "seconds" : 2940
    },{
      "dateTime" : "2015-10-13T09:14:00.000",
      "level" : "restless",
      "seconds" : 180
    },{
      "dateTime" : "2015-10-13T09:17:00.000",
      "level" : "awake",
      "seconds" : 180
    },{
      "dateTime" : "2015-10-13T09:20:00.000",
      "level" : "restless",
      "seconds" : 180
    },{
      "dateTime" : "2015-10-13T09:23:00.000",
      "level" : "asleep",
      "seconds" : 1200
    },{
      "dateTime" : "2015-10-13T09:43:00.000",
      "level" : "restless",
      "seconds" : 60
    },{
      "dateTime" : "2015-10-13T09:44:00.000",
      "level" : "asleep",
      "seconds" : 4560
    }]
  },
  "mainSleep" : true
},{
  "logId" : 1452726512,
  "dateOfSleep" : "2015-10-12",
  "startTime" : "2015-10-11T21:24:00.000",
  "endTime" : "2015-10-12T08:11:00.000",
  "duration" : 38820000,
  "minutesToFallAsleep" : 0,
  "minutesAsleep" : 610,
  "minutesAwake" : 37,
  "minutesAfterWakeup" : 0,
  "timeInBed" : 647,
  "efficiency" : 94,
  "type" : "classic",
  "infoCode" : 0,
  "logType" : "auto_detected",
  "levels" : {
    "summary" : {
      "restless" : {
        "count" : 17,
        "minutes" : 35
      },
      "awake" : {
        "count" : 1,
        "minutes" : 2
      },
      "asleep" : {
        "count" : 0,
        "minutes" : 610
      }
    },
    "data" : [{
      "dateTime" : "2015-10-11T21:24:00.000",
      "level" : "restless",
      "seconds" : 240
    },{
      "dateTime" : "2015-10-11T21:28:00.000",
      "level" : "awake",
      "seconds" : 120
    },{
      "dateTime" : "2015-10-11T21:30:00.000",
      "level" : "restless",
      "seconds" : 60
    },{
      "dateTime" : "2015-10-11T21:31:00.000",
      "level" : "asleep",
      "seconds" : 1320
    },{
      "dateTime" : "2015-10-11T21:53:00.000",
      "level" : "restless",
      "seconds" : 180
    },{
      "dateTime" : "2015-10-11T21:56:00.000",
      "level" : "asleep",
      "seconds" : 840
    },{
      "dateTime" : "2015-10-11T22:10:00.000",
      "level" : "restless",
      "seconds" : 60
    },{
      "dateTime" : "2015-10-11T22:11:00.000",
      "level" : "asleep",
      "seconds" : 540
    },{
      "dateTime" : "2015-10-11T22:20:00.000",
      "level" : "restless",
      "seconds" : 240
    },{
      "dateTime" : "2015-10-11T22:24:00.000",
      "level" : "asleep",
      "seconds" : 960
    },{
      "dateTime" : "2015-10-11T22:40:00.000",
      "level" : "restless",
      "seconds" : 60
    },{
      "dateTime" : "2015-10-11T22:41:00.000",
      "level" : "asleep",
      "seconds" : 60
    },{
      "dateTime" : "2015-10-11T22:42:00.000",
      "level" : "restless",
      "seconds" : 120
    },{
      "dateTime" : "2015-10-11T22:44:00.000",
      "level" : "asleep",
      "seconds" : 3360
    },{
      "dateTime" : "2015-10-11T23:40:00.000",
      "level" : "restless",
      "seconds" : 60
    },{
      "dateTime" : "2015-10-11T23:41:00.000",
      "level" : "asleep",
      "seconds" : 2940
    },{
      "dateTime" : "2015-10-12T00:30:00.000",
      "level" : "restless",
      "seconds" : 120
    },{
      "dateTime" : "2015-10-12T00:32:00.000",
      "level" : "asleep",
      "seconds" : 1320
    },{
      "dateTime" : "2015-10-12T00:54:00.000",
      "level" : "restless",
      "seconds" : 60
    },{
      "dateTime" : "2015-10-12T00:55:00.000",
      "level" : "asleep",
      "seconds" : 6960
    },{
      "dateTime" : "2015-10-12T02:51:00.000",
      "level" : "restless",
      "seconds" : 60
    },{
      "dateTime" : "2015-10-12T02:52:00.000",
      "level" : "asleep",
      "seconds" : 60
    },{
      "dateTime" : "2015-10-12T02:53:00.000",
      "level" : "restless",
      "seconds" : 60
    },{
      "dateTime" : "2015-10-12T02:54:00.000",
      "level" : "asleep",
      "seconds" : 1500
    },{
      "dateTime" : "2015-10-12T03:19:00.000",
      "level" : "restless",
      "seconds" : 540
    },{
      "dateTime" : "2015-10-12T03:28:00.000",
      "level" : "asleep",
      "seconds" : 480
    },{
      "dateTime" : "2015-10-12T03:36:00.000",
      "level" : "restless",
      "seconds" : 60
    },{
      "dateTime" : "2015-10-12T03:37:00.000",
      "level" : "asleep",
      "seconds" : 60
    },{
      "dateTime" : "2015-10-12T03:38:00.000",
      "level" : "restless",
      "seconds" : 60
    },{
      "dateTime" : "2015-10-12T03:39:00.000",
      "level" : "asleep",
      "seconds" : 12240
    },{
      "dateTime" : "2015-10-12T07:03:00.000",
      "level" : "restless",
      "seconds" : 60
    },{
      "dateTime" : "2015-10-12T07:04:00.000",
      "level" : "asleep",
      "seconds" : 1620
    },{
      "dateTime" : "2015-10-12T07:31:00.000",
      "level" : "restless",
      "seconds" : 60
    },{
      "dateTime" : "2015-10-12T07:32:00.000",
      "level" : "asleep",
      "seconds" : 2340
    }]
  },
  "mainSleep" : true
},{
  "logId" : 1449998460,
  "dateOfSleep" : "2015-10-11",
  "startTime" : "2015-10-11T17:44:00.000",
  "endTime" : "2015-10-11T19:08:30.000",
  "duration" : 5040000,
  "minutesToFallAsleep" : 0,
  "minutesAsleep" : 78,
  "minutesAwake" : 6,
  "minutesAfterWakeup" : 0,
  "timeInBed" : 84,
  "efficiency" : 93,
  "type" : "classic",
  "infoCode" : 0,
  "logType" : "auto_detected",
  "levels" : {
    "summary" : {
      "restless" : {
        "count" : 2,
        "minutes" : 3
      },
      "awake" : {
        "count" : 1,
        "minutes" : 3
      },
      "asleep" : {
        "count" : 0,
        "minutes" : 78
      }
    },
    "data" : [{
      "dateTime" : "2015-10-11T17:44:00.000",
      "level" : "restless",
      "seconds" : 120
    },{
      "dateTime" : "2015-10-11T17:46:00.000",
      "level" : "awake",
      "seconds" : 180
    },{
      "dateTime" : "2015-10-11T17:49:00.000",
      "level" : "restless",
      "seconds" : 60
    },{
      "dateTime" : "2015-10-11T17:50:00.000",
      "level" : "asleep",
      "seconds" : 4680
    }]
  },
  "mainSleep" : false
},{
  "logId" : 1448867398,
  "dateOfSleep" : "2015-10-11",
  "startTime" : "2015-10-11T01:49:00.000",
  "endTime" : "2015-10-11T08:47:30.000",
  "duration" : 25080000,
  "minutesToFallAsleep" : 0,
  "minutesAsleep" : 399,
  "minutesAwake" : 19,
  "minutesAfterWakeup" : 0,
  "timeInBed" : 418,
  "efficiency" : 95,
  "type" : "classic",
  "infoCode" : 0,
  "logType" : "auto_detected",
  "levels" : {
    "summary" : {
      "restless" : {
        "count" : 6,
        "minutes" : 11
      },
      "awake" : {
        "count" : 2,
        "minutes" : 9
      },
      "asleep" : {
        "count" : 0,
        "minutes" : 399
      }
    },
    "data" : [{
      "dateTime" : "2015-10-11T01:49:00.000",
      "level" : "awake",
      "seconds" : 300
    },{
      "dateTime" : "2015-10-11T01:54:00.000",
      "level" : "restless",
      "seconds" : 240
    },{
      "dateTime" : "2015-10-11T01:58:00.000",
      "level" : "asleep",
      "seconds" : 6060
    },{
      "dateTime" : "2015-10-11T03:39:00.000",
      "level" : "restless",
      "seconds" : 60
    },{
      "dateTime" : "2015-10-11T03:40:00.000",
      "level" : "asleep",
      "seconds" : 14040
    },{
      "dateTime" : "2015-10-11T07:34:00.000",
      "level" : "restless",
      "seconds" : 120
    },{
      "dateTime" : "2015-10-11T07:36:00.000",
      "level" : "asleep",
      "seconds" : 60
    },{
      "dateTime" : "2015-10-11T07:37:00.000",
      "level" : "restless",
      "seconds" : 120
    },{
      "dateTime" : "2015-10-11T07:39:00.000",
      "level" : "asleep",
      "seconds" : 2580
    },{
      "dateTime" : "2015-10-11T08:22:00.000",
      "level" : "restless",
      "seconds" : 60
    },{
      "dateTime" : "2015-10-11T08:23:00.000",
      "level" : "asleep",
      "seconds" : 1140
    },{
      "dateTime" : "2015-10-11T08:42:00.000",
      "level" : "restless",
      "seconds" : 60
    },{
      "dateTime" : "2015-10-11T08:43:00.000",
      "level" : "awake",
      "seconds" : 240
    }]
  },
  "mainSleep" : true
},{
  "logId" : 1445344267,
  "dateOfSleep" : "2015-10-10",
  "startTime" : "2015-10-09T23:28:30.000",
  "endTime" : "2015-10-10T07:32:30.000",
  "duration" : 29040000,
  "minutesToFallAsleep" : 0,
  "minutesAsleep" : 467,
  "minutesAwake" : 17,
  "minutesAfterWakeup" : 0,
  "timeInBed" : 484,
  "efficiency" : 96,
  "type" : "classic",
  "infoCode" : 0,
  "logType" : "auto_detected",
  "levels" : {
    "summary" : {
      "restless" : {
        "count" : 9,
        "minutes" : 12
      },
      "awake" : {
        "count" : 4,
        "minutes" : 6
      },
      "asleep" : {
        "count" : 0,
        "minutes" : 467
      }
    },
    "data" : [{
      "dateTime" : "2015-10-09T23:28:30.000",
      "level" : "asleep",
      "seconds" : 120
    },{
      "dateTime" : "2015-10-09T23:30:30.000",
      "level" : "restless",
      "seconds" : 60
    },{
      "dateTime" : "2015-10-09T23:31:30.000",
      "level" : "asleep",
      "seconds" : 10260
    },{
      "dateTime" : "2015-10-10T02:22:30.000",
      "level" : "restless",
      "seconds" : 60
    },{
      "dateTime" : "2015-10-10T02:23:30.000",
      "level" : "asleep",
      "seconds" : 2640
    },{
      "dateTime" : "2015-10-10T03:07:30.000",
      "level" : "restless",
      "seconds" : 60
    },{
      "dateTime" : "2015-10-10T03:08:30.000",
      "level" : "asleep",
      "seconds" : 6420
    },{
      "dateTime" : "2015-10-10T04:55:30.000",
      "level" : "restless",
      "seconds" : 60
    },{
      "dateTime" : "2015-10-10T04:56:30.000",
      "level" : "asleep",
      "seconds" : 7560
    },{
      "dateTime" : "2015-10-10T07:02:30.000",
      "level" : "restless",
      "seconds" : 120
    },{
      "dateTime" : "2015-10-10T07:04:30.000",
      "level" : "asleep",
      "seconds" : 180
    },{
      "dateTime" : "2015-10-10T07:07:30.000",
      "level" : "restless",
      "seconds" : 60
    },{
      "dateTime" : "2015-10-10T07:08:30.000",
      "level" : "asleep",
      "seconds" : 180
    },{
      "dateTime" : "2015-10-10T07:11:30.000",
      "level" : "restless",
      "seconds" : 180
    },{
      "dateTime" : "2015-10-10T07:14:30.000",
      "level" : "awake",
      "seconds" : 120
    },{
      "dateTime" : "2015-10-10T07:16:30.000",
      "level" : "asleep",
      "seconds" : 60
    },{
      "dateTime" : "2015-10-10T07:17:30.000",
      "level" : "awake",
      "seconds" : 120
    },{
      "dateTime" : "2015-10-10T07:19:30.000",
      "level" : "asleep",
      "seconds" : 540
    },{
      "dateTime" : "2015-10-10T07:28:30.000",
      "level" : "restless",
      "seconds" : 60
    },{
      "dateTime" : "2015-10-10T07:29:30.000",
      "level" : "awake",
      "seconds" : 60
    },{
      "dateTime" : "2015-10-10T07:30:30.000",
      "level" : "restless",
      "seconds" : 60
    },{
      "dateTime" : "2015-10-10T07:31:30.000",
      "level" : "awake",
      "seconds" : 60
    }]
  },
  "mainSleep" : true
},{
  "logId" : 1445344266,
  "dateOfSleep" : "2015-10-09",
  "startTime" : "2015-10-09T01:25:30.000",
  "endTime" : "2015-10-09T07:48:30.000",
  "duration" : 22980000,
  "minutesToFallAsleep" : 0,
  "minutesAsleep" : 364,
  "minutesAwake" : 19,
  "minutesAfterWakeup" : 0,
  "timeInBed" : 383,
  "efficiency" : 95,
  "type" : "classic",
  "infoCode" : 0,
  "logType" : "auto_detected",
  "levels" : {
    "summary" : {
      "restless" : {
        "count" : 8,
        "minutes" : 15
      },
      "awake" : {
        "count" : 1,
        "minutes" : 4
      },
      "asleep" : {
        "count" : 0,
        "minutes" : 364
      }
    },
    "data" : [{
      "dateTime" : "2015-10-09T01:25:30.000",
      "level" : "asleep",
      "seconds" : 6180
    },{
      "dateTime" : "2015-10-09T03:08:30.000",
      "level" : "restless",
      "seconds" : 60
    },{
      "dateTime" : "2015-10-09T03:09:30.000",
      "level" : "asleep",
      "seconds" : 2820
    },{
      "dateTime" : "2015-10-09T03:56:30.000",
      "level" : "restless",
      "seconds" : 240
    },{
      "dateTime" : "2015-10-09T04:00:30.000",
      "level" : "awake",
      "seconds" : 240
    },{
      "dateTime" : "2015-10-09T04:04:30.000",
      "level" : "restless",
      "seconds" : 60
    },{
      "dateTime" : "2015-10-09T04:05:30.000",
      "level" : "asleep",
      "seconds" : 4140
    },{
      "dateTime" : "2015-10-09T05:14:30.000",
      "level" : "restless",
      "seconds" : 60
    },{
      "dateTime" : "2015-10-09T05:15:30.000",
      "level" : "asleep",
      "seconds" : 720
    },{
      "dateTime" : "2015-10-09T05:27:30.000",
      "level" : "restless",
      "seconds" : 60
    },{
      "dateTime" : "2015-10-09T05:28:30.000",
      "level" : "asleep",
      "seconds" : 60
    },{
      "dateTime" : "2015-10-09T05:29:30.000",
      "level" : "restless",
      "seconds" : 120
    },{
      "dateTime" : "2015-10-09T05:31:30.000",
      "level" : "asleep",
      "seconds" : 480
    },{
      "dateTime" : "2015-10-09T05:39:30.000",
      "level" : "restless",
      "seconds" : 240
    },{
      "dateTime" : "2015-10-09T05:43:30.000",
      "level" : "asleep",
      "seconds" : 4740
    },{
      "dateTime" : "2015-10-09T07:02:30.000",
      "level" : "restless",
      "seconds" : 60
    },{
      "dateTime" : "2015-10-09T07:03:30.000",
      "level" : "asleep",
      "seconds" : 2700
    }]
  },
  "mainSleep" : true
},{
  "logId" : 1445344265,
  "dateOfSleep" : "2015-10-08",
  "startTime" : "2015-10-08T01:08:00.000",
  "endTime" : "2015-10-08T10:38:30.000",
  "duration" : 34200000,
  "minutesToFallAsleep" : 0,
  "minutesAsleep" : 553,
  "minutesAwake" : 17,
  "minutesAfterWakeup" : 0,
  "timeInBed" : 570,
  "efficiency" : 97,
  "type" : "classic",
  "infoCode" : 0,
  "logType" : "auto_detected",
  "levels" : {
    "summary" : {
      "restless" : {
        "count" : 12,
        "minutes" : 15
      },
      "awake" : {
        "count" : 1,
        "minutes" : 2
      },
      "asleep" : {
        "count" : 0,
        "minutes" : 553
      }
    },
    "data" : [{
      "dateTime" : "2015-10-08T01:08:00.000",
      "level" : "awake",
      "seconds" : 120
    },{
      "dateTime" : "2015-10-08T01:10:00.000",
      "level" : "restless",
      "seconds" : 60
    },{
      "dateTime" : "2015-10-08T01:11:00.000",
      "level" : "asleep",
      "seconds" : 2160
    },{
      "dateTime" : "2015-10-08T01:47:00.000",
      "level" : "restless",
      "seconds" : 120
    },{
      "dateTime" : "2015-10-08T01:49:00.000",
      "level" : "asleep",
      "seconds" : 60
    },{
      "dateTime" : "2015-10-08T01:50:00.000",
      "level" : "restless",
      "seconds" : 60
    },{
      "dateTime" : "2015-10-08T01:51:00.000",
      "level" : "asleep",
      "seconds" : 8280
    },{
      "dateTime" : "2015-10-08T04:09:00.000",
      "level" : "restless",
      "seconds" : 60
    },{
      "dateTime" : "2015-10-08T04:10:00.000",
      "level" : "asleep",
      "seconds" : 1740
    },{
      "dateTime" : "2015-10-08T04:39:00.000",
      "level" : "restless",
      "seconds" : 120
    },{
      "dateTime" : "2015-10-08T04:41:00.000",
      "level" : "asleep",
      "seconds" : 3180
    },{
      "dateTime" : "2015-10-08T05:34:00.000",
      "level" : "restless",
      "seconds" : 60
    },{
      "dateTime" : "2015-10-08T05:35:00.000",
      "level" : "asleep",
      "seconds" : 480
    },{
      "dateTime" : "2015-10-08T05:43:00.000",
      "level" : "restless",
      "seconds" : 60
    },{
      "dateTime" : "2015-10-08T05:44:00.000",
      "level" : "asleep",
      "seconds" : 3900
    },{
      "dateTime" : "2015-10-08T06:49:00.000",
      "level" : "restless",
      "seconds" : 60
    },{
      "dateTime" : "2015-10-08T06:50:00.000",
      "level" : "asleep",
      "seconds" : 780
    },{
      "dateTime" : "2015-10-08T07:03:00.000",
      "level" : "restless",
      "seconds" : 60
    },{
      "dateTime" : "2015-10-08T07:04:00.000",
      "level" : "asleep",
      "seconds" : 1140
    },{
      "dateTime" : "2015-10-08T07:23:00.000",
      "level" : "restless",
      "seconds" : 60
    },{
      "dateTime" : "2015-10-08T07:24:00.000",
      "level" : "asleep",
      "seconds" : 60
    },{
      "dateTime" : "2015-10-08T07:25:00.000",
      "level" : "restless",
      "seconds" : 120
    },{
      "dateTime" : "2015-10-08T07:27:00.000",
      "level" : "asleep",
      "seconds" : 2880
    },{
      "dateTime" : "2015-10-08T08:15:00.000",
      "level" : "restless",
      "seconds" : 60
    },{
      "dateTime" : "2015-10-08T08:16:00.000",
      "level" : "asleep",
      "seconds" : 8520
    }]
  },
  "mainSleep" : true
},{
  "logId" : 1445344264,
  "dateOfSleep" : "2015-10-07",
  "startTime" : "2015-10-07T00:32:30.000",
  "endTime" : "2015-10-07T07:56:30.000",
  "duration" : 26640000,
  "minutesToFallAsleep" : 0,
  "minutesAsleep" : 439,
  "minutesAwake" : 5,
  "minutesAfterWakeup" : 0,
  "timeInBed" : 444,
  "efficiency" : 99,
  "type" : "classic",
  "infoCode" : 0,
  "logType" : "auto_detected",
  "levels" : {
    "summary" : {
      "restless" : {
        "count" : 3,
        "minutes" : 3
      },
      "awake" : {
        "count" : 1,
        "minutes" : 2
      },
      "asleep" : {
        "count" : 0,
        "minutes" : 439
      }
    },
    "data" : [{
      "dateTime" : "2015-10-07T00:32:30.000",
      "level" : "awake",
      "seconds" : 120
    },{
      "dateTime" : "2015-10-07T00:34:30.000",
      "level" : "restless",
      "seconds" : 60
    },{
      "dateTime" : "2015-10-07T00:35:30.000",
      "level" : "asleep",
      "seconds" : 11340
    },{
      "dateTime" : "2015-10-07T03:44:30.000",
      "level" : "restless",
      "seconds" : 60
    },{
      "dateTime" : "2015-10-07T03:45:30.000",
      "level" : "asleep",
      "seconds" : 13800
    },{
      "dateTime" : "2015-10-07T07:35:30.000",
      "level" : "restless",
      "seconds" : 60
    },{
      "dateTime" : "2015-10-07T07:36:30.000",
      "level" : "asleep",
      "seconds" : 1200
    }]
  },
  "mainSleep" : true
}]