[{
  "logId" : 1445344264,
  "dateOfSleep" : "2015-10-07",
  "startTime" : "2015-10-07T00:32:30.000",
  "endTime" : "2015-10-07T07:56:30.000",
  "duration" : 26640000,
  "minutesToFallAsleep" : 0,
  "minutesAsleep" : 439,
  "minutesAwake" : 5,
  "minutesAfterWakeup" : 0,
  "timeInBed" : 444,
  "efficiency" : 99,
  "type" : "classic",
  "infoCode" : 0,
  "logType" : "auto_detected",
  "levels" : {
    "summary" : {
      "restless" : {
        "count" : 3,
        "minutes" : 3
      },
      "awake" : {
        "count" : 1,
        "minutes" : 2
      },
      "asleep" : {
        "count" : 0,
        "minutes" : 439
      }
    },
    "data" : [{
      "dateTime" : "2015-10-07T00:32:30.000",
      "level" : "awake",
      "seconds" : 120
    },{
      "dateTime" : "2015-10-07T00:34:30.000",
      "level" : "restless",
      "seconds" : 60
    },{
      "dateTime" : "2015-10-07T00:35:30.000",
      "level" : "asleep",
      "seconds" : 11340
    },{
      "dateTime" : "2015-10-07T03:44:30.000",
      "level" : "restless",
      "seconds" : 60
    },{
      "dateTime" : "2015-10-07T03:45:30.000",
      "level" : "asleep",
      "seconds" : 13800
    },{
      "dateTime" : "2015-10-07T07:35:30.000",
      "level" : "restless",
      "seconds" : 60
    },{
      "dateTime" : "2015-10-07T07:36:30.000",
      "level" : "asleep",
      "seconds" : 1200
    }]
  },
  "mainSleep" : true
},{
  "logId" : 1429797032,
  "dateOfSleep" : "2015-10-06",
  "startTime" : "2015-10-06T01:20:00.000",
  "endTime" : "2015-10-06T08:12:00.000",
  "duration" : 24720000,
  "minutesToFallAsleep" : 0,
  "minutesAsleep" : 403,
  "minutesAwake" : 9,
  "minutesAfterWakeup" : 0,
  "timeInBed" : 412,
  "efficiency" : 98,
  "type" : "classic",
  "infoCode" : 0,
  "logType" : "auto_detected",
  "levels" : {
    "summary" : {
      "restless" : {
        "count" : 3,
        "minutes" : 7
      },
      "awake" : {
        "count" : 1,
        "minutes" : 2
      },
      "asleep" : {
        "count" : 0,
        "minutes" : 403
      }
    },
    "data" : [{
      "dateTime" : "2015-10-06T01:20:00.000",
      "level" : "restless",
      "seconds" : 180
    },{
      "dateTime" : "2015-10-06T01:23:00.000",
      "level" : "asleep",
      "seconds" : 1080
    },{
      "dateTime" : "2015-10-06T01:41:00.000",
      "level" : "restless",
      "seconds" : 180
    },{
      "dateTime" : "2015-10-06T01:44:00.000",
      "level" : "awake",
      "seconds" : 120
    },{
      "dateTime" : "2015-10-06T01:46:00.000",
      "level" : "restless",
      "seconds" : 60
    },{
      "dateTime" : "2015-10-06T01:47:00.000",
      "level" : "asleep",
      "seconds" : 23100
    }]
  },
  "mainSleep" : true
},{
  "logId" : 1424970817,
  "dateOfSleep" : "2015-10-05",
  "startTime" : "2015-10-05T01:26:30.000",
  "endTime" : "2015-10-05T07:59:30.000",
  "duration" : 23580000,
  "minutesToFallAsleep" : 0,
  "minutesAsleep" : 380,
  "minutesAwake" : 13,
  "minutesAfterWakeup" : 0,
  "timeInBed" : 393,
  "efficiency" : 97,
  "type" : "classic",
  "infoCode" : 0,
  "logType" : "auto_detected",
  "levels" : {
    "summary" : {
      "restless" : {
        "count" : 7,
        "minutes" : 13
      },
      "awake" : {
        "count" : 0,
        "minutes" : 0
      },
      "asleep" : {
        "count" : 0,
        "minutes" : 380
      }
    },
    "data" : [{
      "dateTime" : "2015-10-05T01:26:30.000",
      "level" : "restless",
      "seconds" : 60
    },{
      "dateTime" : "2015-10-05T01:27:30.000",
      "level" : "asleep",
      "seconds" : 480
    },{
      "dateTime" : "2015-10-05T01:35:30.000",
      "level" : "restless",
      "seconds" : 60
    },{
      "dateTime" : "2015-10-05T01:36:30.000",
      "level" : "asleep",
      "seconds" : 12180
    },{
      "dateTime" : "2015-10-05T04:59:30.000",
      "level" : "restless",
      "seconds" : 60
    },{
      "dateTime" : "2015-10-05T05:00:30.000",
      "level" : "asleep",
      "seconds" : 4620
    },{
      "dateTime" : "2015-10-05T06:17:30.000",
      "level" : "restless",
      "seconds" : 60
    },{
      "dateTime" : "2015-10-05T06:18:30.000",
      "level" : "asleep",
      "seconds" : 900
    },{
      "dateTime" : "2015-10-05T06:33:30.000",
      "level" : "restless",
      "seconds" : 60
    },{
      "dateTime" : "2015-10-05T06:34:30.000",
      "level" : "asleep",
      "seconds" : 480
    },{
      "dateTime" : "2015-10-05T06:42:30.000",
      "level" : "restless",
      "seconds" : 120
    },{
      "dateTime" : "2015-10-05T06:44:30.000",
      "level" : "asleep",
      "seconds" : 2520
    },{
      "dateTime" : "2015-10-05T07:26:30.000",
      "level" : "restless",
      "seconds" : 360
    },{
      "dateTime" : "2015-10-05T07:32:30.000",
      "level" : "asleep",
      "seconds" : 1620
    }]
  },
  "mainSleep" : true
},{
  "logId" : 1424970816,
  "dateOfSleep" : "2015-10-04",
  "startTime" : "2015-10-03T23:24:00.000",
  "endTime" : "2015-10-04T06:28:30.000",
  "duration" : 25440000,
  "minutesToFallAsleep" : 0,
  "minutesAsleep" : 416,
  "minutesAwake" : 8,
  "minutesAfterWakeup" : 0,
  "timeInBed" : 424,
  "efficiency" : 98,
  "type" : "classic",
  "infoCode" : 0,
  "logType" : "auto_detected",
  "levels" : {
    "summary" : {
      "restless" : {
        "count" : 5,
        "minutes" : 7
      },
      "awake" : {
        "count" : 1,
        "minutes" : 1
      },
      "asleep" : {
        "count" : 0,
        "minutes" : 416
      }
    },
    "data" : [{
      "dateTime" : "2015-10-03T23:24:00.000",
      "level" : "restless",
      "seconds" : 60
    },{
      "dateTime" : "2015-10-03T23:25:00.000",
      "level" : "awake",
      "seconds" : 60
    },{
      "dateTime" : "2015-10-03T23:26:00.000",
      "level" : "restless",
      "seconds" : 120
    },{
      "dateTime" : "2015-10-03T23:28:00.000",
      "level" : "asleep",
      "seconds" : 5040
    },{
      "dateTime" : "2015-10-04T00:52:00.000",
      "level" : "restless",
      "seconds" : 60
    },{
      "dateTime" : "2015-10-04T00:53:00.000",
      "level" : "asleep",
      "seconds" : 9660
    },{
      "dateTime" : "2015-10-04T03:34:00.000",
      "level" : "restless",
      "seconds" : 120
    },{
      "dateTime" : "2015-10-04T03:36:00.000",
      "level" : "asleep",
      "seconds" : 8940
    },{
      "dateTime" : "2015-10-04T06:05:00.000",
      "level" : "restless",
      "seconds" : 60
    },{
      "dateTime" : "2015-10-04T06:06:00.000",
      "level" : "asleep",
      "seconds" : 1320
    }]
  },
  "mainSleep" : true
},{
  "logId" : 1424970815,
  "dateOfSleep" : "2015-10-03",
  "startTime" : "2015-10-02T23:47:30.000",
  "endTime" : "2015-10-03T07:04:00.000",
  "duration" : 26160000,
  "minutesToFallAsleep" : 0,
  "minutesAsleep" : 432,
  "minutesAwake" : 4,
  "minutesAfterWakeup" : 0,
  "timeInBed" : 436,
  "efficiency" : 99,
  "type" : "classic",
  "infoCode" : 0,
  "logType" : "auto_detected",
  "levels" : {
    "summary" : {
      "restless" : {
        "count" : 4,
        "minutes" : 4
      },
      "awake" : {
        "count" : 0,
        "minutes" : 0
      },
      "asleep" : {
        "count" : 0,
        "minutes" : 432
      }
    },
    "data" : [{
      "dateTime" : "2015-10-02T23:47:30.000",
      "level" : "restless",
      "seconds" : 60
    },{
      "dateTime" : "2015-10-02T23:48:30.000",
      "level" : "asleep",
      "seconds" : 720
    },{
      "dateTime" : "2015-10-03T00:00:30.000",
      "level" : "restless",
      "seconds" : 60
    },{
      "dateTime" : "2015-10-03T00:01:30.000",
      "level" : "asleep",
      "seconds" : 360
    },{
      "dateTime" : "2015-10-03T00:07:30.000",
      "level" : "restless",
      "seconds" : 60
    },{
      "dateTime" : "2015-10-03T00:08:30.000",
      "level" : "asleep",
      "seconds" : 240
    },{
      "dateTime" : "2015-10-03T00:12:30.000",
      "level" : "restless",
      "seconds" : 60
    },{
      "dateTime" : "2015-10-03T00:13:30.000",
      "level" : "asleep",
      "seconds" : 24600
    }]
  },
  "mainSleep" : true
},{
  "logId" : 1424970814,
  "dateOfSleep" : "2015-10-02",
  "startTime" : "2015-10-01T22:40:30.000",
  "endTime" : "2015-10-02T06:50:30.000",
  "duration" : 29400000,
  "minutesToFallAsleep" : 0,
  "minutesAsleep" : 486,
  "minutesAwake" : 4,
  "minutesAfterWakeup" : 0,
  "timeInBed" : 490,
  "efficiency" : 99,
  "type" : "classic",
  "infoCode" : 0,
  "logType" : "auto_detected",
  "levels" : {
    "summary" : {
      "restless" : {
        "count" : 2,
        "minutes" : 4
      },
      "awake" : {
        "count" : 0,
        "minutes" : 0
      },
      "asleep" : {
        "count" : 0,
        "minutes" : 486
      }
    },
    "data" : [{
      "dateTime" : "2015-10-01T22:40:30.000",
      "level" : "asleep",
      "seconds" : 480
    },{
      "dateTime" : "2015-10-01T22:48:30.000",
      "level" : "restless",
      "seconds" : 180
    },{
      "dateTime" : "2015-10-01T22:51:30.000",
      "level" : "asleep",
      "seconds" : 60
    },{
      "dateTime" : "2015-10-01T22:52:30.000",
      "level" : "restless",
      "seconds" : 60
    },{
      "dateTime" : "2015-10-01T22:53:30.000",
      "level" : "asleep",
      "seconds" : 28620
    }]
  },
  "mainSleep" : true
},{
  "logId" : 1424970813,
  "dateOfSleep" : "2015-10-01",
  "startTime" : "2015-10-01T00:26:00.000",
  "endTime" : "2015-10-01T06:29:00.000",
  "duration" : 21780000,
  "minutesToFallAsleep" : 0,
  "minutesAsleep" : 346,
  "minutesAwake" : 17,
  "minutesAfterWakeup" : 0,
  "timeInBed" : 363,
  "efficiency" : 95,
  "type" : "classic",
  "infoCode" : 0,
  "logType" : "auto_detected",
  "levels" : {
    "summary" : {
      "restless" : {
        "count" : 11,
        "minutes" : 14
      },
      "awake" : {
        "count" : 1,
        "minutes" : 3
      },
      "asleep" : {
        "count" : 0,
        "minutes" : 346
      }
    },
    "data" : [{
      "dateTime" : "2015-10-01T00:26:00.000",
      "level" : "asleep",
      "seconds" : 420
    },{
      "dateTime" : "2015-10-01T00:33:00.000",
      "level" : "restless",
      "seconds" : 120
    },{
      "dateTime" : "2015-10-01T00:35:00.000",
      "level" : "awake",
      "seconds" : 180
    },{
      "dateTime" : "2015-10-01T00:38:00.000",
      "level" : "restless",
      "seconds" : 60
    },{
      "dateTime" : "2015-10-01T00:39:00.000",
      "level" : "asleep",
      "seconds" : 60
    },{
      "dateTime" : "2015-10-01T00:40:00.000",
      "level" : "restless",
      "seconds" : 60
    },{
      "dateTime" : "2015-10-01T00:41:00.000",
      "level" : "asleep",
      "seconds" : 540
    },{
      "dateTime" : "2015-10-01T00:50:00.000",
      "level" : "restless",
      "seconds" : 60
    },{
      "dateTime" : "2015-10-01T00:51:00.000",
      "level" : "asleep",
      "seconds" : 1020
    },{
      "dateTime" : "2015-10-01T01:08:00.000",
      "level" : "restless",
      "seconds" : 60
    },{
      "dateTime" : "2015-10-01T01:09:00.000",
      "level" : "asleep",
      "seconds" : 3420
    },{
      "dateTime" : "2015-10-01T02:06:00.000",
      "level" : "restless",
      "seconds" : 60
    },{
      "dateTime" : "2015-10-01T02:07:00.000",
      "level" : "asleep",
      "seconds" : 3540
    },{
      "dateTime" : "2015-10-01T03:06:00.000",
      "level" : "restless",
      "seconds" : 60
    },{
      "dateTime" : "2015-10-01T03:07:00.000",
      "level" : "asleep",
      "seconds" : 60
    },{
      "dateTime" : "2015-10-01T03:08:00.000",
      "level" : "restless",
      "seconds" : 120
    },{
      "dateTime" : "2015-10-01T03:10:00.000",
      "level" : "asleep",
      "seconds" : 1560
    },{
      "dateTime" : "2015-10-01T03:36:00.000",
      "level" : "restless",
      "seconds" : 120
    },{
      "dateTime" : "2015-10-01T03:38:00.000",
      "level" : "asleep",
      "seconds" : 540
    },{
      "dateTime" : "2015-10-01T03:47:00.000",
      "level" : "restless",
      "seconds" : 60
    },{
      "dateTime" : "2015-10-01T03:48:00.000",
      "level" : "asleep",
      "seconds" : 1860
    },{
      "dateTime" : "2015-10-01T04:19:00.000",
      "level" : "restless",
      "seconds" : 60
    },{
      "dateTime" : "2015-10-01T04:20:00.000",
      "level" : "asleep",
      "seconds" : 7740
    }]
  },
  "mainSleep" : true
},{
  "logId" : 1406793933,
  "dateOfSleep" : "2015-09-30",
  "startTime" : "2015-09-30T01:53:00.000",
  "endTime" : "2015-09-30T09:44:00.000",
  "duration" : 28260000,
  "minutesToFallAsleep" : 0,
  "minutesAsleep" : 439,
  "minutesAwake" : 28,
  "minutesAfterWakeup" : 4,
  "timeInBed" : 471,
  "efficiency" : 94,
  "type" : "classic",
  "infoCode" : 0,
  "logType" : "auto_detected",
  "levels" : {
    "summary" : {
      "restless" : {
        "count" : 12,
        "minutes" : 30
      },
      "awake" : {
        "count" : 2,
        "minutes" : 2
      },
      "asleep" : {
        "count" : 0,
        "minutes" : 439
      }
    },
    "data" : [{
      "dateTime" : "2015-09-30T01:53:00.000",
      "level" : "awake",
      "seconds" : 60
    },{
      "dateTime" : "2015-09-30T01:54:00.000",
      "level" : "restless",
      "seconds" : 60
    },{
      "dateTime" : "2015-09-30T01:55:00.000",
      "level" : "asleep",
      "seconds" : 1380
    },{
      "dateTime" : "2015-09-30T02:18:00.000",
      "level" : "restless",
      "seconds" : 180
    },{
      "dateTime" : "2015-09-30T02:21:00.000",
      "level" : "awake",
      "seconds" : 60
    },{
      "dateTime" : "2015-09-30T02:22:00.000",
      "level" : "restless",
      "seconds" : 60
    },{
      "dateTime" : "2015-09-30T02:23:00.000",
      "level" : "asleep",
      "seconds" : 660
    },{
      "dateTime" : "2015-09-30T02:34:00.000",
      "level" : "restless",
      "seconds" : 60
    },{
      "dateTime" : "2015-09-30T02:35:00.000",
      "level" : "asleep",
      "seconds" : 360
    },{
      "dateTime" : "2015-09-30T02:41:00.000",
      "level" : "restless",
      "seconds" : 120
    },{
      "dateTime" : "2015-09-30T02:43:00.000",
      "level" : "asleep",
      "seconds" : 60
    },{
      "dateTime" : "2015-09-30T02:44:00.000",
      "level" : "restless",
      "seconds" : 60
    },{
      "dateTime" : "2015-09-30T02:45:00.000",
      "level" : "asleep",
      "seconds" : 600
    },{
      "dateTime" : "2015-09-30T02:55:00.000",
      "level" : "restless",
      "seconds" : 480
    },{
      "dateTime" : "2015-09-30T03:03:00.000",
      "level" : "asleep",
      "seconds" : 720
    },{
      "dateTime" : "2015-09-30T03:15:00.000",
      "level" : "restless",
      "seconds" : 300
    },{
      "dateTime" : "2015-09-30T03:20:00.000",
      "level" : "asleep",
      "seconds" : 600
    },{
      "dateTime" : "2015-09-30T03:30:00.000",
      "level" : "restless",
      "seconds" : 60
    },{
      "dateTime" : "2015-09-30T03:31:00.000",
      "level" : "asleep",
      "seconds" : 12780
    },{
      "dateTime" : "2015-09-30T07:04:00.000",
      "level" : "restless",
      "seconds" : 60
    },{
      "dateTime" : "2015-09-30T07:05:00.000",
      "level" : "asleep",
      "seconds" : 900
    },{
      "dateTime" : "2015-09-30T07:20:00.000",
      "level" : "restless",
      "seconds" : 120
    },{
      "dateTime" : "2015-09-30T07:22:00.000",
      "level" : "asleep",
      "seconds" : 8280
    },{
      "dateTime" : "2015-09-30T09:40:00.000",
      "level" : "restless",
      "seconds" : 240
    }]
  },
  "mainSleep" : true
},{
  "logId" : 1402621072,
  "dateOfSleep" : "2015-09-29",
  "startTime" : "2015-09-29T02:06:00.000",
  "endTime" : "2015-09-29T10:09:30.000",
  "duration" : 28980000,
  "minutesToFallAsleep" : 0,
  "minutesAsleep" : 471,
  "minutesAwake" : 12,
  "minutesAfterWakeup" : 0,
  "timeInBed" : 483,
  "efficiency" : 98,
  "type" : "classic",
  "infoCode" : 0,
  "logType" : "auto_detected",
  "levels" : {
    "summary" : {
      "restless" : {
        "count" : 7,
        "minutes" : 8
      },
      "awake" : {
        "count" : 1,
        "minutes" : 4
      },
      "asleep" : {
        "count" : 0,
        "minutes" : 471
      }
    },
    "data" : [{
      "dateTime" : "2015-09-29T02:06:00.000",
      "level" : "asleep",
      "seconds" : 240
    },{
      "dateTime" : "2015-09-29T02:10:00.000",
      "level" : "restless",
      "seconds" : 120
    },{
      "dateTime" : "2015-09-29T02:12:00.000",
      "level" : "awake",
      "seconds" : 240
    },{
      "dateTime" : "2015-09-29T02:16:00.000",
      "level" : "restless",
      "seconds" : 60
    },{
      "dateTime" : "2015-09-29T02:17:00.000",
      "level" : "asleep",
      "seconds" : 3060
    },{
      "dateTime" : "2015-09-29T03:08:00.000",
      "level" : "restless",
      "seconds" : 60
    },{
      "dateTime" : "2015-09-29T03:09:00.000",
      "level" : "asleep",
      "seconds" : 2160
    },{
      "dateTime" : "2015-09-29T03:45:00.000",
      "level" : "restless",
      "seconds" : 60
    },{
      "dateTime" : "2015-09-29T03:46:00.000",
      "level" : "asleep",
      "seconds" : 120
    },{
      "dateTime" : "2015-09-29T03:48:00.000",
      "level" : "restless",
      "seconds" : 60
    },{
      "dateTime" : "2015-09-29T03:49:00.000",
      "level" : "asleep",
      "seconds" : 6840
    },{
      "dateTime" : "2015-09-29T05:43:00.000",
      "level" : "restless",
      "seconds" : 60
    },{
      "dateTime" : "2015-09-29T05:44:00.000",
      "level" : "asleep",
      "seconds" : 15300
    },{
      "dateTime" : "2015-09-29T09:59:00.000",
      "level" : "restless",
      "seconds" : 60
    },{
      "dateTime" : "2015-09-29T10:00:00.000",
      "level" : "asleep",
      "seconds" : 540
    }]
  },
  "mainSleep" : true
},{
  "logId" : 1398456179,
  "dateOfSleep" : "2015-09-28",
  "startTime" : "2015-09-28T01:45:00.000",
  "endTime" : "2015-09-28T09:48:00.000",
  "duration" : 28980000,
  "minutesToFallAsleep" : 0,
  "minutesAsleep" : 452,
  "minutesAwake" : 31,
  "minutesAfterWakeup" : 0,
  "timeInBed" : 483,
  "efficiency" : 94,
  "type" : "classic",
  "infoCode" : 0,
  "logType" : "auto_detected",
  "levels" : {
    "summary" : {
      "restless" : {
        "count" : 18,
        "minutes" : 31
      },
      "awake" : {
        "count" : 0,
        "minutes" : 0
      },
      "asleep" : {
        "count" : 0,
        "minutes" : 452
      }
    },
    "data" : [{
      "dateTime" : "2015-09-28T01:45:00.000",
      "level" : "restless",
      "seconds" : 60
    },{
      "dateTime" : "2015-09-28T01:46:00.000",
      "level" : "asleep",
      "seconds" : 540
    },{
      "dateTime" : "2015-09-28T01:55:00.000",
      "level" : "restless",
      "seconds" : 60
    },{
      "dateTime" : "2015-09-28T01:56:00.000",
      "level" : "asleep",
      "seconds" : 120
    },{
      "dateTime" : "2015-09-28T01:58:00.000",
      "level" : "restless",
      "seconds" : 120
    },{
      "dateTime" : "2015-09-28T02:00:00.000",
      "level" : "asleep",
      "seconds" : 8640
    },{
      "dateTime" : "2015-09-28T04:24:00.000",
      "level" : "restless",
      "seconds" : 60
    },{
      "dateTime" : "2015-09-28T04:25:00.000",
      "level" : "asleep",
      "seconds" : 1020
    },{
      "dateTime" : "2015-09-28T04:42:00.000",
      "level" : "restless",
      "seconds" : 60
    },{
      "dateTime" : "2015-09-28T04:43:00.000",
      "level" : "asleep",
      "seconds" : 1860
    },{
      "dateTime" : "2015-09-28T05:14:00.000",
      "level" : "restless",
      "seconds" : 60
    },{
      "dateTime" : "2015-09-28T05:15:00.000",
      "level" : "asleep",
      "seconds" : 2520
    },{
      "dateTime" : "2015-09-28T05:57:00.000",
      "level" : "restless",
      "seconds" : 60
    },{
      "dateTime" : "2015-09-28T05:58:00.000",
      "level" : "asleep",
      "seconds" : 1020
    },{
      "dateTime" : "2015-09-28T06:15:00.000",
      "level" : "restless",
      "seconds" : 60
    },{
      "dateTime" : "2015-09-28T06:16:00.000",
      "level" : "asleep",
      "seconds" : 660
    },{
      "dateTime" : "2015-09-28T06:27:00.000",
      "level" : "restless",
      "seconds" : 120
    },{
      "dateTime" : "2015-09-28T06:29:00.000",
      "level" : "asleep",
      "seconds" : 120
    },{
      "dateTime" : "2015-09-28T06:31:00.000",
      "level" : "restless",
      "seconds" : 60
    },{
      "dateTime" : "2015-09-28T06:32:00.000",
      "level" : "asleep",
      "seconds" : 1920
    },{
      "dateTime" : "2015-09-28T07:04:00.000",
      "level" : "restless",
      "seconds" : 60
    },{
      "dateTime" : "2015-09-28T07:05:00.000",
      "level" : "asleep",
      "seconds" : 3780
    },{
      "dateTime" : "2015-09-28T08:08:00.000",
      "level" : "restless",
      "seconds" : 60
    },{
      "dateTime" : "2015-09-28T08:09:00.000",
      "level" : "asleep",
      "seconds" : 1380
    },{
      "dateTime" : "2015-09-28T08:32:00.000",
      "level" : "restless",
      "seconds" : 60
    },{
      "dateTime" : "2015-09-28T08:33:00.000",
      "level" : "asleep",
      "seconds" : 2520
    },{
      "dateTime" : "2015-09-28T09:15:00.000",
      "level" : "restless",
      "seconds" : 360
    },{
      "dateTime" : "2015-09-28T09:21:00.000",
      "level" : "asleep",
      "seconds" : 540
    },{
      "dateTime" : "2015-09-28T09:30:00.000",
      "level" : "restless",
      "seconds" : 420
    },{
      "dateTime" : "2015-09-28T09:37:00.000",
      "level" : "asleep",
      "seconds" : 60
    },{
      "dateTime" : "2015-09-28T09:38:00.000",
      "level" : "restless",
      "seconds" : 60
    },{
      "dateTime" : "2015-09-28T09:39:00.000",
      "level" : "asleep",
      "seconds" : 60
    },{
      "dateTime" : "2015-09-28T09:40:00.000",
      "level" : "restless",
      "seconds" : 60
    },{
      "dateTime" : "2015-09-28T09:41:00.000",
      "level" : "asleep",
      "seconds" : 60
    },{
      "dateTime" : "2015-09-28T09:42:00.000",
      "level" : "restless",
      "seconds" : 60
    },{
      "dateTime" : "2015-09-28T09:43:00.000",
      "level" : "asleep",
      "seconds" : 300
    }]
  },
  "mainSleep" : true
},{
  "logId" : 1394860942,
  "dateOfSleep" : "2015-09-27",
  "startTime" : "2015-09-27T03:25:30.000",
  "endTime" : "2015-09-27T10:44:30.000",
  "duration" : 26340000,
  "minutesToFallAsleep" : 0,
  "minutesAsleep" : 430,
  "minutesAwake" : 6,
  "minutesAfterWakeup" : 3,
  "timeInBed" : 439,
  "efficiency" : 99,
  "type" : "classic",
  "infoCode" : 0,
  "logType" : "auto_detected",
  "levels" : {
    "summary" : {
      "restless" : {
        "count" : 4,
        "minutes" : 7
      },
      "awake" : {
        "count" : 1,
        "minutes" : 2
      },
      "asleep" : {
        "count" : 0,
        "minutes" : 430
      }
    },
    "data" : [{
      "dateTime" : "2015-09-27T03:25:30.000",
      "level" : "awake",
      "seconds" : 120
    },{
      "dateTime" : "2015-09-27T03:27:30.000",
      "level" : "asleep",
      "seconds" : 8760
    },{
      "dateTime" : "2015-09-27T05:53:30.000",
      "level" : "restless",
      "seconds" : 60
    },{
      "dateTime" : "2015-09-27T05:54:30.000",
      "level" : "asleep",
      "seconds" : 16860
    },{
      "dateTime" : "2015-09-27T10:35:30.000",
      "level" : "restless",
      "seconds" : 60
    },{
      "dateTime" : "2015-09-27T10:36:30.000",
      "level" : "asleep",
      "seconds" : 60
    },{
      "dateTime" : "2015-09-27T10:37:30.000",
      "level" : "restless",
      "seconds" : 120
    },{
      "dateTime" : "2015-09-27T10:39:30.000",
      "level" : "asleep",
      "seconds" : 120
    },{
      "dateTime" : "2015-09-27T10:41:30.000",
      "level" : "restless",
      "seconds" : 180
    }]
  },
  "mainSleep" : true
},{
  "logId" : 1394860940,
  "dateOfSleep" : "2015-09-26",
  "startTime" : "2015-09-26T01:19:00.000",
  "endTime" : "2015-09-26T09:28:30.000",
  "duration" : 29340000,
  "minutesToFallAsleep" : 0,
  "minutesAsleep" : 466,
  "minutesAwake" : 23,
  "minutesAfterWakeup" : 0,
  "timeInBed" : 489,
  "efficiency" : 95,
  "type" : "classic",
  "infoCode" : 0,
  "logType" : "auto_detected",
  "levels" : {
    "summary" : {
      "restless" : {
        "count" : 11,
        "minutes" : 22
      },
      "awake" : {
        "count" : 1,
        "minutes" : 1
      },
      "asleep" : {
        "count" : 0,
        "minutes" : 466
      }
    },
    "data" : [{
      "dateTime" : "2015-09-26T01:19:00.000",
      "level" : "asleep",
      "seconds" : 120
    },{
      "dateTime" : "2015-09-26T01:21:00.000",
      "level" : "restless",
      "seconds" : 240
    },{
      "dateTime" : "2015-09-26T01:25:00.000",
      "level" : "asleep",
      "seconds" : 60
    },{
      "dateTime" : "2015-09-26T01:26:00.000",
      "level" : "restless",
      "seconds" : 60
    },{
      "dateTime" : "2015-09-26T01:27:00.000",
      "level" : "asleep",
      "seconds" : 180
    },{
      "dateTime" : "2015-09-26T01:30:00.000",
      "level" : "restless",
      "seconds" : 120
    },{
      "dateTime" : "2015-09-26T01:32:00.000",
      "level" : "awake",
      "seconds" : 60
    },{
      "dateTime" : "2015-09-26T01:33:00.000",
      "level" : "asleep",
      "seconds" : 180
    },{
      "dateTime" : "2015-09-26T01:36:00.000",
      "level" : "restless",
      "seconds" : 60
    },{
      "dateTime" : "2015-09-26T01:37:00.000",
      "level" : "asleep",
      "seconds" : 120
    },{
      "dateTime" : "2015-09-26T01:39:00.000",
      "level" : "restless",
      "seconds" : 120
    },{
      "dateTime" : "2015-09-26T01:41:00.000",
      "level" : "asleep",
      "seconds" : 2100
    },{
      "dateTime" : "2015-09-26T02:16:00.000",
      "level" : "restless",
      "seconds" : 60
    },{
      "dateTime" : "2015-09-26T02:17:00.000",
      "level" : "asleep",
      "seconds" : 4500
    },{
      "dateTime" : "2015-09-26T03:32:00.000",
      "level" : "restless",
      "seconds" : 60
    },{
      "dateTime" : "2015-09-26T03:33:00.000",
      "level" : "asleep",
      "seconds" : 6780
    },{
      "dateTime" : "2015-09-26T05:26:00.000",
      "level" : "restless",
      "seconds" : 360
    },{
      "dateTime" : "2015-09-26T05:32:00.000",
      "level" : "asleep",
      "seconds" : 10260
    },{
      "dateTime" : "2015-09-26T08:23:00.000",
      "level" : "restless",
      "seconds" : 60
    },{
      "dateTime" : "2015-09-26T08:24:00.000",
      "level" : "asleep",
      "seconds" : 1140
    },{
      "dateTime" : "2015-09-26T08:43:00.000",
      "level" : "restless",
      "seconds" : 60
    },{
      "dateTime" : "2015-09-26T08:44:00.000",
      "level" : "asleep",
      "seconds" : 2340
    },{
      "dateTime" : "2015-09-26T09:23:00.000",
      "level" : "restless",
      "seconds" : 120
    },{
      "dateTime" : "2015-09-26T09:25:00.000",
      "level" : "asleep",
      "seconds" : 180
    }]
  },
  "mainSleep" : true
},{
  "logId" : 1394860939,
  "dateOfSleep" : "2015-09-25",
  "startTime" : "2015-09-25T01:58:30.000",
  "endTime" : "2015-09-25T09:07:30.000",
  "duration" : 25740000,
  "minutesToFallAsleep" : 0,
  "minutesAsleep" : 422,
  "minutesAwake" : 7,
  "minutesAfterWakeup" : 0,
  "timeInBed" : 429,
  "efficiency" : 98,
  "type" : "classic",
  "infoCode" : 0,
  "logType" : "auto_detected",
  "levels" : {
    "summary" : {
      "restless" : {
        "count" : 5,
        "minutes" : 7
      },
      "awake" : {
        "count" : 0,
        "minutes" : 0
      },
      "asleep" : {
        "count" : 0,
        "minutes" : 422
      }
    },
    "data" : [{
      "dateTime" : "2015-09-25T01:58:30.000",
      "level" : "asleep",
      "seconds" : 7920
    },{
      "dateTime" : "2015-09-25T04:10:30.000",
      "level" : "restless",
      "seconds" : 60
    },{
      "dateTime" : "2015-09-25T04:11:30.000",
      "level" : "asleep",
      "seconds" : 2940
    },{
      "dateTime" : "2015-09-25T05:00:30.000",
      "level" : "restless",
      "seconds" : 60
    },{
      "dateTime" : "2015-09-25T05:01:30.000",
      "level" : "asleep",
      "seconds" : 6900
    },{
      "dateTime" : "2015-09-25T06:56:30.000",
      "level" : "restless",
      "seconds" : 60
    },{
      "dateTime" : "2015-09-25T06:57:30.000",
      "level" : "asleep",
      "seconds" : 5460
    },{
      "dateTime" : "2015-09-25T08:28:30.000",
      "level" : "restless",
      "seconds" : 60
    },{
      "dateTime" : "2015-09-25T08:29:30.000",
      "level" : "asleep",
      "seconds" : 540
    },{
      "dateTime" : "2015-09-25T08:38:30.000",
      "level" : "restless",
      "seconds" : 180
    },{
      "dateTime" : "2015-09-25T08:41:30.000",
      "level" : "asleep",
      "seconds" : 1560
    }]
  },
  "mainSleep" : true
},{
  "logId" : 1394860938,
  "dateOfSleep" : "2015-09-24",
  "startTime" : "2015-09-24T00:24:00.000",
  "endTime" : "2015-09-24T10:14:30.000",
  "duration" : 35400000,
  "minutesToFallAsleep" : 0,
  "minutesAsleep" : 571,
  "minutesAwake" : 19,
  "minutesAfterWakeup" : 0,
  "timeInBed" : 590,
  "efficiency" : 97,
  "type" : "classic",
  "infoCode" : 0,
  "logType" : "auto_detected",
  "levels" : {
    "summary" : {
      "restless" : {
        "count" : 9,
        "minutes" : 17
      },
      "awake" : {
        "count" : 1,
        "minutes" : 2
      },
      "asleep" : {
        "count" : 0,
        "minutes" : 571
      }
    },
    "data" : [{
      "dateTime" : "2015-09-24T00:24:00.000",
      "level" : "asleep",
      "seconds" : 180
    },{
      "dateTime" : "2015-09-24T00:27:00.000",
      "level" : "restless",
      "seconds" : 60
    },{
      "dateTime" : "2015-09-24T00:28:00.000",
      "level" : "asleep",
      "seconds" : 4800
    },{
      "dateTime" : "2015-09-24T01:48:00.000",
      "level" : "restless",
      "seconds" : 180
    },{
      "dateTime" : "2015-09-24T01:51:00.000",
      "level" : "awake",
      "seconds" : 120
    },{
      "dateTime" : "2015-09-24T01:53:00.000",
      "level" : "restless",
      "seconds" : 60
    },{
      "dateTime" : "2015-09-24T01:54:00.000",
      "level" : "asleep",
      "seconds" : 2700
    },{
      "dateTime" : "2015-09-24T02:39:00.000",
      "level" : "restless",
      "seconds" : 60
    },{
      "dateTime" : "2015-09-24T02:40:00.000",
      "level" : "asleep",
      "seconds" : 6720
    },{
      "dateTime" : "2015-09-24T04:32:00.000",
      "level" : "restless",
      "seconds" : 60
    },{
      "dateTime" : "2015-09-24T04:33:00.000",
      "level" : "asleep",
      "seconds" : 1920
    },{
      "dateTime" : "2015-09-24T05:05:00.000",
      "level" : "restless",
      "seconds" : 300
    },{
      "dateTime" : "2015-09-24T05:10:00.000",
      "level" : "asleep",
      "seconds" : 3000
    },{
      "dateTime" : "2015-09-24T06:00:00.000",
      "level" : "restless",
      "seconds" : 120
    },{
      "dateTime" : "2015-09-24T06:02:00.000",
      "level" : "asleep",
      "seconds" : 12780
    },{
      "dateTime" : "2015-09-24T09:35:00.000",
      "level" : "restless",
      "seconds" : 120
    },{
      "dateTime" : "2015-09-24T09:37:00.000",
      "level" : "asleep",
      "seconds" : 900
    },{
      "dateTime" : "2015-09-24T09:52:00.000",
      "level" : "restless",
      "seconds" : 60
    },{
      "dateTime" : "2015-09-24T09:53:00.000",
      "level" : "asleep",
      "seconds" : 1260
    }]
  },
  "mainSleep" : true
},{
  "logId" : 1379579289,
  "dateOfSleep" : "2015-09-23",
  "startTime" : "2015-09-23T01:33:00.000",
  "endTime" : "2015-09-23T10:06:00.000",
  "duration" : 30780000,
  "minutesToFallAsleep" : 0,
  "minutesAsleep" : 501,
  "minutesAwake" : 12,
  "minutesAfterWakeup" : 0,
  "timeInBed" : 513,
  "efficiency" : 98,
  "type" : "classic",
  "infoCode" : 0,
  "logType" : "auto_detected",
  "levels" : {
    "summary" : {
      "restless" : {
        "count" : 11,
        "minutes" : 11
      },
      "awake" : {
        "count" : 1,
        "minutes" : 1
      },
      "asleep" : {
        "count" : 0,
        "minutes" : 501
      }
    },
    "data" : [{
      "dateTime" : "2015-09-23T01:33:00.000",
      "level" : "awake",
      "seconds" : 60
    },{
      "dateTime" : "2015-09-23T01:34:00.000",
      "level" : "restless",
      "seconds" : 60
    },{
      "dateTime" : "2015-09-23T01:35:00.000",
      "level" : "asleep",
      "seconds" : 4980
    },{
      "dateTime" : "2015-09-23T02:58:00.000",
      "level" : "restless",
      "seconds" : 60
    },{
      "dateTime" : "2015-09-23T02:59:00.000",
      "level" : "asleep",
      "seconds" : 120
    },{
      "dateTime" : "2015-09-23T03:01:00.000",
      "level" : "restless",
      "seconds" : 60
    },{
      "dateTime" : "2015-09-23T03:02:00.000",
      "level" : "asleep",
      "seconds" : 3720
    },{
      "dateTime" : "2015-09-23T04:04:00.000",
      "level" : "restless",
      "seconds" : 60
    },{
      "dateTime" : "2015-09-23T04:05:00.000",
      "level" : "asleep",
      "seconds" : 3240
    },{
      "dateTime" : "2015-09-23T04:59:00.000",
      "level" : "restless",
      "seconds" : 60
    },{
      "dateTime" : "2015-09-23T05:00:00.000",
      "level" : "asleep",
      "seconds" : 5580
    },{
      "dateTime" : "2015-09-23T06:33:00.000",
      "level" : "restless",
      "seconds" : 60
    },{
      "dateTime" : "2015-09-23T06:34:00.000",
      "level" : "asleep",
      "seconds" : 4920
    },{
      "dateTime" : "2015-09-23T07:56:00.000",
      "level" : "restless",
      "seconds" : 60
    },{
      "dateTime" : "2015-09-23T07:57:00.000",
      "level" : "asleep",
      "seconds" : 1920
    },{
      "dateTime" : "2015-09-23T08:29:00.000",
      "level" : "restless",
      "seconds" : 60
    },{
      "dateTime" : "2015-09-23T08:30:00.000",
      "level" : "asleep",
      "seconds" : 60
    },{
      "dateTime" : "2015-09-23T08:31:00.000",
      "level" : "restless",
      "seconds" : 60
    },{
      "dateTime" : "2015-09-23T08:32:00.000",
      "level" : "asleep",
      "seconds" : 3780
    },{
      "dateTime" : "2015-09-23T09:35:00.000",
      "level" : "restless",
      "seconds" : 60
    },{
      "dateTime" : "2015-09-23T09:36:00.000",
      "level" : "asleep",
      "seconds" : 120
    },{
      "dateTime" : "2015-09-23T09:38:00.000",
      "level" : "restless",
      "seconds" : 60
    },{
      "dateTime" : "2015-09-23T09:39:00.000",
      "level" : "asleep",
      "seconds" : 1620
    }]
  },
  "mainSleep" : true
},{
  "logId" : 1375486614,
  "dateOfSleep" : "2015-09-22",
  "startTime" : "2015-09-22T01:00:00.000",
  "endTime" : "2015-09-22T08:42:00.000",
  "duration" : 27720000,
  "minutesToFallAsleep" : 0,
  "minutesAsleep" : 445,
  "minutesAwake" : 17,
  "minutesAfterWakeup" : 0,
  "timeInBed" : 462,
  "efficiency" : 96,
  "type" : "classic",
  "infoCode" : 0,
  "logType" : "auto_detected",
  "levels" : {
    "summary" : {
      "restless" : {
        "count" : 11,
        "minutes" : 16
      },
      "awake" : {
        "count" : 1,
        "minutes" : 1
      },
      "asleep" : {
        "count" : 0,
        "minutes" : 445
      }
    },
    "data" : [{
      "dateTime" : "2015-09-22T01:00:00.000",
      "level" : "awake",
      "seconds" : 60
    },{
      "dateTime" : "2015-09-22T01:01:00.000",
      "level" : "restless",
      "seconds" : 120
    },{
      "dateTime" : "2015-09-22T01:03:00.000",
      "level" : "asleep",
      "seconds" : 300
    },{
      "dateTime" : "2015-09-22T01:08:00.000",
      "level" : "restless",
      "seconds" : 180
    },{
      "dateTime" : "2015-09-22T01:11:00.000",
      "level" : "asleep",
      "seconds" : 60
    },{
      "dateTime" : "2015-09-22T01:12:00.000",
      "level" : "restless",
      "seconds" : 60
    },{
      "dateTime" : "2015-09-22T01:13:00.000",
      "level" : "asleep",
      "seconds" : 300
    },{
      "dateTime" : "2015-09-22T01:18:00.000",
      "level" : "restless",
      "seconds" : 60
    },{
      "dateTime" : "2015-09-22T01:19:00.000",
      "level" : "asleep",
      "seconds" : 3540
    },{
      "dateTime" : "2015-09-22T02:18:00.000",
      "level" : "restless",
      "seconds" : 60
    },{
      "dateTime" : "2015-09-22T02:19:00.000",
      "level" : "asleep",
      "seconds" : 3600
    },{
      "dateTime" : "2015-09-22T03:19:00.000",
      "level" : "restless",
      "seconds" : 120
    },{
      "dateTime" : "2015-09-22T03:21:00.000",
      "level" : "asleep",
      "seconds" : 4020
    },{
      "dateTime" : "2015-09-22T04:28:00.000",
      "level" : "restless",
      "seconds" : 60
    },{
      "dateTime" : "2015-09-22T04:29:00.000",
      "level" : "asleep",
      "seconds" : 8700
    },{
      "dateTime" : "2015-09-22T06:54:00.000",
      "level" : "restless",
      "seconds" : 60
    },{
      "dateTime" : "2015-09-22T06:55:00.000",
      "level" : "asleep",
      "seconds" : 480
    },{
      "dateTime" : "2015-09-22T07:03:00.000",
      "level" : "restless",
      "seconds" : 60
    },{
      "dateTime" : "2015-09-22T07:04:00.000",
      "level" : "asleep",
      "seconds" : 60
    },{
      "dateTime" : "2015-09-22T07:05:00.000",
      "level" : "restless",
      "seconds" : 120
    },{
      "dateTime" : "2015-09-22T07:07:00.000",
      "level" : "asleep",
      "seconds" : 5520
    },{
      "dateTime" : "2015-09-22T08:39:00.000",
      "level" : "restless",
      "seconds" : 60
    },{
      "dateTime" : "2015-09-22T08:40:00.000",
      "level" : "asleep",
      "seconds" : 120
    }]
  },
  "mainSleep" : true
},{
  "logId" : 1371272178,
  "dateOfSleep" : "2015-09-21",
  "startTime" : "2015-09-21T02:11:00.000",
  "endTime" : "2015-09-21T07:18:30.000",
  "duration" : 18420000,
  "minutesToFallAsleep" : 0,
  "minutesAsleep" : 302,
  "minutesAwake" : 5,
  "minutesAfterWakeup" : 0,
  "timeInBed" : 307,
  "efficiency" : 98,
  "type" : "classic",
  "infoCode" : 0,
  "logType" : "auto_detected",
  "levels" : {
    "summary" : {
      "restless" : {
        "count" : 1,
        "minutes" : 1
      },
      "awake" : {
        "count" : 1,
        "minutes" : 4
      },
      "asleep" : {
        "count" : 0,
        "minutes" : 302
      }
    },
    "data" : [{
      "dateTime" : "2015-09-21T02:11:00.000",
      "level" : "awake",
      "seconds" : 240
    },{
      "dateTime" : "2015-09-21T02:15:00.000",
      "level" : "restless",
      "seconds" : 60
    },{
      "dateTime" : "2015-09-21T02:16:00.000",
      "level" : "asleep",
      "seconds" : 18120
    }]
  },
  "mainSleep" : true
},{
  "logId" : 1368376953,
  "dateOfSleep" : "2015-09-20",
  "startTime" : "2015-09-20T02:40:30.000",
  "endTime" : "2015-09-20T09:31:30.000",
  "duration" : 24660000,
  "minutesToFallAsleep" : 0,
  "minutesAsleep" : 402,
  "minutesAwake" : 9,
  "minutesAfterWakeup" : 0,
  "timeInBed" : 411,
  "efficiency" : 98,
  "type" : "classic",
  "infoCode" : 0,
  "logType" : "auto_detected",
  "levels" : {
    "summary" : {
      "restless" : {
        "count" : 4,
        "minutes" : 9
      },
      "awake" : {
        "count" : 0,
        "minutes" : 0
      },
      "asleep" : {
        "count" : 0,
        "minutes" : 402
      }
    },
    "data" : [{
      "dateTime" : "2015-09-20T02:40:30.000",
      "level" : "restless",
      "seconds" : 120
    },{
      "dateTime" : "2015-09-20T02:42:30.000",
      "level" : "asleep",
      "seconds" : 420
    },{
      "dateTime" : "2015-09-20T02:49:30.000",
      "level" : "restless",
      "seconds" : 120
    },{
      "dateTime" : "2015-09-20T02:51:30.000",
      "level" : "asleep",
      "seconds" : 17100
    },{
      "dateTime" : "2015-09-20T07:36:30.000",
      "level" : "restless",
      "seconds" : 240
    },{
      "dateTime" : "2015-09-20T07:40:30.000",
      "level" : "asleep",
      "seconds" : 4320
    },{
      "dateTime" : "2015-09-20T08:52:30.000",
      "level" : "restless",
      "seconds" : 60
    },{
      "dateTime" : "2015-09-20T08:53:30.000",
      "level" : "asleep",
      "seconds" : 2280
    }]
  },
  "mainSleep" : true
},{
  "logId" : 1364111141,
  "dateOfSleep" : "2015-09-19",
  "startTime" : "2015-09-19T00:13:00.000",
  "endTime" : "2015-09-19T07:38:30.000",
  "duration" : 26700000,
  "minutesToFallAsleep" : 0,
  "minutesAsleep" : 429,
  "minutesAwake" : 16,
  "minutesAfterWakeup" : 0,
  "timeInBed" : 445,
  "efficiency" : 96,
  "type" : "classic",
  "infoCode" : 0,
  "logType" : "auto_detected",
  "levels" : {
    "summary" : {
      "restless" : {
        "count" : 12,
        "minutes" : 16
      },
      "awake" : {
        "count" : 0,
        "minutes" : 0
      },
      "asleep" : {
        "count" : 0,
        "minutes" : 429
      }
    },
    "data" : [{
      "dateTime" : "2015-09-19T00:13:00.000",
      "level" : "asleep",
      "seconds" : 720
    },{
      "dateTime" : "2015-09-19T00:25:00.000",
      "level" : "restless",
      "seconds" : 60
    },{
      "dateTime" : "2015-09-19T00:26:00.000",
      "level" : "asleep",
      "seconds" : 900
    },{
      "dateTime" : "2015-09-19T00:41:00.000",
      "level" : "restless",
      "seconds" : 120
    },{
      "dateTime" : "2015-09-19T00:43:00.000",
      "level" : "asleep",
      "seconds" : 180
    },{
      "dateTime" : "2015-09-19T00:46:00.000",
      "level" : "restless",
      "seconds" : 60
    },{
      "dateTime" : "2015-09-19T00:47:00.000",
      "level" : "asleep",
      "seconds" : 60
    },{
      "dateTime" : "2015-09-19T00:48:00.000",
      "level" : "restless",
      "seconds" : 120
    },{
      "dateTime" : "2015-09-19T00:50:00.000",
      "level" : "asleep",
      "seconds" : 360
    },{
      "dateTime" : "2015-09-19T00:56:00.000",
      "level" : "restless",
      "seconds" : 60
    },{
      "dateTime" : "2015-09-19T00:57:00.000",
      "level" : "asleep",
      "seconds" : 6900
    },{
      "dateTime" : "2015-09-19T02:52:00.000",
      "level" : "restless",
      "seconds" : 60
    },{
      "dateTime" : "2015-09-19T02:53:00.000",
      "level" : "asleep",
      "seconds" : 5880
    },{
      "dateTime" : "2015-09-19T04:31:00.000",
      "level" : "restless",
      "seconds" : 120
    },{
      "dateTime" : "2015-09-19T04:33:00.000",
      "level" : "asleep",
      "seconds" : 5340
    },{
      "dateTime" : "2015-09-19T06:02:00.000",
      "level" : "restless",
      "seconds" : 60
    },{
      "dateTime" : "2015-09-19T06:03:00.000",
      "level" : "asleep",
      "seconds" : 1620
    },{
      "dateTime" : "2015-09-19T06:30:00.000",
      "level" : "restless",
      "seconds" : 60
    },{
      "dateTime" : "2015-09-19T06:31:00.000",
      "level" : "asleep",
      "seconds" : 960
    },{
      "dateTime" : "2015-09-19T06:47:00.000",
      "level" : "restless",
      "seconds" : 120
    },{
      "dateTime" : "2015-09-19T06:49:00.000",
      "level" : "asleep",
      "seconds" : 600
    },{
      "dateTime" : "2015-09-19T06:59:00.000",
      "level" : "restless",
      "seconds" : 60
    },{
      "dateTime" : "2015-09-19T07:00:00.000",
      "level" : "asleep",
      "seconds" : 1380
    },{
      "dateTime" : "2015-09-19T07:23:00.000",
      "level" : "restless",
      "seconds" : 60
    },{
      "dateTime" : "2015-09-19T07:24:00.000",
      "level" : "asleep",
      "seconds" : 840
    }]
  },
  "mainSleep" : true
},{
  "logId" : 1360899862,
  "dateOfSleep" : "2015-09-18",
  "startTime" : "2015-09-18T01:09:00.000",
  "endTime" : "2015-09-18T08:24:30.000",
  "duration" : 26100000,
  "minutesToFallAsleep" : 0,
  "minutesAsleep" : 422,
  "minutesAwake" : 13,
  "minutesAfterWakeup" : 0,
  "timeInBed" : 435,
  "efficiency" : 97,
  "type" : "classic",
  "infoCode" : 0,
  "logType" : "auto_detected",
  "levels" : {
    "summary" : {
      "restless" : {
        "count" : 5,
        "minutes" : 7
      },
      "awake" : {
        "count" : 1,
        "minutes" : 6
      },
      "asleep" : {
        "count" : 0,
        "minutes" : 422
      }
    },
    "data" : [{
      "dateTime" : "2015-09-18T01:09:00.000",
      "level" : "awake",
      "seconds" : 360
    },{
      "dateTime" : "2015-09-18T01:15:00.000",
      "level" : "asleep",
      "seconds" : 3420
    },{
      "dateTime" : "2015-09-18T02:12:00.000",
      "level" : "restless",
      "seconds" : 60
    },{
      "dateTime" : "2015-09-18T02:13:00.000",
      "level" : "asleep",
      "seconds" : 14160
    },{
      "dateTime" : "2015-09-18T06:09:00.000",
      "level" : "restless",
      "seconds" : 60
    },{
      "dateTime" : "2015-09-18T06:10:00.000",
      "level" : "asleep",
      "seconds" : 4980
    },{
      "dateTime" : "2015-09-18T07:33:00.000",
      "level" : "restless",
      "seconds" : 60
    },{
      "dateTime" : "2015-09-18T07:34:00.000",
      "level" : "asleep",
      "seconds" : 1260
    },{
      "dateTime" : "2015-09-18T07:55:00.000",
      "level" : "restless",
      "seconds" : 120
    },{
      "dateTime" : "2015-09-18T07:57:00.000",
      "level" : "asleep",
      "seconds" : 1440
    },{
      "dateTime" : "2015-09-18T08:21:00.000",
      "level" : "restless",
      "seconds" : 120
    },{
      "dateTime" : "2015-09-18T08:23:00.000",
      "level" : "asleep",
      "seconds" : 60
    }]
  },
  "mainSleep" : true
},{
  "logId" : 1356523096,
  "dateOfSleep" : "2015-09-17",
  "startTime" : "2015-09-16T23:39:00.000",
  "endTime" : "2015-09-17T07:08:30.000",
  "duration" : 26940000,
  "minutesToFallAsleep" : 0,
  "minutesAsleep" : 431,
  "minutesAwake" : 15,
  "minutesAfterWakeup" : 0,
  "timeInBed" : 449,
  "efficiency" : 97,
  "type" : "classic",
  "infoCode" : 0,
  "logType" : "auto_detected",
  "levels" : {
    "summary" : {
      "restless" : {
        "count" : 4,
        "minutes" : 16
      },
      "awake" : {
        "count" : 1,
        "minutes" : 1
      },
      "asleep" : {
        "count" : 0,
        "minutes" : 431
      }
    },
    "data" : [{
      "dateTime" : "2015-09-16T23:39:00.000",
      "level" : "awake",
      "seconds" : 60
    },{
      "dateTime" : "2015-09-16T23:40:00.000",
      "level" : "restless",
      "seconds" : 60
    },{
      "dateTime" : "2015-09-16T23:41:00.000",
      "level" : "asleep",
      "seconds" : 25260
    },{
      "dateTime" : "2015-09-17T06:42:00.000",
      "level" : "restless",
      "seconds" : 60
    },{
      "dateTime" : "2015-09-17T06:43:00.000",
      "level" : "asleep",
      "seconds" : 480
    },{
      "dateTime" : "2015-09-17T06:51:00.000",
      "level" : "restless",
      "seconds" : 60
    },{
      "dateTime" : "2015-09-17T06:52:00.000",
      "level" : "asleep",
      "seconds" : 120
    },{
      "dateTime" : "2015-09-17T06:54:00.000",
      "level" : "restless",
      "seconds" : 780
    },{
      "dateTime" : "2015-09-17T07:07:00.000",
      "level" : "asleep",
      "seconds" : 60
    }]
  },
  "mainSleep" : true
},{
  "logId" : 1353090704,
  "dateOfSleep" : "2015-09-16",
  "startTime" : "2015-09-15T23:40:00.000",
  "endTime" : "2015-09-16T08:17:30.000",
  "duration" : 31020000,
  "minutesToFallAsleep" : 0,
  "minutesAsleep" : 478,
  "minutesAwake" : 29,
  "minutesAfterWakeup" : 1,
  "timeInBed" : 517,
  "efficiency" : 94,
  "type" : "classic",
  "infoCode" : 0,
  "logType" : "auto_detected",
  "levels" : {
    "summary" : {
      "restless" : {
        "count" : 15,
        "minutes" : 33
      },
      "awake" : {
        "count" : 0,
        "minutes" : 0
      },
      "asleep" : {
        "count" : 0,
        "minutes" : 478
      }
    },
    "data" : [{
      "dateTime" : "2015-09-15T23:40:00.000",
      "level" : "restless",
      "seconds" : 180
    },{
      "dateTime" : "2015-09-15T23:43:00.000",
      "level" : "asleep",
      "seconds" : 1860
    },{
      "dateTime" : "2015-09-16T00:14:00.000",
      "level" : "restless",
      "seconds" : 60
    },{
      "dateTime" : "2015-09-16T00:15:00.000",
      "level" : "asleep",
      "seconds" : 11160
    },{
      "dateTime" : "2015-09-16T03:21:00.000",
      "level" : "restless",
      "seconds" : 60
    },{
      "dateTime" : "2015-09-16T03:22:00.000",
      "level" : "asleep",
      "seconds" : 360
    },{
      "dateTime" : "2015-09-16T03:28:00.000",
      "level" : "restless",
      "seconds" : 120
    },{
      "dateTime" : "2015-09-16T03:30:00.000",
      "level" : "asleep",
      "seconds" : 240
    },{
      "dateTime" : "2015-09-16T03:34:00.000",
      "level" : "restless",
      "seconds" : 60
    },{
      "dateTime" : "2015-09-16T03:35:00.000",
      "level" : "asleep",
      "seconds" : 120
    },{
      "dateTime" : "2015-09-16T03:37:00.000",
      "level" : "restless",
      "seconds" : 60
    },{
      "dateTime" : "2015-09-16T03:38:00.000",
      "level" : "asleep",
      "seconds" : 60
    },{
      "dateTime" : "2015-09-16T03:39:00.000",
      "level" : "restless",
      "seconds" : 120
    },{
      "dateTime" : "2015-09-16T03:41:00.000",
      "level" : "asleep",
      "seconds" : 660
    },{
      "dateTime" : "2015-09-16T03:52:00.000",
      "level" : "restless",
      "seconds" : 120
    },{
      "dateTime" : "2015-09-16T03:54:00.000",
      "level" : "asleep",
      "seconds" : 1140
    },{
      "dateTime" : "2015-09-16T04:13:00.000",
      "level" : "restless",
      "seconds" : 120
    },{
      "dateTime" : "2015-09-16T04:15:00.000",
      "level" : "asleep",
      "seconds" : 960
    },{
      "dateTime" : "2015-09-16T04:31:00.000",
      "level" : "restless",
      "seconds" : 240
    },{
      "dateTime" : "2015-09-16T04:35:00.000",
      "level" : "asleep",
      "seconds" : 1380
    },{
      "dateTime" : "2015-09-16T04:58:00.000",
      "level" : "restless",
      "seconds" : 480
    },{
      "dateTime" : "2015-09-16T05:06:00.000",
      "level" : "asleep",
      "seconds" : 480
    },{
      "dateTime" : "2015-09-16T05:14:00.000",
      "level" : "restless",
      "seconds" : 60
    },{
      "dateTime" : "2015-09-16T05:15:00.000",
      "level" : "asleep",
      "seconds" : 60
    },{
      "dateTime" : "2015-09-16T05:16:00.000",
      "level" : "restless",
      "seconds" : 120
    },{
      "dateTime" : "2015-09-16T05:18:00.000",
      "level" : "asleep",
      "seconds" : 240
    },{
      "dateTime" : "2015-09-16T05:22:00.000",
      "level" : "restless",
      "seconds" : 120
    },{
      "dateTime" : "2015-09-16T05:24:00.000",
      "level" : "asleep",
      "seconds" : 10320
    },{
      "dateTime" : "2015-09-16T08:16:00.000",
      "level" : "restless",
      "seconds" : 60
    }]
  },
  "mainSleep" : true
},{
  "logId" : 1349042891,
  "dateOfSleep" : "2015-09-15",
  "startTime" : "2015-09-14T23:30:00.000",
  "endTime" : "2015-09-15T07:49:00.000",
  "duration" : 29940000,
  "minutesToFallAsleep" : 0,
  "minutesAsleep" : 455,
  "minutesAwake" : 11,
  "minutesAfterWakeup" : 0,
  "timeInBed" : 499,
  "efficiency" : 98,
  "type" : "classic",
  "infoCode" : 0,
  "logType" : "auto_detected",
  "levels" : {
    "summary" : {
      "restless" : {
        "count" : 10,
        "minutes" : 21
      },
      "awake" : {
        "count" : 0,
        "minutes" : 0
      },
      "asleep" : {
        "count" : 0,
        "minutes" : 455
      }
    },
    "data" : [{
      "dateTime" : "2015-09-14T23:30:00.000",
      "level" : "asleep",
      "seconds" : 120
    },{
      "dateTime" : "2015-09-14T23:32:00.000",
      "level" : "restless",
      "seconds" : 60
    },{
      "dateTime" : "2015-09-14T23:33:00.000",
      "level" : "asleep",
      "seconds" : 60
    },{
      "dateTime" : "2015-09-14T23:34:00.000",
      "level" : "restless",
      "seconds" : 180
    },{
      "dateTime" : "2015-09-14T23:37:00.000",
      "level" : "asleep",
      "seconds" : 720
    },{
      "dateTime" : "2015-09-14T23:49:00.000",
      "level" : "restless",
      "seconds" : 120
    },{
      "dateTime" : "2015-09-14T23:51:00.000",
      "level" : "asleep",
      "seconds" : 300
    },{
      "dateTime" : "2015-09-14T23:56:00.000",
      "level" : "restless",
      "seconds" : 120
    },{
      "dateTime" : "2015-09-14T23:58:00.000",
      "level" : "asleep",
      "seconds" : 60
    },{
      "dateTime" : "2015-09-14T23:59:00.000",
      "level" : "restless",
      "seconds" : 120
    },{
      "dateTime" : "2015-09-15T00:01:00.000",
      "level" : "asleep",
      "seconds" : 6240
    },{
      "dateTime" : "2015-09-15T01:45:00.000",
      "level" : "restless",
      "seconds" : 60
    },{
      "dateTime" : "2015-09-15T01:46:00.000",
      "level" : "asleep",
      "seconds" : 10140
    },{
      "dateTime" : "2015-09-15T04:35:00.000",
      "level" : "restless",
      "seconds" : 60
    },{
      "dateTime" : "2015-09-15T04:36:00.000",
      "level" : "asleep",
      "seconds" : 9660
    },{
      "dateTime" : "2015-09-15T07:17:00.000",
      "level" : "restless",
      "seconds" : 120
    },{
      "dateTime" : "2015-09-15T07:19:00.000",
      "level" : "asleep",
      "seconds" : 600
    },{
      "dateTime" : "2015-09-15T07:29:00.000",
      "level" : "restless",
      "seconds" : 240
    },{
      "dateTime" : "2015-09-15T07:33:00.000",
      "level" : "asleep",
      "seconds" : 360
    },{
      "dateTime" : "2015-09-15T07:39:00.000",
      "level" : "restless",
      "seconds" : 180
    },{
      "dateTime" : "2015-09-15T07:42:00.000",
      "level" : "asleep",
      "seconds" : 420
    }]
  },
  "mainSleep" : true
},{
  "logId" : 1344584391,
  "dateOfSleep" : "2015-09-14",
  "startTime" : "2015-09-13T23:43:00.000",
  "endTime" : "2015-09-14T07:38:30.000",
  "duration" : 28500000,
  "minutesToFallAsleep" : 0,
  "minutesAsleep" : 449,
  "minutesAwake" : 19,
  "minutesAfterWakeup" : 0,
  "timeInBed" : 475,
  "efficiency" : 96,
  "type" : "classic",
  "infoCode" : 0,
  "logType" : "auto_detected",
  "levels" : {
    "summary" : {
      "restless" : {
        "count" : 9,
        "minutes" : 21
      },
      "awake" : {
        "count" : 2,
        "minutes" : 3
      },
      "asleep" : {
        "count" : 0,
        "minutes" : 449
      }
    },
    "data" : [{
      "dateTime" : "2015-09-13T23:43:00.000",
      "level" : "restless",
      "seconds" : 180
    },{
      "dateTime" : "2015-09-13T23:46:00.000",
      "level" : "awake",
      "seconds" : 120
    },{
      "dateTime" : "2015-09-13T23:48:00.000",
      "level" : "asleep",
      "seconds" : 780
    },{
      "dateTime" : "2015-09-14T00:01:00.000",
      "level" : "restless",
      "seconds" : 180
    },{
      "dateTime" : "2015-09-14T00:04:00.000",
      "level" : "awake",
      "seconds" : 60
    },{
      "dateTime" : "2015-09-14T00:05:00.000",
      "level" : "restless",
      "seconds" : 240
    },{
      "dateTime" : "2015-09-14T00:09:00.000",
      "level" : "asleep",
      "seconds" : 780
    },{
      "dateTime" : "2015-09-14T00:22:00.000",
      "level" : "restless",
      "seconds" : 60
    },{
      "dateTime" : "2015-09-14T00:23:00.000",
      "level" : "asleep",
      "seconds" : 300
    },{
      "dateTime" : "2015-09-14T00:28:00.000",
      "level" : "restless",
      "seconds" : 300
    },{
      "dateTime" : "2015-09-14T00:33:00.000",
      "level" : "asleep",
      "seconds" : 660
    },{
      "dateTime" : "2015-09-14T00:44:00.000",
      "level" : "restless",
      "seconds" : 60
    },{
      "dateTime" : "2015-09-14T00:45:00.000",
      "level" : "asleep",
      "seconds" : 540
    },{
      "dateTime" : "2015-09-14T00:54:00.000",
      "level" : "restless",
      "seconds" : 120
    },{
      "dateTime" : "2015-09-14T00:56:00.000",
      "level" : "asleep",
      "seconds" : 5220
    },{
      "dateTime" : "2015-09-14T02:23:00.000",
      "level" : "restless",
      "seconds" : 60
    },{
      "dateTime" : "2015-09-14T02:24:00.000",
      "level" : "asleep",
      "seconds" : 1920
    },{
      "dateTime" : "2015-09-14T02:56:00.000",
      "level" : "restless",
      "seconds" : 60
    },{
      "dateTime" : "2015-09-14T02:57:00.000",
      "level" : "asleep",
      "seconds" : 16860
    }]
  },
  "mainSleep" : true
},{
  "logId" : 1341129998,
  "dateOfSleep" : "2015-09-13",
  "startTime" : "2015-09-13T01:36:00.000",
  "endTime" : "2015-09-13T09:19:30.000",
  "duration" : 27780000,
  "minutesToFallAsleep" : 0,
  "minutesAsleep" : 447,
  "minutesAwake" : 11,
  "minutesAfterWakeup" : 0,
  "timeInBed" : 463,
  "efficiency" : 98,
  "type" : "classic",
  "infoCode" : 0,
  "logType" : "auto_detected",
  "levels" : {
    "summary" : {
      "restless" : {
        "count" : 8,
        "minutes" : 12
      },
      "awake" : {
        "count" : 3,
        "minutes" : 4
      },
      "asleep" : {
        "count" : 0,
        "minutes" : 447
      }
    },
    "data" : [{
      "dateTime" : "2015-09-13T01:36:00.000",
      "level" : "awake",
      "seconds" : 60
    },{
      "dateTime" : "2015-09-13T01:37:00.000",
      "level" : "restless",
      "seconds" : 60
    },{
      "dateTime" : "2015-09-13T01:38:00.000",
      "level" : "awake",
      "seconds" : 120
    },{
      "dateTime" : "2015-09-13T01:40:00.000",
      "level" : "restless",
      "seconds" : 60
    },{
      "dateTime" : "2015-09-13T01:41:00.000",
      "level" : "asleep",
      "seconds" : 5220
    },{
      "dateTime" : "2015-09-13T03:08:00.000",
      "level" : "restless",
      "seconds" : 60
    },{
      "dateTime" : "2015-09-13T03:09:00.000",
      "level" : "asleep",
      "seconds" : 5100
    },{
      "dateTime" : "2015-09-13T04:34:00.000",
      "level" : "restless",
      "seconds" : 60
    },{
      "dateTime" : "2015-09-13T04:35:00.000",
      "level" : "asleep",
      "seconds" : 12660
    },{
      "dateTime" : "2015-09-13T08:06:00.000",
      "level" : "restless",
      "seconds" : 120
    },{
      "dateTime" : "2015-09-13T08:08:00.000",
      "level" : "asleep",
      "seconds" : 60
    },{
      "dateTime" : "2015-09-13T08:09:00.000",
      "level" : "restless",
      "seconds" : 60
    },{
      "dateTime" : "2015-09-13T08:10:00.000",
      "level" : "asleep",
      "seconds" : 3480
    },{
      "dateTime" : "2015-09-13T09:08:00.000",
      "level" : "restless",
      "seconds" : 180
    },{
      "dateTime" : "2015-09-13T09:11:00.000",
      "level" : "awake",
      "seconds" : 60
    },{
      "dateTime" : "2015-09-13T09:12:00.000",
      "level" : "restless",
      "seconds" : 120
    },{
      "dateTime" : "2015-09-13T09:14:00.000",
      "level" : "asleep",
      "seconds" : 300
    }]
  },
  "mainSleep" : true
},{
  "logId" : 1337482426,
  "dateOfSleep" : "2015-09-12",
  "startTime" : "2015-09-11T23:44:00.000",
  "endTime" : "2015-09-12T08:20:00.000",
  "duration" : 30960000,
  "minutesToFallAsleep" : 0,
  "minutesAsleep" : 493,
  "minutesAwake" : 14,
  "minutesAfterWakeup" : 0,
  "timeInBed" : 516,
  "efficiency" : 97,
  "type" : "classic",
  "infoCode" : 0,
  "logType" : "auto_detected",
  "levels" : {
    "summary" : {
      "restless" : {
        "count" : 11,
        "minutes" : 14
      },
      "awake" : {
        "count" : 1,
        "minutes" : 3
      },
      "asleep" : {
        "count" : 0,
        "minutes" : 493
      }
    },
    "data" : [{
      "dateTime" : "2015-09-11T23:44:00.000",
      "level" : "restless",
      "seconds" : 180
    },{
      "dateTime" : "2015-09-11T23:47:00.000",
      "level" : "asleep",
      "seconds" : 1380
    },{
      "dateTime" : "2015-09-12T00:10:00.000",
      "level" : "restless",
      "seconds" : 60
    },{
      "dateTime" : "2015-09-12T00:11:00.000",
      "level" : "asleep",
      "seconds" : 720
    },{
      "dateTime" : "2015-09-12T00:23:00.000",
      "level" : "restless",
      "seconds" : 60
    },{
      "dateTime" : "2015-09-12T00:24:00.000",
      "level" : "asleep",
      "seconds" : 480
    },{
      "dateTime" : "2015-09-12T00:32:00.000",
      "level" : "restless",
      "seconds" : 60
    },{
      "dateTime" : "2015-09-12T00:33:00.000",
      "level" : "asleep",
      "seconds" : 60
    },{
      "dateTime" : "2015-09-12T00:34:00.000",
      "level" : "restless",
      "seconds" : 60
    },{
      "dateTime" : "2015-09-12T00:35:00.000",
      "level" : "asleep",
      "seconds" : 720
    },{
      "dateTime" : "2015-09-12T00:47:00.000",
      "level" : "restless",
      "seconds" : 60
    },{
      "dateTime" : "2015-09-12T00:48:00.000",
      "level" : "asleep",
      "seconds" : 420
    },{
      "dateTime" : "2015-09-12T00:55:00.000",
      "level" : "restless",
      "seconds" : 60
    },{
      "dateTime" : "2015-09-12T00:56:00.000",
      "level" : "asleep",
      "seconds" : 60
    },{
      "dateTime" : "2015-09-12T00:57:00.000",
      "level" : "restless",
      "seconds" : 60
    },{
      "dateTime" : "2015-09-12T00:58:00.000",
      "level" : "asleep",
      "seconds" : 180
    },{
      "dateTime" : "2015-09-12T01:01:00.000",
      "level" : "restless",
      "seconds" : 60
    },{
      "dateTime" : "2015-09-12T01:02:00.000",
      "level" : "asleep",
      "seconds" : 6600
    },{
      "dateTime" : "2015-09-12T02:52:00.000",
      "level" : "restless",
      "seconds" : 120
    },{
      "dateTime" : "2015-09-12T02:54:00.000",
      "level" : "awake",
      "seconds" : 180
    },{
      "dateTime" : "2015-09-12T02:57:00.000",
      "level" : "asleep",
      "seconds" : 12660
    },{
      "dateTime" : "2015-09-12T06:28:00.000",
      "level" : "restless",
      "seconds" : 60
    },{
      "dateTime" : "2015-09-12T06:29:00.000",
      "level" : "asleep",
      "seconds" : 6660
    }]
  },
  "mainSleep" : true
},{
  "logId" : 1334535373,
  "dateOfSleep" : "2015-09-11",
  "startTime" : "2015-09-10T22:21:00.000",
  "endTime" : "2015-09-11T07:52:30.000",
  "duration" : 34260000,
  "minutesToFallAsleep" : 0,
  "minutesAsleep" : 558,
  "minutesAwake" : 8,
  "minutesAfterWakeup" : 0,
  "timeInBed" : 571,
  "efficiency" : 99,
  "type" : "classic",
  "infoCode" : 0,
  "logType" : "auto_detected",
  "levels" : {
    "summary" : {
      "restless" : {
        "count" : 6,
        "minutes" : 9
      },
      "awake" : {
        "count" : 1,
        "minutes" : 4
      },
      "asleep" : {
        "count" : 0,
        "minutes" : 558
      }
    },
    "data" : [{
      "dateTime" : "2015-09-10T22:21:00.000",
      "level" : "awake",
      "seconds" : 240
    },{
      "dateTime" : "2015-09-10T22:25:00.000",
      "level" : "restless",
      "seconds" : 60
    },{
      "dateTime" : "2015-09-10T22:26:00.000",
      "level" : "asleep",
      "seconds" : 5880
    },{
      "dateTime" : "2015-09-11T00:04:00.000",
      "level" : "restless",
      "seconds" : 180
    },{
      "dateTime" : "2015-09-11T00:07:00.000",
      "level" : "asleep",
      "seconds" : 14940
    },{
      "dateTime" : "2015-09-11T04:16:00.000",
      "level" : "restless",
      "seconds" : 60
    },{
      "dateTime" : "2015-09-11T04:17:00.000",
      "level" : "asleep",
      "seconds" : 3960
    },{
      "dateTime" : "2015-09-11T05:23:00.000",
      "level" : "restless",
      "seconds" : 60
    },{
      "dateTime" : "2015-09-11T05:24:00.000",
      "level" : "asleep",
      "seconds" : 3120
    },{
      "dateTime" : "2015-09-11T06:16:00.000",
      "level" : "restless",
      "seconds" : 60
    },{
      "dateTime" : "2015-09-11T06:17:00.000",
      "level" : "asleep",
      "seconds" : 360
    },{
      "dateTime" : "2015-09-11T06:23:00.000",
      "level" : "restless",
      "seconds" : 120
    },{
      "dateTime" : "2015-09-11T06:25:00.000",
      "level" : "asleep",
      "seconds" : 5220
    }]
  },
  "mainSleep" : true
},{
  "logId" : 1330683345,
  "dateOfSleep" : "2015-09-10",
  "startTime" : "2015-09-10T14:29:00.000",
  "endTime" : "2015-09-10T17:54:00.000",
  "duration" : 12300000,
  "minutesToFallAsleep" : 0,
  "minutesAsleep" : 169,
  "minutesAwake" : 0,
  "minutesAfterWakeup" : 0,
  "timeInBed" : 205,
  "efficiency" : 100,
  "type" : "classic",
  "infoCode" : 0,
  "logType" : "auto_detected",
  "levels" : {
    "summary" : {
      "restless" : {
        "count" : 2,
        "minutes" : 3
      },
      "awake" : {
        "count" : 2,
        "minutes" : 6
      },
      "asleep" : {
        "count" : 0,
        "minutes" : 169
      }
    },
    "data" : [{
      "dateTime" : "2015-09-10T14:29:00.000",
      "level" : "asleep",
      "seconds" : 180
    },{
      "dateTime" : "2015-09-10T14:32:00.000",
      "level" : "restless",
      "seconds" : 120
    },{
      "dateTime" : "2015-09-10T14:34:00.000",
      "level" : "asleep",
      "seconds" : 1020
    },{
      "dateTime" : "2015-09-10T14:51:00.000",
      "level" : "awake",
      "seconds" : 120
    },{
      "dateTime" : "2015-09-10T14:53:00.000",
      "level" : "asleep",
      "seconds" : 420
    },{
      "dateTime" : "2015-09-10T15:00:00.000",
      "level" : "restless",
      "seconds" : 60
    },{
      "dateTime" : "2015-09-10T15:01:00.000",
      "level" : "awake",
      "seconds" : 240
    },{
      "dateTime" : "2015-09-10T15:05:00.000",
      "level" : "asleep",
      "seconds" : 10140
    }]
  },
  "mainSleep" : false
},{
  "logId" : 1329538062,
  "dateOfSleep" : "2015-09-10",
  "startTime" : "2015-09-09T22:42:00.000",
  "endTime" : "2015-09-10T07:09:30.000",
  "duration" : 30420000,
  "minutesToFallAsleep" : 0,
  "minutesAsleep" : 489,
  "minutesAwake" : 11,
  "minutesAfterWakeup" : 3,
  "timeInBed" : 507,
  "efficiency" : 98,
  "type" : "classic",
  "infoCode" : 0,
  "logType" : "auto_detected",
  "levels" : {
    "summary" : {
      "restless" : {
        "count" : 10,
        "minutes" : 15
      },
      "awake" : {
        "count" : 1,
        "minutes" : 3
      },
      "asleep" : {
        "count" : 0,
        "minutes" : 489
      }
    },
    "data" : [{
      "dateTime" : "2015-09-09T22:42:00.000",
      "level" : "awake",
      "seconds" : 180
    },{
      "dateTime" : "2015-09-09T22:45:00.000",
      "level" : "restless",
      "seconds" : 60
    },{
      "dateTime" : "2015-09-09T22:46:00.000",
      "level" : "asleep",
      "seconds" : 1740
    },{
      "dateTime" : "2015-09-09T23:15:00.000",
      "level" : "restless",
      "seconds" : 120
    },{
      "dateTime" : "2015-09-09T23:17:00.000",
      "level" : "asleep",
      "seconds" : 780
    },{
      "dateTime" : "2015-09-09T23:30:00.000",
      "level" : "restless",
      "seconds" : 60
    },{
      "dateTime" : "2015-09-09T23:31:00.000",
      "level" : "asleep",
      "seconds" : 3600
    },{
      "dateTime" : "2015-09-10T00:31:00.000",
      "level" : "restless",
      "seconds" : 60
    },{
      "dateTime" : "2015-09-10T00:32:00.000",
      "level" : "asleep",
      "seconds" : 3420
    },{
      "dateTime" : "2015-09-10T01:29:00.000",
      "level" : "restless",
      "seconds" : 60
    },{
      "dateTime" : "2015-09-10T01:30:00.000",
      "level" : "asleep",
      "seconds" : 7320
    },{
      "dateTime" : "2015-09-10T03:32:00.000",
      "level" : "restless",
      "seconds" : 60
    },{
      "dateTime" : "2015-09-10T03:33:00.000",
      "level" : "asleep",
      "seconds" : 180
    },{
      "dateTime" : "2015-09-10T03:36:00.000",
      "level" : "restless",
      "seconds" : 60
    },{
      "dateTime" : "2015-09-10T03:37:00.000",
      "level" : "asleep",
      "seconds" : 10740
    },{
      "dateTime" : "2015-09-10T06:36:00.000",
      "level" : "restless",
      "seconds" : 120
    },{
      "dateTime" : "2015-09-10T06:38:00.000",
      "level" : "asleep",
      "seconds" : 780
    },{
      "dateTime" : "2015-09-10T06:51:00.000",
      "level" : "restless",
      "seconds" : 120
    },{
      "dateTime" : "2015-09-10T06:53:00.000",
      "level" : "asleep",
      "seconds" : 780
    },{
      "dateTime" : "2015-09-10T07:06:00.000",
      "level" : "restless",
      "seconds" : 180
    }]
  },
  "mainSleep" : true
},{
  "logId" : 1326039379,
  "dateOfSleep" : "2015-09-09",
  "startTime" : "2015-09-08T23:26:00.000",
  "endTime" : "2015-09-09T07:29:30.000",
  "duration" : 28980000,
  "minutesToFallAsleep" : 0,
  "minutesAsleep" : 435,
  "minutesAwake" : 11,
  "minutesAfterWakeup" : 0,
  "timeInBed" : 483,
  "efficiency" : 98,
  "type" : "classic",
  "infoCode" : 0,
  "logType" : "auto_detected",
  "levels" : {
    "summary" : {
      "restless" : {
        "count" : 16,
        "minutes" : 24
      },
      "awake" : {
        "count" : 4,
        "minutes" : 11
      },
      "asleep" : {
        "count" : 0,
        "minutes" : 435
      }
    },
    "data" : [{
      "dateTime" : "2015-09-08T23:26:00.000",
      "level" : "awake",
      "seconds" : 60
    },{
      "dateTime" : "2015-09-08T23:27:00.000",
      "level" : "restless",
      "seconds" : 120
    },{
      "dateTime" : "2015-09-08T23:29:00.000",
      "level" : "awake",
      "seconds" : 360
    },{
      "dateTime" : "2015-09-08T23:35:00.000",
      "level" : "restless",
      "seconds" : 60
    },{
      "dateTime" : "2015-09-08T23:36:00.000",
      "level" : "asleep",
      "seconds" : 420
    },{
      "dateTime" : "2015-09-08T23:43:00.000",
      "level" : "restless",
      "seconds" : 120
    },{
      "dateTime" : "2015-09-08T23:45:00.000",
      "level" : "awake",
      "seconds" : 180
    },{
      "dateTime" : "2015-09-08T23:48:00.000",
      "level" : "restless",
      "seconds" : 60
    },{
      "dateTime" : "2015-09-08T23:49:00.000",
      "level" : "asleep",
      "seconds" : 120
    },{
      "dateTime" : "2015-09-08T23:51:00.000",
      "level" : "restless",
      "seconds" : 240
    },{
      "dateTime" : "2015-09-08T23:55:00.000",
      "level" : "awake",
      "seconds" : 60
    },{
      "dateTime" : "2015-09-08T23:56:00.000",
      "level" : "restless",
      "seconds" : 120
    },{
      "dateTime" : "2015-09-08T23:58:00.000",
      "level" : "asleep",
      "seconds" : 240
    },{
      "dateTime" : "2015-09-09T00:02:00.000",
      "level" : "restless",
      "seconds" : 60
    },{
      "dateTime" : "2015-09-09T00:03:00.000",
      "level" : "asleep",
      "seconds" : 4680
    },{
      "dateTime" : "2015-09-09T01:21:00.000",
      "level" : "restless",
      "seconds" : 60
    },{
      "dateTime" : "2015-09-09T01:22:00.000",
      "level" : "asleep",
      "seconds" : 4080
    },{
      "dateTime" : "2015-09-09T02:30:00.000",
      "level" : "restless",
      "seconds" : 120
    },{
      "dateTime" : "2015-09-09T02:32:00.000",
      "level" : "asleep",
      "seconds" : 1140
    },{
      "dateTime" : "2015-09-09T02:51:00.000",
      "level" : "restless",
      "seconds" : 120
    },{
      "dateTime" : "2015-09-09T02:53:00.000",
      "level" : "asleep",
      "seconds" : 2640
    },{
      "dateTime" : "2015-09-09T03:37:00.000",
      "level" : "restless",
      "seconds" : 60
    },{
      "dateTime" : "2015-09-09T03:38:00.000",
      "level" : "asleep",
      "seconds" : 5160
    },{
      "dateTime" : "2015-09-09T05:04:00.000",
      "level" : "restless",
      "seconds" : 60
    },{
      "dateTime" : "2015-09-09T05:05:00.000",
      "level" : "asleep",
      "seconds" : 7380
    },{
      "dateTime" : "2015-09-09T07:08:00.000",
      "level" : "restless",
      "seconds" : 60
    },{
      "dateTime" : "2015-09-09T07:09:00.000",
      "level" : "asleep",
      "seconds" : 300
    },{
      "dateTime" : "2015-09-09T07:14:00.000",
      "level" : "restless",
      "seconds" : 60
    },{
      "dateTime" : "2015-09-09T07:15:00.000",
      "level" : "asleep",
      "seconds" : 480
    },{
      "dateTime" : "2015-09-09T07:23:00.000",
      "level" : "restless",
      "seconds" : 60
    },{
      "dateTime" : "2015-09-09T07:24:00.000",
      "level" : "asleep",
      "seconds" : 60
    },{
      "dateTime" : "2015-09-09T07:25:00.000",
      "level" : "restless",
      "seconds" : 60
    },{
      "dateTime" : "2015-09-09T07:26:00.000",
      "level" : "asleep",
      "seconds" : 180
    }]
  },
  "mainSleep" : true
},{
  "logId" : 1321752893,
  "dateOfSleep" : "2015-09-08",
  "startTime" : "2015-09-07T23:42:00.000",
  "endTime" : "2015-09-08T08:32:30.000",
  "duration" : 31800000,
  "minutesToFallAsleep" : 0,
  "minutesAsleep" : 496,
  "minutesAwake" : 20,
  "minutesAfterWakeup" : 0,
  "timeInBed" : 530,
  "efficiency" : 96,
  "type" : "classic",
  "infoCode" : 0,
  "logType" : "auto_detected",
  "levels" : {
    "summary" : {
      "restless" : {
        "count" : 12,
        "minutes" : 24
      },
      "awake" : {
        "count" : 4,
        "minutes" : 9
      },
      "asleep" : {
        "count" : 0,
        "minutes" : 496
      }
    },
    "data" : [{
      "dateTime" : "2015-09-07T23:42:00.000",
      "level" : "awake",
      "seconds" : 60
    },{
      "dateTime" : "2015-09-07T23:43:00.000",
      "level" : "asleep",
      "seconds" : 60
    },{
      "dateTime" : "2015-09-07T23:44:00.000",
      "level" : "awake",
      "seconds" : 120
    },{
      "dateTime" : "2015-09-07T23:46:00.000",
      "level" : "restless",
      "seconds" : 240
    },{
      "dateTime" : "2015-09-07T23:50:00.000",
      "level" : "awake",
      "seconds" : 300
    },{
      "dateTime" : "2015-09-07T23:55:00.000",
      "level" : "restless",
      "seconds" : 60
    },{
      "dateTime" : "2015-09-07T23:56:00.000",
      "level" : "asleep",
      "seconds" : 840
    },{
      "dateTime" : "2015-09-08T00:10:00.000",
      "level" : "restless",
      "seconds" : 240
    },{
      "dateTime" : "2015-09-08T00:14:00.000",
      "level" : "asleep",
      "seconds" : 120
    },{
      "dateTime" : "2015-09-08T00:16:00.000",
      "level" : "restless",
      "seconds" : 60
    },{
      "dateTime" : "2015-09-08T00:17:00.000",
      "level" : "asleep",
      "seconds" : 1020
    },{
      "dateTime" : "2015-09-08T00:34:00.000",
      "level" : "restless",
      "seconds" : 60
    },{
      "dateTime" : "2015-09-08T00:35:00.000",
      "level" : "asleep",
      "seconds" : 60
    },{
      "dateTime" : "2015-09-08T00:36:00.000",
      "level" : "restless",
      "seconds" : 180
    },{
      "dateTime" : "2015-09-08T00:39:00.000",
      "level" : "awake",
      "seconds" : 60
    },{
      "dateTime" : "2015-09-08T00:40:00.000",
      "level" : "restless",
      "seconds" : 60
    },{
      "dateTime" : "2015-09-08T00:41:00.000",
      "level" : "asleep",
      "seconds" : 7680
    },{
      "dateTime" : "2015-09-08T02:49:00.000",
      "level" : "restless",
      "seconds" : 60
    },{
      "dateTime" : "2015-09-08T02:50:00.000",
      "level" : "asleep",
      "seconds" : 3000
    },{
      "dateTime" : "2015-09-08T03:40:00.000",
      "level" : "restless",
      "seconds" : 60
    },{
      "dateTime" : "2015-09-08T03:41:00.000",
      "level" : "asleep",
      "seconds" : 8460
    },{
      "dateTime" : "2015-09-08T06:02:00.000",
      "level" : "restless",
      "seconds" : 60
    },{
      "dateTime" : "2015-09-08T06:03:00.000",
      "level" : "asleep",
      "seconds" : 300
    },{
      "dateTime" : "2015-09-08T06:08:00.000",
      "level" : "restless",
      "seconds" : 120
    },{
      "dateTime" : "2015-09-08T06:10:00.000",
      "level" : "asleep",
      "seconds" : 2100
    },{
      "dateTime" : "2015-09-08T06:45:00.000",
      "level" : "restless",
      "seconds" : 240
    },{
      "dateTime" : "2015-09-08T06:49:00.000",
      "level" : "asleep",
      "seconds" : 6180
    }]
  },
  "mainSleep" : true
},{
  "logId" : 1317930993,
  "dateOfSleep" : "2015-09-07",
  "startTime" : "2015-09-06T22:31:30.000",
  "endTime" : "2015-09-07T07:34:30.000",
  "duration" : 32580000,
  "minutesToFallAsleep" : 0,
  "minutesAsleep" : 512,
  "minutesAwake" : 25,
  "minutesAfterWakeup" : 0,
  "timeInBed" : 543,
  "efficiency" : 95,
  "type" : "classic",
  "infoCode" : 0,
  "logType" : "auto_detected",
  "levels" : {
    "summary" : {
      "restless" : {
        "count" : 16,
        "minutes" : 26
      },
      "awake" : {
        "count" : 0,
        "minutes" : 0
      },
      "asleep" : {
        "count" : 0,
        "minutes" : 512
      }
    },
    "data" : [{
      "dateTime" : "2015-09-06T22:31:30.000",
      "level" : "restless",
      "seconds" : 60
    },{
      "dateTime" : "2015-09-06T22:32:30.000",
      "level" : "asleep",
      "seconds" : 3420
    },{
      "dateTime" : "2015-09-06T23:29:30.000",
      "level" : "restless",
      "seconds" : 60
    },{
      "dateTime" : "2015-09-06T23:30:30.000",
      "level" : "asleep",
      "seconds" : 120
    },{
      "dateTime" : "2015-09-06T23:32:30.000",
      "level" : "restless",
      "seconds" : 60
    },{
      "dateTime" : "2015-09-06T23:33:30.000",
      "level" : "asleep",
      "seconds" : 3360
    },{
      "dateTime" : "2015-09-07T00:29:30.000",
      "level" : "restless",
      "seconds" : 60
    },{
      "dateTime" : "2015-09-07T00:30:30.000",
      "level" : "asleep",
      "seconds" : 13380
    },{
      "dateTime" : "2015-09-07T04:13:30.000",
      "level" : "restless",
      "seconds" : 120
    },{
      "dateTime" : "2015-09-07T04:15:30.000",
      "level" : "asleep",
      "seconds" : 840
    },{
      "dateTime" : "2015-09-07T04:29:30.000",
      "level" : "restless",
      "seconds" : 60
    },{
      "dateTime" : "2015-09-07T04:30:30.000",
      "level" : "asleep",
      "seconds" : 120
    },{
      "dateTime" : "2015-09-07T04:32:30.000",
      "level" : "restless",
      "seconds" : 60
    },{
      "dateTime" : "2015-09-07T04:33:30.000",
      "level" : "asleep",
      "seconds" : 360
    },{
      "dateTime" : "2015-09-07T04:39:30.000",
      "level" : "restless",
      "seconds" : 60
    },{
      "dateTime" : "2015-09-07T04:40:30.000",
      "level" : "asleep",
      "seconds" : 180
    },{
      "dateTime" : "2015-09-07T04:43:30.000",
      "level" : "restless",
      "seconds" : 120
    },{
      "dateTime" : "2015-09-07T04:45:30.000",
      "level" : "asleep",
      "seconds" : 120
    },{
      "dateTime" : "2015-09-07T04:47:30.000",
      "level" : "restless",
      "seconds" : 60
    },{
      "dateTime" : "2015-09-07T04:48:30.000",
      "level" : "asleep",
      "seconds" : 120
    },{
      "dateTime" : "2015-09-07T04:50:30.000",
      "level" : "restless",
      "seconds" : 60
    },{
      "dateTime" : "2015-09-07T04:51:30.000",
      "level" : "asleep",
      "seconds" : 780
    },{
      "dateTime" : "2015-09-07T05:04:30.000",
      "level" : "restless",
      "seconds" : 420
    },{
      "dateTime" : "2015-09-07T05:11:30.000",
      "level" : "asleep",
      "seconds" : 120
    },{
      "dateTime" : "2015-09-07T05:13:30.000",
      "level" : "restless",
      "seconds" : 60
    },{
      "dateTime" : "2015-09-07T05:14:30.000",
      "level" : "asleep",
      "seconds" : 120
    },{
      "dateTime" : "2015-09-07T05:16:30.000",
      "level" : "restless",
      "seconds" : 60
    },{
      "dateTime" : "2015-09-07T05:17:30.000",
      "level" : "asleep",
      "seconds" : 360
    },{
      "dateTime" : "2015-09-07T05:23:30.000",
      "level" : "restless",
      "seconds" : 60
    },{
      "dateTime" : "2015-09-07T05:24:30.000",
      "level" : "asleep",
      "seconds" : 7380
    },{
      "dateTime" : "2015-09-07T07:27:30.000",
      "level" : "restless",
      "seconds" : 180
    },{
      "dateTime" : "2015-09-07T07:30:30.000",
      "level" : "asleep",
      "seconds" : 240
    }]
  },
  "mainSleep" : true
}]