[{
  "logId" : 10298469209,
  "dateOfSleep" : "2015-12-06",
  "startTime" : "2015-12-05T22:07:00.000",
  "endTime" : "2015-12-06T07:03:00.000",
  "duration" : 32160000,
  "minutesToFallAsleep" : 0,
  "minutesAsleep" : 520,
  "minutesAwake" : 15,
  "minutesAfterWakeup" : 1,
  "timeInBed" : 536,
  "efficiency" : 97,
  "type" : "classic",
  "infoCode" : 0,
  "logType" : "auto_detected",
  "levels" : {
    "summary" : {
      "restless" : {
        "count" : 9,
        "minutes" : 15
      },
      "awake" : {
        "count" : 1,
        "minutes" : 1
      },
      "asleep" : {
        "count" : 0,
        "minutes" : 520
      }
    },
    "data" : [{
      "dateTime" : "2015-12-05T22:07:00.000",
      "level" : "asleep",
      "seconds" : 360
    },{
      "dateTime" : "2015-12-05T22:13:00.000",
      "level" : "restless",
      "seconds" : 240
    },{
      "dateTime" : "2015-12-05T22:17:00.000",
      "level" : "awake",
      "seconds" : 60
    },{
      "dateTime" : "2015-12-05T22:18:00.000",
      "level" : "restless",
      "seconds" : 60
    },{
      "dateTime" : "2015-12-05T22:19:00.000",
      "level" : "asleep",
      "seconds" : 9660
    },{
      "dateTime" : "2015-12-06T01:00:00.000",
      "level" : "restless",
      "seconds" : 60
    },{
      "dateTime" : "2015-12-06T01:01:00.000",
      "level" : "asleep",
      "seconds" : 4380
    },{
      "dateTime" : "2015-12-06T02:14:00.000",
      "level" : "restless",
      "seconds" : 60
    },{
      "dateTime" : "2015-12-06T02:15:00.000",
      "level" : "asleep",
      "seconds" : 1740
    },{
      "dateTime" : "2015-12-06T02:44:00.000",
      "level" : "restless",
      "seconds" : 120
    },{
      "dateTime" : "2015-12-06T02:46:00.000",
      "level" : "asleep",
      "seconds" : 60
    },{
      "dateTime" : "2015-12-06T02:47:00.000",
      "level" : "restless",
      "seconds" : 180
    },{
      "dateTime" : "2015-12-06T02:50:00.000",
      "level" : "asleep",
      "seconds" : 7680
    },{
      "dateTime" : "2015-12-06T04:58:00.000",
      "level" : "restless",
      "seconds" : 60
    },{
      "dateTime" : "2015-12-06T04:59:00.000",
      "level" : "asleep",
      "seconds" : 780
    },{
      "dateTime" : "2015-12-06T05:12:00.000",
      "level" : "restless",
      "seconds" : 60
    },{
      "dateTime" : "2015-12-06T05:13:00.000",
      "level" : "asleep",
      "seconds" : 6540
    },{
      "dateTime" : "2015-12-06T07:02:00.000",
      "level" : "restless",
      "seconds" : 60
    }]
  },
  "mainSleep" : true
},{
  "logId" : 10293943334,
  "dateOfSleep" : "2015-12-05",
  "startTime" : "2015-12-04T23:18:00.000",
  "endTime" : "2015-12-05T07:11:00.000",
  "duration" : 28380000,
  "minutesToFallAsleep" : 0,
  "minutesAsleep" : 454,
  "minutesAwake" : 16,
  "minutesAfterWakeup" : 3,
  "timeInBed" : 473,
  "efficiency" : 97,
  "type" : "classic",
  "infoCode" : 0,
  "logType" : "auto_detected",
  "levels" : {
    "summary" : {
      "restless" : {
        "count" : 11,
        "minutes" : 16
      },
      "awake" : {
        "count" : 1,
        "minutes" : 3
      },
      "asleep" : {
        "count" : 0,
        "minutes" : 454
      }
    },
    "data" : [{
      "dateTime" : "2015-12-04T23:18:00.000",
      "level" : "awake",
      "seconds" : 180
    },{
      "dateTime" : "2015-12-04T23:21:00.000",
      "level" : "restless",
      "seconds" : 60
    },{
      "dateTime" : "2015-12-04T23:22:00.000",
      "level" : "asleep",
      "seconds" : 480
    },{
      "dateTime" : "2015-12-04T23:30:00.000",
      "level" : "restless",
      "seconds" : 120
    },{
      "dateTime" : "2015-12-04T23:32:00.000",
      "level" : "asleep",
      "seconds" : 120
    },{
      "dateTime" : "2015-12-04T23:34:00.000",
      "level" : "restless",
      "seconds" : 60
    },{
      "dateTime" : "2015-12-04T23:35:00.000",
      "level" : "asleep",
      "seconds" : 3900
    },{
      "dateTime" : "2015-12-05T00:40:00.000",
      "level" : "restless",
      "seconds" : 60
    },{
      "dateTime" : "2015-12-05T00:41:00.000",
      "level" : "asleep",
      "seconds" : 2100
    },{
      "dateTime" : "2015-12-05T01:16:00.000",
      "level" : "restless",
      "seconds" : 60
    },{
      "dateTime" : "2015-12-05T01:17:00.000",
      "level" : "asleep",
      "seconds" : 2160
    },{
      "dateTime" : "2015-12-05T01:53:00.000",
      "level" : "restless",
      "seconds" : 60
    },{
      "dateTime" : "2015-12-05T01:54:00.000",
      "level" : "asleep",
      "seconds" : 3240
    },{
      "dateTime" : "2015-12-05T02:48:00.000",
      "level" : "restless",
      "seconds" : 60
    },{
      "dateTime" : "2015-12-05T02:49:00.000",
      "level" : "asleep",
      "seconds" : 6000
    },{
      "dateTime" : "2015-12-05T04:29:00.000",
      "level" : "restless",
      "seconds" : 60
    },{
      "dateTime" : "2015-12-05T04:30:00.000",
      "level" : "asleep",
      "seconds" : 8280
    },{
      "dateTime" : "2015-12-05T06:48:00.000",
      "level" : "restless",
      "seconds" : 60
    },{
      "dateTime" : "2015-12-05T06:49:00.000",
      "level" : "asleep",
      "seconds" : 900
    },{
      "dateTime" : "2015-12-05T07:04:00.000",
      "level" : "restless",
      "seconds" : 180
    },{
      "dateTime" : "2015-12-05T07:07:00.000",
      "level" : "asleep",
      "seconds" : 60
    },{
      "dateTime" : "2015-12-05T07:08:00.000",
      "level" : "restless",
      "seconds" : 180
    }]
  },
  "mainSleep" : true
},{
  "logId" : 10290494320,
  "dateOfSleep" : "2015-12-04",
  "startTime" : "2015-12-03T23:06:00.000",
  "endTime" : "2015-12-04T06:43:00.000",
  "duration" : 27420000,
  "minutesToFallAsleep" : 0,
  "minutesAsleep" : 452,
  "minutesAwake" : 5,
  "minutesAfterWakeup" : 0,
  "timeInBed" : 457,
  "efficiency" : 99,
  "type" : "classic",
  "infoCode" : 0,
  "logType" : "auto_detected",
  "levels" : {
    "summary" : {
      "restless" : {
        "count" : 3,
        "minutes" : 5
      },
      "awake" : {
        "count" : 0,
        "minutes" : 0
      },
      "asleep" : {
        "count" : 0,
        "minutes" : 452
      }
    },
    "data" : [{
      "dateTime" : "2015-12-03T23:06:00.000",
      "level" : "asleep",
      "seconds" : 120
    },{
      "dateTime" : "2015-12-03T23:08:00.000",
      "level" : "restless",
      "seconds" : 60
    },{
      "dateTime" : "2015-12-03T23:09:00.000",
      "level" : "asleep",
      "seconds" : 1200
    },{
      "dateTime" : "2015-12-03T23:29:00.000",
      "level" : "restless",
      "seconds" : 180
    },{
      "dateTime" : "2015-12-03T23:32:00.000",
      "level" : "asleep",
      "seconds" : 6360
    },{
      "dateTime" : "2015-12-04T01:18:00.000",
      "level" : "restless",
      "seconds" : 60
    },{
      "dateTime" : "2015-12-04T01:19:00.000",
      "level" : "asleep",
      "seconds" : 19440
    }]
  },
  "mainSleep" : true
},{
  "logId" : 10284998646,
  "dateOfSleep" : "2015-12-03",
  "startTime" : "2015-12-03T00:38:30.000",
  "endTime" : "2015-12-03T06:46:30.000",
  "duration" : 22080000,
  "minutesToFallAsleep" : 0,
  "minutesAsleep" : 360,
  "minutesAwake" : 8,
  "minutesAfterWakeup" : 0,
  "timeInBed" : 368,
  "efficiency" : 98,
  "type" : "classic",
  "infoCode" : 0,
  "logType" : "auto_detected",
  "levels" : {
    "summary" : {
      "restless" : {
        "count" : 5,
        "minutes" : 8
      },
      "awake" : {
        "count" : 0,
        "minutes" : 0
      },
      "asleep" : {
        "count" : 0,
        "minutes" : 360
      }
    },
    "data" : [{
      "dateTime" : "2015-12-03T00:38:30.000",
      "level" : "asleep",
      "seconds" : 540
    },{
      "dateTime" : "2015-12-03T00:47:30.000",
      "level" : "restless",
      "seconds" : 180
    },{
      "dateTime" : "2015-12-03T00:50:30.000",
      "level" : "asleep",
      "seconds" : 6900
    },{
      "dateTime" : "2015-12-03T02:45:30.000",
      "level" : "restless",
      "seconds" : 60
    },{
      "dateTime" : "2015-12-03T02:46:30.000",
      "level" : "asleep",
      "seconds" : 120
    },{
      "dateTime" : "2015-12-03T02:48:30.000",
      "level" : "restless",
      "seconds" : 60
    },{
      "dateTime" : "2015-12-03T02:49:30.000",
      "level" : "asleep",
      "seconds" : 2880
    },{
      "dateTime" : "2015-12-03T03:37:30.000",
      "level" : "restless",
      "seconds" : 120
    },{
      "dateTime" : "2015-12-03T03:39:30.000",
      "level" : "asleep",
      "seconds" : 60
    },{
      "dateTime" : "2015-12-03T03:40:30.000",
      "level" : "restless",
      "seconds" : 60
    },{
      "dateTime" : "2015-12-03T03:41:30.000",
      "level" : "asleep",
      "seconds" : 11100
    }]
  },
  "mainSleep" : true
},{
  "logId" : 10280503509,
  "dateOfSleep" : "2015-12-02",
  "startTime" : "2015-12-01T23:22:00.000",
  "endTime" : "2015-12-02T06:47:30.000",
  "duration" : 26700000,
  "minutesToFallAsleep" : 0,
  "minutesAsleep" : 436,
  "minutesAwake" : 9,
  "minutesAfterWakeup" : 0,
  "timeInBed" : 445,
  "efficiency" : 98,
  "type" : "classic",
  "infoCode" : 0,
  "logType" : "auto_detected",
  "levels" : {
    "summary" : {
      "restless" : {
        "count" : 4,
        "minutes" : 4
      },
      "awake" : {
        "count" : 1,
        "minutes" : 5
      },
      "asleep" : {
        "count" : 0,
        "minutes" : 436
      }
    },
    "data" : [{
      "dateTime" : "2015-12-01T23:22:00.000",
      "level" : "awake",
      "seconds" : 300
    },{
      "dateTime" : "2015-12-01T23:27:00.000",
      "level" : "asleep",
      "seconds" : 720
    },{
      "dateTime" : "2015-12-01T23:39:00.000",
      "level" : "restless",
      "seconds" : 60
    },{
      "dateTime" : "2015-12-01T23:40:00.000",
      "level" : "asleep",
      "seconds" : 2220
    },{
      "dateTime" : "2015-12-02T00:17:00.000",
      "level" : "restless",
      "seconds" : 60
    },{
      "dateTime" : "2015-12-02T00:18:00.000",
      "level" : "asleep",
      "seconds" : 120
    },{
      "dateTime" : "2015-12-02T00:20:00.000",
      "level" : "restless",
      "seconds" : 60
    },{
      "dateTime" : "2015-12-02T00:21:00.000",
      "level" : "asleep",
      "seconds" : 14700
    },{
      "dateTime" : "2015-12-02T04:26:00.000",
      "level" : "restless",
      "seconds" : 60
    },{
      "dateTime" : "2015-12-02T04:27:00.000",
      "level" : "asleep",
      "seconds" : 8400
    }]
  },
  "mainSleep" : true
},{
  "logId" : 10276397427,
  "dateOfSleep" : "2015-12-01",
  "startTime" : "2015-11-30T22:13:00.000",
  "endTime" : "2015-12-01T06:52:30.000",
  "duration" : 31140000,
  "minutesToFallAsleep" : 0,
  "minutesAsleep" : 501,
  "minutesAwake" : 18,
  "minutesAfterWakeup" : 0,
  "timeInBed" : 519,
  "efficiency" : 97,
  "type" : "classic",
  "infoCode" : 0,
  "logType" : "auto_detected",
  "levels" : {
    "summary" : {
      "restless" : {
        "count" : 9,
        "minutes" : 13
      },
      "awake" : {
        "count" : 1,
        "minutes" : 5
      },
      "asleep" : {
        "count" : 0,
        "minutes" : 501
      }
    },
    "data" : [{
      "dateTime" : "2015-11-30T22:13:00.000",
      "level" : "restless",
      "seconds" : 60
    },{
      "dateTime" : "2015-11-30T22:14:00.000",
      "level" : "awake",
      "seconds" : 300
    },{
      "dateTime" : "2015-11-30T22:19:00.000",
      "level" : "restless",
      "seconds" : 60
    },{
      "dateTime" : "2015-11-30T22:20:00.000",
      "level" : "asleep",
      "seconds" : 3540
    },{
      "dateTime" : "2015-11-30T23:19:00.000",
      "level" : "restless",
      "seconds" : 120
    },{
      "dateTime" : "2015-11-30T23:21:00.000",
      "level" : "asleep",
      "seconds" : 60
    },{
      "dateTime" : "2015-11-30T23:22:00.000",
      "level" : "restless",
      "seconds" : 60
    },{
      "dateTime" : "2015-11-30T23:23:00.000",
      "level" : "asleep",
      "seconds" : 3600
    },{
      "dateTime" : "2015-12-01T00:23:00.000",
      "level" : "restless",
      "seconds" : 120
    },{
      "dateTime" : "2015-12-01T00:25:00.000",
      "level" : "asleep",
      "seconds" : 1260
    },{
      "dateTime" : "2015-12-01T00:46:00.000",
      "level" : "restless",
      "seconds" : 60
    },{
      "dateTime" : "2015-12-01T00:47:00.000",
      "level" : "asleep",
      "seconds" : 300
    },{
      "dateTime" : "2015-12-01T00:52:00.000",
      "level" : "restless",
      "seconds" : 120
    },{
      "dateTime" : "2015-12-01T00:54:00.000",
      "level" : "asleep",
      "seconds" : 1560
    },{
      "dateTime" : "2015-12-01T01:20:00.000",
      "level" : "restless",
      "seconds" : 120
    },{
      "dateTime" : "2015-12-01T01:22:00.000",
      "level" : "asleep",
      "seconds" : 10500
    },{
      "dateTime" : "2015-12-01T04:17:00.000",
      "level" : "restless",
      "seconds" : 60
    },{
      "dateTime" : "2015-12-01T04:18:00.000",
      "level" : "asleep",
      "seconds" : 9240
    }]
  },
  "mainSleep" : true
},{
  "logId" : 10272007144,
  "dateOfSleep" : "2015-11-30",
  "startTime" : "2015-11-30T00:15:30.000",
  "endTime" : "2015-11-30T06:42:00.000",
  "duration" : 23160000,
  "minutesToFallAsleep" : 0,
  "minutesAsleep" : 380,
  "minutesAwake" : 6,
  "minutesAfterWakeup" : 0,
  "timeInBed" : 386,
  "efficiency" : 98,
  "type" : "classic",
  "infoCode" : 0,
  "logType" : "auto_detected",
  "levels" : {
    "summary" : {
      "restless" : {
        "count" : 4,
        "minutes" : 6
      },
      "awake" : {
        "count" : 0,
        "minutes" : 0
      },
      "asleep" : {
        "count" : 0,
        "minutes" : 380
      }
    },
    "data" : [{
      "dateTime" : "2015-11-30T00:15:30.000",
      "level" : "asleep",
      "seconds" : 420
    },{
      "dateTime" : "2015-11-30T00:22:30.000",
      "level" : "restless",
      "seconds" : 60
    },{
      "dateTime" : "2015-11-30T00:23:30.000",
      "level" : "asleep",
      "seconds" : 16140
    },{
      "dateTime" : "2015-11-30T04:52:30.000",
      "level" : "restless",
      "seconds" : 120
    },{
      "dateTime" : "2015-11-30T04:54:30.000",
      "level" : "asleep",
      "seconds" : 3480
    },{
      "dateTime" : "2015-11-30T05:52:30.000",
      "level" : "restless",
      "seconds" : 60
    },{
      "dateTime" : "2015-11-30T05:53:30.000",
      "level" : "asleep",
      "seconds" : 2340
    },{
      "dateTime" : "2015-11-30T06:32:30.000",
      "level" : "restless",
      "seconds" : 120
    },{
      "dateTime" : "2015-11-30T06:34:30.000",
      "level" : "asleep",
      "seconds" : 420
    }]
  },
  "mainSleep" : true
},{
  "logId" : 10268487786,
  "dateOfSleep" : "2015-11-29",
  "startTime" : "2015-11-28T23:47:00.000",
  "endTime" : "2015-11-29T09:55:00.000",
  "duration" : 36480000,
  "minutesToFallAsleep" : 0,
  "minutesAsleep" : 549,
  "minutesAwake" : 59,
  "minutesAfterWakeup" : 0,
  "timeInBed" : 608,
  "efficiency" : 90,
  "type" : "classic",
  "infoCode" : 0,
  "logType" : "auto_detected",
  "levels" : {
    "summary" : {
      "restless" : {
        "count" : 24,
        "minutes" : 54
      },
      "awake" : {
        "count" : 3,
        "minutes" : 5
      },
      "asleep" : {
        "count" : 0,
        "minutes" : 549
      }
    },
    "data" : [{
      "dateTime" : "2015-11-28T23:47:00.000",
      "level" : "awake",
      "seconds" : 120
    },{
      "dateTime" : "2015-11-28T23:49:00.000",
      "level" : "asleep",
      "seconds" : 420
    },{
      "dateTime" : "2015-11-28T23:56:00.000",
      "level" : "restless",
      "seconds" : 120
    },{
      "dateTime" : "2015-11-28T23:58:00.000",
      "level" : "asleep",
      "seconds" : 2940
    },{
      "dateTime" : "2015-11-29T00:47:00.000",
      "level" : "restless",
      "seconds" : 60
    },{
      "dateTime" : "2015-11-29T00:48:00.000",
      "level" : "asleep",
      "seconds" : 10800
    },{
      "dateTime" : "2015-11-29T03:48:00.000",
      "level" : "restless",
      "seconds" : 60
    },{
      "dateTime" : "2015-11-29T03:49:00.000",
      "level" : "asleep",
      "seconds" : 10560
    },{
      "dateTime" : "2015-11-29T06:45:00.000",
      "level" : "restless",
      "seconds" : 120
    },{
      "dateTime" : "2015-11-29T06:47:00.000",
      "level" : "asleep",
      "seconds" : 1080
    },{
      "dateTime" : "2015-11-29T07:05:00.000",
      "level" : "restless",
      "seconds" : 60
    },{
      "dateTime" : "2015-11-29T07:06:00.000",
      "level" : "asleep",
      "seconds" : 2340
    },{
      "dateTime" : "2015-11-29T07:45:00.000",
      "level" : "restless",
      "seconds" : 120
    },{
      "dateTime" : "2015-11-29T07:47:00.000",
      "level" : "asleep",
      "seconds" : 60
    },{
      "dateTime" : "2015-11-29T07:48:00.000",
      "level" : "restless",
      "seconds" : 60
    },{
      "dateTime" : "2015-11-29T07:49:00.000",
      "level" : "asleep",
      "seconds" : 780
    },{
      "dateTime" : "2015-11-29T08:02:00.000",
      "level" : "restless",
      "seconds" : 180
    },{
      "dateTime" : "2015-11-29T08:05:00.000",
      "level" : "awake",
      "seconds" : 120
    },{
      "dateTime" : "2015-11-29T08:07:00.000",
      "level" : "restless",
      "seconds" : 60
    },{
      "dateTime" : "2015-11-29T08:08:00.000",
      "level" : "asleep",
      "seconds" : 240
    },{
      "dateTime" : "2015-11-29T08:12:00.000",
      "level" : "restless",
      "seconds" : 240
    },{
      "dateTime" : "2015-11-29T08:16:00.000",
      "level" : "awake",
      "seconds" : 60
    },{
      "dateTime" : "2015-11-29T08:17:00.000",
      "level" : "restless",
      "seconds" : 120
    },{
      "dateTime" : "2015-11-29T08:19:00.000",
      "level" : "asleep",
      "seconds" : 600
    },{
      "dateTime" : "2015-11-29T08:29:00.000",
      "level" : "restless",
      "seconds" : 60
    },{
      "dateTime" : "2015-11-29T08:30:00.000",
      "level" : "asleep",
      "seconds" : 60
    },{
      "dateTime" : "2015-11-29T08:31:00.000",
      "level" : "restless",
      "seconds" : 60
    },{
      "dateTime" : "2015-11-29T08:32:00.000",
      "level" : "asleep",
      "seconds" : 180
    },{
      "dateTime" : "2015-11-29T08:35:00.000",
      "level" : "restless",
      "seconds" : 360
    },{
      "dateTime" : "2015-11-29T08:41:00.000",
      "level" : "asleep",
      "seconds" : 120
    },{
      "dateTime" : "2015-11-29T08:43:00.000",
      "level" : "restless",
      "seconds" : 120
    },{
      "dateTime" : "2015-11-29T08:45:00.000",
      "level" : "asleep",
      "seconds" : 60
    },{
      "dateTime" : "2015-11-29T08:46:00.000",
      "level" : "restless",
      "seconds" : 60
    },{
      "dateTime" : "2015-11-29T08:47:00.000",
      "level" : "asleep",
      "seconds" : 180
    },{
      "dateTime" : "2015-11-29T08:50:00.000",
      "level" : "restless",
      "seconds" : 60
    },{
      "dateTime" : "2015-11-29T08:51:00.000",
      "level" : "asleep",
      "seconds" : 300
    },{
      "dateTime" : "2015-11-29T08:56:00.000",
      "level" : "restless",
      "seconds" : 420
    },{
      "dateTime" : "2015-11-29T09:03:00.000",
      "level" : "asleep",
      "seconds" : 720
    },{
      "dateTime" : "2015-11-29T09:15:00.000",
      "level" : "restless",
      "seconds" : 120
    },{
      "dateTime" : "2015-11-29T09:17:00.000",
      "level" : "asleep",
      "seconds" : 60
    },{
      "dateTime" : "2015-11-29T09:18:00.000",
      "level" : "restless",
      "seconds" : 300
    },{
      "dateTime" : "2015-11-29T09:23:00.000",
      "level" : "asleep",
      "seconds" : 60
    },{
      "dateTime" : "2015-11-29T09:24:00.000",
      "level" : "restless",
      "seconds" : 180
    },{
      "dateTime" : "2015-11-29T09:27:00.000",
      "level" : "asleep",
      "seconds" : 300
    },{
      "dateTime" : "2015-11-29T09:32:00.000",
      "level" : "restless",
      "seconds" : 60
    },{
      "dateTime" : "2015-11-29T09:33:00.000",
      "level" : "asleep",
      "seconds" : 480
    },{
      "dateTime" : "2015-11-29T09:41:00.000",
      "level" : "restless",
      "seconds" : 120
    },{
      "dateTime" : "2015-11-29T09:43:00.000",
      "level" : "asleep",
      "seconds" : 60
    },{
      "dateTime" : "2015-11-29T09:44:00.000",
      "level" : "restless",
      "seconds" : 120
    },{
      "dateTime" : "2015-11-29T09:46:00.000",
      "level" : "asleep",
      "seconds" : 540
    }]
  },
  "mainSleep" : true
},{
  "logId" : 10264931613,
  "dateOfSleep" : "2015-11-28",
  "startTime" : "2015-11-28T01:58:00.000",
  "endTime" : "2015-11-28T08:49:00.000",
  "duration" : 24660000,
  "minutesToFallAsleep" : 0,
  "minutesAsleep" : 396,
  "minutesAwake" : 15,
  "minutesAfterWakeup" : 0,
  "timeInBed" : 411,
  "efficiency" : 96,
  "type" : "classic",
  "infoCode" : 0,
  "logType" : "auto_detected",
  "levels" : {
    "summary" : {
      "restless" : {
        "count" : 10,
        "minutes" : 13
      },
      "awake" : {
        "count" : 2,
        "minutes" : 2
      },
      "asleep" : {
        "count" : 0,
        "minutes" : 396
      }
    },
    "data" : [{
      "dateTime" : "2015-11-28T01:58:00.000",
      "level" : "restless",
      "seconds" : 120
    },{
      "dateTime" : "2015-11-28T02:00:00.000",
      "level" : "asleep",
      "seconds" : 600
    },{
      "dateTime" : "2015-11-28T02:10:00.000",
      "level" : "restless",
      "seconds" : 60
    },{
      "dateTime" : "2015-11-28T02:11:00.000",
      "level" : "asleep",
      "seconds" : 5040
    },{
      "dateTime" : "2015-11-28T03:35:00.000",
      "level" : "restless",
      "seconds" : 60
    },{
      "dateTime" : "2015-11-28T03:36:00.000",
      "level" : "asleep",
      "seconds" : 60
    },{
      "dateTime" : "2015-11-28T03:37:00.000",
      "level" : "restless",
      "seconds" : 60
    },{
      "dateTime" : "2015-11-28T03:38:00.000",
      "level" : "asleep",
      "seconds" : 6240
    },{
      "dateTime" : "2015-11-28T05:22:00.000",
      "level" : "restless",
      "seconds" : 60
    },{
      "dateTime" : "2015-11-28T05:23:00.000",
      "level" : "asleep",
      "seconds" : 9840
    },{
      "dateTime" : "2015-11-28T08:07:00.000",
      "level" : "restless",
      "seconds" : 60
    },{
      "dateTime" : "2015-11-28T08:08:00.000",
      "level" : "asleep",
      "seconds" : 780
    },{
      "dateTime" : "2015-11-28T08:21:00.000",
      "level" : "restless",
      "seconds" : 60
    },{
      "dateTime" : "2015-11-28T08:22:00.000",
      "level" : "asleep",
      "seconds" : 840
    },{
      "dateTime" : "2015-11-28T08:36:00.000",
      "level" : "restless",
      "seconds" : 180
    },{
      "dateTime" : "2015-11-28T08:39:00.000",
      "level" : "awake",
      "seconds" : 60
    },{
      "dateTime" : "2015-11-28T08:40:00.000",
      "level" : "restless",
      "seconds" : 60
    },{
      "dateTime" : "2015-11-28T08:41:00.000",
      "level" : "awake",
      "seconds" : 60
    },{
      "dateTime" : "2015-11-28T08:42:00.000",
      "level" : "asleep",
      "seconds" : 60
    },{
      "dateTime" : "2015-11-28T08:43:00.000",
      "level" : "restless",
      "seconds" : 60
    },{
      "dateTime" : "2015-11-28T08:44:00.000",
      "level" : "asleep",
      "seconds" : 300
    }]
  },
  "mainSleep" : true
},{
  "logId" : 10260598535,
  "dateOfSleep" : "2015-11-27",
  "startTime" : "2015-11-26T23:18:00.000",
  "endTime" : "2015-11-27T06:46:00.000",
  "duration" : 26880000,
  "minutesToFallAsleep" : 0,
  "minutesAsleep" : 431,
  "minutesAwake" : 17,
  "minutesAfterWakeup" : 0,
  "timeInBed" : 448,
  "efficiency" : 96,
  "type" : "classic",
  "infoCode" : 0,
  "logType" : "auto_detected",
  "levels" : {
    "summary" : {
      "restless" : {
        "count" : 8,
        "minutes" : 14
      },
      "awake" : {
        "count" : 1,
        "minutes" : 3
      },
      "asleep" : {
        "count" : 0,
        "minutes" : 431
      }
    },
    "data" : [{
      "dateTime" : "2015-11-26T23:18:00.000",
      "level" : "restless",
      "seconds" : 60
    },{
      "dateTime" : "2015-11-26T23:19:00.000",
      "level" : "awake",
      "seconds" : 180
    },{
      "dateTime" : "2015-11-26T23:22:00.000",
      "level" : "restless",
      "seconds" : 60
    },{
      "dateTime" : "2015-11-26T23:23:00.000",
      "level" : "asleep",
      "seconds" : 960
    },{
      "dateTime" : "2015-11-26T23:39:00.000",
      "level" : "restless",
      "seconds" : 120
    },{
      "dateTime" : "2015-11-26T23:41:00.000",
      "level" : "asleep",
      "seconds" : 300
    },{
      "dateTime" : "2015-11-26T23:46:00.000",
      "level" : "restless",
      "seconds" : 360
    },{
      "dateTime" : "2015-11-26T23:52:00.000",
      "level" : "asleep",
      "seconds" : 2280
    },{
      "dateTime" : "2015-11-27T00:30:00.000",
      "level" : "restless",
      "seconds" : 60
    },{
      "dateTime" : "2015-11-27T00:31:00.000",
      "level" : "asleep",
      "seconds" : 3840
    },{
      "dateTime" : "2015-11-27T01:35:00.000",
      "level" : "restless",
      "seconds" : 60
    },{
      "dateTime" : "2015-11-27T01:36:00.000",
      "level" : "asleep",
      "seconds" : 14880
    },{
      "dateTime" : "2015-11-27T05:44:00.000",
      "level" : "restless",
      "seconds" : 60
    },{
      "dateTime" : "2015-11-27T05:45:00.000",
      "level" : "asleep",
      "seconds" : 120
    },{
      "dateTime" : "2015-11-27T05:47:00.000",
      "level" : "restless",
      "seconds" : 60
    },{
      "dateTime" : "2015-11-27T05:48:00.000",
      "level" : "asleep",
      "seconds" : 3480
    }]
  },
  "mainSleep" : true
},{
  "logId" : 10257285222,
  "dateOfSleep" : "2015-11-26",
  "startTime" : "2015-11-26T00:26:00.000",
  "endTime" : "2015-11-26T06:28:00.000",
  "duration" : 21720000,
  "minutesToFallAsleep" : 0,
  "minutesAsleep" : 357,
  "minutesAwake" : 5,
  "minutesAfterWakeup" : 0,
  "timeInBed" : 362,
  "efficiency" : 99,
  "type" : "classic",
  "infoCode" : 0,
  "logType" : "auto_detected",
  "levels" : {
    "summary" : {
      "restless" : {
        "count" : 3,
        "minutes" : 5
      },
      "awake" : {
        "count" : 0,
        "minutes" : 0
      },
      "asleep" : {
        "count" : 0,
        "minutes" : 357
      }
    },
    "data" : [{
      "dateTime" : "2015-11-26T00:26:00.000",
      "level" : "asleep",
      "seconds" : 120
    },{
      "dateTime" : "2015-11-26T00:28:00.000",
      "level" : "restless",
      "seconds" : 180
    },{
      "dateTime" : "2015-11-26T00:31:00.000",
      "level" : "asleep",
      "seconds" : 120
    },{
      "dateTime" : "2015-11-26T00:33:00.000",
      "level" : "restless",
      "seconds" : 60
    },{
      "dateTime" : "2015-11-26T00:34:00.000",
      "level" : "asleep",
      "seconds" : 8820
    },{
      "dateTime" : "2015-11-26T03:01:00.000",
      "level" : "restless",
      "seconds" : 60
    },{
      "dateTime" : "2015-11-26T03:02:00.000",
      "level" : "asleep",
      "seconds" : 12360
    }]
  },
  "mainSleep" : true
},{
  "logId" : 10253116221,
  "dateOfSleep" : "2015-11-25",
  "startTime" : "2015-11-24T23:25:00.000",
  "endTime" : "2015-11-25T06:45:30.000",
  "duration" : 26400000,
  "minutesToFallAsleep" : 0,
  "minutesAsleep" : 438,
  "minutesAwake" : 2,
  "minutesAfterWakeup" : 0,
  "timeInBed" : 440,
  "efficiency" : 100,
  "type" : "classic",
  "infoCode" : 0,
  "logType" : "auto_detected",
  "levels" : {
    "summary" : {
      "restless" : {
        "count" : 1,
        "minutes" : 1
      },
      "awake" : {
        "count" : 1,
        "minutes" : 1
      },
      "asleep" : {
        "count" : 0,
        "minutes" : 438
      }
    },
    "data" : [{
      "dateTime" : "2015-11-24T23:25:00.000",
      "level" : "awake",
      "seconds" : 60
    },{
      "dateTime" : "2015-11-24T23:26:00.000",
      "level" : "restless",
      "seconds" : 60
    },{
      "dateTime" : "2015-11-24T23:27:00.000",
      "level" : "asleep",
      "seconds" : 26280
    }]
  },
  "mainSleep" : true
},{
  "logId" : 10248331261,
  "dateOfSleep" : "2015-11-24",
  "startTime" : "2015-11-23T23:57:00.000",
  "endTime" : "2015-11-24T07:04:00.000",
  "duration" : 25620000,
  "minutesToFallAsleep" : 0,
  "minutesAsleep" : 424,
  "minutesAwake" : 2,
  "minutesAfterWakeup" : 1,
  "timeInBed" : 427,
  "efficiency" : 100,
  "type" : "classic",
  "infoCode" : 0,
  "logType" : "auto_detected",
  "levels" : {
    "summary" : {
      "restless" : {
        "count" : 3,
        "minutes" : 3
      },
      "awake" : {
        "count" : 0,
        "minutes" : 0
      },
      "asleep" : {
        "count" : 0,
        "minutes" : 424
      }
    },
    "data" : [{
      "dateTime" : "2015-11-23T23:57:00.000",
      "level" : "asleep",
      "seconds" : 1440
    },{
      "dateTime" : "2015-11-24T00:21:00.000",
      "level" : "restless",
      "seconds" : 60
    },{
      "dateTime" : "2015-11-24T00:22:00.000",
      "level" : "asleep",
      "seconds" : 9840
    },{
      "dateTime" : "2015-11-24T03:06:00.000",
      "level" : "restless",
      "seconds" : 60
    },{
      "dateTime" : "2015-11-24T03:07:00.000",
      "level" : "asleep",
      "seconds" : 14160
    },{
      "dateTime" : "2015-11-24T07:03:00.000",
      "level" : "restless",
      "seconds" : 60
    }]
  },
  "mainSleep" : true
},{
  "logId" : 10246185921,
  "dateOfSleep" : "2015-11-23",
  "startTime" : "2015-11-23T18:51:00.000",
  "endTime" : "2015-11-23T19:55:00.000",
  "duration" : 3840000,
  "minutesToFallAsleep" : 0,
  "minutesAsleep" : 59,
  "minutesAwake" : 5,
  "minutesAfterWakeup" : 0,
  "timeInBed" : 64,
  "efficiency" : 92,
  "type" : "classic",
  "infoCode" : 0,
  "logType" : "auto_detected",
  "levels" : {
    "summary" : {
      "restless" : {
        "count" : 2,
        "minutes" : 5
      },
      "awake" : {
        "count" : 0,
        "minutes" : 0
      },
      "asleep" : {
        "count" : 0,
        "minutes" : 59
      }
    },
    "data" : [{
      "dateTime" : "2015-11-23T18:51:00.000",
      "level" : "asleep",
      "seconds" : 1080
    },{
      "dateTime" : "2015-11-23T19:09:00.000",
      "level" : "restless",
      "seconds" : 120
    },{
      "dateTime" : "2015-11-23T19:11:00.000",
      "level" : "asleep",
      "seconds" : 2100
    },{
      "dateTime" : "2015-11-23T19:46:00.000",
      "level" : "restless",
      "seconds" : 180
    },{
      "dateTime" : "2015-11-23T19:49:00.000",
      "level" : "asleep",
      "seconds" : 360
    }]
  },
  "mainSleep" : false
},{
  "logId" : 10244831155,
  "dateOfSleep" : "2015-11-23",
  "startTime" : "2015-11-22T23:14:00.000",
  "endTime" : "2015-11-23T06:38:30.000",
  "duration" : 26640000,
  "minutesToFallAsleep" : 0,
  "minutesAsleep" : 430,
  "minutesAwake" : 14,
  "minutesAfterWakeup" : 0,
  "timeInBed" : 444,
  "efficiency" : 97,
  "type" : "classic",
  "infoCode" : 0,
  "logType" : "auto_detected",
  "levels" : {
    "summary" : {
      "restless" : {
        "count" : 5,
        "minutes" : 11
      },
      "awake" : {
        "count" : 1,
        "minutes" : 3
      },
      "asleep" : {
        "count" : 0,
        "minutes" : 430
      }
    },
    "data" : [{
      "dateTime" : "2015-11-22T23:14:00.000",
      "level" : "awake",
      "seconds" : 180
    },{
      "dateTime" : "2015-11-22T23:17:00.000",
      "level" : "restless",
      "seconds" : 120
    },{
      "dateTime" : "2015-11-22T23:19:00.000",
      "level" : "asleep",
      "seconds" : 6960
    },{
      "dateTime" : "2015-11-23T01:15:00.000",
      "level" : "restless",
      "seconds" : 60
    },{
      "dateTime" : "2015-11-23T01:16:00.000",
      "level" : "asleep",
      "seconds" : 300
    },{
      "dateTime" : "2015-11-23T01:21:00.000",
      "level" : "restless",
      "seconds" : 120
    },{
      "dateTime" : "2015-11-23T01:23:00.000",
      "level" : "asleep",
      "seconds" : 5040
    },{
      "dateTime" : "2015-11-23T02:47:00.000",
      "level" : "restless",
      "seconds" : 60
    },{
      "dateTime" : "2015-11-23T02:48:00.000",
      "level" : "asleep",
      "seconds" : 13380
    },{
      "dateTime" : "2015-11-23T06:31:00.000",
      "level" : "restless",
      "seconds" : 300
    },{
      "dateTime" : "2015-11-23T06:36:00.000",
      "level" : "asleep",
      "seconds" : 120
    }]
  },
  "mainSleep" : true
},{
  "logId" : 10241045804,
  "dateOfSleep" : "2015-11-22",
  "startTime" : "2015-11-22T00:15:30.000",
  "endTime" : "2015-11-22T08:48:30.000",
  "duration" : 30780000,
  "minutesToFallAsleep" : 0,
  "minutesAsleep" : 509,
  "minutesAwake" : 4,
  "minutesAfterWakeup" : 0,
  "timeInBed" : 513,
  "efficiency" : 99,
  "type" : "classic",
  "infoCode" : 0,
  "logType" : "auto_detected",
  "levels" : {
    "summary" : {
      "restless" : {
        "count" : 3,
        "minutes" : 3
      },
      "awake" : {
        "count" : 1,
        "minutes" : 1
      },
      "asleep" : {
        "count" : 0,
        "minutes" : 509
      }
    },
    "data" : [{
      "dateTime" : "2015-11-22T00:15:30.000",
      "level" : "restless",
      "seconds" : 60
    },{
      "dateTime" : "2015-11-22T00:16:30.000",
      "level" : "awake",
      "seconds" : 60
    },{
      "dateTime" : "2015-11-22T00:17:30.000",
      "level" : "asleep",
      "seconds" : 17280
    },{
      "dateTime" : "2015-11-22T05:05:30.000",
      "level" : "restless",
      "seconds" : 60
    },{
      "dateTime" : "2015-11-22T05:06:30.000",
      "level" : "asleep",
      "seconds" : 10980
    },{
      "dateTime" : "2015-11-22T08:09:30.000",
      "level" : "restless",
      "seconds" : 60
    },{
      "dateTime" : "2015-11-22T08:10:30.000",
      "level" : "asleep",
      "seconds" : 2280
    }]
  },
  "mainSleep" : true
},{
  "logId" : 10237425295,
  "dateOfSleep" : "2015-11-21",
  "startTime" : "2015-11-20T23:30:00.000",
  "endTime" : "2015-11-21T05:38:30.000",
  "duration" : 22080000,
  "minutesToFallAsleep" : 0,
  "minutesAsleep" : 356,
  "minutesAwake" : 12,
  "minutesAfterWakeup" : 0,
  "timeInBed" : 368,
  "efficiency" : 97,
  "type" : "classic",
  "infoCode" : 0,
  "logType" : "auto_detected",
  "levels" : {
    "summary" : {
      "restless" : {
        "count" : 5,
        "minutes" : 10
      },
      "awake" : {
        "count" : 1,
        "minutes" : 2
      },
      "asleep" : {
        "count" : 0,
        "minutes" : 356
      }
    },
    "data" : [{
      "dateTime" : "2015-11-20T23:30:00.000",
      "level" : "awake",
      "seconds" : 120
    },{
      "dateTime" : "2015-11-20T23:32:00.000",
      "level" : "restless",
      "seconds" : 120
    },{
      "dateTime" : "2015-11-20T23:34:00.000",
      "level" : "asleep",
      "seconds" : 2100
    },{
      "dateTime" : "2015-11-21T00:09:00.000",
      "level" : "restless",
      "seconds" : 60
    },{
      "dateTime" : "2015-11-21T00:10:00.000",
      "level" : "asleep",
      "seconds" : 60
    },{
      "dateTime" : "2015-11-21T00:11:00.000",
      "level" : "restless",
      "seconds" : 240
    },{
      "dateTime" : "2015-11-21T00:15:00.000",
      "level" : "asleep",
      "seconds" : 10980
    },{
      "dateTime" : "2015-11-21T03:18:00.000",
      "level" : "restless",
      "seconds" : 60
    },{
      "dateTime" : "2015-11-21T03:19:00.000",
      "level" : "asleep",
      "seconds" : 4080
    },{
      "dateTime" : "2015-11-21T04:27:00.000",
      "level" : "restless",
      "seconds" : 120
    },{
      "dateTime" : "2015-11-21T04:29:00.000",
      "level" : "asleep",
      "seconds" : 4140
    }]
  },
  "mainSleep" : true
},{
  "logId" : 10233251986,
  "dateOfSleep" : "2015-11-20",
  "startTime" : "2015-11-19T23:18:00.000",
  "endTime" : "2015-11-20T06:29:30.000",
  "duration" : 25860000,
  "minutesToFallAsleep" : 0,
  "minutesAsleep" : 415,
  "minutesAwake" : 16,
  "minutesAfterWakeup" : 0,
  "timeInBed" : 431,
  "efficiency" : 96,
  "type" : "classic",
  "infoCode" : 0,
  "logType" : "auto_detected",
  "levels" : {
    "summary" : {
      "restless" : {
        "count" : 9,
        "minutes" : 14
      },
      "awake" : {
        "count" : 1,
        "minutes" : 2
      },
      "asleep" : {
        "count" : 0,
        "minutes" : 415
      }
    },
    "data" : [{
      "dateTime" : "2015-11-19T23:18:00.000",
      "level" : "asleep",
      "seconds" : 300
    },{
      "dateTime" : "2015-11-19T23:23:00.000",
      "level" : "restless",
      "seconds" : 180
    },{
      "dateTime" : "2015-11-19T23:26:00.000",
      "level" : "asleep",
      "seconds" : 540
    },{
      "dateTime" : "2015-11-19T23:35:00.000",
      "level" : "restless",
      "seconds" : 120
    },{
      "dateTime" : "2015-11-19T23:37:00.000",
      "level" : "awake",
      "seconds" : 120
    },{
      "dateTime" : "2015-11-19T23:39:00.000",
      "level" : "restless",
      "seconds" : 180
    },{
      "dateTime" : "2015-11-19T23:42:00.000",
      "level" : "asleep",
      "seconds" : 600
    },{
      "dateTime" : "2015-11-19T23:52:00.000",
      "level" : "restless",
      "seconds" : 60
    },{
      "dateTime" : "2015-11-19T23:53:00.000",
      "level" : "asleep",
      "seconds" : 5940
    },{
      "dateTime" : "2015-11-20T01:32:00.000",
      "level" : "restless",
      "seconds" : 60
    },{
      "dateTime" : "2015-11-20T01:33:00.000",
      "level" : "asleep",
      "seconds" : 7920
    },{
      "dateTime" : "2015-11-20T03:45:00.000",
      "level" : "restless",
      "seconds" : 60
    },{
      "dateTime" : "2015-11-20T03:46:00.000",
      "level" : "asleep",
      "seconds" : 600
    },{
      "dateTime" : "2015-11-20T03:56:00.000",
      "level" : "restless",
      "seconds" : 60
    },{
      "dateTime" : "2015-11-20T03:57:00.000",
      "level" : "asleep",
      "seconds" : 6420
    },{
      "dateTime" : "2015-11-20T05:44:00.000",
      "level" : "restless",
      "seconds" : 60
    },{
      "dateTime" : "2015-11-20T05:45:00.000",
      "level" : "asleep",
      "seconds" : 120
    },{
      "dateTime" : "2015-11-20T05:47:00.000",
      "level" : "restless",
      "seconds" : 60
    },{
      "dateTime" : "2015-11-20T05:48:00.000",
      "level" : "asleep",
      "seconds" : 2460
    }]
  },
  "mainSleep" : true
},{
  "logId" : 10229298470,
  "dateOfSleep" : "2015-11-19",
  "startTime" : "2015-11-18T23:27:30.000",
  "endTime" : "2015-11-19T06:24:30.000",
  "duration" : 25020000,
  "minutesToFallAsleep" : 0,
  "minutesAsleep" : 404,
  "minutesAwake" : 13,
  "minutesAfterWakeup" : 0,
  "timeInBed" : 417,
  "efficiency" : 97,
  "type" : "classic",
  "infoCode" : 0,
  "logType" : "auto_detected",
  "levels" : {
    "summary" : {
      "restless" : {
        "count" : 10,
        "minutes" : 12
      },
      "awake" : {
        "count" : 1,
        "minutes" : 1
      },
      "asleep" : {
        "count" : 0,
        "minutes" : 404
      }
    },
    "data" : [{
      "dateTime" : "2015-11-18T23:27:30.000",
      "level" : "awake",
      "seconds" : 60
    },{
      "dateTime" : "2015-11-18T23:28:30.000",
      "level" : "restless",
      "seconds" : 60
    },{
      "dateTime" : "2015-11-18T23:29:30.000",
      "level" : "asleep",
      "seconds" : 3180
    },{
      "dateTime" : "2015-11-19T00:22:30.000",
      "level" : "restless",
      "seconds" : 60
    },{
      "dateTime" : "2015-11-19T00:23:30.000",
      "level" : "asleep",
      "seconds" : 1920
    },{
      "dateTime" : "2015-11-19T00:55:30.000",
      "level" : "restless",
      "seconds" : 180
    },{
      "dateTime" : "2015-11-19T00:58:30.000",
      "level" : "asleep",
      "seconds" : 3060
    },{
      "dateTime" : "2015-11-19T01:49:30.000",
      "level" : "restless",
      "seconds" : 60
    },{
      "dateTime" : "2015-11-19T01:50:30.000",
      "level" : "asleep",
      "seconds" : 420
    },{
      "dateTime" : "2015-11-19T01:57:30.000",
      "level" : "restless",
      "seconds" : 60
    },{
      "dateTime" : "2015-11-19T01:58:30.000",
      "level" : "asleep",
      "seconds" : 1500
    },{
      "dateTime" : "2015-11-19T02:23:30.000",
      "level" : "restless",
      "seconds" : 60
    },{
      "dateTime" : "2015-11-19T02:24:30.000",
      "level" : "asleep",
      "seconds" : 840
    },{
      "dateTime" : "2015-11-19T02:38:30.000",
      "level" : "restless",
      "seconds" : 60
    },{
      "dateTime" : "2015-11-19T02:39:30.000",
      "level" : "asleep",
      "seconds" : 60
    },{
      "dateTime" : "2015-11-19T02:40:30.000",
      "level" : "restless",
      "seconds" : 60
    },{
      "dateTime" : "2015-11-19T02:41:30.000",
      "level" : "asleep",
      "seconds" : 9720
    },{
      "dateTime" : "2015-11-19T05:23:30.000",
      "level" : "restless",
      "seconds" : 60
    },{
      "dateTime" : "2015-11-19T05:24:30.000",
      "level" : "asleep",
      "seconds" : 3240
    },{
      "dateTime" : "2015-11-19T06:18:30.000",
      "level" : "restless",
      "seconds" : 60
    },{
      "dateTime" : "2015-11-19T06:19:30.000",
      "level" : "asleep",
      "seconds" : 300
    }]
  },
  "mainSleep" : true
},{
  "logId" : 10224868261,
  "dateOfSleep" : "2015-11-18",
  "startTime" : "2015-11-17T22:33:30.000",
  "endTime" : "2015-11-18T05:44:30.000",
  "duration" : 25860000,
  "minutesToFallAsleep" : 0,
  "minutesAsleep" : 423,
  "minutesAwake" : 8,
  "minutesAfterWakeup" : 0,
  "timeInBed" : 431,
  "efficiency" : 98,
  "type" : "classic",
  "infoCode" : 0,
  "logType" : "auto_detected",
  "levels" : {
    "summary" : {
      "restless" : {
        "count" : 6,
        "minutes" : 7
      },
      "awake" : {
        "count" : 1,
        "minutes" : 1
      },
      "asleep" : {
        "count" : 0,
        "minutes" : 423
      }
    },
    "data" : [{
      "dateTime" : "2015-11-17T22:33:30.000",
      "level" : "awake",
      "seconds" : 60
    },{
      "dateTime" : "2015-11-17T22:34:30.000",
      "level" : "restless",
      "seconds" : 60
    },{
      "dateTime" : "2015-11-17T22:35:30.000",
      "level" : "asleep",
      "seconds" : 900
    },{
      "dateTime" : "2015-11-17T22:50:30.000",
      "level" : "restless",
      "seconds" : 60
    },{
      "dateTime" : "2015-11-17T22:51:30.000",
      "level" : "asleep",
      "seconds" : 5040
    },{
      "dateTime" : "2015-11-18T00:15:30.000",
      "level" : "restless",
      "seconds" : 60
    },{
      "dateTime" : "2015-11-18T00:16:30.000",
      "level" : "asleep",
      "seconds" : 3240
    },{
      "dateTime" : "2015-11-18T01:10:30.000",
      "level" : "restless",
      "seconds" : 60
    },{
      "dateTime" : "2015-11-18T01:11:30.000",
      "level" : "asleep",
      "seconds" : 5160
    },{
      "dateTime" : "2015-11-18T02:37:30.000",
      "level" : "restless",
      "seconds" : 120
    },{
      "dateTime" : "2015-11-18T02:39:30.000",
      "level" : "asleep",
      "seconds" : 6960
    },{
      "dateTime" : "2015-11-18T04:35:30.000",
      "level" : "restless",
      "seconds" : 60
    },{
      "dateTime" : "2015-11-18T04:36:30.000",
      "level" : "asleep",
      "seconds" : 4080
    }]
  },
  "mainSleep" : true
},{
  "logId" : 10221628381,
  "dateOfSleep" : "2015-11-17",
  "startTime" : "2015-11-16T23:25:00.000",
  "endTime" : "2015-11-17T07:54:00.000",
  "duration" : 30540000,
  "minutesToFallAsleep" : 0,
  "minutesAsleep" : 493,
  "minutesAwake" : 10,
  "minutesAfterWakeup" : 6,
  "timeInBed" : 509,
  "efficiency" : 98,
  "type" : "classic",
  "infoCode" : 0,
  "logType" : "auto_detected",
  "levels" : {
    "summary" : {
      "restless" : {
        "count" : 7,
        "minutes" : 15
      },
      "awake" : {
        "count" : 1,
        "minutes" : 1
      },
      "asleep" : {
        "count" : 0,
        "minutes" : 493
      }
    },
    "data" : [{
      "dateTime" : "2015-11-16T23:25:00.000",
      "level" : "awake",
      "seconds" : 60
    },{
      "dateTime" : "2015-11-16T23:26:00.000",
      "level" : "restless",
      "seconds" : 120
    },{
      "dateTime" : "2015-11-16T23:28:00.000",
      "level" : "asleep",
      "seconds" : 120
    },{
      "dateTime" : "2015-11-16T23:30:00.000",
      "level" : "restless",
      "seconds" : 60
    },{
      "dateTime" : "2015-11-16T23:31:00.000",
      "level" : "asleep",
      "seconds" : 60
    },{
      "dateTime" : "2015-11-16T23:32:00.000",
      "level" : "restless",
      "seconds" : 120
    },{
      "dateTime" : "2015-11-16T23:34:00.000",
      "level" : "asleep",
      "seconds" : 600
    },{
      "dateTime" : "2015-11-16T23:44:00.000",
      "level" : "restless",
      "seconds" : 60
    },{
      "dateTime" : "2015-11-16T23:45:00.000",
      "level" : "asleep",
      "seconds" : 2460
    },{
      "dateTime" : "2015-11-17T00:26:00.000",
      "level" : "restless",
      "seconds" : 120
    },{
      "dateTime" : "2015-11-17T00:28:00.000",
      "level" : "asleep",
      "seconds" : 6720
    },{
      "dateTime" : "2015-11-17T02:20:00.000",
      "level" : "restless",
      "seconds" : 60
    },{
      "dateTime" : "2015-11-17T02:21:00.000",
      "level" : "asleep",
      "seconds" : 19620
    },{
      "dateTime" : "2015-11-17T07:48:00.000",
      "level" : "restless",
      "seconds" : 360
    }]
  },
  "mainSleep" : true
},{
  "logId" : 10216608247,
  "dateOfSleep" : "2015-11-16",
  "startTime" : "2015-11-15T23:09:30.000",
  "endTime" : "2015-11-16T07:12:30.000",
  "duration" : 28980000,
  "minutesToFallAsleep" : 0,
  "minutesAsleep" : 480,
  "minutesAwake" : 3,
  "minutesAfterWakeup" : 0,
  "timeInBed" : 483,
  "efficiency" : 99,
  "type" : "classic",
  "infoCode" : 0,
  "logType" : "auto_detected",
  "levels" : {
    "summary" : {
      "restless" : {
        "count" : 3,
        "minutes" : 3
      },
      "awake" : {
        "count" : 0,
        "minutes" : 0
      },
      "asleep" : {
        "count" : 0,
        "minutes" : 480
      }
    },
    "data" : [{
      "dateTime" : "2015-11-15T23:09:30.000",
      "level" : "asleep",
      "seconds" : 780
    },{
      "dateTime" : "2015-11-15T23:22:30.000",
      "level" : "restless",
      "seconds" : 60
    },{
      "dateTime" : "2015-11-15T23:23:30.000",
      "level" : "asleep",
      "seconds" : 780
    },{
      "dateTime" : "2015-11-15T23:36:30.000",
      "level" : "restless",
      "seconds" : 60
    },{
      "dateTime" : "2015-11-15T23:37:30.000",
      "level" : "asleep",
      "seconds" : 7500
    },{
      "dateTime" : "2015-11-16T01:42:30.000",
      "level" : "restless",
      "seconds" : 60
    },{
      "dateTime" : "2015-11-16T01:43:30.000",
      "level" : "asleep",
      "seconds" : 19740
    }]
  },
  "mainSleep" : true
},{
  "logId" : 10213291972,
  "dateOfSleep" : "2015-11-15",
  "startTime" : "2015-11-15T02:26:00.000",
  "endTime" : "2015-11-15T08:49:00.000",
  "duration" : 22980000,
  "minutesToFallAsleep" : 0,
  "minutesAsleep" : 372,
  "minutesAwake" : 11,
  "minutesAfterWakeup" : 0,
  "timeInBed" : 383,
  "efficiency" : 97,
  "type" : "classic",
  "infoCode" : 0,
  "logType" : "auto_detected",
  "levels" : {
    "summary" : {
      "restless" : {
        "count" : 7,
        "minutes" : 11
      },
      "awake" : {
        "count" : 0,
        "minutes" : 0
      },
      "asleep" : {
        "count" : 0,
        "minutes" : 372
      }
    },
    "data" : [{
      "dateTime" : "2015-11-15T02:26:00.000",
      "level" : "restless",
      "seconds" : 60
    },{
      "dateTime" : "2015-11-15T02:27:00.000",
      "level" : "asleep",
      "seconds" : 120
    },{
      "dateTime" : "2015-11-15T02:29:00.000",
      "level" : "restless",
      "seconds" : 60
    },{
      "dateTime" : "2015-11-15T02:30:00.000",
      "level" : "asleep",
      "seconds" : 420
    },{
      "dateTime" : "2015-11-15T02:37:00.000",
      "level" : "restless",
      "seconds" : 60
    },{
      "dateTime" : "2015-11-15T02:38:00.000",
      "level" : "asleep",
      "seconds" : 120
    },{
      "dateTime" : "2015-11-15T02:40:00.000",
      "level" : "restless",
      "seconds" : 120
    },{
      "dateTime" : "2015-11-15T02:42:00.000",
      "level" : "asleep",
      "seconds" : 780
    },{
      "dateTime" : "2015-11-15T02:55:00.000",
      "level" : "restless",
      "seconds" : 120
    },{
      "dateTime" : "2015-11-15T02:57:00.000",
      "level" : "asleep",
      "seconds" : 60
    },{
      "dateTime" : "2015-11-15T02:58:00.000",
      "level" : "restless",
      "seconds" : 120
    },{
      "dateTime" : "2015-11-15T03:00:00.000",
      "level" : "asleep",
      "seconds" : 5940
    },{
      "dateTime" : "2015-11-15T04:39:00.000",
      "level" : "restless",
      "seconds" : 120
    },{
      "dateTime" : "2015-11-15T04:41:00.000",
      "level" : "asleep",
      "seconds" : 14880
    }]
  },
  "mainSleep" : true
},{
  "logId" : 10209177685,
  "dateOfSleep" : "2015-11-14",
  "startTime" : "2015-11-13T23:45:30.000",
  "endTime" : "2015-11-14T07:00:00.000",
  "duration" : 26040000,
  "minutesToFallAsleep" : 0,
  "minutesAsleep" : 414,
  "minutesAwake" : 20,
  "minutesAfterWakeup" : 0,
  "timeInBed" : 434,
  "efficiency" : 95,
  "type" : "classic",
  "infoCode" : 0,
  "logType" : "auto_detected",
  "levels" : {
    "summary" : {
      "restless" : {
        "count" : 7,
        "minutes" : 17
      },
      "awake" : {
        "count" : 2,
        "minutes" : 3
      },
      "asleep" : {
        "count" : 0,
        "minutes" : 414
      }
    },
    "data" : [{
      "dateTime" : "2015-11-13T23:45:30.000",
      "level" : "restless",
      "seconds" : 240
    },{
      "dateTime" : "2015-11-13T23:49:30.000",
      "level" : "awake",
      "seconds" : 60
    },{
      "dateTime" : "2015-11-13T23:50:30.000",
      "level" : "asleep",
      "seconds" : 420
    },{
      "dateTime" : "2015-11-13T23:57:30.000",
      "level" : "restless",
      "seconds" : 60
    },{
      "dateTime" : "2015-11-13T23:58:30.000",
      "level" : "asleep",
      "seconds" : 540
    },{
      "dateTime" : "2015-11-14T00:07:30.000",
      "level" : "restless",
      "seconds" : 360
    },{
      "dateTime" : "2015-11-14T00:13:30.000",
      "level" : "asleep",
      "seconds" : 960
    },{
      "dateTime" : "2015-11-14T00:29:30.000",
      "level" : "restless",
      "seconds" : 60
    },{
      "dateTime" : "2015-11-14T00:30:30.000",
      "level" : "asleep",
      "seconds" : 540
    },{
      "dateTime" : "2015-11-14T00:39:30.000",
      "level" : "restless",
      "seconds" : 180
    },{
      "dateTime" : "2015-11-14T00:42:30.000",
      "level" : "awake",
      "seconds" : 120
    },{
      "dateTime" : "2015-11-14T00:44:30.000",
      "level" : "restless",
      "seconds" : 60
    },{
      "dateTime" : "2015-11-14T00:45:30.000",
      "level" : "asleep",
      "seconds" : 14040
    },{
      "dateTime" : "2015-11-14T04:39:30.000",
      "level" : "restless",
      "seconds" : 60
    },{
      "dateTime" : "2015-11-14T04:40:30.000",
      "level" : "asleep",
      "seconds" : 8340
    }]
  },
  "mainSleep" : true
},{
  "logId" : 10205794715,
  "dateOfSleep" : "2015-11-13",
  "startTime" : "2015-11-12T23:41:00.000",
  "endTime" : "2015-11-13T06:49:30.000",
  "duration" : 25680000,
  "minutesToFallAsleep" : 0,
  "minutesAsleep" : 413,
  "minutesAwake" : 15,
  "minutesAfterWakeup" : 0,
  "timeInBed" : 428,
  "efficiency" : 96,
  "type" : "classic",
  "infoCode" : 0,
  "logType" : "auto_detected",
  "levels" : {
    "summary" : {
      "restless" : {
        "count" : 11,
        "minutes" : 15
      },
      "awake" : {
        "count" : 0,
        "minutes" : 0
      },
      "asleep" : {
        "count" : 0,
        "minutes" : 413
      }
    },
    "data" : [{
      "dateTime" : "2015-11-12T23:41:00.000",
      "level" : "asleep",
      "seconds" : 180
    },{
      "dateTime" : "2015-11-12T23:44:00.000",
      "level" : "restless",
      "seconds" : 180
    },{
      "dateTime" : "2015-11-12T23:47:00.000",
      "level" : "asleep",
      "seconds" : 720
    },{
      "dateTime" : "2015-11-12T23:59:00.000",
      "level" : "restless",
      "seconds" : 60
    },{
      "dateTime" : "2015-11-13T00:00:00.000",
      "level" : "asleep",
      "seconds" : 120
    },{
      "dateTime" : "2015-11-13T00:02:00.000",
      "level" : "restless",
      "seconds" : 60
    },{
      "dateTime" : "2015-11-13T00:03:00.000",
      "level" : "asleep",
      "seconds" : 5640
    },{
      "dateTime" : "2015-11-13T01:37:00.000",
      "level" : "restless",
      "seconds" : 120
    },{
      "dateTime" : "2015-11-13T01:39:00.000",
      "level" : "asleep",
      "seconds" : 720
    },{
      "dateTime" : "2015-11-13T01:51:00.000",
      "level" : "restless",
      "seconds" : 60
    },{
      "dateTime" : "2015-11-13T01:52:00.000",
      "level" : "asleep",
      "seconds" : 1800
    },{
      "dateTime" : "2015-11-13T02:22:00.000",
      "level" : "restless",
      "seconds" : 60
    },{
      "dateTime" : "2015-11-13T02:23:00.000",
      "level" : "asleep",
      "seconds" : 4020
    },{
      "dateTime" : "2015-11-13T03:30:00.000",
      "level" : "restless",
      "seconds" : 60
    },{
      "dateTime" : "2015-11-13T03:31:00.000",
      "level" : "asleep",
      "seconds" : 120
    },{
      "dateTime" : "2015-11-13T03:33:00.000",
      "level" : "restless",
      "seconds" : 60
    },{
      "dateTime" : "2015-11-13T03:34:00.000",
      "level" : "asleep",
      "seconds" : 7320
    },{
      "dateTime" : "2015-11-13T05:36:00.000",
      "level" : "restless",
      "seconds" : 60
    },{
      "dateTime" : "2015-11-13T05:37:00.000",
      "level" : "asleep",
      "seconds" : 900
    },{
      "dateTime" : "2015-11-13T05:52:00.000",
      "level" : "restless",
      "seconds" : 60
    },{
      "dateTime" : "2015-11-13T05:53:00.000",
      "level" : "asleep",
      "seconds" : 1800
    },{
      "dateTime" : "2015-11-13T06:23:00.000",
      "level" : "restless",
      "seconds" : 120
    },{
      "dateTime" : "2015-11-13T06:25:00.000",
      "level" : "asleep",
      "seconds" : 1440
    }]
  },
  "mainSleep" : true
},{
  "logId" : 10201681963,
  "dateOfSleep" : "2015-11-12",
  "startTime" : "2015-11-11T23:54:00.000",
  "endTime" : "2015-11-12T07:43:30.000",
  "duration" : 28140000,
  "minutesToFallAsleep" : 0,
  "minutesAsleep" : 456,
  "minutesAwake" : 12,
  "minutesAfterWakeup" : 1,
  "timeInBed" : 469,
  "efficiency" : 97,
  "type" : "classic",
  "infoCode" : 0,
  "logType" : "auto_detected",
  "levels" : {
    "summary" : {
      "restless" : {
        "count" : 8,
        "minutes" : 13
      },
      "awake" : {
        "count" : 0,
        "minutes" : 0
      },
      "asleep" : {
        "count" : 0,
        "minutes" : 456
      }
    },
    "data" : [{
      "dateTime" : "2015-11-11T23:54:00.000",
      "level" : "asleep",
      "seconds" : 420
    },{
      "dateTime" : "2015-11-12T00:01:00.000",
      "level" : "restless",
      "seconds" : 60
    },{
      "dateTime" : "2015-11-12T00:02:00.000",
      "level" : "asleep",
      "seconds" : 60
    },{
      "dateTime" : "2015-11-12T00:03:00.000",
      "level" : "restless",
      "seconds" : 120
    },{
      "dateTime" : "2015-11-12T00:05:00.000",
      "level" : "asleep",
      "seconds" : 1260
    },{
      "dateTime" : "2015-11-12T00:26:00.000",
      "level" : "restless",
      "seconds" : 120
    },{
      "dateTime" : "2015-11-12T00:28:00.000",
      "level" : "asleep",
      "seconds" : 60
    },{
      "dateTime" : "2015-11-12T00:29:00.000",
      "level" : "restless",
      "seconds" : 120
    },{
      "dateTime" : "2015-11-12T00:31:00.000",
      "level" : "asleep",
      "seconds" : 720
    },{
      "dateTime" : "2015-11-12T00:43:00.000",
      "level" : "restless",
      "seconds" : 60
    },{
      "dateTime" : "2015-11-12T00:44:00.000",
      "level" : "asleep",
      "seconds" : 22800
    },{
      "dateTime" : "2015-11-12T07:04:00.000",
      "level" : "restless",
      "seconds" : 120
    },{
      "dateTime" : "2015-11-12T07:06:00.000",
      "level" : "asleep",
      "seconds" : 1080
    },{
      "dateTime" : "2015-11-12T07:24:00.000",
      "level" : "restless",
      "seconds" : 120
    },{
      "dateTime" : "2015-11-12T07:26:00.000",
      "level" : "asleep",
      "seconds" : 960
    },{
      "dateTime" : "2015-11-12T07:42:00.000",
      "level" : "restless",
      "seconds" : 60
    }]
  },
  "mainSleep" : true
},{
  "logId" : 10197479821,
  "dateOfSleep" : "2015-11-11",
  "startTime" : "2015-11-10T23:44:00.000",
  "endTime" : "2015-11-11T07:12:30.000",
  "duration" : 26880000,
  "minutesToFallAsleep" : 0,
  "minutesAsleep" : 433,
  "minutesAwake" : 15,
  "minutesAfterWakeup" : 0,
  "timeInBed" : 448,
  "efficiency" : 97,
  "type" : "classic",
  "infoCode" : 0,
  "logType" : "auto_detected",
  "levels" : {
    "summary" : {
      "restless" : {
        "count" : 9,
        "minutes" : 12
      },
      "awake" : {
        "count" : 1,
        "minutes" : 3
      },
      "asleep" : {
        "count" : 0,
        "minutes" : 433
      }
    },
    "data" : [{
      "dateTime" : "2015-11-10T23:44:00.000",
      "level" : "awake",
      "seconds" : 180
    },{
      "dateTime" : "2015-11-10T23:47:00.000",
      "level" : "restless",
      "seconds" : 60
    },{
      "dateTime" : "2015-11-10T23:48:00.000",
      "level" : "asleep",
      "seconds" : 5100
    },{
      "dateTime" : "2015-11-11T01:13:00.000",
      "level" : "restless",
      "seconds" : 60
    },{
      "dateTime" : "2015-11-11T01:14:00.000",
      "level" : "asleep",
      "seconds" : 5520
    },{
      "dateTime" : "2015-11-11T02:46:00.000",
      "level" : "restless",
      "seconds" : 60
    },{
      "dateTime" : "2015-11-11T02:47:00.000",
      "level" : "asleep",
      "seconds" : 180
    },{
      "dateTime" : "2015-11-11T02:50:00.000",
      "level" : "restless",
      "seconds" : 60
    },{
      "dateTime" : "2015-11-11T02:51:00.000",
      "level" : "asleep",
      "seconds" : 1920
    },{
      "dateTime" : "2015-11-11T03:23:00.000",
      "level" : "restless",
      "seconds" : 60
    },{
      "dateTime" : "2015-11-11T03:24:00.000",
      "level" : "asleep",
      "seconds" : 11760
    },{
      "dateTime" : "2015-11-11T06:40:00.000",
      "level" : "restless",
      "seconds" : 60
    },{
      "dateTime" : "2015-11-11T06:41:00.000",
      "level" : "asleep",
      "seconds" : 600
    },{
      "dateTime" : "2015-11-11T06:51:00.000",
      "level" : "restless",
      "seconds" : 60
    },{
      "dateTime" : "2015-11-11T06:52:00.000",
      "level" : "asleep",
      "seconds" : 420
    },{
      "dateTime" : "2015-11-11T06:59:00.000",
      "level" : "restless",
      "seconds" : 120
    },{
      "dateTime" : "2015-11-11T07:01:00.000",
      "level" : "asleep",
      "seconds" : 60
    },{
      "dateTime" : "2015-11-11T07:02:00.000",
      "level" : "restless",
      "seconds" : 180
    },{
      "dateTime" : "2015-11-11T07:05:00.000",
      "level" : "asleep",
      "seconds" : 420
    }]
  },
  "mainSleep" : true
},{
  "logId" : 10193390494,
  "dateOfSleep" : "2015-11-10",
  "startTime" : "2015-11-09T22:07:00.000",
  "endTime" : "2015-11-10T06:12:30.000",
  "duration" : 29100000,
  "minutesToFallAsleep" : 0,
  "minutesAsleep" : 462,
  "minutesAwake" : 23,
  "minutesAfterWakeup" : 0,
  "timeInBed" : 485,
  "efficiency" : 95,
  "type" : "classic",
  "infoCode" : 0,
  "logType" : "auto_detected",
  "levels" : {
    "summary" : {
      "restless" : {
        "count" : 11,
        "minutes" : 19
      },
      "awake" : {
        "count" : 3,
        "minutes" : 4
      },
      "asleep" : {
        "count" : 0,
        "minutes" : 462
      }
    },
    "data" : [{
      "dateTime" : "2015-11-09T22:07:00.000",
      "level" : "awake",
      "seconds" : 120
    },{
      "dateTime" : "2015-11-09T22:09:00.000",
      "level" : "restless",
      "seconds" : 60
    },{
      "dateTime" : "2015-11-09T22:10:00.000",
      "level" : "asleep",
      "seconds" : 780
    },{
      "dateTime" : "2015-11-09T22:23:00.000",
      "level" : "restless",
      "seconds" : 120
    },{
      "dateTime" : "2015-11-09T22:25:00.000",
      "level" : "asleep",
      "seconds" : 1320
    },{
      "dateTime" : "2015-11-09T22:47:00.000",
      "level" : "restless",
      "seconds" : 60
    },{
      "dateTime" : "2015-11-09T22:48:00.000",
      "level" : "asleep",
      "seconds" : 60
    },{
      "dateTime" : "2015-11-09T22:49:00.000",
      "level" : "restless",
      "seconds" : 180
    },{
      "dateTime" : "2015-11-09T22:52:00.000",
      "level" : "awake",
      "seconds" : 60
    },{
      "dateTime" : "2015-11-09T22:53:00.000",
      "level" : "restless",
      "seconds" : 60
    },{
      "dateTime" : "2015-11-09T22:54:00.000",
      "level" : "asleep",
      "seconds" : 180
    },{
      "dateTime" : "2015-11-09T22:57:00.000",
      "level" : "restless",
      "seconds" : 180
    },{
      "dateTime" : "2015-11-09T23:00:00.000",
      "level" : "awake",
      "seconds" : 60
    },{
      "dateTime" : "2015-11-09T23:01:00.000",
      "level" : "restless",
      "seconds" : 60
    },{
      "dateTime" : "2015-11-09T23:02:00.000",
      "level" : "asleep",
      "seconds" : 900
    },{
      "dateTime" : "2015-11-09T23:17:00.000",
      "level" : "restless",
      "seconds" : 60
    },{
      "dateTime" : "2015-11-09T23:18:00.000",
      "level" : "asleep",
      "seconds" : 7500
    },{
      "dateTime" : "2015-11-10T01:23:00.000",
      "level" : "restless",
      "seconds" : 120
    },{
      "dateTime" : "2015-11-10T01:25:00.000",
      "level" : "asleep",
      "seconds" : 7500
    },{
      "dateTime" : "2015-11-10T03:30:00.000",
      "level" : "restless",
      "seconds" : 120
    },{
      "dateTime" : "2015-11-10T03:32:00.000",
      "level" : "asleep",
      "seconds" : 60
    },{
      "dateTime" : "2015-11-10T03:33:00.000",
      "level" : "restless",
      "seconds" : 120
    },{
      "dateTime" : "2015-11-10T03:35:00.000",
      "level" : "asleep",
      "seconds" : 9420
    }]
  },
  "mainSleep" : true
},{
  "logId" : 10189795504,
  "dateOfSleep" : "2015-11-09",
  "startTime" : "2015-11-08T23:05:30.000",
  "endTime" : "2015-11-09T08:27:00.000",
  "duration" : 33660000,
  "minutesToFallAsleep" : 0,
  "minutesAsleep" : 553,
  "minutesAwake" : 8,
  "minutesAfterWakeup" : 0,
  "timeInBed" : 561,
  "efficiency" : 99,
  "type" : "classic",
  "infoCode" : 0,
  "logType" : "auto_detected",
  "levels" : {
    "summary" : {
      "restless" : {
        "count" : 6,
        "minutes" : 8
      },
      "awake" : {
        "count" : 0,
        "minutes" : 0
      },
      "asleep" : {
        "count" : 0,
        "minutes" : 553
      }
    },
    "data" : [{
      "dateTime" : "2015-11-08T23:05:30.000",
      "level" : "asleep",
      "seconds" : 1260
    },{
      "dateTime" : "2015-11-08T23:26:30.000",
      "level" : "restless",
      "seconds" : 60
    },{
      "dateTime" : "2015-11-08T23:27:30.000",
      "level" : "asleep",
      "seconds" : 3840
    },{
      "dateTime" : "2015-11-09T00:31:30.000",
      "level" : "restless",
      "seconds" : 60
    },{
      "dateTime" : "2015-11-09T00:32:30.000",
      "level" : "asleep",
      "seconds" : 3480
    },{
      "dateTime" : "2015-11-09T01:30:30.000",
      "level" : "restless",
      "seconds" : 60
    },{
      "dateTime" : "2015-11-09T01:31:30.000",
      "level" : "asleep",
      "seconds" : 14940
    },{
      "dateTime" : "2015-11-09T05:40:30.000",
      "level" : "restless",
      "seconds" : 60
    },{
      "dateTime" : "2015-11-09T05:41:30.000",
      "level" : "asleep",
      "seconds" : 120
    },{
      "dateTime" : "2015-11-09T05:43:30.000",
      "level" : "restless",
      "seconds" : 60
    },{
      "dateTime" : "2015-11-09T05:44:30.000",
      "level" : "asleep",
      "seconds" : 9180
    },{
      "dateTime" : "2015-11-09T08:17:30.000",
      "level" : "restless",
      "seconds" : 180
    },{
      "dateTime" : "2015-11-09T08:20:30.000",
      "level" : "asleep",
      "seconds" : 360
    }]
  },
  "mainSleep" : true
},{
  "logId" : 10186057259,
  "dateOfSleep" : "2015-11-08",
  "startTime" : "2015-11-08T00:14:00.000",
  "endTime" : "2015-11-08T09:20:00.000",
  "duration" : 32760000,
  "minutesToFallAsleep" : 0,
  "minutesAsleep" : 517,
  "minutesAwake" : 26,
  "minutesAfterWakeup" : 3,
  "timeInBed" : 546,
  "efficiency" : 95,
  "type" : "classic",
  "infoCode" : 0,
  "logType" : "auto_detected",
  "levels" : {
    "summary" : {
      "restless" : {
        "count" : 15,
        "minutes" : 27
      },
      "awake" : {
        "count" : 2,
        "minutes" : 2
      },
      "asleep" : {
        "count" : 0,
        "minutes" : 517
      }
    },
    "data" : [{
      "dateTime" : "2015-11-08T00:14:00.000",
      "level" : "restless",
      "seconds" : 120
    },{
      "dateTime" : "2015-11-08T00:16:00.000",
      "level" : "awake",
      "seconds" : 60
    },{
      "dateTime" : "2015-11-08T00:17:00.000",
      "level" : "restless",
      "seconds" : 60
    },{
      "dateTime" : "2015-11-08T00:18:00.000",
      "level" : "asleep",
      "seconds" : 240
    },{
      "dateTime" : "2015-11-08T00:22:00.000",
      "level" : "restless",
      "seconds" : 120
    },{
      "dateTime" : "2015-11-08T00:24:00.000",
      "level" : "asleep",
      "seconds" : 4440
    },{
      "dateTime" : "2015-11-08T01:38:00.000",
      "level" : "restless",
      "seconds" : 60
    },{
      "dateTime" : "2015-11-08T01:39:00.000",
      "level" : "asleep",
      "seconds" : 660
    },{
      "dateTime" : "2015-11-08T01:50:00.000",
      "level" : "restless",
      "seconds" : 60
    },{
      "dateTime" : "2015-11-08T01:51:00.000",
      "level" : "asleep",
      "seconds" : 7560
    },{
      "dateTime" : "2015-11-08T03:57:00.000",
      "level" : "restless",
      "seconds" : 60
    },{
      "dateTime" : "2015-11-08T03:58:00.000",
      "level" : "asleep",
      "seconds" : 2220
    },{
      "dateTime" : "2015-11-08T04:35:00.000",
      "level" : "restless",
      "seconds" : 60
    },{
      "dateTime" : "2015-11-08T04:36:00.000",
      "level" : "asleep",
      "seconds" : 3300
    },{
      "dateTime" : "2015-11-08T05:31:00.000",
      "level" : "restless",
      "seconds" : 120
    },{
      "dateTime" : "2015-11-08T05:33:00.000",
      "level" : "asleep",
      "seconds" : 10740
    },{
      "dateTime" : "2015-11-08T08:32:00.000",
      "level" : "restless",
      "seconds" : 60
    },{
      "dateTime" : "2015-11-08T08:33:00.000",
      "level" : "asleep",
      "seconds" : 840
    },{
      "dateTime" : "2015-11-08T08:47:00.000",
      "level" : "restless",
      "seconds" : 180
    },{
      "dateTime" : "2015-11-08T08:50:00.000",
      "level" : "awake",
      "seconds" : 60
    },{
      "dateTime" : "2015-11-08T08:51:00.000",
      "level" : "restless",
      "seconds" : 180
    },{
      "dateTime" : "2015-11-08T08:54:00.000",
      "level" : "asleep",
      "seconds" : 180
    },{
      "dateTime" : "2015-11-08T08:57:00.000",
      "level" : "restless",
      "seconds" : 60
    },{
      "dateTime" : "2015-11-08T08:58:00.000",
      "level" : "asleep",
      "seconds" : 120
    },{
      "dateTime" : "2015-11-08T09:00:00.000",
      "level" : "restless",
      "seconds" : 180
    },{
      "dateTime" : "2015-11-08T09:03:00.000",
      "level" : "asleep",
      "seconds" : 600
    },{
      "dateTime" : "2015-11-08T09:13:00.000",
      "level" : "restless",
      "seconds" : 120
    },{
      "dateTime" : "2015-11-08T09:15:00.000",
      "level" : "asleep",
      "seconds" : 120
    },{
      "dateTime" : "2015-11-08T09:17:00.000",
      "level" : "restless",
      "seconds" : 180
    }]
  },
  "mainSleep" : true
},{
  "logId" : 10181828677,
  "dateOfSleep" : "2015-11-07",
  "startTime" : "2015-11-06T22:58:00.000",
  "endTime" : "2015-11-07T07:49:30.000",
  "duration" : 31860000,
  "minutesToFallAsleep" : 0,
  "minutesAsleep" : 510,
  "minutesAwake" : 21,
  "minutesAfterWakeup" : 0,
  "timeInBed" : 531,
  "efficiency" : 96,
  "type" : "classic",
  "infoCode" : 0,
  "logType" : "auto_detected",
  "levels" : {
    "summary" : {
      "restless" : {
        "count" : 12,
        "minutes" : 15
      },
      "awake" : {
        "count" : 3,
        "minutes" : 6
      },
      "asleep" : {
        "count" : 0,
        "minutes" : 510
      }
    },
    "data" : [{
      "dateTime" : "2015-11-06T22:58:00.000",
      "level" : "awake",
      "seconds" : 240
    },{
      "dateTime" : "2015-11-06T23:02:00.000",
      "level" : "restless",
      "seconds" : 60
    },{
      "dateTime" : "2015-11-06T23:03:00.000",
      "level" : "awake",
      "seconds" : 60
    },{
      "dateTime" : "2015-11-06T23:04:00.000",
      "level" : "asleep",
      "seconds" : 900
    },{
      "dateTime" : "2015-11-06T23:19:00.000",
      "level" : "restless",
      "seconds" : 60
    },{
      "dateTime" : "2015-11-06T23:20:00.000",
      "level" : "asleep",
      "seconds" : 360
    },{
      "dateTime" : "2015-11-06T23:26:00.000",
      "level" : "restless",
      "seconds" : 180
    },{
      "dateTime" : "2015-11-06T23:29:00.000",
      "level" : "awake",
      "seconds" : 60
    },{
      "dateTime" : "2015-11-06T23:30:00.000",
      "level" : "restless",
      "seconds" : 120
    },{
      "dateTime" : "2015-11-06T23:32:00.000",
      "level" : "asleep",
      "seconds" : 2040
    },{
      "dateTime" : "2015-11-07T00:06:00.000",
      "level" : "restless",
      "seconds" : 60
    },{
      "dateTime" : "2015-11-07T00:07:00.000",
      "level" : "asleep",
      "seconds" : 6840
    },{
      "dateTime" : "2015-11-07T02:01:00.000",
      "level" : "restless",
      "seconds" : 60
    },{
      "dateTime" : "2015-11-07T02:02:00.000",
      "level" : "asleep",
      "seconds" : 120
    },{
      "dateTime" : "2015-11-07T02:04:00.000",
      "level" : "restless",
      "seconds" : 60
    },{
      "dateTime" : "2015-11-07T02:05:00.000",
      "level" : "asleep",
      "seconds" : 7080
    },{
      "dateTime" : "2015-11-07T04:03:00.000",
      "level" : "restless",
      "seconds" : 60
    },{
      "dateTime" : "2015-11-07T04:04:00.000",
      "level" : "asleep",
      "seconds" : 120
    },{
      "dateTime" : "2015-11-07T04:06:00.000",
      "level" : "restless",
      "seconds" : 60
    },{
      "dateTime" : "2015-11-07T04:07:00.000",
      "level" : "asleep",
      "seconds" : 1980
    },{
      "dateTime" : "2015-11-07T04:40:00.000",
      "level" : "restless",
      "seconds" : 60
    },{
      "dateTime" : "2015-11-07T04:41:00.000",
      "level" : "asleep",
      "seconds" : 4680
    },{
      "dateTime" : "2015-11-07T05:59:00.000",
      "level" : "restless",
      "seconds" : 60
    },{
      "dateTime" : "2015-11-07T06:00:00.000",
      "level" : "asleep",
      "seconds" : 4500
    },{
      "dateTime" : "2015-11-07T07:15:00.000",
      "level" : "restless",
      "seconds" : 60
    },{
      "dateTime" : "2015-11-07T07:16:00.000",
      "level" : "asleep",
      "seconds" : 1980
    }]
  },
  "mainSleep" : true
},{
  "logId" : 1551101969,
  "dateOfSleep" : "2015-11-06",
  "startTime" : "2015-11-05T23:10:00.000",
  "endTime" : "2015-11-06T08:00:30.000",
  "duration" : 31800000,
  "minutesToFallAsleep" : 0,
  "minutesAsleep" : 512,
  "minutesAwake" : 18,
  "minutesAfterWakeup" : 0,
  "timeInBed" : 530,
  "efficiency" : 97,
  "type" : "classic",
  "infoCode" : 0,
  "logType" : "auto_detected",
  "levels" : {
    "summary" : {
      "restless" : {
        "count" : 7,
        "minutes" : 16
      },
      "awake" : {
        "count" : 1,
        "minutes" : 2
      },
      "asleep" : {
        "count" : 0,
        "minutes" : 512
      }
    },
    "data" : [{
      "dateTime" : "2015-11-05T23:10:00.000",
      "level" : "asleep",
      "seconds" : 60
    },{
      "dateTime" : "2015-11-05T23:11:00.000",
      "level" : "restless",
      "seconds" : 180
    },{
      "dateTime" : "2015-11-05T23:14:00.000",
      "level" : "awake",
      "seconds" : 120
    },{
      "dateTime" : "2015-11-05T23:16:00.000",
      "level" : "restless",
      "seconds" : 120
    },{
      "dateTime" : "2015-11-05T23:18:00.000",
      "level" : "asleep",
      "seconds" : 7800
    },{
      "dateTime" : "2015-11-06T01:28:00.000",
      "level" : "restless",
      "seconds" : 60
    },{
      "dateTime" : "2015-11-06T01:29:00.000",
      "level" : "asleep",
      "seconds" : 900
    },{
      "dateTime" : "2015-11-06T01:44:00.000",
      "level" : "restless",
      "seconds" : 60
    },{
      "dateTime" : "2015-11-06T01:45:00.000",
      "level" : "asleep",
      "seconds" : 13860
    },{
      "dateTime" : "2015-11-06T05:36:00.000",
      "level" : "restless",
      "seconds" : 120
    },{
      "dateTime" : "2015-11-06T05:38:00.000",
      "level" : "asleep",
      "seconds" : 60
    },{
      "dateTime" : "2015-11-06T05:39:00.000",
      "level" : "restless",
      "seconds" : 60
    },{
      "dateTime" : "2015-11-06T05:40:00.000",
      "level" : "asleep",
      "seconds" : 7920
    },{
      "dateTime" : "2015-11-06T07:52:00.000",
      "level" : "restless",
      "seconds" : 360
    },{
      "dateTime" : "2015-11-06T07:58:00.000",
      "level" : "asleep",
      "seconds" : 120
    }]
  },
  "mainSleep" : true
}]