[{
  "logId" : 836812627,
  "dateOfSleep" : "2015-04-10",
  "startTime" : "2015-04-09T23:51:00.000",
  "endTime" : "2015-04-10T08:56:00.000",
  "duration" : 32700000,
  "minutesToFallAsleep" : 0,
  "minutesAsleep" : 509,
  "minutesAwake" : 11,
  "minutesAfterWakeup" : 10,
  "timeInBed" : 545,
  "efficiency" : 98,
  "type" : "classic",
  "infoCode" : 0,
  "logType" : "auto_detected",
  "levels" : {
    "summary" : {
      "restless" : {
        "count" : 12,
        "minutes" : 22
      },
      "awake" : {
        "count" : 2,
        "minutes" : 5
      },
      "asleep" : {
        "count" : 0,
        "minutes" : 509
      }
    },
    "data" : [{
      "dateTime" : "2015-04-09T23:51:00.000",
      "level" : "awake",
      "seconds" : 60
    },{
      "dateTime" : "2015-04-09T23:52:00.000",
      "level" : "restless",
      "seconds" : 60
    },{
      "dateTime" : "2015-04-09T23:53:00.000",
      "level" : "asleep",
      "seconds" : 120
    },{
      "dateTime" : "2015-04-09T23:55:00.000",
      "level" : "restless",
      "seconds" : 180
    },{
      "dateTime" : "2015-04-09T23:58:00.000",
      "level" : "asleep",
      "seconds" : 180
    },{
      "dateTime" : "2015-04-10T00:01:00.000",
      "level" : "restless",
      "seconds" : 60
    },{
      "dateTime" : "2015-04-10T00:02:00.000",
      "level" : "asleep",
      "seconds" : 23820
    },{
      "dateTime" : "2015-04-10T06:39:00.000",
      "level" : "restless",
      "seconds" : 60
    },{
      "dateTime" : "2015-04-10T06:40:00.000",
      "level" : "asleep",
      "seconds" : 5760
    },{
      "dateTime" : "2015-04-10T08:16:00.000",
      "level" : "restless",
      "seconds" : 120
    },{
      "dateTime" : "2015-04-10T08:18:00.000",
      "level" : "asleep",
      "seconds" : 480
    },{
      "dateTime" : "2015-04-10T08:26:00.000",
      "level" : "restless",
      "seconds" : 60
    },{
      "dateTime" : "2015-04-10T08:27:00.000",
      "level" : "asleep",
      "seconds" : 60
    },{
      "dateTime" : "2015-04-10T08:28:00.000",
      "level" : "restless",
      "seconds" : 120
    },{
      "dateTime" : "2015-04-10T08:30:00.000",
      "level" : "asleep",
      "seconds" : 60
    },{
      "dateTime" : "2015-04-10T08:31:00.000",
      "level" : "restless",
      "seconds" : 60
    },{
      "dateTime" : "2015-04-10T08:32:00.000",
      "level" : "asleep",
      "seconds" : 180
    },{
      "dateTime" : "2015-04-10T08:35:00.000",
      "level" : "restless",
      "seconds" : 60
    },{
      "dateTime" : "2015-04-10T08:36:00.000",
      "level" : "asleep",
      "seconds" : 120
    },{
      "dateTime" : "2015-04-10T08:38:00.000",
      "level" : "restless",
      "seconds" : 180
    },{
      "dateTime" : "2015-04-10T08:41:00.000",
      "level" : "asleep",
      "seconds" : 300
    },{
      "dateTime" : "2015-04-10T08:46:00.000",
      "level" : "restless",
      "seconds" : 240
    },{
      "dateTime" : "2015-04-10T08:50:00.000",
      "level" : "awake",
      "seconds" : 240
    },{
      "dateTime" : "2015-04-10T08:54:00.000",
      "level" : "restless",
      "seconds" : 120
    }]
  },
  "mainSleep" : true
},{
  "logId" : 834261048,
  "dateOfSleep" : "2015-04-09",
  "startTime" : "2015-04-09T07:14:00.000",
  "endTime" : "2015-04-09T08:20:30.000",
  "duration" : 3960000,
  "minutesToFallAsleep" : 0,
  "minutesAsleep" : 58,
  "minutesAwake" : 0,
  "minutesAfterWakeup" : 0,
  "timeInBed" : 66,
  "efficiency" : 100,
  "type" : "classic",
  "infoCode" : 0,
  "logType" : "auto_detected",
  "levels" : {
    "summary" : {
      "restless" : {
        "count" : 0,
        "minutes" : 0
      },
      "awake" : {
        "count" : 0,
        "minutes" : 0
      },
      "asleep" : {
        "count" : 0,
        "minutes" : 58
      }
    },
    "data" : [{
      "dateTime" : "2015-04-09T07:14:00.000",
      "level" : "asleep",
      "seconds" : 3960
    }]
  },
  "mainSleep" : false
},{
  "logId" : 834153781,
  "dateOfSleep" : "2015-04-09",
  "startTime" : "2015-04-09T01:21:30.000",
  "endTime" : "2015-04-09T07:13:30.000",
  "duration" : 21120000,
  "minutesToFallAsleep" : 0,
  "minutesAsleep" : 328,
  "minutesAwake" : 15,
  "minutesAfterWakeup" : 4,
  "timeInBed" : 352,
  "efficiency" : 96,
  "type" : "classic",
  "infoCode" : 0,
  "logType" : "auto_detected",
  "levels" : {
    "summary" : {
      "restless" : {
        "count" : 11,
        "minutes" : 17
      },
      "awake" : {
        "count" : 2,
        "minutes" : 4
      },
      "asleep" : {
        "count" : 0,
        "minutes" : 328
      }
    },
    "data" : [{
      "dateTime" : "2015-04-09T01:21:30.000",
      "level" : "awake",
      "seconds" : 60
    },{
      "dateTime" : "2015-04-09T01:22:30.000",
      "level" : "restless",
      "seconds" : 60
    },{
      "dateTime" : "2015-04-09T01:23:30.000",
      "level" : "asleep",
      "seconds" : 1140
    },{
      "dateTime" : "2015-04-09T01:42:30.000",
      "level" : "restless",
      "seconds" : 180
    },{
      "dateTime" : "2015-04-09T01:45:30.000",
      "level" : "awake",
      "seconds" : 180
    },{
      "dateTime" : "2015-04-09T01:48:30.000",
      "level" : "asleep",
      "seconds" : 360
    },{
      "dateTime" : "2015-04-09T01:54:30.000",
      "level" : "restless",
      "seconds" : 120
    },{
      "dateTime" : "2015-04-09T01:56:30.000",
      "level" : "asleep",
      "seconds" : 6600
    },{
      "dateTime" : "2015-04-09T03:46:30.000",
      "level" : "restless",
      "seconds" : 60
    },{
      "dateTime" : "2015-04-09T03:47:30.000",
      "level" : "asleep",
      "seconds" : 2880
    },{
      "dateTime" : "2015-04-09T04:35:30.000",
      "level" : "restless",
      "seconds" : 60
    },{
      "dateTime" : "2015-04-09T04:36:30.000",
      "level" : "asleep",
      "seconds" : 180
    },{
      "dateTime" : "2015-04-09T04:39:30.000",
      "level" : "restless",
      "seconds" : 60
    },{
      "dateTime" : "2015-04-09T04:40:30.000",
      "level" : "asleep",
      "seconds" : 7980
    },{
      "dateTime" : "2015-04-09T06:53:30.000",
      "level" : "restless",
      "seconds" : 60
    },{
      "dateTime" : "2015-04-09T06:54:30.000",
      "level" : "asleep",
      "seconds" : 180
    },{
      "dateTime" : "2015-04-09T06:57:30.000",
      "level" : "restless",
      "seconds" : 60
    },{
      "dateTime" : "2015-04-09T06:58:30.000",
      "level" : "asleep",
      "seconds" : 300
    },{
      "dateTime" : "2015-04-09T07:03:30.000",
      "level" : "restless",
      "seconds" : 60
    },{
      "dateTime" : "2015-04-09T07:04:30.000",
      "level" : "asleep",
      "seconds" : 180
    },{
      "dateTime" : "2015-04-09T07:07:30.000",
      "level" : "restless",
      "seconds" : 60
    },{
      "dateTime" : "2015-04-09T07:08:30.000",
      "level" : "asleep",
      "seconds" : 60
    },{
      "dateTime" : "2015-04-09T07:09:30.000",
      "level" : "restless",
      "seconds" : 240
    }]
  },
  "mainSleep" : true
},{
  "logId" : 831794641,
  "dateOfSleep" : "2015-04-08",
  "startTime" : "2015-04-07T22:51:00.000",
  "endTime" : "2015-04-08T08:08:30.000",
  "duration" : 33420000,
  "minutesToFallAsleep" : 0,
  "minutesAsleep" : 537,
  "minutesAwake" : 14,
  "minutesAfterWakeup" : 0,
  "timeInBed" : 557,
  "efficiency" : 97,
  "type" : "classic",
  "infoCode" : 0,
  "logType" : "auto_detected",
  "levels" : {
    "summary" : {
      "restless" : {
        "count" : 9,
        "minutes" : 14
      },
      "awake" : {
        "count" : 1,
        "minutes" : 2
      },
      "asleep" : {
        "count" : 0,
        "minutes" : 537
      }
    },
    "data" : [{
      "dateTime" : "2015-04-07T22:51:00.000",
      "level" : "restless",
      "seconds" : 120
    },{
      "dateTime" : "2015-04-07T22:53:00.000",
      "level" : "asleep",
      "seconds" : 3960
    },{
      "dateTime" : "2015-04-07T23:59:00.000",
      "level" : "restless",
      "seconds" : 120
    },{
      "dateTime" : "2015-04-08T00:01:00.000",
      "level" : "awake",
      "seconds" : 120
    },{
      "dateTime" : "2015-04-08T00:03:00.000",
      "level" : "restless",
      "seconds" : 60
    },{
      "dateTime" : "2015-04-08T00:04:00.000",
      "level" : "asleep",
      "seconds" : 2640
    },{
      "dateTime" : "2015-04-08T00:48:00.000",
      "level" : "restless",
      "seconds" : 60
    },{
      "dateTime" : "2015-04-08T00:49:00.000",
      "level" : "asleep",
      "seconds" : 120
    },{
      "dateTime" : "2015-04-08T00:51:00.000",
      "level" : "restless",
      "seconds" : 60
    },{
      "dateTime" : "2015-04-08T00:52:00.000",
      "level" : "asleep",
      "seconds" : 15480
    },{
      "dateTime" : "2015-04-08T05:10:00.000",
      "level" : "restless",
      "seconds" : 60
    },{
      "dateTime" : "2015-04-08T05:11:00.000",
      "level" : "asleep",
      "seconds" : 2100
    },{
      "dateTime" : "2015-04-08T05:46:00.000",
      "level" : "restless",
      "seconds" : 240
    },{
      "dateTime" : "2015-04-08T05:50:00.000",
      "level" : "asleep",
      "seconds" : 4440
    },{
      "dateTime" : "2015-04-08T07:04:00.000",
      "level" : "restless",
      "seconds" : 60
    },{
      "dateTime" : "2015-04-08T07:05:00.000",
      "level" : "asleep",
      "seconds" : 1080
    },{
      "dateTime" : "2015-04-08T07:23:00.000",
      "level" : "restless",
      "seconds" : 60
    },{
      "dateTime" : "2015-04-08T07:24:00.000",
      "level" : "asleep",
      "seconds" : 2640
    }]
  },
  "mainSleep" : true
},{
  "logId" : 829094308,
  "dateOfSleep" : "2015-04-07",
  "startTime" : "2015-04-07T01:48:30.000",
  "endTime" : "2015-04-07T06:56:30.000",
  "duration" : 18480000,
  "minutesToFallAsleep" : 0,
  "minutesAsleep" : 293,
  "minutesAwake" : 1,
  "minutesAfterWakeup" : 0,
  "timeInBed" : 308,
  "efficiency" : 100,
  "type" : "classic",
  "infoCode" : 0,
  "logType" : "auto_detected",
  "levels" : {
    "summary" : {
      "restless" : {
        "count" : 2,
        "minutes" : 2
      },
      "awake" : {
        "count" : 0,
        "minutes" : 0
      },
      "asleep" : {
        "count" : 0,
        "minutes" : 293
      }
    },
    "data" : [{
      "dateTime" : "2015-04-07T01:48:30.000",
      "level" : "asleep",
      "seconds" : 420
    },{
      "dateTime" : "2015-04-07T01:55:30.000",
      "level" : "restless",
      "seconds" : 60
    },{
      "dateTime" : "2015-04-07T01:56:30.000",
      "level" : "asleep",
      "seconds" : 3060
    },{
      "dateTime" : "2015-04-07T02:47:30.000",
      "level" : "restless",
      "seconds" : 60
    },{
      "dateTime" : "2015-04-07T02:48:30.000",
      "level" : "asleep",
      "seconds" : 14880
    }]
  },
  "mainSleep" : true
},{
  "logId" : 826513661,
  "dateOfSleep" : "2015-04-06",
  "startTime" : "2015-04-06T00:48:30.000",
  "endTime" : "2015-04-06T08:18:30.000",
  "duration" : 27000000,
  "minutesToFallAsleep" : 0,
  "minutesAsleep" : 438,
  "minutesAwake" : 10,
  "minutesAfterWakeup" : 0,
  "timeInBed" : 450,
  "efficiency" : 98,
  "type" : "classic",
  "infoCode" : 0,
  "logType" : "auto_detected",
  "levels" : {
    "summary" : {
      "restless" : {
        "count" : 10,
        "minutes" : 12
      },
      "awake" : {
        "count" : 0,
        "minutes" : 0
      },
      "asleep" : {
        "count" : 0,
        "minutes" : 438
      }
    },
    "data" : [{
      "dateTime" : "2015-04-06T00:48:30.000",
      "level" : "restless",
      "seconds" : 120
    },{
      "dateTime" : "2015-04-06T00:50:30.000",
      "level" : "asleep",
      "seconds" : 6180
    },{
      "dateTime" : "2015-04-06T02:33:30.000",
      "level" : "restless",
      "seconds" : 60
    },{
      "dateTime" : "2015-04-06T02:34:30.000",
      "level" : "asleep",
      "seconds" : 60
    },{
      "dateTime" : "2015-04-06T02:35:30.000",
      "level" : "restless",
      "seconds" : 60
    },{
      "dateTime" : "2015-04-06T02:36:30.000",
      "level" : "asleep",
      "seconds" : 2880
    },{
      "dateTime" : "2015-04-06T03:24:30.000",
      "level" : "restless",
      "seconds" : 60
    },{
      "dateTime" : "2015-04-06T03:25:30.000",
      "level" : "asleep",
      "seconds" : 6000
    },{
      "dateTime" : "2015-04-06T05:05:30.000",
      "level" : "restless",
      "seconds" : 60
    },{
      "dateTime" : "2015-04-06T05:06:30.000",
      "level" : "asleep",
      "seconds" : 3840
    },{
      "dateTime" : "2015-04-06T06:10:30.000",
      "level" : "restless",
      "seconds" : 60
    },{
      "dateTime" : "2015-04-06T06:11:30.000",
      "level" : "asleep",
      "seconds" : 2100
    },{
      "dateTime" : "2015-04-06T06:46:30.000",
      "level" : "restless",
      "seconds" : 60
    },{
      "dateTime" : "2015-04-06T06:47:30.000",
      "level" : "asleep",
      "seconds" : 780
    },{
      "dateTime" : "2015-04-06T07:00:30.000",
      "level" : "restless",
      "seconds" : 60
    },{
      "dateTime" : "2015-04-06T07:01:30.000",
      "level" : "asleep",
      "seconds" : 60
    },{
      "dateTime" : "2015-04-06T07:02:30.000",
      "level" : "restless",
      "seconds" : 120
    },{
      "dateTime" : "2015-04-06T07:04:30.000",
      "level" : "asleep",
      "seconds" : 60
    },{
      "dateTime" : "2015-04-06T07:05:30.000",
      "level" : "restless",
      "seconds" : 60
    },{
      "dateTime" : "2015-04-06T07:06:30.000",
      "level" : "asleep",
      "seconds" : 4320
    }]
  },
  "mainSleep" : true
},{
  "logId" : 824060643,
  "dateOfSleep" : "2015-04-05",
  "startTime" : "2015-04-05T00:05:00.000",
  "endTime" : "2015-04-05T05:40:30.000",
  "duration" : 20100000,
  "minutesToFallAsleep" : 0,
  "minutesAsleep" : 317,
  "minutesAwake" : 12,
  "minutesAfterWakeup" : 0,
  "timeInBed" : 335,
  "efficiency" : 96,
  "type" : "classic",
  "infoCode" : 0,
  "logType" : "auto_detected",
  "levels" : {
    "summary" : {
      "restless" : {
        "count" : 10,
        "minutes" : 12
      },
      "awake" : {
        "count" : 1,
        "minutes" : 1
      },
      "asleep" : {
        "count" : 0,
        "minutes" : 317
      }
    },
    "data" : [{
      "dateTime" : "2015-04-05T00:05:00.000",
      "level" : "asleep",
      "seconds" : 300
    },{
      "dateTime" : "2015-04-05T00:10:00.000",
      "level" : "restless",
      "seconds" : 60
    },{
      "dateTime" : "2015-04-05T00:11:00.000",
      "level" : "asleep",
      "seconds" : 6480
    },{
      "dateTime" : "2015-04-05T01:59:00.000",
      "level" : "restless",
      "seconds" : 60
    },{
      "dateTime" : "2015-04-05T02:00:00.000",
      "level" : "asleep",
      "seconds" : 600
    },{
      "dateTime" : "2015-04-05T02:10:00.000",
      "level" : "restless",
      "seconds" : 60
    },{
      "dateTime" : "2015-04-05T02:11:00.000",
      "level" : "asleep",
      "seconds" : 60
    },{
      "dateTime" : "2015-04-05T02:12:00.000",
      "level" : "restless",
      "seconds" : 60
    },{
      "dateTime" : "2015-04-05T02:13:00.000",
      "level" : "asleep",
      "seconds" : 540
    },{
      "dateTime" : "2015-04-05T02:22:00.000",
      "level" : "restless",
      "seconds" : 120
    },{
      "dateTime" : "2015-04-05T02:24:00.000",
      "level" : "asleep",
      "seconds" : 600
    },{
      "dateTime" : "2015-04-05T02:34:00.000",
      "level" : "restless",
      "seconds" : 120
    },{
      "dateTime" : "2015-04-05T02:36:00.000",
      "level" : "awake",
      "seconds" : 60
    },{
      "dateTime" : "2015-04-05T02:37:00.000",
      "level" : "restless",
      "seconds" : 60
    },{
      "dateTime" : "2015-04-05T02:38:00.000",
      "level" : "asleep",
      "seconds" : 2520
    },{
      "dateTime" : "2015-04-05T03:20:00.000",
      "level" : "restless",
      "seconds" : 60
    },{
      "dateTime" : "2015-04-05T03:21:00.000",
      "level" : "asleep",
      "seconds" : 960
    },{
      "dateTime" : "2015-04-05T03:37:00.000",
      "level" : "restless",
      "seconds" : 60
    },{
      "dateTime" : "2015-04-05T03:38:00.000",
      "level" : "asleep",
      "seconds" : 3120
    },{
      "dateTime" : "2015-04-05T04:30:00.000",
      "level" : "restless",
      "seconds" : 60
    },{
      "dateTime" : "2015-04-05T04:31:00.000",
      "level" : "asleep",
      "seconds" : 4140
    }]
  },
  "mainSleep" : true
},{
  "logId" : 821802697,
  "dateOfSleep" : "2015-04-04",
  "startTime" : "2015-04-04T01:22:00.000",
  "endTime" : "2015-04-04T08:42:30.000",
  "duration" : 26400000,
  "minutesToFallAsleep" : 0,
  "minutesAsleep" : 420,
  "minutesAwake" : 4,
  "minutesAfterWakeup" : 0,
  "timeInBed" : 440,
  "efficiency" : 99,
  "type" : "classic",
  "infoCode" : 0,
  "logType" : "auto_detected",
  "levels" : {
    "summary" : {
      "restless" : {
        "count" : 6,
        "minutes" : 9
      },
      "awake" : {
        "count" : 0,
        "minutes" : 0
      },
      "asleep" : {
        "count" : 0,
        "minutes" : 420
      }
    },
    "data" : [{
      "dateTime" : "2015-04-04T01:22:00.000",
      "level" : "asleep",
      "seconds" : 120
    },{
      "dateTime" : "2015-04-04T01:24:00.000",
      "level" : "restless",
      "seconds" : 240
    },{
      "dateTime" : "2015-04-04T01:28:00.000",
      "level" : "asleep",
      "seconds" : 120
    },{
      "dateTime" : "2015-04-04T01:30:00.000",
      "level" : "restless",
      "seconds" : 60
    },{
      "dateTime" : "2015-04-04T01:31:00.000",
      "level" : "asleep",
      "seconds" : 7500
    },{
      "dateTime" : "2015-04-04T03:36:00.000",
      "level" : "restless",
      "seconds" : 60
    },{
      "dateTime" : "2015-04-04T03:37:00.000",
      "level" : "asleep",
      "seconds" : 1080
    },{
      "dateTime" : "2015-04-04T03:55:00.000",
      "level" : "restless",
      "seconds" : 60
    },{
      "dateTime" : "2015-04-04T03:56:00.000",
      "level" : "asleep",
      "seconds" : 7140
    },{
      "dateTime" : "2015-04-04T05:55:00.000",
      "level" : "restless",
      "seconds" : 60
    },{
      "dateTime" : "2015-04-04T05:56:00.000",
      "level" : "asleep",
      "seconds" : 60
    },{
      "dateTime" : "2015-04-04T05:57:00.000",
      "level" : "restless",
      "seconds" : 60
    },{
      "dateTime" : "2015-04-04T05:58:00.000",
      "level" : "asleep",
      "seconds" : 9840
    }]
  },
  "mainSleep" : true
},{
  "logId" : 819370657,
  "dateOfSleep" : "2015-04-03",
  "startTime" : "2015-04-03T00:43:30.000",
  "endTime" : "2015-04-03T08:47:00.000",
  "duration" : 28980000,
  "minutesToFallAsleep" : 0,
  "minutesAsleep" : 444,
  "minutesAwake" : 8,
  "minutesAfterWakeup" : 1,
  "timeInBed" : 483,
  "efficiency" : 98,
  "type" : "classic",
  "infoCode" : 0,
  "logType" : "auto_detected",
  "levels" : {
    "summary" : {
      "restless" : {
        "count" : 9,
        "minutes" : 13
      },
      "awake" : {
        "count" : 1,
        "minutes" : 1
      },
      "asleep" : {
        "count" : 0,
        "minutes" : 444
      }
    },
    "data" : [{
      "dateTime" : "2015-04-03T00:43:30.000",
      "level" : "asleep",
      "seconds" : 360
    },{
      "dateTime" : "2015-04-03T00:49:30.000",
      "level" : "restless",
      "seconds" : 60
    },{
      "dateTime" : "2015-04-03T00:50:30.000",
      "level" : "asleep",
      "seconds" : 900
    },{
      "dateTime" : "2015-04-03T01:05:30.000",
      "level" : "restless",
      "seconds" : 180
    },{
      "dateTime" : "2015-04-03T01:08:30.000",
      "level" : "awake",
      "seconds" : 60
    },{
      "dateTime" : "2015-04-03T01:09:30.000",
      "level" : "asleep",
      "seconds" : 2760
    },{
      "dateTime" : "2015-04-03T01:55:30.000",
      "level" : "restless",
      "seconds" : 60
    },{
      "dateTime" : "2015-04-03T01:56:30.000",
      "level" : "asleep",
      "seconds" : 9900
    },{
      "dateTime" : "2015-04-03T04:41:30.000",
      "level" : "restless",
      "seconds" : 60
    },{
      "dateTime" : "2015-04-03T04:42:30.000",
      "level" : "asleep",
      "seconds" : 3960
    },{
      "dateTime" : "2015-04-03T05:48:30.000",
      "level" : "restless",
      "seconds" : 60
    },{
      "dateTime" : "2015-04-03T05:49:30.000",
      "level" : "asleep",
      "seconds" : 4260
    },{
      "dateTime" : "2015-04-03T07:00:30.000",
      "level" : "restless",
      "seconds" : 60
    },{
      "dateTime" : "2015-04-03T07:01:30.000",
      "level" : "asleep",
      "seconds" : 60
    },{
      "dateTime" : "2015-04-03T07:02:30.000",
      "level" : "restless",
      "seconds" : 120
    },{
      "dateTime" : "2015-04-03T07:04:30.000",
      "level" : "asleep",
      "seconds" : 3720
    },{
      "dateTime" : "2015-04-03T08:06:30.000",
      "level" : "restless",
      "seconds" : 120
    },{
      "dateTime" : "2015-04-03T08:08:30.000",
      "level" : "asleep",
      "seconds" : 2220
    },{
      "dateTime" : "2015-04-03T08:45:30.000",
      "level" : "restless",
      "seconds" : 60
    }]
  },
  "mainSleep" : true
},{
  "logId" : 816945848,
  "dateOfSleep" : "2015-04-02",
  "startTime" : "2015-04-02T07:33:00.000",
  "endTime" : "2015-04-02T08:36:30.000",
  "duration" : 3780000,
  "minutesToFallAsleep" : 0,
  "minutesAsleep" : 63,
  "minutesAwake" : 0,
  "minutesAfterWakeup" : 0,
  "timeInBed" : 63,
  "efficiency" : 100,
  "type" : "classic",
  "infoCode" : 0,
  "logType" : "auto_detected",
  "levels" : {
    "summary" : {
      "restless" : {
        "count" : 0,
        "minutes" : 0
      },
      "awake" : {
        "count" : 0,
        "minutes" : 0
      },
      "asleep" : {
        "count" : 0,
        "minutes" : 63
      }
    },
    "data" : [{
      "dateTime" : "2015-04-02T07:33:00.000",
      "level" : "asleep",
      "seconds" : 3780
    }]
  },
  "mainSleep" : false
},{
  "logId" : 816808452,
  "dateOfSleep" : "2015-04-02",
  "startTime" : "2015-04-02T06:32:00.000",
  "endTime" : "2015-04-02T07:32:30.000",
  "duration" : 3600000,
  "minutesToFallAsleep" : 0,
  "minutesAsleep" : 58,
  "minutesAwake" : 2,
  "minutesAfterWakeup" : 0,
  "timeInBed" : 60,
  "efficiency" : 97,
  "type" : "classic",
  "infoCode" : 0,
  "logType" : "auto_detected",
  "levels" : {
    "summary" : {
      "restless" : {
        "count" : 2,
        "minutes" : 2
      },
      "awake" : {
        "count" : 0,
        "minutes" : 0
      },
      "asleep" : {
        "count" : 0,
        "minutes" : 58
      }
    },
    "data" : [{
      "dateTime" : "2015-04-02T06:32:00.000",
      "level" : "asleep",
      "seconds" : 1260
    },{
      "dateTime" : "2015-04-02T06:53:00.000",
      "level" : "restless",
      "seconds" : 60
    },{
      "dateTime" : "2015-04-02T06:54:00.000",
      "level" : "asleep",
      "seconds" : 540
    },{
      "dateTime" : "2015-04-02T07:03:00.000",
      "level" : "restless",
      "seconds" : 60
    },{
      "dateTime" : "2015-04-02T07:04:00.000",
      "level" : "asleep",
      "seconds" : 1680
    }]
  },
  "mainSleep" : false
},{
  "logId" : 816745915,
  "dateOfSleep" : "2015-04-02",
  "startTime" : "2015-04-02T05:02:00.000",
  "endTime" : "2015-04-02T06:31:30.000",
  "duration" : 5340000,
  "minutesToFallAsleep" : 0,
  "minutesAsleep" : 84,
  "minutesAwake" : 0,
  "minutesAfterWakeup" : 0,
  "timeInBed" : 89,
  "efficiency" : 100,
  "type" : "classic",
  "infoCode" : 0,
  "logType" : "auto_detected",
  "levels" : {
    "summary" : {
      "restless" : {
        "count" : 1,
        "minutes" : 1
      },
      "awake" : {
        "count" : 0,
        "minutes" : 0
      },
      "asleep" : {
        "count" : 0,
        "minutes" : 84
      }
    },
    "data" : [{
      "dateTime" : "2015-04-02T05:02:00.000",
      "level" : "asleep",
      "seconds" : 240
    },{
      "dateTime" : "2015-04-02T05:06:00.000",
      "level" : "restless",
      "seconds" : 60
    },{
      "dateTime" : "2015-04-02T05:07:00.000",
      "level" : "asleep",
      "seconds" : 5040
    }]
  },
  "mainSleep" : false
},{
  "logId" : 816658040,
  "dateOfSleep" : "2015-04-02",
  "startTime" : "2015-04-02T04:01:00.000",
  "endTime" : "2015-04-02T05:01:30.000",
  "duration" : 3600000,
  "minutesToFallAsleep" : 0,
  "minutesAsleep" : 60,
  "minutesAwake" : 0,
  "minutesAfterWakeup" : 0,
  "timeInBed" : 60,
  "efficiency" : 100,
  "type" : "classic",
  "infoCode" : 0,
  "logType" : "auto_detected",
  "levels" : {
    "summary" : {
      "restless" : {
        "count" : 0,
        "minutes" : 0
      },
      "awake" : {
        "count" : 0,
        "minutes" : 0
      },
      "asleep" : {
        "count" : 0,
        "minutes" : 60
      }
    },
    "data" : [{
      "dateTime" : "2015-04-02T04:01:00.000",
      "level" : "asleep",
      "seconds" : 3600
    }]
  },
  "mainSleep" : false
},{
  "logId" : 816577243,
  "dateOfSleep" : "2015-04-02",
  "startTime" : "2015-04-02T00:06:00.000",
  "endTime" : "2015-04-02T04:00:30.000",
  "duration" : 14040000,
  "minutesToFallAsleep" : 0,
  "minutesAsleep" : 214,
  "minutesAwake" : 13,
  "minutesAfterWakeup" : 0,
  "timeInBed" : 234,
  "efficiency" : 94,
  "type" : "classic",
  "infoCode" : 0,
  "logType" : "auto_detected",
  "levels" : {
    "summary" : {
      "restless" : {
        "count" : 4,
        "minutes" : 7
      },
      "awake" : {
        "count" : 3,
        "minutes" : 9
      },
      "asleep" : {
        "count" : 0,
        "minutes" : 214
      }
    },
    "data" : [{
      "dateTime" : "2015-04-02T00:06:00.000",
      "level" : "awake",
      "seconds" : 120
    },{
      "dateTime" : "2015-04-02T00:08:00.000",
      "level" : "restless",
      "seconds" : 60
    },{
      "dateTime" : "2015-04-02T00:09:00.000",
      "level" : "asleep",
      "seconds" : 9960
    },{
      "dateTime" : "2015-04-02T02:55:00.000",
      "level" : "restless",
      "seconds" : 180
    },{
      "dateTime" : "2015-04-02T02:58:00.000",
      "level" : "awake",
      "seconds" : 180
    },{
      "dateTime" : "2015-04-02T03:01:00.000",
      "level" : "restless",
      "seconds" : 120
    },{
      "dateTime" : "2015-04-02T03:03:00.000",
      "level" : "awake",
      "seconds" : 240
    },{
      "dateTime" : "2015-04-02T03:07:00.000",
      "level" : "restless",
      "seconds" : 60
    },{
      "dateTime" : "2015-04-02T03:08:00.000",
      "level" : "asleep",
      "seconds" : 3120
    }]
  },
  "mainSleep" : true
},{
  "logId" : 814336192,
  "dateOfSleep" : "2015-04-01",
  "startTime" : "2015-04-01T00:31:00.000",
  "endTime" : "2015-04-01T06:47:00.000",
  "duration" : 22560000,
  "minutesToFallAsleep" : 0,
  "minutesAsleep" : 370,
  "minutesAwake" : 1,
  "minutesAfterWakeup" : 0,
  "timeInBed" : 376,
  "efficiency" : 100,
  "type" : "classic",
  "infoCode" : 0,
  "logType" : "auto_detected",
  "levels" : {
    "summary" : {
      "restless" : {
        "count" : 2,
        "minutes" : 2
      },
      "awake" : {
        "count" : 1,
        "minutes" : 4
      },
      "asleep" : {
        "count" : 0,
        "minutes" : 370
      }
    },
    "data" : [{
      "dateTime" : "2015-04-01T00:31:00.000",
      "level" : "awake",
      "seconds" : 240
    },{
      "dateTime" : "2015-04-01T00:35:00.000",
      "level" : "restless",
      "seconds" : 60
    },{
      "dateTime" : "2015-04-01T00:36:00.000",
      "level" : "asleep",
      "seconds" : 7680
    },{
      "dateTime" : "2015-04-01T02:44:00.000",
      "level" : "restless",
      "seconds" : 60
    },{
      "dateTime" : "2015-04-01T02:45:00.000",
      "level" : "asleep",
      "seconds" : 14520
    }]
  },
  "mainSleep" : true
},{
  "logId" : 811821157,
  "dateOfSleep" : "2015-03-31",
  "startTime" : "2015-03-30T22:49:00.000",
  "endTime" : "2015-03-31T06:42:30.000",
  "duration" : 28380000,
  "minutesToFallAsleep" : 0,
  "minutesAsleep" : 428,
  "minutesAwake" : 13,
  "minutesAfterWakeup" : 0,
  "timeInBed" : 473,
  "efficiency" : 97,
  "type" : "classic",
  "infoCode" : 0,
  "logType" : "auto_detected",
  "levels" : {
    "summary" : {
      "restless" : {
        "count" : 8,
        "minutes" : 19
      },
      "awake" : {
        "count" : 1,
        "minutes" : 2
      },
      "asleep" : {
        "count" : 0,
        "minutes" : 428
      }
    },
    "data" : [{
      "dateTime" : "2015-03-30T22:49:00.000",
      "level" : "awake",
      "seconds" : 120
    },{
      "dateTime" : "2015-03-30T22:51:00.000",
      "level" : "restless",
      "seconds" : 60
    },{
      "dateTime" : "2015-03-30T22:52:00.000",
      "level" : "asleep",
      "seconds" : 1140
    },{
      "dateTime" : "2015-03-30T23:11:00.000",
      "level" : "restless",
      "seconds" : 120
    },{
      "dateTime" : "2015-03-30T23:13:00.000",
      "level" : "asleep",
      "seconds" : 240
    },{
      "dateTime" : "2015-03-30T23:17:00.000",
      "level" : "restless",
      "seconds" : 120
    },{
      "dateTime" : "2015-03-30T23:19:00.000",
      "level" : "asleep",
      "seconds" : 60
    },{
      "dateTime" : "2015-03-30T23:20:00.000",
      "level" : "restless",
      "seconds" : 60
    },{
      "dateTime" : "2015-03-30T23:21:00.000",
      "level" : "asleep",
      "seconds" : 16440
    },{
      "dateTime" : "2015-03-31T03:55:00.000",
      "level" : "restless",
      "seconds" : 60
    },{
      "dateTime" : "2015-03-31T03:56:00.000",
      "level" : "asleep",
      "seconds" : 900
    },{
      "dateTime" : "2015-03-31T04:11:00.000",
      "level" : "restless",
      "seconds" : 420
    },{
      "dateTime" : "2015-03-31T04:18:00.000",
      "level" : "asleep",
      "seconds" : 180
    },{
      "dateTime" : "2015-03-31T04:21:00.000",
      "level" : "restless",
      "seconds" : 240
    },{
      "dateTime" : "2015-03-31T04:25:00.000",
      "level" : "asleep",
      "seconds" : 540
    },{
      "dateTime" : "2015-03-31T04:34:00.000",
      "level" : "restless",
      "seconds" : 60
    },{
      "dateTime" : "2015-03-31T04:35:00.000",
      "level" : "asleep",
      "seconds" : 7620
    }]
  },
  "mainSleep" : true
},{
  "logId" : 809308660,
  "dateOfSleep" : "2015-03-30",
  "startTime" : "2015-03-30T00:21:00.000",
  "endTime" : "2015-03-30T06:56:00.000",
  "duration" : 23700000,
  "minutesToFallAsleep" : 0,
  "minutesAsleep" : 368,
  "minutesAwake" : 6,
  "minutesAfterWakeup" : 0,
  "timeInBed" : 395,
  "efficiency" : 98,
  "type" : "classic",
  "infoCode" : 0,
  "logType" : "auto_detected",
  "levels" : {
    "summary" : {
      "restless" : {
        "count" : 8,
        "minutes" : 16
      },
      "awake" : {
        "count" : 0,
        "minutes" : 0
      },
      "asleep" : {
        "count" : 0,
        "minutes" : 368
      }
    },
    "data" : [{
      "dateTime" : "2015-03-30T00:21:00.000",
      "level" : "asleep",
      "seconds" : 60
    },{
      "dateTime" : "2015-03-30T00:22:00.000",
      "level" : "restless",
      "seconds" : 420
    },{
      "dateTime" : "2015-03-30T00:29:00.000",
      "level" : "asleep",
      "seconds" : 180
    },{
      "dateTime" : "2015-03-30T00:32:00.000",
      "level" : "restless",
      "seconds" : 180
    },{
      "dateTime" : "2015-03-30T00:35:00.000",
      "level" : "asleep",
      "seconds" : 4500
    },{
      "dateTime" : "2015-03-30T01:50:00.000",
      "level" : "restless",
      "seconds" : 60
    },{
      "dateTime" : "2015-03-30T01:51:00.000",
      "level" : "asleep",
      "seconds" : 1140
    },{
      "dateTime" : "2015-03-30T02:10:00.000",
      "level" : "restless",
      "seconds" : 60
    },{
      "dateTime" : "2015-03-30T02:11:00.000",
      "level" : "asleep",
      "seconds" : 5220
    },{
      "dateTime" : "2015-03-30T03:38:00.000",
      "level" : "restless",
      "seconds" : 60
    },{
      "dateTime" : "2015-03-30T03:39:00.000",
      "level" : "asleep",
      "seconds" : 240
    },{
      "dateTime" : "2015-03-30T03:43:00.000",
      "level" : "restless",
      "seconds" : 60
    },{
      "dateTime" : "2015-03-30T03:44:00.000",
      "level" : "asleep",
      "seconds" : 120
    },{
      "dateTime" : "2015-03-30T03:46:00.000",
      "level" : "restless",
      "seconds" : 60
    },{
      "dateTime" : "2015-03-30T03:47:00.000",
      "level" : "asleep",
      "seconds" : 10440
    },{
      "dateTime" : "2015-03-30T06:41:00.000",
      "level" : "restless",
      "seconds" : 60
    },{
      "dateTime" : "2015-03-30T06:42:00.000",
      "level" : "asleep",
      "seconds" : 840
    }]
  },
  "mainSleep" : true
},{
  "logId" : 806872390,
  "dateOfSleep" : "2015-03-29",
  "startTime" : "2015-03-29T00:15:00.000",
  "endTime" : "2015-03-29T06:58:30.000",
  "duration" : 24180000,
  "minutesToFallAsleep" : 0,
  "minutesAsleep" : 397,
  "minutesAwake" : 4,
  "minutesAfterWakeup" : 0,
  "timeInBed" : 403,
  "efficiency" : 99,
  "type" : "classic",
  "infoCode" : 0,
  "logType" : "auto_detected",
  "levels" : {
    "summary" : {
      "restless" : {
        "count" : 4,
        "minutes" : 4
      },
      "awake" : {
        "count" : 0,
        "minutes" : 0
      },
      "asleep" : {
        "count" : 0,
        "minutes" : 397
      }
    },
    "data" : [{
      "dateTime" : "2015-03-29T00:15:00.000",
      "level" : "asleep",
      "seconds" : 18240
    },{
      "dateTime" : "2015-03-29T05:19:00.000",
      "level" : "restless",
      "seconds" : 60
    },{
      "dateTime" : "2015-03-29T05:20:00.000",
      "level" : "asleep",
      "seconds" : 540
    },{
      "dateTime" : "2015-03-29T05:29:00.000",
      "level" : "restless",
      "seconds" : 60
    },{
      "dateTime" : "2015-03-29T05:30:00.000",
      "level" : "asleep",
      "seconds" : 1680
    },{
      "dateTime" : "2015-03-29T05:58:00.000",
      "level" : "restless",
      "seconds" : 60
    },{
      "dateTime" : "2015-03-29T05:59:00.000",
      "level" : "asleep",
      "seconds" : 1800
    },{
      "dateTime" : "2015-03-29T06:29:00.000",
      "level" : "restless",
      "seconds" : 60
    },{
      "dateTime" : "2015-03-29T06:30:00.000",
      "level" : "asleep",
      "seconds" : 1680
    }]
  },
  "mainSleep" : true
},{
  "logId" : 804715611,
  "dateOfSleep" : "2015-03-28",
  "startTime" : "2015-03-28T00:51:00.000",
  "endTime" : "2015-03-28T08:37:30.000",
  "duration" : 27960000,
  "minutesToFallAsleep" : 0,
  "minutesAsleep" : 402,
  "minutesAwake" : 8,
  "minutesAfterWakeup" : 0,
  "timeInBed" : 466,
  "efficiency" : 98,
  "type" : "classic",
  "infoCode" : 0,
  "logType" : "auto_detected",
  "levels" : {
    "summary" : {
      "restless" : {
        "count" : 14,
        "minutes" : 24
      },
      "awake" : {
        "count" : 1,
        "minutes" : 4
      },
      "asleep" : {
        "count" : 0,
        "minutes" : 402
      }
    },
    "data" : [{
      "dateTime" : "2015-03-28T00:51:00.000",
      "level" : "awake",
      "seconds" : 240
    },{
      "dateTime" : "2015-03-28T00:55:00.000",
      "level" : "restless",
      "seconds" : 120
    },{
      "dateTime" : "2015-03-28T00:57:00.000",
      "level" : "asleep",
      "seconds" : 180
    },{
      "dateTime" : "2015-03-28T01:00:00.000",
      "level" : "restless",
      "seconds" : 420
    },{
      "dateTime" : "2015-03-28T01:07:00.000",
      "level" : "asleep",
      "seconds" : 60
    },{
      "dateTime" : "2015-03-28T01:08:00.000",
      "level" : "restless",
      "seconds" : 60
    },{
      "dateTime" : "2015-03-28T01:09:00.000",
      "level" : "asleep",
      "seconds" : 1440
    },{
      "dateTime" : "2015-03-28T01:33:00.000",
      "level" : "restless",
      "seconds" : 60
    },{
      "dateTime" : "2015-03-28T01:34:00.000",
      "level" : "asleep",
      "seconds" : 240
    },{
      "dateTime" : "2015-03-28T01:38:00.000",
      "level" : "restless",
      "seconds" : 60
    },{
      "dateTime" : "2015-03-28T01:39:00.000",
      "level" : "asleep",
      "seconds" : 60
    },{
      "dateTime" : "2015-03-28T01:40:00.000",
      "level" : "restless",
      "seconds" : 120
    },{
      "dateTime" : "2015-03-28T01:42:00.000",
      "level" : "asleep",
      "seconds" : 3420
    },{
      "dateTime" : "2015-03-28T02:39:00.000",
      "level" : "restless",
      "seconds" : 60
    },{
      "dateTime" : "2015-03-28T02:40:00.000",
      "level" : "asleep",
      "seconds" : 3060
    },{
      "dateTime" : "2015-03-28T03:31:00.000",
      "level" : "restless",
      "seconds" : 60
    },{
      "dateTime" : "2015-03-28T03:32:00.000",
      "level" : "asleep",
      "seconds" : 120
    },{
      "dateTime" : "2015-03-28T03:34:00.000",
      "level" : "restless",
      "seconds" : 60
    },{
      "dateTime" : "2015-03-28T03:35:00.000",
      "level" : "asleep",
      "seconds" : 2520
    },{
      "dateTime" : "2015-03-28T04:17:00.000",
      "level" : "restless",
      "seconds" : 60
    },{
      "dateTime" : "2015-03-28T04:18:00.000",
      "level" : "asleep",
      "seconds" : 8940
    },{
      "dateTime" : "2015-03-28T06:47:00.000",
      "level" : "restless",
      "seconds" : 120
    },{
      "dateTime" : "2015-03-28T06:49:00.000",
      "level" : "asleep",
      "seconds" : 60
    },{
      "dateTime" : "2015-03-28T06:50:00.000",
      "level" : "restless",
      "seconds" : 60
    },{
      "dateTime" : "2015-03-28T06:51:00.000",
      "level" : "asleep",
      "seconds" : 6120
    },{
      "dateTime" : "2015-03-28T08:33:00.000",
      "level" : "restless",
      "seconds" : 60
    },{
      "dateTime" : "2015-03-28T08:34:00.000",
      "level" : "asleep",
      "seconds" : 60
    },{
      "dateTime" : "2015-03-28T08:35:00.000",
      "level" : "restless",
      "seconds" : 120
    }]
  },
  "mainSleep" : true
},{
  "logId" : 802300147,
  "dateOfSleep" : "2015-03-27",
  "startTime" : "2015-03-26T23:05:00.000",
  "endTime" : "2015-03-27T08:30:30.000",
  "duration" : 33900000,
  "minutesToFallAsleep" : 0,
  "minutesAsleep" : 511,
  "minutesAwake" : 35,
  "minutesAfterWakeup" : 0,
  "timeInBed" : 565,
  "efficiency" : 94,
  "type" : "classic",
  "infoCode" : 0,
  "logType" : "auto_detected",
  "levels" : {
    "summary" : {
      "restless" : {
        "count" : 22,
        "minutes" : 39
      },
      "awake" : {
        "count" : 2,
        "minutes" : 6
      },
      "asleep" : {
        "count" : 0,
        "minutes" : 511
      }
    },
    "data" : [{
      "dateTime" : "2015-03-26T23:05:00.000",
      "level" : "awake",
      "seconds" : 300
    },{
      "dateTime" : "2015-03-26T23:10:00.000",
      "level" : "restless",
      "seconds" : 60
    },{
      "dateTime" : "2015-03-26T23:11:00.000",
      "level" : "asleep",
      "seconds" : 480
    },{
      "dateTime" : "2015-03-26T23:19:00.000",
      "level" : "restless",
      "seconds" : 180
    },{
      "dateTime" : "2015-03-26T23:22:00.000",
      "level" : "asleep",
      "seconds" : 1740
    },{
      "dateTime" : "2015-03-26T23:51:00.000",
      "level" : "restless",
      "seconds" : 180
    },{
      "dateTime" : "2015-03-26T23:54:00.000",
      "level" : "awake",
      "seconds" : 60
    },{
      "dateTime" : "2015-03-26T23:55:00.000",
      "level" : "asleep",
      "seconds" : 3120
    },{
      "dateTime" : "2015-03-27T00:47:00.000",
      "level" : "restless",
      "seconds" : 60
    },{
      "dateTime" : "2015-03-27T00:48:00.000",
      "level" : "asleep",
      "seconds" : 4200
    },{
      "dateTime" : "2015-03-27T01:58:00.000",
      "level" : "restless",
      "seconds" : 60
    },{
      "dateTime" : "2015-03-27T01:59:00.000",
      "level" : "asleep",
      "seconds" : 3720
    },{
      "dateTime" : "2015-03-27T03:01:00.000",
      "level" : "restless",
      "seconds" : 120
    },{
      "dateTime" : "2015-03-27T03:03:00.000",
      "level" : "asleep",
      "seconds" : 3120
    },{
      "dateTime" : "2015-03-27T03:55:00.000",
      "level" : "restless",
      "seconds" : 120
    },{
      "dateTime" : "2015-03-27T03:57:00.000",
      "level" : "asleep",
      "seconds" : 540
    },{
      "dateTime" : "2015-03-27T04:06:00.000",
      "level" : "restless",
      "seconds" : 60
    },{
      "dateTime" : "2015-03-27T04:07:00.000",
      "level" : "asleep",
      "seconds" : 60
    },{
      "dateTime" : "2015-03-27T04:08:00.000",
      "level" : "restless",
      "seconds" : 60
    },{
      "dateTime" : "2015-03-27T04:09:00.000",
      "level" : "asleep",
      "seconds" : 3960
    },{
      "dateTime" : "2015-03-27T05:15:00.000",
      "level" : "restless",
      "seconds" : 60
    },{
      "dateTime" : "2015-03-27T05:16:00.000",
      "level" : "asleep",
      "seconds" : 1140
    },{
      "dateTime" : "2015-03-27T05:35:00.000",
      "level" : "restless",
      "seconds" : 60
    },{
      "dateTime" : "2015-03-27T05:36:00.000",
      "level" : "asleep",
      "seconds" : 840
    },{
      "dateTime" : "2015-03-27T05:50:00.000",
      "level" : "restless",
      "seconds" : 60
    },{
      "dateTime" : "2015-03-27T05:51:00.000",
      "level" : "asleep",
      "seconds" : 60
    },{
      "dateTime" : "2015-03-27T05:52:00.000",
      "level" : "restless",
      "seconds" : 60
    },{
      "dateTime" : "2015-03-27T05:53:00.000",
      "level" : "asleep",
      "seconds" : 780
    },{
      "dateTime" : "2015-03-27T06:06:00.000",
      "level" : "restless",
      "seconds" : 240
    },{
      "dateTime" : "2015-03-27T06:10:00.000",
      "level" : "asleep",
      "seconds" : 2700
    },{
      "dateTime" : "2015-03-27T06:55:00.000",
      "level" : "restless",
      "seconds" : 60
    },{
      "dateTime" : "2015-03-27T06:56:00.000",
      "level" : "asleep",
      "seconds" : 60
    },{
      "dateTime" : "2015-03-27T06:57:00.000",
      "level" : "restless",
      "seconds" : 60
    },{
      "dateTime" : "2015-03-27T06:58:00.000",
      "level" : "asleep",
      "seconds" : 1980
    },{
      "dateTime" : "2015-03-27T07:31:00.000",
      "level" : "restless",
      "seconds" : 120
    },{
      "dateTime" : "2015-03-27T07:33:00.000",
      "level" : "asleep",
      "seconds" : 120
    },{
      "dateTime" : "2015-03-27T07:35:00.000",
      "level" : "restless",
      "seconds" : 120
    },{
      "dateTime" : "2015-03-27T07:37:00.000",
      "level" : "asleep",
      "seconds" : 120
    },{
      "dateTime" : "2015-03-27T07:39:00.000",
      "level" : "restless",
      "seconds" : 60
    },{
      "dateTime" : "2015-03-27T07:40:00.000",
      "level" : "asleep",
      "seconds" : 480
    },{
      "dateTime" : "2015-03-27T07:48:00.000",
      "level" : "restless",
      "seconds" : 120
    },{
      "dateTime" : "2015-03-27T07:50:00.000",
      "level" : "asleep",
      "seconds" : 1740
    },{
      "dateTime" : "2015-03-27T08:19:00.000",
      "level" : "restless",
      "seconds" : 60
    },{
      "dateTime" : "2015-03-27T08:20:00.000",
      "level" : "asleep",
      "seconds" : 240
    },{
      "dateTime" : "2015-03-27T08:24:00.000",
      "level" : "restless",
      "seconds" : 360
    }]
  },
  "mainSleep" : true
},{
  "logId" : 800052795,
  "dateOfSleep" : "2015-03-26",
  "startTime" : "2015-03-26T00:39:00.000",
  "endTime" : "2015-03-26T09:50:00.000",
  "duration" : 33060000,
  "minutesToFallAsleep" : 0,
  "minutesAsleep" : 529,
  "minutesAwake" : 12,
  "minutesAfterWakeup" : 0,
  "timeInBed" : 551,
  "efficiency" : 98,
  "type" : "classic",
  "infoCode" : 0,
  "logType" : "auto_detected",
  "levels" : {
    "summary" : {
      "restless" : {
        "count" : 14,
        "minutes" : 14
      },
      "awake" : {
        "count" : 1,
        "minutes" : 4
      },
      "asleep" : {
        "count" : 0,
        "minutes" : 529
      }
    },
    "data" : [{
      "dateTime" : "2015-03-26T00:39:00.000",
      "level" : "restless",
      "seconds" : 60
    },{
      "dateTime" : "2015-03-26T00:40:00.000",
      "level" : "awake",
      "seconds" : 240
    },{
      "dateTime" : "2015-03-26T00:44:00.000",
      "level" : "restless",
      "seconds" : 60
    },{
      "dateTime" : "2015-03-26T00:45:00.000",
      "level" : "asleep",
      "seconds" : 4500
    },{
      "dateTime" : "2015-03-26T02:00:00.000",
      "level" : "restless",
      "seconds" : 60
    },{
      "dateTime" : "2015-03-26T02:01:00.000",
      "level" : "asleep",
      "seconds" : 6120
    },{
      "dateTime" : "2015-03-26T03:43:00.000",
      "level" : "restless",
      "seconds" : 60
    },{
      "dateTime" : "2015-03-26T03:44:00.000",
      "level" : "asleep",
      "seconds" : 120
    },{
      "dateTime" : "2015-03-26T03:46:00.000",
      "level" : "restless",
      "seconds" : 60
    },{
      "dateTime" : "2015-03-26T03:47:00.000",
      "level" : "asleep",
      "seconds" : 4560
    },{
      "dateTime" : "2015-03-26T05:03:00.000",
      "level" : "restless",
      "seconds" : 60
    },{
      "dateTime" : "2015-03-26T05:04:00.000",
      "level" : "asleep",
      "seconds" : 3540
    },{
      "dateTime" : "2015-03-26T06:03:00.000",
      "level" : "restless",
      "seconds" : 60
    },{
      "dateTime" : "2015-03-26T06:04:00.000",
      "level" : "asleep",
      "seconds" : 2580
    },{
      "dateTime" : "2015-03-26T06:47:00.000",
      "level" : "restless",
      "seconds" : 60
    },{
      "dateTime" : "2015-03-26T06:48:00.000",
      "level" : "asleep",
      "seconds" : 2160
    },{
      "dateTime" : "2015-03-26T07:24:00.000",
      "level" : "restless",
      "seconds" : 60
    },{
      "dateTime" : "2015-03-26T07:25:00.000",
      "level" : "asleep",
      "seconds" : 360
    },{
      "dateTime" : "2015-03-26T07:31:00.000",
      "level" : "restless",
      "seconds" : 60
    },{
      "dateTime" : "2015-03-26T07:32:00.000",
      "level" : "asleep",
      "seconds" : 60
    },{
      "dateTime" : "2015-03-26T07:33:00.000",
      "level" : "restless",
      "seconds" : 60
    },{
      "dateTime" : "2015-03-26T07:34:00.000",
      "level" : "asleep",
      "seconds" : 420
    },{
      "dateTime" : "2015-03-26T07:41:00.000",
      "level" : "restless",
      "seconds" : 60
    },{
      "dateTime" : "2015-03-26T07:42:00.000",
      "level" : "asleep",
      "seconds" : 60
    },{
      "dateTime" : "2015-03-26T07:43:00.000",
      "level" : "restless",
      "seconds" : 60
    },{
      "dateTime" : "2015-03-26T07:44:00.000",
      "level" : "asleep",
      "seconds" : 660
    },{
      "dateTime" : "2015-03-26T07:55:00.000",
      "level" : "restless",
      "seconds" : 60
    },{
      "dateTime" : "2015-03-26T07:56:00.000",
      "level" : "asleep",
      "seconds" : 6840
    }]
  },
  "mainSleep" : true
},{
  "logId" : 797264414,
  "dateOfSleep" : "2015-03-25",
  "startTime" : "2015-03-24T22:43:00.000",
  "endTime" : "2015-03-25T06:52:30.000",
  "duration" : 29340000,
  "minutesToFallAsleep" : 0,
  "minutesAsleep" : 459,
  "minutesAwake" : 9,
  "minutesAfterWakeup" : 0,
  "timeInBed" : 489,
  "efficiency" : 98,
  "type" : "classic",
  "infoCode" : 0,
  "logType" : "auto_detected",
  "levels" : {
    "summary" : {
      "restless" : {
        "count" : 6,
        "minutes" : 11
      },
      "awake" : {
        "count" : 2,
        "minutes" : 5
      },
      "asleep" : {
        "count" : 0,
        "minutes" : 459
      }
    },
    "data" : [{
      "dateTime" : "2015-03-24T22:43:00.000",
      "level" : "awake",
      "seconds" : 60
    },{
      "dateTime" : "2015-03-24T22:44:00.000",
      "level" : "restless",
      "seconds" : 120
    },{
      "dateTime" : "2015-03-24T22:46:00.000",
      "level" : "asleep",
      "seconds" : 120
    },{
      "dateTime" : "2015-03-24T22:48:00.000",
      "level" : "restless",
      "seconds" : 60
    },{
      "dateTime" : "2015-03-24T22:49:00.000",
      "level" : "asleep",
      "seconds" : 540
    },{
      "dateTime" : "2015-03-24T22:58:00.000",
      "level" : "restless",
      "seconds" : 120
    },{
      "dateTime" : "2015-03-24T23:00:00.000",
      "level" : "asleep",
      "seconds" : 2340
    },{
      "dateTime" : "2015-03-24T23:39:00.000",
      "level" : "restless",
      "seconds" : 60
    },{
      "dateTime" : "2015-03-24T23:40:00.000",
      "level" : "asleep",
      "seconds" : 14280
    },{
      "dateTime" : "2015-03-25T03:38:00.000",
      "level" : "restless",
      "seconds" : 120
    },{
      "dateTime" : "2015-03-25T03:40:00.000",
      "level" : "asleep",
      "seconds" : 11100
    },{
      "dateTime" : "2015-03-25T06:45:00.000",
      "level" : "restless",
      "seconds" : 180
    },{
      "dateTime" : "2015-03-25T06:48:00.000",
      "level" : "awake",
      "seconds" : 240
    }]
  },
  "mainSleep" : true
},{
  "logId" : 795050685,
  "dateOfSleep" : "2015-03-24",
  "startTime" : "2015-03-24T01:37:30.000",
  "endTime" : "2015-03-24T09:41:30.000",
  "duration" : 29040000,
  "minutesToFallAsleep" : 0,
  "minutesAsleep" : 478,
  "minutesAwake" : 3,
  "minutesAfterWakeup" : 0,
  "timeInBed" : 484,
  "efficiency" : 99,
  "type" : "classic",
  "infoCode" : 0,
  "logType" : "auto_detected",
  "levels" : {
    "summary" : {
      "restless" : {
        "count" : 5,
        "minutes" : 5
      },
      "awake" : {
        "count" : 1,
        "minutes" : 2
      },
      "asleep" : {
        "count" : 0,
        "minutes" : 478
      }
    },
    "data" : [{
      "dateTime" : "2015-03-24T01:37:30.000",
      "level" : "awake",
      "seconds" : 120
    },{
      "dateTime" : "2015-03-24T01:39:30.000",
      "level" : "restless",
      "seconds" : 60
    },{
      "dateTime" : "2015-03-24T01:40:30.000",
      "level" : "asleep",
      "seconds" : 11340
    },{
      "dateTime" : "2015-03-24T04:49:30.000",
      "level" : "restless",
      "seconds" : 60
    },{
      "dateTime" : "2015-03-24T04:50:30.000",
      "level" : "asleep",
      "seconds" : 7980
    },{
      "dateTime" : "2015-03-24T07:03:30.000",
      "level" : "restless",
      "seconds" : 60
    },{
      "dateTime" : "2015-03-24T07:04:30.000",
      "level" : "asleep",
      "seconds" : 3840
    },{
      "dateTime" : "2015-03-24T08:08:30.000",
      "level" : "restless",
      "seconds" : 60
    },{
      "dateTime" : "2015-03-24T08:09:30.000",
      "level" : "asleep",
      "seconds" : 5460
    },{
      "dateTime" : "2015-03-24T09:40:30.000",
      "level" : "restless",
      "seconds" : 60
    }]
  },
  "mainSleep" : true
},{
  "logId" : 792300271,
  "dateOfSleep" : "2015-03-23",
  "startTime" : "2015-03-22T23:31:30.000",
  "endTime" : "2015-03-23T06:59:00.000",
  "duration" : 26820000,
  "minutesToFallAsleep" : 0,
  "minutesAsleep" : 402,
  "minutesAwake" : 5,
  "minutesAfterWakeup" : 0,
  "timeInBed" : 447,
  "efficiency" : 99,
  "type" : "classic",
  "infoCode" : 0,
  "logType" : "auto_detected",
  "levels" : {
    "summary" : {
      "restless" : {
        "count" : 10,
        "minutes" : 20
      },
      "awake" : {
        "count" : 1,
        "minutes" : 1
      },
      "asleep" : {
        "count" : 0,
        "minutes" : 402
      }
    },
    "data" : [{
      "dateTime" : "2015-03-22T23:31:30.000",
      "level" : "asleep",
      "seconds" : 60
    },{
      "dateTime" : "2015-03-22T23:32:30.000",
      "level" : "restless",
      "seconds" : 120
    },{
      "dateTime" : "2015-03-22T23:34:30.000",
      "level" : "asleep",
      "seconds" : 60
    },{
      "dateTime" : "2015-03-22T23:35:30.000",
      "level" : "restless",
      "seconds" : 120
    },{
      "dateTime" : "2015-03-22T23:37:30.000",
      "level" : "asleep",
      "seconds" : 420
    },{
      "dateTime" : "2015-03-22T23:44:30.000",
      "level" : "restless",
      "seconds" : 180
    },{
      "dateTime" : "2015-03-22T23:47:30.000",
      "level" : "awake",
      "seconds" : 60
    },{
      "dateTime" : "2015-03-22T23:48:30.000",
      "level" : "restless",
      "seconds" : 60
    },{
      "dateTime" : "2015-03-22T23:49:30.000",
      "level" : "asleep",
      "seconds" : 300
    },{
      "dateTime" : "2015-03-22T23:54:30.000",
      "level" : "restless",
      "seconds" : 60
    },{
      "dateTime" : "2015-03-22T23:55:30.000",
      "level" : "asleep",
      "seconds" : 420
    },{
      "dateTime" : "2015-03-23T00:02:30.000",
      "level" : "restless",
      "seconds" : 360
    },{
      "dateTime" : "2015-03-23T00:08:30.000",
      "level" : "asleep",
      "seconds" : 9240
    },{
      "dateTime" : "2015-03-23T02:42:30.000",
      "level" : "restless",
      "seconds" : 60
    },{
      "dateTime" : "2015-03-23T02:43:30.000",
      "level" : "asleep",
      "seconds" : 1860
    },{
      "dateTime" : "2015-03-23T03:14:30.000",
      "level" : "restless",
      "seconds" : 60
    },{
      "dateTime" : "2015-03-23T03:15:30.000",
      "level" : "asleep",
      "seconds" : 4500
    },{
      "dateTime" : "2015-03-23T04:30:30.000",
      "level" : "restless",
      "seconds" : 120
    },{
      "dateTime" : "2015-03-23T04:32:30.000",
      "level" : "asleep",
      "seconds" : 5820
    },{
      "dateTime" : "2015-03-23T06:09:30.000",
      "level" : "restless",
      "seconds" : 60
    },{
      "dateTime" : "2015-03-23T06:10:30.000",
      "level" : "asleep",
      "seconds" : 2880
    }]
  },
  "mainSleep" : true
},{
  "logId" : 790093606,
  "dateOfSleep" : "2015-03-22",
  "startTime" : "2015-03-22T00:43:00.000",
  "endTime" : "2015-03-22T08:47:30.000",
  "duration" : 29040000,
  "minutesToFallAsleep" : 0,
  "minutesAsleep" : 467,
  "minutesAwake" : 13,
  "minutesAfterWakeup" : 0,
  "timeInBed" : 484,
  "efficiency" : 97,
  "type" : "classic",
  "infoCode" : 0,
  "logType" : "auto_detected",
  "levels" : {
    "summary" : {
      "restless" : {
        "count" : 10,
        "minutes" : 13
      },
      "awake" : {
        "count" : 2,
        "minutes" : 3
      },
      "asleep" : {
        "count" : 0,
        "minutes" : 467
      }
    },
    "data" : [{
      "dateTime" : "2015-03-22T00:43:00.000",
      "level" : "awake",
      "seconds" : 120
    },{
      "dateTime" : "2015-03-22T00:45:00.000",
      "level" : "restless",
      "seconds" : 60
    },{
      "dateTime" : "2015-03-22T00:46:00.000",
      "level" : "asleep",
      "seconds" : 6180
    },{
      "dateTime" : "2015-03-22T02:29:00.000",
      "level" : "restless",
      "seconds" : 60
    },{
      "dateTime" : "2015-03-22T02:30:00.000",
      "level" : "asleep",
      "seconds" : 1500
    },{
      "dateTime" : "2015-03-22T02:55:00.000",
      "level" : "restless",
      "seconds" : 60
    },{
      "dateTime" : "2015-03-22T02:56:00.000",
      "level" : "asleep",
      "seconds" : 120
    },{
      "dateTime" : "2015-03-22T02:58:00.000",
      "level" : "restless",
      "seconds" : 60
    },{
      "dateTime" : "2015-03-22T02:59:00.000",
      "level" : "asleep",
      "seconds" : 3600
    },{
      "dateTime" : "2015-03-22T03:59:00.000",
      "level" : "restless",
      "seconds" : 60
    },{
      "dateTime" : "2015-03-22T04:00:00.000",
      "level" : "asleep",
      "seconds" : 6480
    },{
      "dateTime" : "2015-03-22T05:48:00.000",
      "level" : "restless",
      "seconds" : 60
    },{
      "dateTime" : "2015-03-22T05:49:00.000",
      "level" : "asleep",
      "seconds" : 120
    },{
      "dateTime" : "2015-03-22T05:51:00.000",
      "level" : "restless",
      "seconds" : 60
    },{
      "dateTime" : "2015-03-22T05:52:00.000",
      "level" : "asleep",
      "seconds" : 1200
    },{
      "dateTime" : "2015-03-22T06:12:00.000",
      "level" : "restless",
      "seconds" : 60
    },{
      "dateTime" : "2015-03-22T06:13:00.000",
      "level" : "asleep",
      "seconds" : 5760
    },{
      "dateTime" : "2015-03-22T07:49:00.000",
      "level" : "restless",
      "seconds" : 240
    },{
      "dateTime" : "2015-03-22T07:53:00.000",
      "level" : "awake",
      "seconds" : 60
    },{
      "dateTime" : "2015-03-22T07:54:00.000",
      "level" : "restless",
      "seconds" : 60
    },{
      "dateTime" : "2015-03-22T07:55:00.000",
      "level" : "asleep",
      "seconds" : 3120
    }]
  },
  "mainSleep" : true
},{
  "logId" : 787751120,
  "dateOfSleep" : "2015-03-21",
  "startTime" : "2015-03-21T02:22:00.000",
  "endTime" : "2015-03-21T08:33:30.000",
  "duration" : 22260000,
  "minutesToFallAsleep" : 0,
  "minutesAsleep" : 341,
  "minutesAwake" : 0,
  "minutesAfterWakeup" : 0,
  "timeInBed" : 371,
  "efficiency" : 100,
  "type" : "classic",
  "infoCode" : 0,
  "logType" : "auto_detected",
  "levels" : {
    "summary" : {
      "restless" : {
        "count" : 6,
        "minutes" : 10
      },
      "awake" : {
        "count" : 1,
        "minutes" : 3
      },
      "asleep" : {
        "count" : 0,
        "minutes" : 341
      }
    },
    "data" : [{
      "dateTime" : "2015-03-21T02:22:00.000",
      "level" : "awake",
      "seconds" : 180
    },{
      "dateTime" : "2015-03-21T02:25:00.000",
      "level" : "restless",
      "seconds" : 300
    },{
      "dateTime" : "2015-03-21T02:30:00.000",
      "level" : "asleep",
      "seconds" : 60
    },{
      "dateTime" : "2015-03-21T02:31:00.000",
      "level" : "restless",
      "seconds" : 60
    },{
      "dateTime" : "2015-03-21T02:32:00.000",
      "level" : "asleep",
      "seconds" : 120
    },{
      "dateTime" : "2015-03-21T02:34:00.000",
      "level" : "restless",
      "seconds" : 60
    },{
      "dateTime" : "2015-03-21T02:35:00.000",
      "level" : "asleep",
      "seconds" : 120
    },{
      "dateTime" : "2015-03-21T02:37:00.000",
      "level" : "restless",
      "seconds" : 60
    },{
      "dateTime" : "2015-03-21T02:38:00.000",
      "level" : "asleep",
      "seconds" : 180
    },{
      "dateTime" : "2015-03-21T02:41:00.000",
      "level" : "restless",
      "seconds" : 60
    },{
      "dateTime" : "2015-03-21T02:42:00.000",
      "level" : "asleep",
      "seconds" : 540
    },{
      "dateTime" : "2015-03-21T02:51:00.000",
      "level" : "restless",
      "seconds" : 60
    },{
      "dateTime" : "2015-03-21T02:52:00.000",
      "level" : "asleep",
      "seconds" : 20460
    }]
  },
  "mainSleep" : true
},{
  "logId" : 785400991,
  "dateOfSleep" : "2015-03-20",
  "startTime" : "2015-03-20T01:15:00.000",
  "endTime" : "2015-03-20T07:51:30.000",
  "duration" : 23760000,
  "minutesToFallAsleep" : 0,
  "minutesAsleep" : 371,
  "minutesAwake" : 9,
  "minutesAfterWakeup" : 0,
  "timeInBed" : 396,
  "efficiency" : 98,
  "type" : "classic",
  "infoCode" : 0,
  "logType" : "auto_detected",
  "levels" : {
    "summary" : {
      "restless" : {
        "count" : 10,
        "minutes" : 18
      },
      "awake" : {
        "count" : 1,
        "minutes" : 1
      },
      "asleep" : {
        "count" : 0,
        "minutes" : 371
      }
    },
    "data" : [{
      "dateTime" : "2015-03-20T01:15:00.000",
      "level" : "restless",
      "seconds" : 300
    },{
      "dateTime" : "2015-03-20T01:20:00.000",
      "level" : "asleep",
      "seconds" : 240
    },{
      "dateTime" : "2015-03-20T01:24:00.000",
      "level" : "restless",
      "seconds" : 180
    },{
      "dateTime" : "2015-03-20T01:27:00.000",
      "level" : "awake",
      "seconds" : 60
    },{
      "dateTime" : "2015-03-20T01:28:00.000",
      "level" : "restless",
      "seconds" : 60
    },{
      "dateTime" : "2015-03-20T01:29:00.000",
      "level" : "asleep",
      "seconds" : 3060
    },{
      "dateTime" : "2015-03-20T02:20:00.000",
      "level" : "restless",
      "seconds" : 60
    },{
      "dateTime" : "2015-03-20T02:21:00.000",
      "level" : "asleep",
      "seconds" : 2760
    },{
      "dateTime" : "2015-03-20T03:07:00.000",
      "level" : "restless",
      "seconds" : 60
    },{
      "dateTime" : "2015-03-20T03:08:00.000",
      "level" : "asleep",
      "seconds" : 1200
    },{
      "dateTime" : "2015-03-20T03:28:00.000",
      "level" : "restless",
      "seconds" : 60
    },{
      "dateTime" : "2015-03-20T03:29:00.000",
      "level" : "asleep",
      "seconds" : 12000
    },{
      "dateTime" : "2015-03-20T06:49:00.000",
      "level" : "restless",
      "seconds" : 60
    },{
      "dateTime" : "2015-03-20T06:50:00.000",
      "level" : "asleep",
      "seconds" : 840
    },{
      "dateTime" : "2015-03-20T07:04:00.000",
      "level" : "restless",
      "seconds" : 60
    },{
      "dateTime" : "2015-03-20T07:05:00.000",
      "level" : "asleep",
      "seconds" : 2340
    },{
      "dateTime" : "2015-03-20T07:44:00.000",
      "level" : "restless",
      "seconds" : 120
    },{
      "dateTime" : "2015-03-20T07:46:00.000",
      "level" : "asleep",
      "seconds" : 60
    },{
      "dateTime" : "2015-03-20T07:47:00.000",
      "level" : "restless",
      "seconds" : 120
    },{
      "dateTime" : "2015-03-20T07:49:00.000",
      "level" : "asleep",
      "seconds" : 120
    }]
  },
  "mainSleep" : true
},{
  "logId" : 782903399,
  "dateOfSleep" : "2015-03-19",
  "startTime" : "2015-03-18T22:51:00.000",
  "endTime" : "2015-03-19T07:06:30.000",
  "duration" : 29700000,
  "minutesToFallAsleep" : 0,
  "minutesAsleep" : 469,
  "minutesAwake" : 20,
  "minutesAfterWakeup" : 0,
  "timeInBed" : 495,
  "efficiency" : 96,
  "type" : "classic",
  "infoCode" : 0,
  "logType" : "auto_detected",
  "levels" : {
    "summary" : {
      "restless" : {
        "count" : 11,
        "minutes" : 25
      },
      "awake" : {
        "count" : 1,
        "minutes" : 1
      },
      "asleep" : {
        "count" : 0,
        "minutes" : 469
      }
    },
    "data" : [{
      "dateTime" : "2015-03-18T22:51:00.000",
      "level" : "restless",
      "seconds" : 180
    },{
      "dateTime" : "2015-03-18T22:54:00.000",
      "level" : "awake",
      "seconds" : 60
    },{
      "dateTime" : "2015-03-18T22:55:00.000",
      "level" : "restless",
      "seconds" : 120
    },{
      "dateTime" : "2015-03-18T22:57:00.000",
      "level" : "asleep",
      "seconds" : 420
    },{
      "dateTime" : "2015-03-18T23:04:00.000",
      "level" : "restless",
      "seconds" : 240
    },{
      "dateTime" : "2015-03-18T23:08:00.000",
      "level" : "asleep",
      "seconds" : 1080
    },{
      "dateTime" : "2015-03-18T23:26:00.000",
      "level" : "restless",
      "seconds" : 180
    },{
      "dateTime" : "2015-03-18T23:29:00.000",
      "level" : "asleep",
      "seconds" : 180
    },{
      "dateTime" : "2015-03-18T23:32:00.000",
      "level" : "restless",
      "seconds" : 360
    },{
      "dateTime" : "2015-03-18T23:38:00.000",
      "level" : "asleep",
      "seconds" : 1140
    },{
      "dateTime" : "2015-03-18T23:57:00.000",
      "level" : "restless",
      "seconds" : 60
    },{
      "dateTime" : "2015-03-18T23:58:00.000",
      "level" : "asleep",
      "seconds" : 120
    },{
      "dateTime" : "2015-03-19T00:00:00.000",
      "level" : "restless",
      "seconds" : 60
    },{
      "dateTime" : "2015-03-19T00:01:00.000",
      "level" : "asleep",
      "seconds" : 8220
    },{
      "dateTime" : "2015-03-19T02:18:00.000",
      "level" : "restless",
      "seconds" : 60
    },{
      "dateTime" : "2015-03-19T02:19:00.000",
      "level" : "asleep",
      "seconds" : 120
    },{
      "dateTime" : "2015-03-19T02:21:00.000",
      "level" : "restless",
      "seconds" : 60
    },{
      "dateTime" : "2015-03-19T02:22:00.000",
      "level" : "asleep",
      "seconds" : 11940
    },{
      "dateTime" : "2015-03-19T05:41:00.000",
      "level" : "restless",
      "seconds" : 120
    },{
      "dateTime" : "2015-03-19T05:43:00.000",
      "level" : "asleep",
      "seconds" : 4860
    },{
      "dateTime" : "2015-03-19T07:04:00.000",
      "level" : "restless",
      "seconds" : 60
    },{
      "dateTime" : "2015-03-19T07:05:00.000",
      "level" : "asleep",
      "seconds" : 60
    }]
  },
  "mainSleep" : true
}]