[{
  "logId" : 11531939427,
  "dateOfSleep" : "2016-05-02",
  "startTime" : "2016-05-02T09:56:00.000",
  "endTime" : "2016-05-02T12:13:00.000",
  "duration" : 8220000,
  "minutesToFallAsleep" : 0,
  "minutesAsleep" : 133,
  "minutesAwake" : 4,
  "minutesAfterWakeup" : 0,
  "timeInBed" : 137,
  "efficiency" : 97,
  "type" : "classic",
  "infoCode" : 0,
  "logType" : "auto_detected",
  "levels" : {
    "summary" : {
      "restless" : {
        "count" : 0,
        "minutes" : 0
      },
      "awake" : {
        "count" : 1,
        "minutes" : 4
      },
      "asleep" : {
        "count" : 0,
        "minutes" : 133
      }
    },
    "data" : [{
      "dateTime" : "2016-05-02T09:56:00.000",
      "level" : "awake",
      "seconds" : 240
    },{
      "dateTime" : "2016-05-02T10:00:00.000",
      "level" : "asleep",
      "seconds" : 7980
    }]
  },
  "mainSleep" : true
},{
  "logId" : 11520395521,
  "dateOfSleep" : "2016-04-30",
  "startTime" : "2016-04-30T19:26:00.000",
  "endTime" : "2016-04-30T21:54:30.000",
  "duration" : 8880000,
  "minutesToFallAsleep" : 0,
  "minutesAsleep" : 142,
  "minutesAwake" : 6,
  "minutesAfterWakeup" : 0,
  "timeInBed" : 148,
  "efficiency" : 96,
  "type" : "classic",
  "infoCode" : 0,
  "logType" : "auto_detected",
  "levels" : {
    "summary" : {
      "restless" : {
        "count" : 1,
        "minutes" : 1
      },
      "awake" : {
        "count" : 1,
        "minutes" : 5
      },
      "asleep" : {
        "count" : 0,
        "minutes" : 142
      }
    },
    "data" : [{
      "dateTime" : "2016-04-30T19:26:00.000",
      "level" : "awake",
      "seconds" : 300
    },{
      "dateTime" : "2016-04-30T19:31:00.000",
      "level" : "asleep",
      "seconds" : 7020
    },{
      "dateTime" : "2016-04-30T21:28:00.000",
      "level" : "restless",
      "seconds" : 60
    },{
      "dateTime" : "2016-04-30T21:29:00.000",
      "level" : "asleep",
      "seconds" : 1500
    }]
  },
  "mainSleep" : false
},{
  "logId" : 11518008403,
  "dateOfSleep" : "2016-04-30",
  "startTime" : "2016-04-30T09:29:00.000",
  "endTime" : "2016-04-30T16:33:00.000",
  "duration" : 25440000,
  "minutesToFallAsleep" : 0,
  "minutesAsleep" : 373,
  "minutesAwake" : 46,
  "minutesAfterWakeup" : 4,
  "timeInBed" : 424,
  "efficiency" : 89,
  "type" : "classic",
  "infoCode" : 0,
  "logType" : "auto_detected",
  "levels" : {
    "summary" : {
      "restless" : {
        "count" : 3,
        "minutes" : 4
      },
      "awake" : {
        "count" : 13,
        "minutes" : 47
      },
      "asleep" : {
        "count" : 0,
        "minutes" : 373
      }
    },
    "data" : [{
      "dateTime" : "2016-04-30T09:29:00.000",
      "level" : "asleep",
      "seconds" : 12540
    },{
      "dateTime" : "2016-04-30T12:58:00.000",
      "level" : "restless",
      "seconds" : 60
    },{
      "dateTime" : "2016-04-30T12:59:00.000",
      "level" : "asleep",
      "seconds" : 120
    },{
      "dateTime" : "2016-04-30T13:01:00.000",
      "level" : "restless",
      "seconds" : 120
    },{
      "dateTime" : "2016-04-30T13:03:00.000",
      "level" : "asleep",
      "seconds" : 60
    },{
      "dateTime" : "2016-04-30T13:04:00.000",
      "level" : "awake",
      "seconds" : 480
    },{
      "dateTime" : "2016-04-30T13:12:00.000",
      "level" : "asleep",
      "seconds" : 540
    },{
      "dateTime" : "2016-04-30T13:21:00.000",
      "level" : "awake",
      "seconds" : 300
    },{
      "dateTime" : "2016-04-30T13:26:00.000",
      "level" : "asleep",
      "seconds" : 300
    },{
      "dateTime" : "2016-04-30T13:31:00.000",
      "level" : "awake",
      "seconds" : 300
    },{
      "dateTime" : "2016-04-30T13:36:00.000",
      "level" : "asleep",
      "seconds" : 900
    },{
      "dateTime" : "2016-04-30T13:51:00.000",
      "level" : "awake",
      "seconds" : 180
    },{
      "dateTime" : "2016-04-30T13:54:00.000",
      "level" : "asleep",
      "seconds" : 180
    },{
      "dateTime" : "2016-04-30T13:57:00.000",
      "level" : "awake",
      "seconds" : 240
    },{
      "dateTime" : "2016-04-30T14:01:00.000",
      "level" : "asleep",
      "seconds" : 2520
    },{
      "dateTime" : "2016-04-30T14:43:00.000",
      "level" : "awake",
      "seconds" : 180
    },{
      "dateTime" : "2016-04-30T14:46:00.000",
      "level" : "asleep",
      "seconds" : 1560
    },{
      "dateTime" : "2016-04-30T15:12:00.000",
      "level" : "awake",
      "seconds" : 180
    },{
      "dateTime" : "2016-04-30T15:15:00.000",
      "level" : "asleep",
      "seconds" : 180
    },{
      "dateTime" : "2016-04-30T15:18:00.000",
      "level" : "awake",
      "seconds" : 120
    },{
      "dateTime" : "2016-04-30T15:20:00.000",
      "level" : "asleep",
      "seconds" : 2400
    },{
      "dateTime" : "2016-04-30T16:00:00.000",
      "level" : "awake",
      "seconds" : 120
    },{
      "dateTime" : "2016-04-30T16:02:00.000",
      "level" : "asleep",
      "seconds" : 540
    },{
      "dateTime" : "2016-04-30T16:11:00.000",
      "level" : "awake",
      "seconds" : 120
    },{
      "dateTime" : "2016-04-30T16:13:00.000",
      "level" : "asleep",
      "seconds" : 300
    },{
      "dateTime" : "2016-04-30T16:18:00.000",
      "level" : "awake",
      "seconds" : 120
    },{
      "dateTime" : "2016-04-30T16:20:00.000",
      "level" : "asleep",
      "seconds" : 180
    },{
      "dateTime" : "2016-04-30T16:23:00.000",
      "level" : "awake",
      "seconds" : 240
    },{
      "dateTime" : "2016-04-30T16:27:00.000",
      "level" : "asleep",
      "seconds" : 120
    },{
      "dateTime" : "2016-04-30T16:29:00.000",
      "level" : "awake",
      "seconds" : 240
    }]
  },
  "mainSleep" : true
},{
  "logId" : 11508164191,
  "dateOfSleep" : "2016-04-29",
  "startTime" : "2016-04-29T00:02:00.000",
  "endTime" : "2016-04-29T06:46:30.000",
  "duration" : 24240000,
  "minutesToFallAsleep" : 0,
  "minutesAsleep" : 389,
  "minutesAwake" : 15,
  "minutesAfterWakeup" : 0,
  "timeInBed" : 404,
  "efficiency" : 96,
  "type" : "classic",
  "infoCode" : 0,
  "logType" : "auto_detected",
  "levels" : {
    "summary" : {
      "restless" : {
        "count" : 5,
        "minutes" : 11
      },
      "awake" : {
        "count" : 2,
        "minutes" : 4
      },
      "asleep" : {
        "count" : 0,
        "minutes" : 389
      }
    },
    "data" : [{
      "dateTime" : "2016-04-29T00:02:00.000",
      "level" : "restless",
      "seconds" : 60
    },{
      "dateTime" : "2016-04-29T00:03:00.000",
      "level" : "awake",
      "seconds" : 120
    },{
      "dateTime" : "2016-04-29T00:05:00.000",
      "level" : "restless",
      "seconds" : 120
    },{
      "dateTime" : "2016-04-29T00:07:00.000",
      "level" : "asleep",
      "seconds" : 1860
    },{
      "dateTime" : "2016-04-29T00:38:00.000",
      "level" : "restless",
      "seconds" : 240
    },{
      "dateTime" : "2016-04-29T00:42:00.000",
      "level" : "asleep",
      "seconds" : 1680
    },{
      "dateTime" : "2016-04-29T01:10:00.000",
      "level" : "restless",
      "seconds" : 180
    },{
      "dateTime" : "2016-04-29T01:13:00.000",
      "level" : "awake",
      "seconds" : 120
    },{
      "dateTime" : "2016-04-29T01:15:00.000",
      "level" : "restless",
      "seconds" : 60
    },{
      "dateTime" : "2016-04-29T01:16:00.000",
      "level" : "asleep",
      "seconds" : 19800
    }]
  },
  "mainSleep" : true
},{
  "logId" : 11500855526,
  "dateOfSleep" : "2016-04-28",
  "startTime" : "2016-04-27T23:52:30.000",
  "endTime" : "2016-04-28T06:42:30.000",
  "duration" : 24600000,
  "minutesToFallAsleep" : 0,
  "minutesAsleep" : 406,
  "minutesAwake" : 4,
  "minutesAfterWakeup" : 0,
  "timeInBed" : 410,
  "efficiency" : 99,
  "type" : "classic",
  "infoCode" : 0,
  "logType" : "auto_detected",
  "levels" : {
    "summary" : {
      "restless" : {
        "count" : 4,
        "minutes" : 4
      },
      "awake" : {
        "count" : 0,
        "minutes" : 0
      },
      "asleep" : {
        "count" : 0,
        "minutes" : 406
      }
    },
    "data" : [{
      "dateTime" : "2016-04-27T23:52:30.000",
      "level" : "asleep",
      "seconds" : 1080
    },{
      "dateTime" : "2016-04-28T00:10:30.000",
      "level" : "restless",
      "seconds" : 60
    },{
      "dateTime" : "2016-04-28T00:11:30.000",
      "level" : "asleep",
      "seconds" : 1380
    },{
      "dateTime" : "2016-04-28T00:34:30.000",
      "level" : "restless",
      "seconds" : 60
    },{
      "dateTime" : "2016-04-28T00:35:30.000",
      "level" : "asleep",
      "seconds" : 5880
    },{
      "dateTime" : "2016-04-28T02:13:30.000",
      "level" : "restless",
      "seconds" : 60
    },{
      "dateTime" : "2016-04-28T02:14:30.000",
      "level" : "asleep",
      "seconds" : 15720
    },{
      "dateTime" : "2016-04-28T06:36:30.000",
      "level" : "restless",
      "seconds" : 60
    },{
      "dateTime" : "2016-04-28T06:37:30.000",
      "level" : "asleep",
      "seconds" : 300
    }]
  },
  "mainSleep" : true
},{
  "logId" : 11493658392,
  "dateOfSleep" : "2016-04-27",
  "startTime" : "2016-04-26T23:29:30.000",
  "endTime" : "2016-04-27T06:46:00.000",
  "duration" : 26160000,
  "minutesToFallAsleep" : 0,
  "minutesAsleep" : 432,
  "minutesAwake" : 4,
  "minutesAfterWakeup" : 0,
  "timeInBed" : 436,
  "efficiency" : 99,
  "type" : "classic",
  "infoCode" : 0,
  "logType" : "auto_detected",
  "levels" : {
    "summary" : {
      "restless" : {
        "count" : 4,
        "minutes" : 4
      },
      "awake" : {
        "count" : 0,
        "minutes" : 0
      },
      "asleep" : {
        "count" : 0,
        "minutes" : 432
      }
    },
    "data" : [{
      "dateTime" : "2016-04-26T23:29:30.000",
      "level" : "restless",
      "seconds" : 60
    },{
      "dateTime" : "2016-04-26T23:30:30.000",
      "level" : "asleep",
      "seconds" : 9240
    },{
      "dateTime" : "2016-04-27T02:04:30.000",
      "level" : "restless",
      "seconds" : 60
    },{
      "dateTime" : "2016-04-27T02:05:30.000",
      "level" : "asleep",
      "seconds" : 480
    },{
      "dateTime" : "2016-04-27T02:13:30.000",
      "level" : "restless",
      "seconds" : 60
    },{
      "dateTime" : "2016-04-27T02:14:30.000",
      "level" : "asleep",
      "seconds" : 2460
    },{
      "dateTime" : "2016-04-27T02:55:30.000",
      "level" : "restless",
      "seconds" : 60
    },{
      "dateTime" : "2016-04-27T02:56:30.000",
      "level" : "asleep",
      "seconds" : 13740
    }]
  },
  "mainSleep" : true
},{
  "logId" : 11484639427,
  "dateOfSleep" : "2016-04-26",
  "startTime" : "2016-04-26T00:08:00.000",
  "endTime" : "2016-04-26T06:45:00.000",
  "duration" : 23820000,
  "minutesToFallAsleep" : 0,
  "minutesAsleep" : 389,
  "minutesAwake" : 8,
  "minutesAfterWakeup" : 0,
  "timeInBed" : 397,
  "efficiency" : 98,
  "type" : "classic",
  "infoCode" : 0,
  "logType" : "auto_detected",
  "levels" : {
    "summary" : {
      "restless" : {
        "count" : 3,
        "minutes" : 3
      },
      "awake" : {
        "count" : 1,
        "minutes" : 5
      },
      "asleep" : {
        "count" : 0,
        "minutes" : 389
      }
    },
    "data" : [{
      "dateTime" : "2016-04-26T00:08:00.000",
      "level" : "awake",
      "seconds" : 300
    },{
      "dateTime" : "2016-04-26T00:13:00.000",
      "level" : "restless",
      "seconds" : 60
    },{
      "dateTime" : "2016-04-26T00:14:00.000",
      "level" : "asleep",
      "seconds" : 10140
    },{
      "dateTime" : "2016-04-26T03:03:00.000",
      "level" : "restless",
      "seconds" : 60
    },{
      "dateTime" : "2016-04-26T03:04:00.000",
      "level" : "asleep",
      "seconds" : 7740
    },{
      "dateTime" : "2016-04-26T05:13:00.000",
      "level" : "restless",
      "seconds" : 60
    },{
      "dateTime" : "2016-04-26T05:14:00.000",
      "level" : "asleep",
      "seconds" : 5460
    }]
  },
  "mainSleep" : true
},{
  "logId" : 11480909137,
  "dateOfSleep" : "2016-04-25",
  "startTime" : "2016-04-25T01:23:30.000",
  "endTime" : "2016-04-25T08:26:30.000",
  "duration" : 25380000,
  "minutesToFallAsleep" : 0,
  "minutesAsleep" : 421,
  "minutesAwake" : 2,
  "minutesAfterWakeup" : 0,
  "timeInBed" : 423,
  "efficiency" : 100,
  "type" : "classic",
  "infoCode" : 0,
  "logType" : "auto_detected",
  "levels" : {
    "summary" : {
      "restless" : {
        "count" : 1,
        "minutes" : 2
      },
      "awake" : {
        "count" : 0,
        "minutes" : 0
      },
      "asleep" : {
        "count" : 0,
        "minutes" : 421
      }
    },
    "data" : [{
      "dateTime" : "2016-04-25T01:23:30.000",
      "level" : "asleep",
      "seconds" : 15600
    },{
      "dateTime" : "2016-04-25T05:43:30.000",
      "level" : "restless",
      "seconds" : 120
    },{
      "dateTime" : "2016-04-25T05:45:30.000",
      "level" : "asleep",
      "seconds" : 9660
    }]
  },
  "mainSleep" : true
},{
  "logId" : 11480909136,
  "dateOfSleep" : "2016-04-24",
  "startTime" : "2016-04-24T22:20:30.000",
  "endTime" : "2016-04-24T23:20:30.000",
  "duration" : 3600000,
  "minutesToFallAsleep" : 0,
  "minutesAsleep" : 53,
  "minutesAwake" : 7,
  "minutesAfterWakeup" : 0,
  "timeInBed" : 60,
  "efficiency" : 88,
  "type" : "classic",
  "infoCode" : 0,
  "logType" : "auto_detected",
  "levels" : {
    "summary" : {
      "restless" : {
        "count" : 1,
        "minutes" : 1
      },
      "awake" : {
        "count" : 1,
        "minutes" : 6
      },
      "asleep" : {
        "count" : 0,
        "minutes" : 53
      }
    },
    "data" : [{
      "dateTime" : "2016-04-24T22:20:30.000",
      "level" : "asleep",
      "seconds" : 60
    },{
      "dateTime" : "2016-04-24T22:21:30.000",
      "level" : "restless",
      "seconds" : 60
    },{
      "dateTime" : "2016-04-24T22:22:30.000",
      "level" : "awake",
      "seconds" : 360
    },{
      "dateTime" : "2016-04-24T22:28:30.000",
      "level" : "asleep",
      "seconds" : 3120
    }]
  },
  "mainSleep" : false
},{
  "logId" : 11480909135,
  "dateOfSleep" : "2016-04-24",
  "startTime" : "2016-04-24T01:39:30.000",
  "endTime" : "2016-04-24T10:21:00.000",
  "duration" : 31260000,
  "minutesToFallAsleep" : 0,
  "minutesAsleep" : 507,
  "minutesAwake" : 14,
  "minutesAfterWakeup" : 0,
  "timeInBed" : 521,
  "efficiency" : 97,
  "type" : "classic",
  "infoCode" : 0,
  "logType" : "auto_detected",
  "levels" : {
    "summary" : {
      "restless" : {
        "count" : 9,
        "minutes" : 14
      },
      "awake" : {
        "count" : 0,
        "minutes" : 0
      },
      "asleep" : {
        "count" : 0,
        "minutes" : 507
      }
    },
    "data" : [{
      "dateTime" : "2016-04-24T01:39:30.000",
      "level" : "restless",
      "seconds" : 60
    },{
      "dateTime" : "2016-04-24T01:40:30.000",
      "level" : "asleep",
      "seconds" : 420
    },{
      "dateTime" : "2016-04-24T01:47:30.000",
      "level" : "restless",
      "seconds" : 180
    },{
      "dateTime" : "2016-04-24T01:50:30.000",
      "level" : "asleep",
      "seconds" : 6900
    },{
      "dateTime" : "2016-04-24T03:45:30.000",
      "level" : "restless",
      "seconds" : 60
    },{
      "dateTime" : "2016-04-24T03:46:30.000",
      "level" : "asleep",
      "seconds" : 1440
    },{
      "dateTime" : "2016-04-24T04:10:30.000",
      "level" : "restless",
      "seconds" : 60
    },{
      "dateTime" : "2016-04-24T04:11:30.000",
      "level" : "asleep",
      "seconds" : 5160
    },{
      "dateTime" : "2016-04-24T05:37:30.000",
      "level" : "restless",
      "seconds" : 60
    },{
      "dateTime" : "2016-04-24T05:38:30.000",
      "level" : "asleep",
      "seconds" : 60
    },{
      "dateTime" : "2016-04-24T05:39:30.000",
      "level" : "restless",
      "seconds" : 60
    },{
      "dateTime" : "2016-04-24T05:40:30.000",
      "level" : "asleep",
      "seconds" : 8520
    },{
      "dateTime" : "2016-04-24T08:02:30.000",
      "level" : "restless",
      "seconds" : 180
    },{
      "dateTime" : "2016-04-24T08:05:30.000",
      "level" : "asleep",
      "seconds" : 2640
    },{
      "dateTime" : "2016-04-24T08:49:30.000",
      "level" : "restless",
      "seconds" : 60
    },{
      "dateTime" : "2016-04-24T08:50:30.000",
      "level" : "asleep",
      "seconds" : 120
    },{
      "dateTime" : "2016-04-24T08:52:30.000",
      "level" : "restless",
      "seconds" : 120
    },{
      "dateTime" : "2016-04-24T08:54:30.000",
      "level" : "asleep",
      "seconds" : 5160
    }]
  },
  "mainSleep" : true
},{
  "logId" : 11461813420,
  "dateOfSleep" : "2016-04-23",
  "startTime" : "2016-04-23T01:02:00.000",
  "endTime" : "2016-04-23T08:15:30.000",
  "duration" : 25980000,
  "minutesToFallAsleep" : 0,
  "minutesAsleep" : 420,
  "minutesAwake" : 13,
  "minutesAfterWakeup" : 0,
  "timeInBed" : 433,
  "efficiency" : 97,
  "type" : "classic",
  "infoCode" : 0,
  "logType" : "auto_detected",
  "levels" : {
    "summary" : {
      "restless" : {
        "count" : 7,
        "minutes" : 13
      },
      "awake" : {
        "count" : 0,
        "minutes" : 0
      },
      "asleep" : {
        "count" : 0,
        "minutes" : 420
      }
    },
    "data" : [{
      "dateTime" : "2016-04-23T01:02:00.000",
      "level" : "restless",
      "seconds" : 360
    },{
      "dateTime" : "2016-04-23T01:08:00.000",
      "level" : "asleep",
      "seconds" : 3780
    },{
      "dateTime" : "2016-04-23T02:11:00.000",
      "level" : "restless",
      "seconds" : 60
    },{
      "dateTime" : "2016-04-23T02:12:00.000",
      "level" : "asleep",
      "seconds" : 120
    },{
      "dateTime" : "2016-04-23T02:14:00.000",
      "level" : "restless",
      "seconds" : 60
    },{
      "dateTime" : "2016-04-23T02:15:00.000",
      "level" : "asleep",
      "seconds" : 8280
    },{
      "dateTime" : "2016-04-23T04:33:00.000",
      "level" : "restless",
      "seconds" : 60
    },{
      "dateTime" : "2016-04-23T04:34:00.000",
      "level" : "asleep",
      "seconds" : 11400
    },{
      "dateTime" : "2016-04-23T07:44:00.000",
      "level" : "restless",
      "seconds" : 120
    },{
      "dateTime" : "2016-04-23T07:46:00.000",
      "level" : "asleep",
      "seconds" : 1440
    },{
      "dateTime" : "2016-04-23T08:10:00.000",
      "level" : "restless",
      "seconds" : 60
    },{
      "dateTime" : "2016-04-23T08:11:00.000",
      "level" : "asleep",
      "seconds" : 60
    },{
      "dateTime" : "2016-04-23T08:12:00.000",
      "level" : "restless",
      "seconds" : 60
    },{
      "dateTime" : "2016-04-23T08:13:00.000",
      "level" : "asleep",
      "seconds" : 120
    }]
  },
  "mainSleep" : true
},{
  "logId" : 11454916910,
  "dateOfSleep" : "2016-04-22",
  "startTime" : "2016-04-22T00:22:00.000",
  "endTime" : "2016-04-22T07:07:00.000",
  "duration" : 24300000,
  "minutesToFallAsleep" : 0,
  "minutesAsleep" : 393,
  "minutesAwake" : 12,
  "minutesAfterWakeup" : 0,
  "timeInBed" : 405,
  "efficiency" : 97,
  "type" : "classic",
  "infoCode" : 0,
  "logType" : "auto_detected",
  "levels" : {
    "summary" : {
      "restless" : {
        "count" : 9,
        "minutes" : 12
      },
      "awake" : {
        "count" : 0,
        "minutes" : 0
      },
      "asleep" : {
        "count" : 0,
        "minutes" : 393
      }
    },
    "data" : [{
      "dateTime" : "2016-04-22T00:22:00.000",
      "level" : "restless",
      "seconds" : 60
    },{
      "dateTime" : "2016-04-22T00:23:00.000",
      "level" : "asleep",
      "seconds" : 540
    },{
      "dateTime" : "2016-04-22T00:32:00.000",
      "level" : "restless",
      "seconds" : 60
    },{
      "dateTime" : "2016-04-22T00:33:00.000",
      "level" : "asleep",
      "seconds" : 2160
    },{
      "dateTime" : "2016-04-22T01:09:00.000",
      "level" : "restless",
      "seconds" : 60
    },{
      "dateTime" : "2016-04-22T01:10:00.000",
      "level" : "asleep",
      "seconds" : 60
    },{
      "dateTime" : "2016-04-22T01:11:00.000",
      "level" : "restless",
      "seconds" : 120
    },{
      "dateTime" : "2016-04-22T01:13:00.000",
      "level" : "asleep",
      "seconds" : 7620
    },{
      "dateTime" : "2016-04-22T03:20:00.000",
      "level" : "restless",
      "seconds" : 120
    },{
      "dateTime" : "2016-04-22T03:22:00.000",
      "level" : "asleep",
      "seconds" : 60
    },{
      "dateTime" : "2016-04-22T03:23:00.000",
      "level" : "restless",
      "seconds" : 60
    },{
      "dateTime" : "2016-04-22T03:24:00.000",
      "level" : "asleep",
      "seconds" : 1200
    },{
      "dateTime" : "2016-04-22T03:44:00.000",
      "level" : "restless",
      "seconds" : 120
    },{
      "dateTime" : "2016-04-22T03:46:00.000",
      "level" : "asleep",
      "seconds" : 10920
    },{
      "dateTime" : "2016-04-22T06:48:00.000",
      "level" : "restless",
      "seconds" : 60
    },{
      "dateTime" : "2016-04-22T06:49:00.000",
      "level" : "asleep",
      "seconds" : 840
    },{
      "dateTime" : "2016-04-22T07:03:00.000",
      "level" : "restless",
      "seconds" : 60
    },{
      "dateTime" : "2016-04-22T07:04:00.000",
      "level" : "asleep",
      "seconds" : 180
    }]
  },
  "mainSleep" : true
},{
  "logId" : 11446581561,
  "dateOfSleep" : "2016-04-21",
  "startTime" : "2016-04-20T23:23:30.000",
  "endTime" : "2016-04-21T06:55:00.000",
  "duration" : 27060000,
  "minutesToFallAsleep" : 0,
  "minutesAsleep" : 441,
  "minutesAwake" : 10,
  "minutesAfterWakeup" : 0,
  "timeInBed" : 451,
  "efficiency" : 98,
  "type" : "classic",
  "infoCode" : 0,
  "logType" : "auto_detected",
  "levels" : {
    "summary" : {
      "restless" : {
        "count" : 8,
        "minutes" : 9
      },
      "awake" : {
        "count" : 1,
        "minutes" : 1
      },
      "asleep" : {
        "count" : 0,
        "minutes" : 441
      }
    },
    "data" : [{
      "dateTime" : "2016-04-20T23:23:30.000",
      "level" : "asleep",
      "seconds" : 120
    },{
      "dateTime" : "2016-04-20T23:25:30.000",
      "level" : "restless",
      "seconds" : 120
    },{
      "dateTime" : "2016-04-20T23:27:30.000",
      "level" : "awake",
      "seconds" : 60
    },{
      "dateTime" : "2016-04-20T23:28:30.000",
      "level" : "asleep",
      "seconds" : 840
    },{
      "dateTime" : "2016-04-20T23:42:30.000",
      "level" : "restless",
      "seconds" : 60
    },{
      "dateTime" : "2016-04-20T23:43:30.000",
      "level" : "asleep",
      "seconds" : 60
    },{
      "dateTime" : "2016-04-20T23:44:30.000",
      "level" : "restless",
      "seconds" : 60
    },{
      "dateTime" : "2016-04-20T23:45:30.000",
      "level" : "asleep",
      "seconds" : 2400
    },{
      "dateTime" : "2016-04-21T00:25:30.000",
      "level" : "restless",
      "seconds" : 60
    },{
      "dateTime" : "2016-04-21T00:26:30.000",
      "level" : "asleep",
      "seconds" : 11340
    },{
      "dateTime" : "2016-04-21T03:35:30.000",
      "level" : "restless",
      "seconds" : 60
    },{
      "dateTime" : "2016-04-21T03:36:30.000",
      "level" : "asleep",
      "seconds" : 7620
    },{
      "dateTime" : "2016-04-21T05:43:30.000",
      "level" : "restless",
      "seconds" : 60
    },{
      "dateTime" : "2016-04-21T05:44:30.000",
      "level" : "asleep",
      "seconds" : 3780
    },{
      "dateTime" : "2016-04-21T06:47:30.000",
      "level" : "restless",
      "seconds" : 60
    },{
      "dateTime" : "2016-04-21T06:48:30.000",
      "level" : "asleep",
      "seconds" : 180
    },{
      "dateTime" : "2016-04-21T06:51:30.000",
      "level" : "restless",
      "seconds" : 60
    },{
      "dateTime" : "2016-04-21T06:52:30.000",
      "level" : "asleep",
      "seconds" : 120
    }]
  },
  "mainSleep" : true
},{
  "logId" : 11438175298,
  "dateOfSleep" : "2016-04-20",
  "startTime" : "2016-04-20T00:07:00.000",
  "endTime" : "2016-04-20T06:51:00.000",
  "duration" : 24240000,
  "minutesToFallAsleep" : 0,
  "minutesAsleep" : 390,
  "minutesAwake" : 12,
  "minutesAfterWakeup" : 2,
  "timeInBed" : 404,
  "efficiency" : 97,
  "type" : "classic",
  "infoCode" : 0,
  "logType" : "auto_detected",
  "levels" : {
    "summary" : {
      "restless" : {
        "count" : 9,
        "minutes" : 14
      },
      "awake" : {
        "count" : 0,
        "minutes" : 0
      },
      "asleep" : {
        "count" : 0,
        "minutes" : 390
      }
    },
    "data" : [{
      "dateTime" : "2016-04-20T00:07:00.000",
      "level" : "asleep",
      "seconds" : 60
    },{
      "dateTime" : "2016-04-20T00:08:00.000",
      "level" : "restless",
      "seconds" : 120
    },{
      "dateTime" : "2016-04-20T00:10:00.000",
      "level" : "asleep",
      "seconds" : 120
    },{
      "dateTime" : "2016-04-20T00:12:00.000",
      "level" : "restless",
      "seconds" : 60
    },{
      "dateTime" : "2016-04-20T00:13:00.000",
      "level" : "asleep",
      "seconds" : 180
    },{
      "dateTime" : "2016-04-20T00:16:00.000",
      "level" : "restless",
      "seconds" : 60
    },{
      "dateTime" : "2016-04-20T00:17:00.000",
      "level" : "asleep",
      "seconds" : 120
    },{
      "dateTime" : "2016-04-20T00:19:00.000",
      "level" : "restless",
      "seconds" : 60
    },{
      "dateTime" : "2016-04-20T00:20:00.000",
      "level" : "asleep",
      "seconds" : 120
    },{
      "dateTime" : "2016-04-20T00:22:00.000",
      "level" : "restless",
      "seconds" : 180
    },{
      "dateTime" : "2016-04-20T00:25:00.000",
      "level" : "asleep",
      "seconds" : 60
    },{
      "dateTime" : "2016-04-20T00:26:00.000",
      "level" : "restless",
      "seconds" : 60
    },{
      "dateTime" : "2016-04-20T00:27:00.000",
      "level" : "asleep",
      "seconds" : 2700
    },{
      "dateTime" : "2016-04-20T01:12:00.000",
      "level" : "restless",
      "seconds" : 120
    },{
      "dateTime" : "2016-04-20T01:14:00.000",
      "level" : "asleep",
      "seconds" : 8580
    },{
      "dateTime" : "2016-04-20T03:37:00.000",
      "level" : "restless",
      "seconds" : 60
    },{
      "dateTime" : "2016-04-20T03:38:00.000",
      "level" : "asleep",
      "seconds" : 11460
    },{
      "dateTime" : "2016-04-20T06:49:00.000",
      "level" : "restless",
      "seconds" : 120
    }]
  },
  "mainSleep" : true
},{
  "logId" : 11429046302,
  "dateOfSleep" : "2016-04-19",
  "startTime" : "2016-04-18T22:58:00.000",
  "endTime" : "2016-04-19T07:07:30.000",
  "duration" : 29340000,
  "minutesToFallAsleep" : 0,
  "minutesAsleep" : 466,
  "minutesAwake" : 23,
  "minutesAfterWakeup" : 0,
  "timeInBed" : 489,
  "efficiency" : 95,
  "type" : "classic",
  "infoCode" : 0,
  "logType" : "auto_detected",
  "levels" : {
    "summary" : {
      "restless" : {
        "count" : 10,
        "minutes" : 18
      },
      "awake" : {
        "count" : 3,
        "minutes" : 5
      },
      "asleep" : {
        "count" : 0,
        "minutes" : 466
      }
    },
    "data" : [{
      "dateTime" : "2016-04-18T22:58:00.000",
      "level" : "awake",
      "seconds" : 60
    },{
      "dateTime" : "2016-04-18T22:59:00.000",
      "level" : "asleep",
      "seconds" : 1740
    },{
      "dateTime" : "2016-04-18T23:28:00.000",
      "level" : "restless",
      "seconds" : 60
    },{
      "dateTime" : "2016-04-18T23:29:00.000",
      "level" : "asleep",
      "seconds" : 1080
    },{
      "dateTime" : "2016-04-18T23:47:00.000",
      "level" : "restless",
      "seconds" : 60
    },{
      "dateTime" : "2016-04-18T23:48:00.000",
      "level" : "awake",
      "seconds" : 60
    },{
      "dateTime" : "2016-04-18T23:49:00.000",
      "level" : "restless",
      "seconds" : 60
    },{
      "dateTime" : "2016-04-18T23:50:00.000",
      "level" : "awake",
      "seconds" : 180
    },{
      "dateTime" : "2016-04-18T23:53:00.000",
      "level" : "restless",
      "seconds" : 60
    },{
      "dateTime" : "2016-04-18T23:54:00.000",
      "level" : "asleep",
      "seconds" : 6180
    },{
      "dateTime" : "2016-04-19T01:37:00.000",
      "level" : "restless",
      "seconds" : 60
    },{
      "dateTime" : "2016-04-19T01:38:00.000",
      "level" : "asleep",
      "seconds" : 2460
    },{
      "dateTime" : "2016-04-19T02:19:00.000",
      "level" : "restless",
      "seconds" : 60
    },{
      "dateTime" : "2016-04-19T02:20:00.000",
      "level" : "asleep",
      "seconds" : 60
    },{
      "dateTime" : "2016-04-19T02:21:00.000",
      "level" : "restless",
      "seconds" : 120
    },{
      "dateTime" : "2016-04-19T02:23:00.000",
      "level" : "asleep",
      "seconds" : 6540
    },{
      "dateTime" : "2016-04-19T04:12:00.000",
      "level" : "restless",
      "seconds" : 120
    },{
      "dateTime" : "2016-04-19T04:14:00.000",
      "level" : "asleep",
      "seconds" : 3780
    },{
      "dateTime" : "2016-04-19T05:17:00.000",
      "level" : "restless",
      "seconds" : 60
    },{
      "dateTime" : "2016-04-19T05:18:00.000",
      "level" : "asleep",
      "seconds" : 5280
    },{
      "dateTime" : "2016-04-19T06:46:00.000",
      "level" : "restless",
      "seconds" : 420
    },{
      "dateTime" : "2016-04-19T06:53:00.000",
      "level" : "asleep",
      "seconds" : 840
    }]
  },
  "mainSleep" : true
},{
  "logId" : 11420500568,
  "dateOfSleep" : "2016-04-18",
  "startTime" : "2016-04-17T22:01:00.000",
  "endTime" : "2016-04-18T06:58:30.000",
  "duration" : 32220000,
  "minutesToFallAsleep" : 0,
  "minutesAsleep" : 528,
  "minutesAwake" : 9,
  "minutesAfterWakeup" : 0,
  "timeInBed" : 537,
  "efficiency" : 98,
  "type" : "classic",
  "infoCode" : 0,
  "logType" : "auto_detected",
  "levels" : {
    "summary" : {
      "restless" : {
        "count" : 8,
        "minutes" : 9
      },
      "awake" : {
        "count" : 0,
        "minutes" : 0
      },
      "asleep" : {
        "count" : 0,
        "minutes" : 528
      }
    },
    "data" : [{
      "dateTime" : "2016-04-17T22:01:00.000",
      "level" : "asleep",
      "seconds" : 120
    },{
      "dateTime" : "2016-04-17T22:03:00.000",
      "level" : "restless",
      "seconds" : 60
    },{
      "dateTime" : "2016-04-17T22:04:00.000",
      "level" : "asleep",
      "seconds" : 2820
    },{
      "dateTime" : "2016-04-17T22:51:00.000",
      "level" : "restless",
      "seconds" : 60
    },{
      "dateTime" : "2016-04-17T22:52:00.000",
      "level" : "asleep",
      "seconds" : 5280
    },{
      "dateTime" : "2016-04-18T00:20:00.000",
      "level" : "restless",
      "seconds" : 120
    },{
      "dateTime" : "2016-04-18T00:22:00.000",
      "level" : "asleep",
      "seconds" : 6720
    },{
      "dateTime" : "2016-04-18T02:14:00.000",
      "level" : "restless",
      "seconds" : 60
    },{
      "dateTime" : "2016-04-18T02:15:00.000",
      "level" : "asleep",
      "seconds" : 1680
    },{
      "dateTime" : "2016-04-18T02:43:00.000",
      "level" : "restless",
      "seconds" : 60
    },{
      "dateTime" : "2016-04-18T02:44:00.000",
      "level" : "asleep",
      "seconds" : 5940
    },{
      "dateTime" : "2016-04-18T04:23:00.000",
      "level" : "restless",
      "seconds" : 60
    },{
      "dateTime" : "2016-04-18T04:24:00.000",
      "level" : "asleep",
      "seconds" : 8160
    },{
      "dateTime" : "2016-04-18T06:40:00.000",
      "level" : "restless",
      "seconds" : 60
    },{
      "dateTime" : "2016-04-18T06:41:00.000",
      "level" : "asleep",
      "seconds" : 480
    },{
      "dateTime" : "2016-04-18T06:49:00.000",
      "level" : "restless",
      "seconds" : 60
    },{
      "dateTime" : "2016-04-18T06:50:00.000",
      "level" : "asleep",
      "seconds" : 480
    }]
  },
  "mainSleep" : true
},{
  "logId" : 11412758957,
  "dateOfSleep" : "2016-04-17",
  "startTime" : "2016-04-17T02:40:00.000",
  "endTime" : "2016-04-17T08:10:30.000",
  "duration" : 19800000,
  "minutesToFallAsleep" : 0,
  "minutesAsleep" : 316,
  "minutesAwake" : 14,
  "minutesAfterWakeup" : 0,
  "timeInBed" : 330,
  "efficiency" : 96,
  "type" : "classic",
  "infoCode" : 0,
  "logType" : "auto_detected",
  "levels" : {
    "summary" : {
      "restless" : {
        "count" : 6,
        "minutes" : 14
      },
      "awake" : {
        "count" : 0,
        "minutes" : 0
      },
      "asleep" : {
        "count" : 0,
        "minutes" : 316
      }
    },
    "data" : [{
      "dateTime" : "2016-04-17T02:40:00.000",
      "level" : "restless",
      "seconds" : 300
    },{
      "dateTime" : "2016-04-17T02:45:00.000",
      "level" : "asleep",
      "seconds" : 60
    },{
      "dateTime" : "2016-04-17T02:46:00.000",
      "level" : "restless",
      "seconds" : 60
    },{
      "dateTime" : "2016-04-17T02:47:00.000",
      "level" : "asleep",
      "seconds" : 5280
    },{
      "dateTime" : "2016-04-17T04:15:00.000",
      "level" : "restless",
      "seconds" : 60
    },{
      "dateTime" : "2016-04-17T04:16:00.000",
      "level" : "asleep",
      "seconds" : 12660
    },{
      "dateTime" : "2016-04-17T07:47:00.000",
      "level" : "restless",
      "seconds" : 60
    },{
      "dateTime" : "2016-04-17T07:48:00.000",
      "level" : "asleep",
      "seconds" : 660
    },{
      "dateTime" : "2016-04-17T07:59:00.000",
      "level" : "restless",
      "seconds" : 60
    },{
      "dateTime" : "2016-04-17T08:00:00.000",
      "level" : "asleep",
      "seconds" : 60
    },{
      "dateTime" : "2016-04-17T08:01:00.000",
      "level" : "restless",
      "seconds" : 300
    },{
      "dateTime" : "2016-04-17T08:06:00.000",
      "level" : "asleep",
      "seconds" : 240
    }]
  },
  "mainSleep" : true
},{
  "logId" : 11411025159,
  "dateOfSleep" : "2016-04-17",
  "startTime" : "2016-04-16T23:16:00.000",
  "endTime" : "2016-04-17T01:37:00.000",
  "duration" : 8460000,
  "minutesToFallAsleep" : 0,
  "minutesAsleep" : 135,
  "minutesAwake" : 6,
  "minutesAfterWakeup" : 0,
  "timeInBed" : 141,
  "efficiency" : 96,
  "type" : "classic",
  "infoCode" : 0,
  "logType" : "auto_detected",
  "levels" : {
    "summary" : {
      "restless" : {
        "count" : 2,
        "minutes" : 3
      },
      "awake" : {
        "count" : 1,
        "minutes" : 3
      },
      "asleep" : {
        "count" : 0,
        "minutes" : 135
      }
    },
    "data" : [{
      "dateTime" : "2016-04-16T23:16:00.000",
      "level" : "awake",
      "seconds" : 180
    },{
      "dateTime" : "2016-04-16T23:19:00.000",
      "level" : "asleep",
      "seconds" : 2220
    },{
      "dateTime" : "2016-04-16T23:56:00.000",
      "level" : "restless",
      "seconds" : 60
    },{
      "dateTime" : "2016-04-16T23:57:00.000",
      "level" : "asleep",
      "seconds" : 3900
    },{
      "dateTime" : "2016-04-17T01:02:00.000",
      "level" : "restless",
      "seconds" : 120
    },{
      "dateTime" : "2016-04-17T01:04:00.000",
      "level" : "asleep",
      "seconds" : 1980
    }]
  },
  "mainSleep" : false
},{
  "logId" : 11403946075,
  "dateOfSleep" : "2016-04-16",
  "startTime" : "2016-04-15T21:29:30.000",
  "endTime" : "2016-04-16T08:05:30.000",
  "duration" : 38160000,
  "minutesToFallAsleep" : 0,
  "minutesAsleep" : 606,
  "minutesAwake" : 29,
  "minutesAfterWakeup" : 1,
  "timeInBed" : 636,
  "efficiency" : 95,
  "type" : "classic",
  "infoCode" : 0,
  "logType" : "auto_detected",
  "levels" : {
    "summary" : {
      "restless" : {
        "count" : 14,
        "minutes" : 24
      },
      "awake" : {
        "count" : 1,
        "minutes" : 6
      },
      "asleep" : {
        "count" : 0,
        "minutes" : 606
      }
    },
    "data" : [{
      "dateTime" : "2016-04-15T21:29:30.000",
      "level" : "asleep",
      "seconds" : 1620
    },{
      "dateTime" : "2016-04-15T21:56:30.000",
      "level" : "restless",
      "seconds" : 120
    },{
      "dateTime" : "2016-04-15T21:58:30.000",
      "level" : "awake",
      "seconds" : 360
    },{
      "dateTime" : "2016-04-15T22:04:30.000",
      "level" : "restless",
      "seconds" : 120
    },{
      "dateTime" : "2016-04-15T22:06:30.000",
      "level" : "asleep",
      "seconds" : 60
    },{
      "dateTime" : "2016-04-15T22:07:30.000",
      "level" : "restless",
      "seconds" : 60
    },{
      "dateTime" : "2016-04-15T22:08:30.000",
      "level" : "asleep",
      "seconds" : 1260
    },{
      "dateTime" : "2016-04-15T22:29:30.000",
      "level" : "restless",
      "seconds" : 60
    },{
      "dateTime" : "2016-04-15T22:30:30.000",
      "level" : "asleep",
      "seconds" : 360
    },{
      "dateTime" : "2016-04-15T22:36:30.000",
      "level" : "restless",
      "seconds" : 180
    },{
      "dateTime" : "2016-04-15T22:39:30.000",
      "level" : "asleep",
      "seconds" : 480
    },{
      "dateTime" : "2016-04-15T22:47:30.000",
      "level" : "restless",
      "seconds" : 60
    },{
      "dateTime" : "2016-04-15T22:48:30.000",
      "level" : "asleep",
      "seconds" : 60
    },{
      "dateTime" : "2016-04-15T22:49:30.000",
      "level" : "restless",
      "seconds" : 240
    },{
      "dateTime" : "2016-04-15T22:53:30.000",
      "level" : "asleep",
      "seconds" : 300
    },{
      "dateTime" : "2016-04-15T22:58:30.000",
      "level" : "restless",
      "seconds" : 60
    },{
      "dateTime" : "2016-04-15T22:59:30.000",
      "level" : "asleep",
      "seconds" : 840
    },{
      "dateTime" : "2016-04-15T23:13:30.000",
      "level" : "restless",
      "seconds" : 120
    },{
      "dateTime" : "2016-04-15T23:15:30.000",
      "level" : "asleep",
      "seconds" : 7680
    },{
      "dateTime" : "2016-04-16T01:23:30.000",
      "level" : "restless",
      "seconds" : 60
    },{
      "dateTime" : "2016-04-16T01:24:30.000",
      "level" : "asleep",
      "seconds" : 2280
    },{
      "dateTime" : "2016-04-16T02:02:30.000",
      "level" : "restless",
      "seconds" : 60
    },{
      "dateTime" : "2016-04-16T02:03:30.000",
      "level" : "asleep",
      "seconds" : 9960
    },{
      "dateTime" : "2016-04-16T04:49:30.000",
      "level" : "restless",
      "seconds" : 60
    },{
      "dateTime" : "2016-04-16T04:50:30.000",
      "level" : "asleep",
      "seconds" : 1560
    },{
      "dateTime" : "2016-04-16T05:16:30.000",
      "level" : "restless",
      "seconds" : 180
    },{
      "dateTime" : "2016-04-16T05:19:30.000",
      "level" : "asleep",
      "seconds" : 9900
    },{
      "dateTime" : "2016-04-16T08:04:30.000",
      "level" : "restless",
      "seconds" : 60
    }]
  },
  "mainSleep" : true
},{
  "logId" : 11395927982,
  "dateOfSleep" : "2016-04-15",
  "startTime" : "2016-04-14T22:43:30.000",
  "endTime" : "2016-04-15T06:51:30.000",
  "duration" : 29280000,
  "minutesToFallAsleep" : 0,
  "minutesAsleep" : 484,
  "minutesAwake" : 2,
  "minutesAfterWakeup" : 2,
  "timeInBed" : 488,
  "efficiency" : 100,
  "type" : "classic",
  "infoCode" : 0,
  "logType" : "auto_detected",
  "levels" : {
    "summary" : {
      "restless" : {
        "count" : 2,
        "minutes" : 3
      },
      "awake" : {
        "count" : 1,
        "minutes" : 1
      },
      "asleep" : {
        "count" : 0,
        "minutes" : 484
      }
    },
    "data" : [{
      "dateTime" : "2016-04-14T22:43:30.000",
      "level" : "awake",
      "seconds" : 60
    },{
      "dateTime" : "2016-04-14T22:44:30.000",
      "level" : "restless",
      "seconds" : 60
    },{
      "dateTime" : "2016-04-14T22:45:30.000",
      "level" : "asleep",
      "seconds" : 29040
    },{
      "dateTime" : "2016-04-15T06:49:30.000",
      "level" : "restless",
      "seconds" : 120
    }]
  },
  "mainSleep" : true
},{
  "logId" : 11386721814,
  "dateOfSleep" : "2016-04-14",
  "startTime" : "2016-04-13T22:26:00.000",
  "endTime" : "2016-04-14T06:45:00.000",
  "duration" : 29940000,
  "minutesToFallAsleep" : 0,
  "minutesAsleep" : 486,
  "minutesAwake" : 13,
  "minutesAfterWakeup" : 0,
  "timeInBed" : 499,
  "efficiency" : 97,
  "type" : "classic",
  "infoCode" : 0,
  "logType" : "auto_detected",
  "levels" : {
    "summary" : {
      "restless" : {
        "count" : 9,
        "minutes" : 12
      },
      "awake" : {
        "count" : 1,
        "minutes" : 1
      },
      "asleep" : {
        "count" : 0,
        "minutes" : 486
      }
    },
    "data" : [{
      "dateTime" : "2016-04-13T22:26:00.000",
      "level" : "restless",
      "seconds" : 180
    },{
      "dateTime" : "2016-04-13T22:29:00.000",
      "level" : "awake",
      "seconds" : 60
    },{
      "dateTime" : "2016-04-13T22:30:00.000",
      "level" : "restless",
      "seconds" : 60
    },{
      "dateTime" : "2016-04-13T22:31:00.000",
      "level" : "asleep",
      "seconds" : 60
    },{
      "dateTime" : "2016-04-13T22:32:00.000",
      "level" : "restless",
      "seconds" : 60
    },{
      "dateTime" : "2016-04-13T22:33:00.000",
      "level" : "asleep",
      "seconds" : 360
    },{
      "dateTime" : "2016-04-13T22:39:00.000",
      "level" : "restless",
      "seconds" : 60
    },{
      "dateTime" : "2016-04-13T22:40:00.000",
      "level" : "asleep",
      "seconds" : 4680
    },{
      "dateTime" : "2016-04-13T23:58:00.000",
      "level" : "restless",
      "seconds" : 60
    },{
      "dateTime" : "2016-04-13T23:59:00.000",
      "level" : "asleep",
      "seconds" : 4140
    },{
      "dateTime" : "2016-04-14T01:08:00.000",
      "level" : "restless",
      "seconds" : 60
    },{
      "dateTime" : "2016-04-14T01:09:00.000",
      "level" : "asleep",
      "seconds" : 3180
    },{
      "dateTime" : "2016-04-14T02:02:00.000",
      "level" : "restless",
      "seconds" : 60
    },{
      "dateTime" : "2016-04-14T02:03:00.000",
      "level" : "asleep",
      "seconds" : 1380
    },{
      "dateTime" : "2016-04-14T02:26:00.000",
      "level" : "restless",
      "seconds" : 120
    },{
      "dateTime" : "2016-04-14T02:28:00.000",
      "level" : "asleep",
      "seconds" : 12840
    },{
      "dateTime" : "2016-04-14T06:02:00.000",
      "level" : "restless",
      "seconds" : 60
    },{
      "dateTime" : "2016-04-14T06:03:00.000",
      "level" : "asleep",
      "seconds" : 2520
    }]
  },
  "mainSleep" : true
},{
  "logId" : 11377041433,
  "dateOfSleep" : "2016-04-13",
  "startTime" : "2016-04-13T00:43:00.000",
  "endTime" : "2016-04-13T06:39:00.000",
  "duration" : 21360000,
  "minutesToFallAsleep" : 0,
  "minutesAsleep" : 347,
  "minutesAwake" : 9,
  "minutesAfterWakeup" : 0,
  "timeInBed" : 356,
  "efficiency" : 97,
  "type" : "classic",
  "infoCode" : 0,
  "logType" : "auto_detected",
  "levels" : {
    "summary" : {
      "restless" : {
        "count" : 4,
        "minutes" : 4
      },
      "awake" : {
        "count" : 1,
        "minutes" : 5
      },
      "asleep" : {
        "count" : 0,
        "minutes" : 347
      }
    },
    "data" : [{
      "dateTime" : "2016-04-13T00:43:00.000",
      "level" : "awake",
      "seconds" : 300
    },{
      "dateTime" : "2016-04-13T00:48:00.000",
      "level" : "restless",
      "seconds" : 60
    },{
      "dateTime" : "2016-04-13T00:49:00.000",
      "level" : "asleep",
      "seconds" : 300
    },{
      "dateTime" : "2016-04-13T00:54:00.000",
      "level" : "restless",
      "seconds" : 60
    },{
      "dateTime" : "2016-04-13T00:55:00.000",
      "level" : "asleep",
      "seconds" : 120
    },{
      "dateTime" : "2016-04-13T00:57:00.000",
      "level" : "restless",
      "seconds" : 60
    },{
      "dateTime" : "2016-04-13T00:58:00.000",
      "level" : "asleep",
      "seconds" : 7680
    },{
      "dateTime" : "2016-04-13T03:06:00.000",
      "level" : "restless",
      "seconds" : 60
    },{
      "dateTime" : "2016-04-13T03:07:00.000",
      "level" : "asleep",
      "seconds" : 12720
    }]
  },
  "mainSleep" : true
},{
  "logId" : 11367977629,
  "dateOfSleep" : "2016-04-12",
  "startTime" : "2016-04-12T00:09:00.000",
  "endTime" : "2016-04-12T06:51:30.000",
  "duration" : 24120000,
  "minutesToFallAsleep" : 0,
  "minutesAsleep" : 395,
  "minutesAwake" : 7,
  "minutesAfterWakeup" : 0,
  "timeInBed" : 402,
  "efficiency" : 98,
  "type" : "classic",
  "infoCode" : 0,
  "logType" : "auto_detected",
  "levels" : {
    "summary" : {
      "restless" : {
        "count" : 4,
        "minutes" : 7
      },
      "awake" : {
        "count" : 0,
        "minutes" : 0
      },
      "asleep" : {
        "count" : 0,
        "minutes" : 395
      }
    },
    "data" : [{
      "dateTime" : "2016-04-12T00:09:00.000",
      "level" : "asleep",
      "seconds" : 60
    },{
      "dateTime" : "2016-04-12T00:10:00.000",
      "level" : "restless",
      "seconds" : 60
    },{
      "dateTime" : "2016-04-12T00:11:00.000",
      "level" : "asleep",
      "seconds" : 360
    },{
      "dateTime" : "2016-04-12T00:17:00.000",
      "level" : "restless",
      "seconds" : 240
    },{
      "dateTime" : "2016-04-12T00:21:00.000",
      "level" : "asleep",
      "seconds" : 1620
    },{
      "dateTime" : "2016-04-12T00:48:00.000",
      "level" : "restless",
      "seconds" : 60
    },{
      "dateTime" : "2016-04-12T00:49:00.000",
      "level" : "asleep",
      "seconds" : 6960
    },{
      "dateTime" : "2016-04-12T02:45:00.000",
      "level" : "restless",
      "seconds" : 60
    },{
      "dateTime" : "2016-04-12T02:46:00.000",
      "level" : "asleep",
      "seconds" : 14520
    },{
      "dateTime" : "2016-04-12T06:48:00.000",
      "level" : "restless",
      "seconds" : 60
    },{
      "dateTime" : "2016-04-12T06:49:00.000",
      "level" : "asleep",
      "seconds" : 120
    }]
  },
  "mainSleep" : true
},{
  "logId" : 11358792178,
  "dateOfSleep" : "2016-04-11",
  "startTime" : "2016-04-10T23:01:00.000",
  "endTime" : "2016-04-11T06:56:30.000",
  "duration" : 28500000,
  "minutesToFallAsleep" : 0,
  "minutesAsleep" : 461,
  "minutesAwake" : 14,
  "minutesAfterWakeup" : 0,
  "timeInBed" : 475,
  "efficiency" : 97,
  "type" : "classic",
  "infoCode" : 0,
  "logType" : "auto_detected",
  "levels" : {
    "summary" : {
      "restless" : {
        "count" : 6,
        "minutes" : 9
      },
      "awake" : {
        "count" : 1,
        "minutes" : 5
      },
      "asleep" : {
        "count" : 0,
        "minutes" : 461
      }
    },
    "data" : [{
      "dateTime" : "2016-04-10T23:01:00.000",
      "level" : "awake",
      "seconds" : 300
    },{
      "dateTime" : "2016-04-10T23:06:00.000",
      "level" : "restless",
      "seconds" : 60
    },{
      "dateTime" : "2016-04-10T23:07:00.000",
      "level" : "asleep",
      "seconds" : 420
    },{
      "dateTime" : "2016-04-10T23:14:00.000",
      "level" : "restless",
      "seconds" : 60
    },{
      "dateTime" : "2016-04-10T23:15:00.000",
      "level" : "asleep",
      "seconds" : 2820
    },{
      "dateTime" : "2016-04-11T00:02:00.000",
      "level" : "restless",
      "seconds" : 60
    },{
      "dateTime" : "2016-04-11T00:03:00.000",
      "level" : "asleep",
      "seconds" : 5760
    },{
      "dateTime" : "2016-04-11T01:39:00.000",
      "level" : "restless",
      "seconds" : 180
    },{
      "dateTime" : "2016-04-11T01:42:00.000",
      "level" : "asleep",
      "seconds" : 5160
    },{
      "dateTime" : "2016-04-11T03:08:00.000",
      "level" : "restless",
      "seconds" : 60
    },{
      "dateTime" : "2016-04-11T03:09:00.000",
      "level" : "asleep",
      "seconds" : 13140
    },{
      "dateTime" : "2016-04-11T06:48:00.000",
      "level" : "restless",
      "seconds" : 120
    },{
      "dateTime" : "2016-04-11T06:50:00.000",
      "level" : "asleep",
      "seconds" : 360
    }]
  },
  "mainSleep" : true
},{
  "logId" : 11352089704,
  "dateOfSleep" : "2016-04-10",
  "startTime" : "2016-04-10T00:48:30.000",
  "endTime" : "2016-04-10T08:32:00.000",
  "duration" : 27780000,
  "minutesToFallAsleep" : 0,
  "minutesAsleep" : 453,
  "minutesAwake" : 10,
  "minutesAfterWakeup" : 0,
  "timeInBed" : 463,
  "efficiency" : 98,
  "type" : "classic",
  "infoCode" : 0,
  "logType" : "auto_detected",
  "levels" : {
    "summary" : {
      "restless" : {
        "count" : 6,
        "minutes" : 8
      },
      "awake" : {
        "count" : 1,
        "minutes" : 2
      },
      "asleep" : {
        "count" : 0,
        "minutes" : 453
      }
    },
    "data" : [{
      "dateTime" : "2016-04-10T00:48:30.000",
      "level" : "awake",
      "seconds" : 120
    },{
      "dateTime" : "2016-04-10T00:50:30.000",
      "level" : "restless",
      "seconds" : 60
    },{
      "dateTime" : "2016-04-10T00:51:30.000",
      "level" : "asleep",
      "seconds" : 1980
    },{
      "dateTime" : "2016-04-10T01:24:30.000",
      "level" : "restless",
      "seconds" : 60
    },{
      "dateTime" : "2016-04-10T01:25:30.000",
      "level" : "asleep",
      "seconds" : 22800
    },{
      "dateTime" : "2016-04-10T07:45:30.000",
      "level" : "restless",
      "seconds" : 180
    },{
      "dateTime" : "2016-04-10T07:48:30.000",
      "level" : "asleep",
      "seconds" : 1620
    },{
      "dateTime" : "2016-04-10T08:15:30.000",
      "level" : "restless",
      "seconds" : 60
    },{
      "dateTime" : "2016-04-10T08:16:30.000",
      "level" : "asleep",
      "seconds" : 420
    },{
      "dateTime" : "2016-04-10T08:23:30.000",
      "level" : "restless",
      "seconds" : 60
    },{
      "dateTime" : "2016-04-10T08:24:30.000",
      "level" : "asleep",
      "seconds" : 60
    },{
      "dateTime" : "2016-04-10T08:25:30.000",
      "level" : "restless",
      "seconds" : 60
    },{
      "dateTime" : "2016-04-10T08:26:30.000",
      "level" : "asleep",
      "seconds" : 300
    }]
  },
  "mainSleep" : true
},{
  "logId" : 11343567851,
  "dateOfSleep" : "2016-04-09",
  "startTime" : "2016-04-09T00:55:30.000",
  "endTime" : "2016-04-09T08:30:00.000",
  "duration" : 27240000,
  "minutesToFallAsleep" : 0,
  "minutesAsleep" : 438,
  "minutesAwake" : 16,
  "minutesAfterWakeup" : 0,
  "timeInBed" : 454,
  "efficiency" : 96,
  "type" : "classic",
  "infoCode" : 0,
  "logType" : "auto_detected",
  "levels" : {
    "summary" : {
      "restless" : {
        "count" : 5,
        "minutes" : 12
      },
      "awake" : {
        "count" : 2,
        "minutes" : 4
      },
      "asleep" : {
        "count" : 0,
        "minutes" : 438
      }
    },
    "data" : [{
      "dateTime" : "2016-04-09T00:55:30.000",
      "level" : "awake",
      "seconds" : 60
    },{
      "dateTime" : "2016-04-09T00:56:30.000",
      "level" : "restless",
      "seconds" : 240
    },{
      "dateTime" : "2016-04-09T01:00:30.000",
      "level" : "awake",
      "seconds" : 180
    },{
      "dateTime" : "2016-04-09T01:03:30.000",
      "level" : "restless",
      "seconds" : 60
    },{
      "dateTime" : "2016-04-09T01:04:30.000",
      "level" : "asleep",
      "seconds" : 7500
    },{
      "dateTime" : "2016-04-09T03:09:30.000",
      "level" : "restless",
      "seconds" : 60
    },{
      "dateTime" : "2016-04-09T03:10:30.000",
      "level" : "asleep",
      "seconds" : 18480
    },{
      "dateTime" : "2016-04-09T08:18:30.000",
      "level" : "restless",
      "seconds" : 60
    },{
      "dateTime" : "2016-04-09T08:19:30.000",
      "level" : "asleep",
      "seconds" : 60
    },{
      "dateTime" : "2016-04-09T08:20:30.000",
      "level" : "restless",
      "seconds" : 300
    },{
      "dateTime" : "2016-04-09T08:25:30.000",
      "level" : "asleep",
      "seconds" : 240
    }]
  },
  "mainSleep" : true
},{
  "logId" : 11334794670,
  "dateOfSleep" : "2016-04-08",
  "startTime" : "2016-04-08T00:13:00.000",
  "endTime" : "2016-04-08T06:42:30.000",
  "duration" : 23340000,
  "minutesToFallAsleep" : 0,
  "minutesAsleep" : 367,
  "minutesAwake" : 22,
  "minutesAfterWakeup" : 0,
  "timeInBed" : 389,
  "efficiency" : 94,
  "type" : "classic",
  "infoCode" : 0,
  "logType" : "auto_detected",
  "levels" : {
    "summary" : {
      "restless" : {
        "count" : 10,
        "minutes" : 17
      },
      "awake" : {
        "count" : 2,
        "minutes" : 5
      },
      "asleep" : {
        "count" : 0,
        "minutes" : 367
      }
    },
    "data" : [{
      "dateTime" : "2016-04-08T00:13:00.000",
      "level" : "asleep",
      "seconds" : 60
    },{
      "dateTime" : "2016-04-08T00:14:00.000",
      "level" : "restless",
      "seconds" : 180
    },{
      "dateTime" : "2016-04-08T00:17:00.000",
      "level" : "awake",
      "seconds" : 240
    },{
      "dateTime" : "2016-04-08T00:21:00.000",
      "level" : "restless",
      "seconds" : 60
    },{
      "dateTime" : "2016-04-08T00:22:00.000",
      "level" : "asleep",
      "seconds" : 1020
    },{
      "dateTime" : "2016-04-08T00:39:00.000",
      "level" : "restless",
      "seconds" : 180
    },{
      "dateTime" : "2016-04-08T00:42:00.000",
      "level" : "awake",
      "seconds" : 60
    },{
      "dateTime" : "2016-04-08T00:43:00.000",
      "level" : "restless",
      "seconds" : 180
    },{
      "dateTime" : "2016-04-08T00:46:00.000",
      "level" : "asleep",
      "seconds" : 1320
    },{
      "dateTime" : "2016-04-08T01:08:00.000",
      "level" : "restless",
      "seconds" : 60
    },{
      "dateTime" : "2016-04-08T01:09:00.000",
      "level" : "asleep",
      "seconds" : 1020
    },{
      "dateTime" : "2016-04-08T01:26:00.000",
      "level" : "restless",
      "seconds" : 60
    },{
      "dateTime" : "2016-04-08T01:27:00.000",
      "level" : "asleep",
      "seconds" : 60
    },{
      "dateTime" : "2016-04-08T01:28:00.000",
      "level" : "restless",
      "seconds" : 60
    },{
      "dateTime" : "2016-04-08T01:29:00.000",
      "level" : "asleep",
      "seconds" : 6900
    },{
      "dateTime" : "2016-04-08T03:24:00.000",
      "level" : "restless",
      "seconds" : 120
    },{
      "dateTime" : "2016-04-08T03:26:00.000",
      "level" : "asleep",
      "seconds" : 60
    },{
      "dateTime" : "2016-04-08T03:27:00.000",
      "level" : "restless",
      "seconds" : 60
    },{
      "dateTime" : "2016-04-08T03:28:00.000",
      "level" : "asleep",
      "seconds" : 900
    },{
      "dateTime" : "2016-04-08T03:43:00.000",
      "level" : "restless",
      "seconds" : 60
    },{
      "dateTime" : "2016-04-08T03:44:00.000",
      "level" : "asleep",
      "seconds" : 10680
    }]
  },
  "mainSleep" : true
},{
  "logId" : 11326123460,
  "dateOfSleep" : "2016-04-07",
  "startTime" : "2016-04-06T22:20:00.000",
  "endTime" : "2016-04-07T06:43:30.000",
  "duration" : 30180000,
  "minutesToFallAsleep" : 0,
  "minutesAsleep" : 482,
  "minutesAwake" : 21,
  "minutesAfterWakeup" : 0,
  "timeInBed" : 503,
  "efficiency" : 96,
  "type" : "classic",
  "infoCode" : 0,
  "logType" : "auto_detected",
  "levels" : {
    "summary" : {
      "restless" : {
        "count" : 12,
        "minutes" : 19
      },
      "awake" : {
        "count" : 2,
        "minutes" : 2
      },
      "asleep" : {
        "count" : 0,
        "minutes" : 482
      }
    },
    "data" : [{
      "dateTime" : "2016-04-06T22:20:00.000",
      "level" : "awake",
      "seconds" : 60
    },{
      "dateTime" : "2016-04-06T22:21:00.000",
      "level" : "restless",
      "seconds" : 240
    },{
      "dateTime" : "2016-04-06T22:25:00.000",
      "level" : "asleep",
      "seconds" : 60
    },{
      "dateTime" : "2016-04-06T22:26:00.000",
      "level" : "restless",
      "seconds" : 60
    },{
      "dateTime" : "2016-04-06T22:27:00.000",
      "level" : "asleep",
      "seconds" : 180
    },{
      "dateTime" : "2016-04-06T22:30:00.000",
      "level" : "restless",
      "seconds" : 60
    },{
      "dateTime" : "2016-04-06T22:31:00.000",
      "level" : "asleep",
      "seconds" : 420
    },{
      "dateTime" : "2016-04-06T22:38:00.000",
      "level" : "restless",
      "seconds" : 180
    },{
      "dateTime" : "2016-04-06T22:41:00.000",
      "level" : "asleep",
      "seconds" : 540
    },{
      "dateTime" : "2016-04-06T22:50:00.000",
      "level" : "restless",
      "seconds" : 60
    },{
      "dateTime" : "2016-04-06T22:51:00.000",
      "level" : "asleep",
      "seconds" : 1020
    },{
      "dateTime" : "2016-04-06T23:08:00.000",
      "level" : "restless",
      "seconds" : 180
    },{
      "dateTime" : "2016-04-06T23:11:00.000",
      "level" : "awake",
      "seconds" : 60
    },{
      "dateTime" : "2016-04-06T23:12:00.000",
      "level" : "restless",
      "seconds" : 60
    },{
      "dateTime" : "2016-04-06T23:13:00.000",
      "level" : "asleep",
      "seconds" : 3300
    },{
      "dateTime" : "2016-04-07T00:08:00.000",
      "level" : "restless",
      "seconds" : 60
    },{
      "dateTime" : "2016-04-07T00:09:00.000",
      "level" : "asleep",
      "seconds" : 3000
    },{
      "dateTime" : "2016-04-07T00:59:00.000",
      "level" : "restless",
      "seconds" : 60
    },{
      "dateTime" : "2016-04-07T01:00:00.000",
      "level" : "asleep",
      "seconds" : 180
    },{
      "dateTime" : "2016-04-07T01:03:00.000",
      "level" : "restless",
      "seconds" : 60
    },{
      "dateTime" : "2016-04-07T01:04:00.000",
      "level" : "asleep",
      "seconds" : 8040
    },{
      "dateTime" : "2016-04-07T03:18:00.000",
      "level" : "restless",
      "seconds" : 60
    },{
      "dateTime" : "2016-04-07T03:19:00.000",
      "level" : "asleep",
      "seconds" : 5100
    },{
      "dateTime" : "2016-04-07T04:44:00.000",
      "level" : "restless",
      "seconds" : 60
    },{
      "dateTime" : "2016-04-07T04:45:00.000",
      "level" : "asleep",
      "seconds" : 7080
    }]
  },
  "mainSleep" : true
},{
  "logId" : 11315743849,
  "dateOfSleep" : "2016-04-06",
  "startTime" : "2016-04-05T23:50:00.000",
  "endTime" : "2016-04-06T06:50:30.000",
  "duration" : 25200000,
  "minutesToFallAsleep" : 0,
  "minutesAsleep" : 409,
  "minutesAwake" : 11,
  "minutesAfterWakeup" : 0,
  "timeInBed" : 420,
  "efficiency" : 97,
  "type" : "classic",
  "infoCode" : 0,
  "logType" : "auto_detected",
  "levels" : {
    "summary" : {
      "restless" : {
        "count" : 7,
        "minutes" : 9
      },
      "awake" : {
        "count" : 1,
        "minutes" : 2
      },
      "asleep" : {
        "count" : 0,
        "minutes" : 409
      }
    },
    "data" : [{
      "dateTime" : "2016-04-05T23:50:00.000",
      "level" : "awake",
      "seconds" : 120
    },{
      "dateTime" : "2016-04-05T23:52:00.000",
      "level" : "restless",
      "seconds" : 60
    },{
      "dateTime" : "2016-04-05T23:53:00.000",
      "level" : "asleep",
      "seconds" : 1020
    },{
      "dateTime" : "2016-04-06T00:10:00.000",
      "level" : "restless",
      "seconds" : 180
    },{
      "dateTime" : "2016-04-06T00:13:00.000",
      "level" : "asleep",
      "seconds" : 6360
    },{
      "dateTime" : "2016-04-06T01:59:00.000",
      "level" : "restless",
      "seconds" : 60
    },{
      "dateTime" : "2016-04-06T02:00:00.000",
      "level" : "asleep",
      "seconds" : 5880
    },{
      "dateTime" : "2016-04-06T03:38:00.000",
      "level" : "restless",
      "seconds" : 60
    },{
      "dateTime" : "2016-04-06T03:39:00.000",
      "level" : "asleep",
      "seconds" : 1020
    },{
      "dateTime" : "2016-04-06T03:56:00.000",
      "level" : "restless",
      "seconds" : 60
    },{
      "dateTime" : "2016-04-06T03:57:00.000",
      "level" : "asleep",
      "seconds" : 5820
    },{
      "dateTime" : "2016-04-06T05:34:00.000",
      "level" : "restless",
      "seconds" : 60
    },{
      "dateTime" : "2016-04-06T05:35:00.000",
      "level" : "asleep",
      "seconds" : 4260
    },{
      "dateTime" : "2016-04-06T06:46:00.000",
      "level" : "restless",
      "seconds" : 60
    },{
      "dateTime" : "2016-04-06T06:47:00.000",
      "level" : "asleep",
      "seconds" : 60
    },{
      "dateTime" : "2016-04-06T06:48:00.000",
      "level" : "restless",
      "seconds" : 120
    }]
  },
  "mainSleep" : true
},{
  "logId" : 11306695584,
  "dateOfSleep" : "2016-04-05",
  "startTime" : "2016-04-04T22:38:00.000",
  "endTime" : "2016-04-05T06:49:30.000",
  "duration" : 29460000,
  "minutesToFallAsleep" : 0,
  "minutesAsleep" : 466,
  "minutesAwake" : 22,
  "minutesAfterWakeup" : 3,
  "timeInBed" : 491,
  "efficiency" : 95,
  "type" : "classic",
  "infoCode" : 0,
  "logType" : "auto_detected",
  "levels" : {
    "summary" : {
      "restless" : {
        "count" : 14,
        "minutes" : 25
      },
      "awake" : {
        "count" : 0,
        "minutes" : 0
      },
      "asleep" : {
        "count" : 0,
        "minutes" : 466
      }
    },
    "data" : [{
      "dateTime" : "2016-04-04T22:38:00.000",
      "level" : "restless",
      "seconds" : 180
    },{
      "dateTime" : "2016-04-04T22:41:00.000",
      "level" : "asleep",
      "seconds" : 960
    },{
      "dateTime" : "2016-04-04T22:57:00.000",
      "level" : "restless",
      "seconds" : 360
    },{
      "dateTime" : "2016-04-04T23:03:00.000",
      "level" : "asleep",
      "seconds" : 180
    },{
      "dateTime" : "2016-04-04T23:06:00.000",
      "level" : "restless",
      "seconds" : 180
    },{
      "dateTime" : "2016-04-04T23:09:00.000",
      "level" : "asleep",
      "seconds" : 1620
    },{
      "dateTime" : "2016-04-04T23:36:00.000",
      "level" : "restless",
      "seconds" : 60
    },{
      "dateTime" : "2016-04-04T23:37:00.000",
      "level" : "asleep",
      "seconds" : 120
    },{
      "dateTime" : "2016-04-04T23:39:00.000",
      "level" : "restless",
      "seconds" : 60
    },{
      "dateTime" : "2016-04-04T23:40:00.000",
      "level" : "asleep",
      "seconds" : 5820
    },{
      "dateTime" : "2016-04-05T01:17:00.000",
      "level" : "restless",
      "seconds" : 60
    },{
      "dateTime" : "2016-04-05T01:18:00.000",
      "level" : "asleep",
      "seconds" : 60
    },{
      "dateTime" : "2016-04-05T01:19:00.000",
      "level" : "restless",
      "seconds" : 60
    },{
      "dateTime" : "2016-04-05T01:20:00.000",
      "level" : "asleep",
      "seconds" : 5220
    },{
      "dateTime" : "2016-04-05T02:47:00.000",
      "level" : "restless",
      "seconds" : 60
    },{
      "dateTime" : "2016-04-05T02:48:00.000",
      "level" : "asleep",
      "seconds" : 120
    },{
      "dateTime" : "2016-04-05T02:50:00.000",
      "level" : "restless",
      "seconds" : 60
    },{
      "dateTime" : "2016-04-05T02:51:00.000",
      "level" : "asleep",
      "seconds" : 3840
    },{
      "dateTime" : "2016-04-05T03:55:00.000",
      "level" : "restless",
      "seconds" : 60
    },{
      "dateTime" : "2016-04-05T03:56:00.000",
      "level" : "asleep",
      "seconds" : 1740
    },{
      "dateTime" : "2016-04-05T04:25:00.000",
      "level" : "restless",
      "seconds" : 60
    },{
      "dateTime" : "2016-04-05T04:26:00.000",
      "level" : "asleep",
      "seconds" : 2940
    },{
      "dateTime" : "2016-04-05T05:15:00.000",
      "level" : "restless",
      "seconds" : 60
    },{
      "dateTime" : "2016-04-05T05:16:00.000",
      "level" : "asleep",
      "seconds" : 3780
    },{
      "dateTime" : "2016-04-05T06:19:00.000",
      "level" : "restless",
      "seconds" : 60
    },{
      "dateTime" : "2016-04-05T06:20:00.000",
      "level" : "asleep",
      "seconds" : 1560
    },{
      "dateTime" : "2016-04-05T06:46:00.000",
      "level" : "restless",
      "seconds" : 180
    }]
  },
  "mainSleep" : true
},{
  "logId" : 11296632856,
  "dateOfSleep" : "2016-04-04",
  "startTime" : "2016-04-03T23:54:30.000",
  "endTime" : "2016-04-04T06:44:30.000",
  "duration" : 24600000,
  "minutesToFallAsleep" : 0,
  "minutesAsleep" : 405,
  "minutesAwake" : 5,
  "minutesAfterWakeup" : 0,
  "timeInBed" : 410,
  "efficiency" : 99,
  "type" : "classic",
  "infoCode" : 0,
  "logType" : "auto_detected",
  "levels" : {
    "summary" : {
      "restless" : {
        "count" : 4,
        "minutes" : 5
      },
      "awake" : {
        "count" : 0,
        "minutes" : 0
      },
      "asleep" : {
        "count" : 0,
        "minutes" : 405
      }
    },
    "data" : [{
      "dateTime" : "2016-04-03T23:54:30.000",
      "level" : "restless",
      "seconds" : 120
    },{
      "dateTime" : "2016-04-03T23:56:30.000",
      "level" : "asleep",
      "seconds" : 420
    },{
      "dateTime" : "2016-04-04T00:03:30.000",
      "level" : "restless",
      "seconds" : 60
    },{
      "dateTime" : "2016-04-04T00:04:30.000",
      "level" : "asleep",
      "seconds" : 900
    },{
      "dateTime" : "2016-04-04T00:19:30.000",
      "level" : "restless",
      "seconds" : 60
    },{
      "dateTime" : "2016-04-04T00:20:30.000",
      "level" : "asleep",
      "seconds" : 1320
    },{
      "dateTime" : "2016-04-04T00:42:30.000",
      "level" : "restless",
      "seconds" : 60
    },{
      "dateTime" : "2016-04-04T00:43:30.000",
      "level" : "asleep",
      "seconds" : 21660
    }]
  },
  "mainSleep" : true
}]