[{
  "logId" : 14214776639,
  "dateOfSleep" : "2017-03-30",
  "startTime" : "2017-03-30T03:40:00.000",
  "endTime" : "2017-03-30T07:34:30.000",
  "duration" : 14040000,
  "minutesToFallAsleep" : 0,
  "minutesAsleep" : 217,
  "minutesAwake" : 17,
  "minutesAfterWakeup" : 0,
  "timeInBed" : 234,
  "efficiency" : 93,
  "type" : "classic",
  "infoCode" : 0,
  "logType" : "auto_detected",
  "levels" : {
    "summary" : {
      "restless" : {
        "count" : 7,
        "minutes" : 12
      },
      "awake" : {
        "count" : 1,
        "minutes" : 5
      },
      "asleep" : {
        "count" : 0,
        "minutes" : 217
      }
    },
    "data" : [{
      "dateTime" : "2017-03-30T03:40:00.000",
      "level" : "awake",
      "seconds" : 300
    },{
      "dateTime" : "2017-03-30T03:45:00.000",
      "level" : "restless",
      "seconds" : 60
    },{
      "dateTime" : "2017-03-30T03:46:00.000",
      "level" : "asleep",
      "seconds" : 8040
    },{
      "dateTime" : "2017-03-30T06:00:00.000",
      "level" : "restless",
      "seconds" : 180
    },{
      "dateTime" : "2017-03-30T06:03:00.000",
      "level" : "asleep",
      "seconds" : 60
    },{
      "dateTime" : "2017-03-30T06:04:00.000",
      "level" : "restless",
      "seconds" : 120
    },{
      "dateTime" : "2017-03-30T06:06:00.000",
      "level" : "asleep",
      "seconds" : 3480
    },{
      "dateTime" : "2017-03-30T07:04:00.000",
      "level" : "restless",
      "seconds" : 120
    },{
      "dateTime" : "2017-03-30T07:06:00.000",
      "level" : "asleep",
      "seconds" : 60
    },{
      "dateTime" : "2017-03-30T07:07:00.000",
      "level" : "restless",
      "seconds" : 60
    },{
      "dateTime" : "2017-03-30T07:08:00.000",
      "level" : "asleep",
      "seconds" : 180
    },{
      "dateTime" : "2017-03-30T07:11:00.000",
      "level" : "restless",
      "seconds" : 120
    },{
      "dateTime" : "2017-03-30T07:13:00.000",
      "level" : "asleep",
      "seconds" : 120
    },{
      "dateTime" : "2017-03-30T07:15:00.000",
      "level" : "restless",
      "seconds" : 60
    },{
      "dateTime" : "2017-03-30T07:16:00.000",
      "level" : "asleep",
      "seconds" : 1080
    }]
  },
  "mainSleep" : true
},{
  "logId" : 14209022758,
  "dateOfSleep" : "2017-03-29",
  "startTime" : "2017-03-28T23:19:30.000",
  "endTime" : "2017-03-29T06:58:30.000",
  "duration" : 27540000,
  "minutesToFallAsleep" : 0,
  "minutesAsleep" : 425,
  "minutesAwake" : 34,
  "minutesAfterWakeup" : 0,
  "timeInBed" : 459,
  "efficiency" : 93,
  "type" : "classic",
  "infoCode" : 0,
  "logType" : "auto_detected",
  "levels" : {
    "summary" : {
      "restless" : {
        "count" : 16,
        "minutes" : 28
      },
      "awake" : {
        "count" : 2,
        "minutes" : 6
      },
      "asleep" : {
        "count" : 0,
        "minutes" : 425
      }
    },
    "data" : [{
      "dateTime" : "2017-03-28T23:19:30.000",
      "level" : "awake",
      "seconds" : 180
    },{
      "dateTime" : "2017-03-28T23:22:30.000",
      "level" : "restless",
      "seconds" : 60
    },{
      "dateTime" : "2017-03-28T23:23:30.000",
      "level" : "asleep",
      "seconds" : 780
    },{
      "dateTime" : "2017-03-28T23:36:30.000",
      "level" : "restless",
      "seconds" : 180
    },{
      "dateTime" : "2017-03-28T23:39:30.000",
      "level" : "awake",
      "seconds" : 180
    },{
      "dateTime" : "2017-03-28T23:42:30.000",
      "level" : "restless",
      "seconds" : 60
    },{
      "dateTime" : "2017-03-28T23:43:30.000",
      "level" : "asleep",
      "seconds" : 3600
    },{
      "dateTime" : "2017-03-29T00:43:30.000",
      "level" : "restless",
      "seconds" : 120
    },{
      "dateTime" : "2017-03-29T00:45:30.000",
      "level" : "asleep",
      "seconds" : 1140
    },{
      "dateTime" : "2017-03-29T01:04:30.000",
      "level" : "restless",
      "seconds" : 120
    },{
      "dateTime" : "2017-03-29T01:06:30.000",
      "level" : "asleep",
      "seconds" : 2460
    },{
      "dateTime" : "2017-03-29T01:47:30.000",
      "level" : "restless",
      "seconds" : 60
    },{
      "dateTime" : "2017-03-29T01:48:30.000",
      "level" : "asleep",
      "seconds" : 540
    },{
      "dateTime" : "2017-03-29T01:57:30.000",
      "level" : "restless",
      "seconds" : 120
    },{
      "dateTime" : "2017-03-29T01:59:30.000",
      "level" : "asleep",
      "seconds" : 120
    },{
      "dateTime" : "2017-03-29T02:01:30.000",
      "level" : "restless",
      "seconds" : 60
    },{
      "dateTime" : "2017-03-29T02:02:30.000",
      "level" : "asleep",
      "seconds" : 900
    },{
      "dateTime" : "2017-03-29T02:17:30.000",
      "level" : "restless",
      "seconds" : 120
    },{
      "dateTime" : "2017-03-29T02:19:30.000",
      "level" : "asleep",
      "seconds" : 120
    },{
      "dateTime" : "2017-03-29T02:21:30.000",
      "level" : "restless",
      "seconds" : 120
    },{
      "dateTime" : "2017-03-29T02:23:30.000",
      "level" : "asleep",
      "seconds" : 660
    },{
      "dateTime" : "2017-03-29T02:34:30.000",
      "level" : "restless",
      "seconds" : 120
    },{
      "dateTime" : "2017-03-29T02:36:30.000",
      "level" : "asleep",
      "seconds" : 120
    },{
      "dateTime" : "2017-03-29T02:38:30.000",
      "level" : "restless",
      "seconds" : 120
    },{
      "dateTime" : "2017-03-29T02:40:30.000",
      "level" : "asleep",
      "seconds" : 4320
    },{
      "dateTime" : "2017-03-29T03:52:30.000",
      "level" : "restless",
      "seconds" : 60
    },{
      "dateTime" : "2017-03-29T03:53:30.000",
      "level" : "asleep",
      "seconds" : 1500
    },{
      "dateTime" : "2017-03-29T04:18:30.000",
      "level" : "restless",
      "seconds" : 60
    },{
      "dateTime" : "2017-03-29T04:19:30.000",
      "level" : "asleep",
      "seconds" : 2400
    },{
      "dateTime" : "2017-03-29T04:59:30.000",
      "level" : "restless",
      "seconds" : 120
    },{
      "dateTime" : "2017-03-29T05:01:30.000",
      "level" : "asleep",
      "seconds" : 5640
    },{
      "dateTime" : "2017-03-29T06:35:30.000",
      "level" : "restless",
      "seconds" : 180
    },{
      "dateTime" : "2017-03-29T06:38:30.000",
      "level" : "asleep",
      "seconds" : 1200
    }]
  },
  "mainSleep" : true
},{
  "logId" : 14198924745,
  "dateOfSleep" : "2017-03-28",
  "startTime" : "2017-03-28T00:25:30.000",
  "endTime" : "2017-03-28T09:05:00.000",
  "duration" : 31140000,
  "minutesToFallAsleep" : 0,
  "minutesAsleep" : 492,
  "minutesAwake" : 27,
  "minutesAfterWakeup" : 0,
  "timeInBed" : 519,
  "efficiency" : 95,
  "type" : "classic",
  "infoCode" : 0,
  "logType" : "auto_detected",
  "levels" : {
    "summary" : {
      "restless" : {
        "count" : 15,
        "minutes" : 27
      },
      "awake" : {
        "count" : 0,
        "minutes" : 0
      },
      "asleep" : {
        "count" : 0,
        "minutes" : 492
      }
    },
    "data" : [{
      "dateTime" : "2017-03-28T00:25:30.000",
      "level" : "restless",
      "seconds" : 120
    },{
      "dateTime" : "2017-03-28T00:27:30.000",
      "level" : "asleep",
      "seconds" : 2880
    },{
      "dateTime" : "2017-03-28T01:15:30.000",
      "level" : "restless",
      "seconds" : 180
    },{
      "dateTime" : "2017-03-28T01:18:30.000",
      "level" : "asleep",
      "seconds" : 60
    },{
      "dateTime" : "2017-03-28T01:19:30.000",
      "level" : "restless",
      "seconds" : 120
    },{
      "dateTime" : "2017-03-28T01:21:30.000",
      "level" : "asleep",
      "seconds" : 3900
    },{
      "dateTime" : "2017-03-28T02:26:30.000",
      "level" : "restless",
      "seconds" : 180
    },{
      "dateTime" : "2017-03-28T02:29:30.000",
      "level" : "asleep",
      "seconds" : 60
    },{
      "dateTime" : "2017-03-28T02:30:30.000",
      "level" : "restless",
      "seconds" : 60
    },{
      "dateTime" : "2017-03-28T02:31:30.000",
      "level" : "asleep",
      "seconds" : 3540
    },{
      "dateTime" : "2017-03-28T03:30:30.000",
      "level" : "restless",
      "seconds" : 120
    },{
      "dateTime" : "2017-03-28T03:32:30.000",
      "level" : "asleep",
      "seconds" : 12420
    },{
      "dateTime" : "2017-03-28T06:59:30.000",
      "level" : "restless",
      "seconds" : 120
    },{
      "dateTime" : "2017-03-28T07:01:30.000",
      "level" : "asleep",
      "seconds" : 120
    },{
      "dateTime" : "2017-03-28T07:03:30.000",
      "level" : "restless",
      "seconds" : 120
    },{
      "dateTime" : "2017-03-28T07:05:30.000",
      "level" : "asleep",
      "seconds" : 1140
    },{
      "dateTime" : "2017-03-28T07:24:30.000",
      "level" : "restless",
      "seconds" : 60
    },{
      "dateTime" : "2017-03-28T07:25:30.000",
      "level" : "asleep",
      "seconds" : 180
    },{
      "dateTime" : "2017-03-28T07:28:30.000",
      "level" : "restless",
      "seconds" : 60
    },{
      "dateTime" : "2017-03-28T07:29:30.000",
      "level" : "asleep",
      "seconds" : 540
    },{
      "dateTime" : "2017-03-28T07:38:30.000",
      "level" : "restless",
      "seconds" : 120
    },{
      "dateTime" : "2017-03-28T07:40:30.000",
      "level" : "asleep",
      "seconds" : 60
    },{
      "dateTime" : "2017-03-28T07:41:30.000",
      "level" : "restless",
      "seconds" : 180
    },{
      "dateTime" : "2017-03-28T07:44:30.000",
      "level" : "asleep",
      "seconds" : 3000
    },{
      "dateTime" : "2017-03-28T08:34:30.000",
      "level" : "restless",
      "seconds" : 60
    },{
      "dateTime" : "2017-03-28T08:35:30.000",
      "level" : "asleep",
      "seconds" : 720
    },{
      "dateTime" : "2017-03-28T08:47:30.000",
      "level" : "restless",
      "seconds" : 60
    },{
      "dateTime" : "2017-03-28T08:48:30.000",
      "level" : "asleep",
      "seconds" : 780
    },{
      "dateTime" : "2017-03-28T09:01:30.000",
      "level" : "restless",
      "seconds" : 60
    },{
      "dateTime" : "2017-03-28T09:02:30.000",
      "level" : "asleep",
      "seconds" : 120
    }]
  },
  "mainSleep" : true
},{
  "logId" : 14185516879,
  "dateOfSleep" : "2017-03-27",
  "startTime" : "2017-03-27T00:13:00.000",
  "endTime" : "2017-03-27T05:56:30.000",
  "duration" : 20580000,
  "minutesToFallAsleep" : 0,
  "minutesAsleep" : 322,
  "minutesAwake" : 21,
  "minutesAfterWakeup" : 0,
  "timeInBed" : 343,
  "efficiency" : 94,
  "type" : "classic",
  "infoCode" : 0,
  "logType" : "auto_detected",
  "levels" : {
    "summary" : {
      "restless" : {
        "count" : 10,
        "minutes" : 20
      },
      "awake" : {
        "count" : 1,
        "minutes" : 1
      },
      "asleep" : {
        "count" : 0,
        "minutes" : 322
      }
    },
    "data" : [{
      "dateTime" : "2017-03-27T00:13:00.000",
      "level" : "asleep",
      "seconds" : 3780
    },{
      "dateTime" : "2017-03-27T01:16:00.000",
      "level" : "restless",
      "seconds" : 60
    },{
      "dateTime" : "2017-03-27T01:17:00.000",
      "level" : "asleep",
      "seconds" : 60
    },{
      "dateTime" : "2017-03-27T01:18:00.000",
      "level" : "restless",
      "seconds" : 120
    },{
      "dateTime" : "2017-03-27T01:20:00.000",
      "level" : "awake",
      "seconds" : 60
    },{
      "dateTime" : "2017-03-27T01:21:00.000",
      "level" : "restless",
      "seconds" : 60
    },{
      "dateTime" : "2017-03-27T01:22:00.000",
      "level" : "asleep",
      "seconds" : 540
    },{
      "dateTime" : "2017-03-27T01:31:00.000",
      "level" : "restless",
      "seconds" : 420
    },{
      "dateTime" : "2017-03-27T01:38:00.000",
      "level" : "asleep",
      "seconds" : 120
    },{
      "dateTime" : "2017-03-27T01:40:00.000",
      "level" : "restless",
      "seconds" : 60
    },{
      "dateTime" : "2017-03-27T01:41:00.000",
      "level" : "asleep",
      "seconds" : 10260
    },{
      "dateTime" : "2017-03-27T04:32:00.000",
      "level" : "restless",
      "seconds" : 120
    },{
      "dateTime" : "2017-03-27T04:34:00.000",
      "level" : "asleep",
      "seconds" : 3480
    },{
      "dateTime" : "2017-03-27T05:32:00.000",
      "level" : "restless",
      "seconds" : 180
    },{
      "dateTime" : "2017-03-27T05:35:00.000",
      "level" : "asleep",
      "seconds" : 60
    },{
      "dateTime" : "2017-03-27T05:36:00.000",
      "level" : "restless",
      "seconds" : 60
    },{
      "dateTime" : "2017-03-27T05:37:00.000",
      "level" : "asleep",
      "seconds" : 60
    },{
      "dateTime" : "2017-03-27T05:38:00.000",
      "level" : "restless",
      "seconds" : 60
    },{
      "dateTime" : "2017-03-27T05:39:00.000",
      "level" : "asleep",
      "seconds" : 600
    },{
      "dateTime" : "2017-03-27T05:49:00.000",
      "level" : "restless",
      "seconds" : 60
    },{
      "dateTime" : "2017-03-27T05:50:00.000",
      "level" : "asleep",
      "seconds" : 360
    }]
  },
  "mainSleep" : true
},{
  "logId" : 14176333326,
  "dateOfSleep" : "2017-03-26",
  "startTime" : "2017-03-26T01:57:00.000",
  "endTime" : "2017-03-26T10:04:30.000",
  "duration" : 29220000,
  "minutesToFallAsleep" : 0,
  "minutesAsleep" : 466,
  "minutesAwake" : 21,
  "minutesAfterWakeup" : 0,
  "timeInBed" : 487,
  "efficiency" : 96,
  "type" : "classic",
  "infoCode" : 0,
  "logType" : "auto_detected",
  "levels" : {
    "summary" : {
      "restless" : {
        "count" : 7,
        "minutes" : 16
      },
      "awake" : {
        "count" : 1,
        "minutes" : 5
      },
      "asleep" : {
        "count" : 0,
        "minutes" : 466
      }
    },
    "data" : [{
      "dateTime" : "2017-03-26T01:57:00.000",
      "level" : "awake",
      "seconds" : 300
    },{
      "dateTime" : "2017-03-26T02:02:00.000",
      "level" : "restless",
      "seconds" : 180
    },{
      "dateTime" : "2017-03-26T02:05:00.000",
      "level" : "asleep",
      "seconds" : 2460
    },{
      "dateTime" : "2017-03-26T02:46:00.000",
      "level" : "restless",
      "seconds" : 60
    },{
      "dateTime" : "2017-03-26T02:47:00.000",
      "level" : "asleep",
      "seconds" : 6300
    },{
      "dateTime" : "2017-03-26T04:32:00.000",
      "level" : "restless",
      "seconds" : 60
    },{
      "dateTime" : "2017-03-26T04:33:00.000",
      "level" : "asleep",
      "seconds" : 2580
    },{
      "dateTime" : "2017-03-26T05:16:00.000",
      "level" : "restless",
      "seconds" : 120
    },{
      "dateTime" : "2017-03-26T05:18:00.000",
      "level" : "asleep",
      "seconds" : 14520
    },{
      "dateTime" : "2017-03-26T09:20:00.000",
      "level" : "restless",
      "seconds" : 120
    },{
      "dateTime" : "2017-03-26T09:22:00.000",
      "level" : "asleep",
      "seconds" : 1200
    },{
      "dateTime" : "2017-03-26T09:42:00.000",
      "level" : "restless",
      "seconds" : 60
    },{
      "dateTime" : "2017-03-26T09:43:00.000",
      "level" : "asleep",
      "seconds" : 840
    },{
      "dateTime" : "2017-03-26T09:57:00.000",
      "level" : "restless",
      "seconds" : 360
    },{
      "dateTime" : "2017-03-26T10:03:00.000",
      "level" : "asleep",
      "seconds" : 60
    }]
  },
  "mainSleep" : true
},{
  "logId" : 14167561954,
  "dateOfSleep" : "2017-03-25",
  "startTime" : "2017-03-25T01:26:30.000",
  "endTime" : "2017-03-25T08:28:00.000",
  "duration" : 25260000,
  "minutesToFallAsleep" : 0,
  "minutesAsleep" : 404,
  "minutesAwake" : 17,
  "minutesAfterWakeup" : 0,
  "timeInBed" : 421,
  "efficiency" : 96,
  "type" : "classic",
  "infoCode" : 0,
  "logType" : "auto_detected",
  "levels" : {
    "summary" : {
      "restless" : {
        "count" : 13,
        "minutes" : 13
      },
      "awake" : {
        "count" : 1,
        "minutes" : 4
      },
      "asleep" : {
        "count" : 0,
        "minutes" : 404
      }
    },
    "data" : [{
      "dateTime" : "2017-03-25T01:26:30.000",
      "level" : "restless",
      "seconds" : 60
    },{
      "dateTime" : "2017-03-25T01:27:30.000",
      "level" : "awake",
      "seconds" : 240
    },{
      "dateTime" : "2017-03-25T01:31:30.000",
      "level" : "restless",
      "seconds" : 60
    },{
      "dateTime" : "2017-03-25T01:32:30.000",
      "level" : "asleep",
      "seconds" : 3420
    },{
      "dateTime" : "2017-03-25T02:29:30.000",
      "level" : "restless",
      "seconds" : 60
    },{
      "dateTime" : "2017-03-25T02:30:30.000",
      "level" : "asleep",
      "seconds" : 2340
    },{
      "dateTime" : "2017-03-25T03:09:30.000",
      "level" : "restless",
      "seconds" : 60
    },{
      "dateTime" : "2017-03-25T03:10:30.000",
      "level" : "asleep",
      "seconds" : 660
    },{
      "dateTime" : "2017-03-25T03:21:30.000",
      "level" : "restless",
      "seconds" : 60
    },{
      "dateTime" : "2017-03-25T03:22:30.000",
      "level" : "asleep",
      "seconds" : 780
    },{
      "dateTime" : "2017-03-25T03:35:30.000",
      "level" : "restless",
      "seconds" : 60
    },{
      "dateTime" : "2017-03-25T03:36:30.000",
      "level" : "asleep",
      "seconds" : 780
    },{
      "dateTime" : "2017-03-25T03:49:30.000",
      "level" : "restless",
      "seconds" : 60
    },{
      "dateTime" : "2017-03-25T03:50:30.000",
      "level" : "asleep",
      "seconds" : 60
    },{
      "dateTime" : "2017-03-25T03:51:30.000",
      "level" : "restless",
      "seconds" : 60
    },{
      "dateTime" : "2017-03-25T03:52:30.000",
      "level" : "asleep",
      "seconds" : 60
    },{
      "dateTime" : "2017-03-25T03:53:30.000",
      "level" : "restless",
      "seconds" : 60
    },{
      "dateTime" : "2017-03-25T03:54:30.000",
      "level" : "asleep",
      "seconds" : 120
    },{
      "dateTime" : "2017-03-25T03:56:30.000",
      "level" : "restless",
      "seconds" : 60
    },{
      "dateTime" : "2017-03-25T03:57:30.000",
      "level" : "asleep",
      "seconds" : 180
    },{
      "dateTime" : "2017-03-25T04:00:30.000",
      "level" : "restless",
      "seconds" : 60
    },{
      "dateTime" : "2017-03-25T04:01:30.000",
      "level" : "asleep",
      "seconds" : 2160
    },{
      "dateTime" : "2017-03-25T04:37:30.000",
      "level" : "restless",
      "seconds" : 60
    },{
      "dateTime" : "2017-03-25T04:38:30.000",
      "level" : "asleep",
      "seconds" : 9120
    },{
      "dateTime" : "2017-03-25T07:10:30.000",
      "level" : "restless",
      "seconds" : 60
    },{
      "dateTime" : "2017-03-25T07:11:30.000",
      "level" : "asleep",
      "seconds" : 4560
    }]
  },
  "mainSleep" : true
},{
  "logId" : 14167561953,
  "dateOfSleep" : "2017-03-24",
  "startTime" : "2017-03-23T22:54:30.000",
  "endTime" : "2017-03-24T07:19:30.000",
  "duration" : 30300000,
  "minutesToFallAsleep" : 0,
  "minutesAsleep" : 485,
  "minutesAwake" : 19,
  "minutesAfterWakeup" : 1,
  "timeInBed" : 505,
  "efficiency" : 96,
  "type" : "classic",
  "infoCode" : 0,
  "logType" : "auto_detected",
  "levels" : {
    "summary" : {
      "restless" : {
        "count" : 12,
        "minutes" : 19
      },
      "awake" : {
        "count" : 1,
        "minutes" : 1
      },
      "asleep" : {
        "count" : 0,
        "minutes" : 485
      }
    },
    "data" : [{
      "dateTime" : "2017-03-23T22:54:30.000",
      "level" : "awake",
      "seconds" : 60
    },{
      "dateTime" : "2017-03-23T22:55:30.000",
      "level" : "restless",
      "seconds" : 60
    },{
      "dateTime" : "2017-03-23T22:56:30.000",
      "level" : "asleep",
      "seconds" : 1080
    },{
      "dateTime" : "2017-03-23T23:14:30.000",
      "level" : "restless",
      "seconds" : 60
    },{
      "dateTime" : "2017-03-23T23:15:30.000",
      "level" : "asleep",
      "seconds" : 6300
    },{
      "dateTime" : "2017-03-24T01:00:30.000",
      "level" : "restless",
      "seconds" : 420
    },{
      "dateTime" : "2017-03-24T01:07:30.000",
      "level" : "asleep",
      "seconds" : 1320
    },{
      "dateTime" : "2017-03-24T01:29:30.000",
      "level" : "restless",
      "seconds" : 120
    },{
      "dateTime" : "2017-03-24T01:31:30.000",
      "level" : "asleep",
      "seconds" : 120
    },{
      "dateTime" : "2017-03-24T01:33:30.000",
      "level" : "restless",
      "seconds" : 60
    },{
      "dateTime" : "2017-03-24T01:34:30.000",
      "level" : "asleep",
      "seconds" : 4740
    },{
      "dateTime" : "2017-03-24T02:53:30.000",
      "level" : "restless",
      "seconds" : 60
    },{
      "dateTime" : "2017-03-24T02:54:30.000",
      "level" : "asleep",
      "seconds" : 1200
    },{
      "dateTime" : "2017-03-24T03:14:30.000",
      "level" : "restless",
      "seconds" : 60
    },{
      "dateTime" : "2017-03-24T03:15:30.000",
      "level" : "asleep",
      "seconds" : 1860
    },{
      "dateTime" : "2017-03-24T03:46:30.000",
      "level" : "restless",
      "seconds" : 60
    },{
      "dateTime" : "2017-03-24T03:47:30.000",
      "level" : "asleep",
      "seconds" : 180
    },{
      "dateTime" : "2017-03-24T03:50:30.000",
      "level" : "restless",
      "seconds" : 60
    },{
      "dateTime" : "2017-03-24T03:51:30.000",
      "level" : "asleep",
      "seconds" : 180
    },{
      "dateTime" : "2017-03-24T03:54:30.000",
      "level" : "restless",
      "seconds" : 60
    },{
      "dateTime" : "2017-03-24T03:55:30.000",
      "level" : "asleep",
      "seconds" : 11820
    },{
      "dateTime" : "2017-03-24T07:12:30.000",
      "level" : "restless",
      "seconds" : 60
    },{
      "dateTime" : "2017-03-24T07:13:30.000",
      "level" : "asleep",
      "seconds" : 300
    },{
      "dateTime" : "2017-03-24T07:18:30.000",
      "level" : "restless",
      "seconds" : 60
    }]
  },
  "mainSleep" : true
},{
  "logId" : 14167561952,
  "dateOfSleep" : "2017-03-23",
  "startTime" : "2017-03-23T01:49:30.000",
  "endTime" : "2017-03-23T07:08:30.000",
  "duration" : 19140000,
  "minutesToFallAsleep" : 0,
  "minutesAsleep" : 308,
  "minutesAwake" : 11,
  "minutesAfterWakeup" : 0,
  "timeInBed" : 319,
  "efficiency" : 97,
  "type" : "classic",
  "infoCode" : 0,
  "logType" : "auto_detected",
  "levels" : {
    "summary" : {
      "restless" : {
        "count" : 5,
        "minutes" : 11
      },
      "awake" : {
        "count" : 0,
        "minutes" : 0
      },
      "asleep" : {
        "count" : 0,
        "minutes" : 308
      }
    },
    "data" : [{
      "dateTime" : "2017-03-23T01:49:30.000",
      "level" : "restless",
      "seconds" : 300
    },{
      "dateTime" : "2017-03-23T01:54:30.000",
      "level" : "asleep",
      "seconds" : 4680
    },{
      "dateTime" : "2017-03-23T03:12:30.000",
      "level" : "restless",
      "seconds" : 120
    },{
      "dateTime" : "2017-03-23T03:14:30.000",
      "level" : "asleep",
      "seconds" : 180
    },{
      "dateTime" : "2017-03-23T03:17:30.000",
      "level" : "restless",
      "seconds" : 60
    },{
      "dateTime" : "2017-03-23T03:18:30.000",
      "level" : "asleep",
      "seconds" : 1500
    },{
      "dateTime" : "2017-03-23T03:43:30.000",
      "level" : "restless",
      "seconds" : 120
    },{
      "dateTime" : "2017-03-23T03:45:30.000",
      "level" : "asleep",
      "seconds" : 10800
    },{
      "dateTime" : "2017-03-23T06:45:30.000",
      "level" : "restless",
      "seconds" : 60
    },{
      "dateTime" : "2017-03-23T06:46:30.000",
      "level" : "asleep",
      "seconds" : 1320
    }]
  },
  "mainSleep" : true
},{
  "logId" : 14167561951,
  "dateOfSleep" : "2017-03-22",
  "startTime" : "2017-03-22T01:18:30.000",
  "endTime" : "2017-03-22T07:08:00.000",
  "duration" : 20940000,
  "minutesToFallAsleep" : 0,
  "minutesAsleep" : 339,
  "minutesAwake" : 10,
  "minutesAfterWakeup" : 0,
  "timeInBed" : 349,
  "efficiency" : 97,
  "type" : "classic",
  "infoCode" : 0,
  "logType" : "auto_detected",
  "levels" : {
    "summary" : {
      "restless" : {
        "count" : 5,
        "minutes" : 10
      },
      "awake" : {
        "count" : 0,
        "minutes" : 0
      },
      "asleep" : {
        "count" : 0,
        "minutes" : 339
      }
    },
    "data" : [{
      "dateTime" : "2017-03-22T01:18:30.000",
      "level" : "asleep",
      "seconds" : 60
    },{
      "dateTime" : "2017-03-22T01:19:30.000",
      "level" : "restless",
      "seconds" : 120
    },{
      "dateTime" : "2017-03-22T01:21:30.000",
      "level" : "asleep",
      "seconds" : 60
    },{
      "dateTime" : "2017-03-22T01:22:30.000",
      "level" : "restless",
      "seconds" : 180
    },{
      "dateTime" : "2017-03-22T01:25:30.000",
      "level" : "asleep",
      "seconds" : 11520
    },{
      "dateTime" : "2017-03-22T04:37:30.000",
      "level" : "restless",
      "seconds" : 60
    },{
      "dateTime" : "2017-03-22T04:38:30.000",
      "level" : "asleep",
      "seconds" : 8400
    },{
      "dateTime" : "2017-03-22T06:58:30.000",
      "level" : "restless",
      "seconds" : 120
    },{
      "dateTime" : "2017-03-22T07:00:30.000",
      "level" : "asleep",
      "seconds" : 60
    },{
      "dateTime" : "2017-03-22T07:01:30.000",
      "level" : "restless",
      "seconds" : 120
    },{
      "dateTime" : "2017-03-22T07:03:30.000",
      "level" : "asleep",
      "seconds" : 240
    }]
  },
  "mainSleep" : true
},{
  "logId" : 14126193743,
  "dateOfSleep" : "2017-03-21",
  "startTime" : "2017-03-20T22:41:00.000",
  "endTime" : "2017-03-21T05:57:30.000",
  "duration" : 26160000,
  "minutesToFallAsleep" : 0,
  "minutesAsleep" : 393,
  "minutesAwake" : 43,
  "minutesAfterWakeup" : 0,
  "timeInBed" : 436,
  "efficiency" : 90,
  "type" : "classic",
  "infoCode" : 0,
  "logType" : "auto_detected",
  "levels" : {
    "summary" : {
      "restless" : {
        "count" : 17,
        "minutes" : 37
      },
      "awake" : {
        "count" : 3,
        "minutes" : 6
      },
      "asleep" : {
        "count" : 0,
        "minutes" : 393
      }
    },
    "data" : [{
      "dateTime" : "2017-03-20T22:41:00.000",
      "level" : "restless",
      "seconds" : 60
    },{
      "dateTime" : "2017-03-20T22:42:00.000",
      "level" : "asleep",
      "seconds" : 420
    },{
      "dateTime" : "2017-03-20T22:49:00.000",
      "level" : "restless",
      "seconds" : 180
    },{
      "dateTime" : "2017-03-20T22:52:00.000",
      "level" : "asleep",
      "seconds" : 60
    },{
      "dateTime" : "2017-03-20T22:53:00.000",
      "level" : "restless",
      "seconds" : 180
    },{
      "dateTime" : "2017-03-20T22:56:00.000",
      "level" : "asleep",
      "seconds" : 600
    },{
      "dateTime" : "2017-03-20T23:06:00.000",
      "level" : "restless",
      "seconds" : 60
    },{
      "dateTime" : "2017-03-20T23:07:00.000",
      "level" : "asleep",
      "seconds" : 180
    },{
      "dateTime" : "2017-03-20T23:10:00.000",
      "level" : "restless",
      "seconds" : 60
    },{
      "dateTime" : "2017-03-20T23:11:00.000",
      "level" : "asleep",
      "seconds" : 360
    },{
      "dateTime" : "2017-03-20T23:17:00.000",
      "level" : "restless",
      "seconds" : 240
    },{
      "dateTime" : "2017-03-20T23:21:00.000",
      "level" : "awake",
      "seconds" : 60
    },{
      "dateTime" : "2017-03-20T23:22:00.000",
      "level" : "restless",
      "seconds" : 240
    },{
      "dateTime" : "2017-03-20T23:26:00.000",
      "level" : "awake",
      "seconds" : 60
    },{
      "dateTime" : "2017-03-20T23:27:00.000",
      "level" : "restless",
      "seconds" : 120
    },{
      "dateTime" : "2017-03-20T23:29:00.000",
      "level" : "awake",
      "seconds" : 240
    },{
      "dateTime" : "2017-03-20T23:33:00.000",
      "level" : "restless",
      "seconds" : 360
    },{
      "dateTime" : "2017-03-20T23:39:00.000",
      "level" : "asleep",
      "seconds" : 4440
    },{
      "dateTime" : "2017-03-21T00:53:00.000",
      "level" : "restless",
      "seconds" : 180
    },{
      "dateTime" : "2017-03-21T00:56:00.000",
      "level" : "asleep",
      "seconds" : 180
    },{
      "dateTime" : "2017-03-21T00:59:00.000",
      "level" : "restless",
      "seconds" : 60
    },{
      "dateTime" : "2017-03-21T01:00:00.000",
      "level" : "asleep",
      "seconds" : 1440
    },{
      "dateTime" : "2017-03-21T01:24:00.000",
      "level" : "restless",
      "seconds" : 120
    },{
      "dateTime" : "2017-03-21T01:26:00.000",
      "level" : "asleep",
      "seconds" : 120
    },{
      "dateTime" : "2017-03-21T01:28:00.000",
      "level" : "restless",
      "seconds" : 60
    },{
      "dateTime" : "2017-03-21T01:29:00.000",
      "level" : "asleep",
      "seconds" : 1800
    },{
      "dateTime" : "2017-03-21T01:59:00.000",
      "level" : "restless",
      "seconds" : 120
    },{
      "dateTime" : "2017-03-21T02:01:00.000",
      "level" : "asleep",
      "seconds" : 120
    },{
      "dateTime" : "2017-03-21T02:03:00.000",
      "level" : "restless",
      "seconds" : 60
    },{
      "dateTime" : "2017-03-21T02:04:00.000",
      "level" : "asleep",
      "seconds" : 11220
    },{
      "dateTime" : "2017-03-21T05:11:00.000",
      "level" : "restless",
      "seconds" : 60
    },{
      "dateTime" : "2017-03-21T05:12:00.000",
      "level" : "asleep",
      "seconds" : 180
    },{
      "dateTime" : "2017-03-21T05:15:00.000",
      "level" : "restless",
      "seconds" : 60
    },{
      "dateTime" : "2017-03-21T05:16:00.000",
      "level" : "asleep",
      "seconds" : 2460
    }]
  },
  "mainSleep" : true
},{
  "logId" : 14116664910,
  "dateOfSleep" : "2017-03-20",
  "startTime" : "2017-03-19T23:57:00.000",
  "endTime" : "2017-03-20T09:30:00.000",
  "duration" : 34380000,
  "minutesToFallAsleep" : 0,
  "minutesAsleep" : 533,
  "minutesAwake" : 40,
  "minutesAfterWakeup" : 0,
  "timeInBed" : 573,
  "efficiency" : 93,
  "type" : "classic",
  "infoCode" : 0,
  "logType" : "auto_detected",
  "levels" : {
    "summary" : {
      "restless" : {
        "count" : 16,
        "minutes" : 39
      },
      "awake" : {
        "count" : 1,
        "minutes" : 1
      },
      "asleep" : {
        "count" : 0,
        "minutes" : 533
      }
    },
    "data" : [{
      "dateTime" : "2017-03-19T23:57:00.000",
      "level" : "restless",
      "seconds" : 300
    },{
      "dateTime" : "2017-03-20T00:02:00.000",
      "level" : "asleep",
      "seconds" : 420
    },{
      "dateTime" : "2017-03-20T00:09:00.000",
      "level" : "restless",
      "seconds" : 240
    },{
      "dateTime" : "2017-03-20T00:13:00.000",
      "level" : "asleep",
      "seconds" : 180
    },{
      "dateTime" : "2017-03-20T00:16:00.000",
      "level" : "restless",
      "seconds" : 60
    },{
      "dateTime" : "2017-03-20T00:17:00.000",
      "level" : "asleep",
      "seconds" : 180
    },{
      "dateTime" : "2017-03-20T00:20:00.000",
      "level" : "restless",
      "seconds" : 120
    },{
      "dateTime" : "2017-03-20T00:22:00.000",
      "level" : "asleep",
      "seconds" : 300
    },{
      "dateTime" : "2017-03-20T00:27:00.000",
      "level" : "restless",
      "seconds" : 180
    },{
      "dateTime" : "2017-03-20T00:30:00.000",
      "level" : "asleep",
      "seconds" : 1320
    },{
      "dateTime" : "2017-03-20T00:52:00.000",
      "level" : "restless",
      "seconds" : 240
    },{
      "dateTime" : "2017-03-20T00:56:00.000",
      "level" : "awake",
      "seconds" : 60
    },{
      "dateTime" : "2017-03-20T00:57:00.000",
      "level" : "restless",
      "seconds" : 180
    },{
      "dateTime" : "2017-03-20T01:00:00.000",
      "level" : "asleep",
      "seconds" : 180
    },{
      "dateTime" : "2017-03-20T01:03:00.000",
      "level" : "restless",
      "seconds" : 420
    },{
      "dateTime" : "2017-03-20T01:10:00.000",
      "level" : "asleep",
      "seconds" : 2160
    },{
      "dateTime" : "2017-03-20T01:46:00.000",
      "level" : "restless",
      "seconds" : 60
    },{
      "dateTime" : "2017-03-20T01:47:00.000",
      "level" : "asleep",
      "seconds" : 1380
    },{
      "dateTime" : "2017-03-20T02:10:00.000",
      "level" : "restless",
      "seconds" : 60
    },{
      "dateTime" : "2017-03-20T02:11:00.000",
      "level" : "asleep",
      "seconds" : 3960
    },{
      "dateTime" : "2017-03-20T03:17:00.000",
      "level" : "restless",
      "seconds" : 60
    },{
      "dateTime" : "2017-03-20T03:18:00.000",
      "level" : "asleep",
      "seconds" : 180
    },{
      "dateTime" : "2017-03-20T03:21:00.000",
      "level" : "restless",
      "seconds" : 60
    },{
      "dateTime" : "2017-03-20T03:22:00.000",
      "level" : "asleep",
      "seconds" : 9360
    },{
      "dateTime" : "2017-03-20T05:58:00.000",
      "level" : "restless",
      "seconds" : 60
    },{
      "dateTime" : "2017-03-20T05:59:00.000",
      "level" : "asleep",
      "seconds" : 1320
    },{
      "dateTime" : "2017-03-20T06:21:00.000",
      "level" : "restless",
      "seconds" : 120
    },{
      "dateTime" : "2017-03-20T06:23:00.000",
      "level" : "asleep",
      "seconds" : 9960
    },{
      "dateTime" : "2017-03-20T09:09:00.000",
      "level" : "restless",
      "seconds" : 120
    },{
      "dateTime" : "2017-03-20T09:11:00.000",
      "level" : "asleep",
      "seconds" : 540
    },{
      "dateTime" : "2017-03-20T09:20:00.000",
      "level" : "restless",
      "seconds" : 60
    },{
      "dateTime" : "2017-03-20T09:21:00.000",
      "level" : "asleep",
      "seconds" : 540
    }]
  },
  "mainSleep" : true
},{
  "logId" : 14111032038,
  "dateOfSleep" : "2017-03-19",
  "startTime" : "2017-03-19T01:14:00.000",
  "endTime" : "2017-03-19T09:12:30.000",
  "duration" : 28680000,
  "minutesToFallAsleep" : 0,
  "minutesAsleep" : 441,
  "minutesAwake" : 36,
  "minutesAfterWakeup" : 1,
  "timeInBed" : 478,
  "efficiency" : 92,
  "type" : "classic",
  "infoCode" : 0,
  "logType" : "auto_detected",
  "levels" : {
    "summary" : {
      "restless" : {
        "count" : 22,
        "minutes" : 35
      },
      "awake" : {
        "count" : 1,
        "minutes" : 2
      },
      "asleep" : {
        "count" : 0,
        "minutes" : 441
      }
    },
    "data" : [{
      "dateTime" : "2017-03-19T01:14:00.000",
      "level" : "restless",
      "seconds" : 60
    },{
      "dateTime" : "2017-03-19T01:15:00.000",
      "level" : "asleep",
      "seconds" : 60
    },{
      "dateTime" : "2017-03-19T01:16:00.000",
      "level" : "restless",
      "seconds" : 60
    },{
      "dateTime" : "2017-03-19T01:17:00.000",
      "level" : "asleep",
      "seconds" : 1140
    },{
      "dateTime" : "2017-03-19T01:36:00.000",
      "level" : "restless",
      "seconds" : 240
    },{
      "dateTime" : "2017-03-19T01:40:00.000",
      "level" : "awake",
      "seconds" : 120
    },{
      "dateTime" : "2017-03-19T01:42:00.000",
      "level" : "restless",
      "seconds" : 60
    },{
      "dateTime" : "2017-03-19T01:43:00.000",
      "level" : "asleep",
      "seconds" : 6240
    },{
      "dateTime" : "2017-03-19T03:27:00.000",
      "level" : "restless",
      "seconds" : 60
    },{
      "dateTime" : "2017-03-19T03:28:00.000",
      "level" : "asleep",
      "seconds" : 60
    },{
      "dateTime" : "2017-03-19T03:29:00.000",
      "level" : "restless",
      "seconds" : 60
    },{
      "dateTime" : "2017-03-19T03:30:00.000",
      "level" : "asleep",
      "seconds" : 1020
    },{
      "dateTime" : "2017-03-19T03:47:00.000",
      "level" : "restless",
      "seconds" : 120
    },{
      "dateTime" : "2017-03-19T03:49:00.000",
      "level" : "asleep",
      "seconds" : 120
    },{
      "dateTime" : "2017-03-19T03:51:00.000",
      "level" : "restless",
      "seconds" : 60
    },{
      "dateTime" : "2017-03-19T03:52:00.000",
      "level" : "asleep",
      "seconds" : 1380
    },{
      "dateTime" : "2017-03-19T04:15:00.000",
      "level" : "restless",
      "seconds" : 60
    },{
      "dateTime" : "2017-03-19T04:16:00.000",
      "level" : "asleep",
      "seconds" : 480
    },{
      "dateTime" : "2017-03-19T04:24:00.000",
      "level" : "restless",
      "seconds" : 180
    },{
      "dateTime" : "2017-03-19T04:27:00.000",
      "level" : "asleep",
      "seconds" : 1860
    },{
      "dateTime" : "2017-03-19T04:58:00.000",
      "level" : "restless",
      "seconds" : 60
    },{
      "dateTime" : "2017-03-19T04:59:00.000",
      "level" : "asleep",
      "seconds" : 3600
    },{
      "dateTime" : "2017-03-19T05:59:00.000",
      "level" : "restless",
      "seconds" : 120
    },{
      "dateTime" : "2017-03-19T06:01:00.000",
      "level" : "asleep",
      "seconds" : 120
    },{
      "dateTime" : "2017-03-19T06:03:00.000",
      "level" : "restless",
      "seconds" : 60
    },{
      "dateTime" : "2017-03-19T06:04:00.000",
      "level" : "asleep",
      "seconds" : 3360
    },{
      "dateTime" : "2017-03-19T07:00:00.000",
      "level" : "restless",
      "seconds" : 60
    },{
      "dateTime" : "2017-03-19T07:01:00.000",
      "level" : "asleep",
      "seconds" : 180
    },{
      "dateTime" : "2017-03-19T07:04:00.000",
      "level" : "restless",
      "seconds" : 60
    },{
      "dateTime" : "2017-03-19T07:05:00.000",
      "level" : "asleep",
      "seconds" : 4560
    },{
      "dateTime" : "2017-03-19T08:21:00.000",
      "level" : "restless",
      "seconds" : 120
    },{
      "dateTime" : "2017-03-19T08:23:00.000",
      "level" : "asleep",
      "seconds" : 120
    },{
      "dateTime" : "2017-03-19T08:25:00.000",
      "level" : "restless",
      "seconds" : 120
    },{
      "dateTime" : "2017-03-19T08:27:00.000",
      "level" : "asleep",
      "seconds" : 720
    },{
      "dateTime" : "2017-03-19T08:39:00.000",
      "level" : "restless",
      "seconds" : 60
    },{
      "dateTime" : "2017-03-19T08:40:00.000",
      "level" : "asleep",
      "seconds" : 60
    },{
      "dateTime" : "2017-03-19T08:41:00.000",
      "level" : "restless",
      "seconds" : 120
    },{
      "dateTime" : "2017-03-19T08:43:00.000",
      "level" : "asleep",
      "seconds" : 60
    },{
      "dateTime" : "2017-03-19T08:44:00.000",
      "level" : "restless",
      "seconds" : 180
    },{
      "dateTime" : "2017-03-19T08:47:00.000",
      "level" : "asleep",
      "seconds" : 840
    },{
      "dateTime" : "2017-03-19T09:01:00.000",
      "level" : "restless",
      "seconds" : 120
    },{
      "dateTime" : "2017-03-19T09:03:00.000",
      "level" : "asleep",
      "seconds" : 480
    },{
      "dateTime" : "2017-03-19T09:11:00.000",
      "level" : "restless",
      "seconds" : 60
    }]
  },
  "mainSleep" : true
},{
  "logId" : 14099627567,
  "dateOfSleep" : "2017-03-18",
  "startTime" : "2017-03-18T01:06:00.000",
  "endTime" : "2017-03-18T08:58:00.000",
  "duration" : 28320000,
  "minutesToFallAsleep" : 0,
  "minutesAsleep" : 446,
  "minutesAwake" : 16,
  "minutesAfterWakeup" : 10,
  "timeInBed" : 472,
  "efficiency" : 97,
  "type" : "classic",
  "infoCode" : 0,
  "logType" : "auto_detected",
  "levels" : {
    "summary" : {
      "restless" : {
        "count" : 10,
        "minutes" : 25
      },
      "awake" : {
        "count" : 1,
        "minutes" : 1
      },
      "asleep" : {
        "count" : 0,
        "minutes" : 446
      }
    },
    "data" : [{
      "dateTime" : "2017-03-18T01:06:00.000",
      "level" : "restless",
      "seconds" : 240
    },{
      "dateTime" : "2017-03-18T01:10:00.000",
      "level" : "awake",
      "seconds" : 60
    },{
      "dateTime" : "2017-03-18T01:11:00.000",
      "level" : "restless",
      "seconds" : 60
    },{
      "dateTime" : "2017-03-18T01:12:00.000",
      "level" : "asleep",
      "seconds" : 2220
    },{
      "dateTime" : "2017-03-18T01:49:00.000",
      "level" : "restless",
      "seconds" : 60
    },{
      "dateTime" : "2017-03-18T01:50:00.000",
      "level" : "asleep",
      "seconds" : 360
    },{
      "dateTime" : "2017-03-18T01:56:00.000",
      "level" : "restless",
      "seconds" : 60
    },{
      "dateTime" : "2017-03-18T01:57:00.000",
      "level" : "asleep",
      "seconds" : 3120
    },{
      "dateTime" : "2017-03-18T02:49:00.000",
      "level" : "restless",
      "seconds" : 60
    },{
      "dateTime" : "2017-03-18T02:50:00.000",
      "level" : "asleep",
      "seconds" : 4200
    },{
      "dateTime" : "2017-03-18T04:00:00.000",
      "level" : "restless",
      "seconds" : 180
    },{
      "dateTime" : "2017-03-18T04:03:00.000",
      "level" : "asleep",
      "seconds" : 60
    },{
      "dateTime" : "2017-03-18T04:04:00.000",
      "level" : "restless",
      "seconds" : 60
    },{
      "dateTime" : "2017-03-18T04:05:00.000",
      "level" : "asleep",
      "seconds" : 13380
    },{
      "dateTime" : "2017-03-18T07:48:00.000",
      "level" : "restless",
      "seconds" : 60
    },{
      "dateTime" : "2017-03-18T07:49:00.000",
      "level" : "asleep",
      "seconds" : 3360
    },{
      "dateTime" : "2017-03-18T08:45:00.000",
      "level" : "restless",
      "seconds" : 120
    },{
      "dateTime" : "2017-03-18T08:47:00.000",
      "level" : "asleep",
      "seconds" : 60
    },{
      "dateTime" : "2017-03-18T08:48:00.000",
      "level" : "restless",
      "seconds" : 600
    }]
  },
  "mainSleep" : true
},{
  "logId" : 14099627566,
  "dateOfSleep" : "2017-03-17",
  "startTime" : "2017-03-16T23:12:30.000",
  "endTime" : "2017-03-17T06:58:00.000",
  "duration" : 27900000,
  "minutesToFallAsleep" : 0,
  "minutesAsleep" : 434,
  "minutesAwake" : 31,
  "minutesAfterWakeup" : 0,
  "timeInBed" : 465,
  "efficiency" : 93,
  "type" : "classic",
  "infoCode" : 0,
  "logType" : "auto_detected",
  "levels" : {
    "summary" : {
      "restless" : {
        "count" : 16,
        "minutes" : 28
      },
      "awake" : {
        "count" : 2,
        "minutes" : 3
      },
      "asleep" : {
        "count" : 0,
        "minutes" : 434
      }
    },
    "data" : [{
      "dateTime" : "2017-03-16T23:12:30.000",
      "level" : "restless",
      "seconds" : 240
    },{
      "dateTime" : "2017-03-16T23:16:30.000",
      "level" : "awake",
      "seconds" : 60
    },{
      "dateTime" : "2017-03-16T23:17:30.000",
      "level" : "restless",
      "seconds" : 60
    },{
      "dateTime" : "2017-03-16T23:18:30.000",
      "level" : "asleep",
      "seconds" : 60
    },{
      "dateTime" : "2017-03-16T23:19:30.000",
      "level" : "restless",
      "seconds" : 60
    },{
      "dateTime" : "2017-03-16T23:20:30.000",
      "level" : "asleep",
      "seconds" : 1620
    },{
      "dateTime" : "2017-03-16T23:47:30.000",
      "level" : "restless",
      "seconds" : 240
    },{
      "dateTime" : "2017-03-16T23:51:30.000",
      "level" : "awake",
      "seconds" : 120
    },{
      "dateTime" : "2017-03-16T23:53:30.000",
      "level" : "restless",
      "seconds" : 60
    },{
      "dateTime" : "2017-03-16T23:54:30.000",
      "level" : "asleep",
      "seconds" : 3420
    },{
      "dateTime" : "2017-03-17T00:51:30.000",
      "level" : "restless",
      "seconds" : 60
    },{
      "dateTime" : "2017-03-17T00:52:30.000",
      "level" : "asleep",
      "seconds" : 2100
    },{
      "dateTime" : "2017-03-17T01:27:30.000",
      "level" : "restless",
      "seconds" : 120
    },{
      "dateTime" : "2017-03-17T01:29:30.000",
      "level" : "asleep",
      "seconds" : 60
    },{
      "dateTime" : "2017-03-17T01:30:30.000",
      "level" : "restless",
      "seconds" : 60
    },{
      "dateTime" : "2017-03-17T01:31:30.000",
      "level" : "asleep",
      "seconds" : 2580
    },{
      "dateTime" : "2017-03-17T02:14:30.000",
      "level" : "restless",
      "seconds" : 120
    },{
      "dateTime" : "2017-03-17T02:16:30.000",
      "level" : "asleep",
      "seconds" : 6240
    },{
      "dateTime" : "2017-03-17T04:00:30.000",
      "level" : "restless",
      "seconds" : 60
    },{
      "dateTime" : "2017-03-17T04:01:30.000",
      "level" : "asleep",
      "seconds" : 1560
    },{
      "dateTime" : "2017-03-17T04:27:30.000",
      "level" : "restless",
      "seconds" : 180
    },{
      "dateTime" : "2017-03-17T04:30:30.000",
      "level" : "asleep",
      "seconds" : 60
    },{
      "dateTime" : "2017-03-17T04:31:30.000",
      "level" : "restless",
      "seconds" : 180
    },{
      "dateTime" : "2017-03-17T04:34:30.000",
      "level" : "asleep",
      "seconds" : 1620
    },{
      "dateTime" : "2017-03-17T05:01:30.000",
      "level" : "restless",
      "seconds" : 60
    },{
      "dateTime" : "2017-03-17T05:02:30.000",
      "level" : "asleep",
      "seconds" : 180
    },{
      "dateTime" : "2017-03-17T05:05:30.000",
      "level" : "restless",
      "seconds" : 60
    },{
      "dateTime" : "2017-03-17T05:06:30.000",
      "level" : "asleep",
      "seconds" : 1140
    },{
      "dateTime" : "2017-03-17T05:25:30.000",
      "level" : "restless",
      "seconds" : 60
    },{
      "dateTime" : "2017-03-17T05:26:30.000",
      "level" : "asleep",
      "seconds" : 4140
    },{
      "dateTime" : "2017-03-17T06:35:30.000",
      "level" : "restless",
      "seconds" : 60
    },{
      "dateTime" : "2017-03-17T06:36:30.000",
      "level" : "asleep",
      "seconds" : 1260
    }]
  },
  "mainSleep" : true
},{
  "logId" : 14078076418,
  "dateOfSleep" : "2017-03-16",
  "startTime" : "2017-03-15T22:00:00.000",
  "endTime" : "2017-03-16T07:17:30.000",
  "duration" : 33420000,
  "minutesToFallAsleep" : 0,
  "minutesAsleep" : 505,
  "minutesAwake" : 51,
  "minutesAfterWakeup" : 1,
  "timeInBed" : 557,
  "efficiency" : 91,
  "type" : "classic",
  "infoCode" : 0,
  "logType" : "auto_detected",
  "levels" : {
    "summary" : {
      "restless" : {
        "count" : 21,
        "minutes" : 45
      },
      "awake" : {
        "count" : 2,
        "minutes" : 7
      },
      "asleep" : {
        "count" : 0,
        "minutes" : 505
      }
    },
    "data" : [{
      "dateTime" : "2017-03-15T22:00:00.000",
      "level" : "awake",
      "seconds" : 300
    },{
      "dateTime" : "2017-03-15T22:05:00.000",
      "level" : "restless",
      "seconds" : 60
    },{
      "dateTime" : "2017-03-15T22:06:00.000",
      "level" : "asleep",
      "seconds" : 180
    },{
      "dateTime" : "2017-03-15T22:09:00.000",
      "level" : "restless",
      "seconds" : 60
    },{
      "dateTime" : "2017-03-15T22:10:00.000",
      "level" : "asleep",
      "seconds" : 180
    },{
      "dateTime" : "2017-03-15T22:13:00.000",
      "level" : "restless",
      "seconds" : 420
    },{
      "dateTime" : "2017-03-15T22:20:00.000",
      "level" : "asleep",
      "seconds" : 660
    },{
      "dateTime" : "2017-03-15T22:31:00.000",
      "level" : "restless",
      "seconds" : 240
    },{
      "dateTime" : "2017-03-15T22:35:00.000",
      "level" : "awake",
      "seconds" : 120
    },{
      "dateTime" : "2017-03-15T22:37:00.000",
      "level" : "restless",
      "seconds" : 60
    },{
      "dateTime" : "2017-03-15T22:38:00.000",
      "level" : "asleep",
      "seconds" : 360
    },{
      "dateTime" : "2017-03-15T22:44:00.000",
      "level" : "restless",
      "seconds" : 120
    },{
      "dateTime" : "2017-03-15T22:46:00.000",
      "level" : "asleep",
      "seconds" : 3300
    },{
      "dateTime" : "2017-03-15T23:41:00.000",
      "level" : "restless",
      "seconds" : 120
    },{
      "dateTime" : "2017-03-15T23:43:00.000",
      "level" : "asleep",
      "seconds" : 4200
    },{
      "dateTime" : "2017-03-16T00:53:00.000",
      "level" : "restless",
      "seconds" : 60
    },{
      "dateTime" : "2017-03-16T00:54:00.000",
      "level" : "asleep",
      "seconds" : 420
    },{
      "dateTime" : "2017-03-16T01:01:00.000",
      "level" : "restless",
      "seconds" : 60
    },{
      "dateTime" : "2017-03-16T01:02:00.000",
      "level" : "asleep",
      "seconds" : 1920
    },{
      "dateTime" : "2017-03-16T01:34:00.000",
      "level" : "restless",
      "seconds" : 180
    },{
      "dateTime" : "2017-03-16T01:37:00.000",
      "level" : "asleep",
      "seconds" : 60
    },{
      "dateTime" : "2017-03-16T01:38:00.000",
      "level" : "restless",
      "seconds" : 120
    },{
      "dateTime" : "2017-03-16T01:40:00.000",
      "level" : "asleep",
      "seconds" : 3480
    },{
      "dateTime" : "2017-03-16T02:38:00.000",
      "level" : "restless",
      "seconds" : 60
    },{
      "dateTime" : "2017-03-16T02:39:00.000",
      "level" : "asleep",
      "seconds" : 1320
    },{
      "dateTime" : "2017-03-16T03:01:00.000",
      "level" : "restless",
      "seconds" : 60
    },{
      "dateTime" : "2017-03-16T03:02:00.000",
      "level" : "asleep",
      "seconds" : 960
    },{
      "dateTime" : "2017-03-16T03:18:00.000",
      "level" : "restless",
      "seconds" : 180
    },{
      "dateTime" : "2017-03-16T03:21:00.000",
      "level" : "asleep",
      "seconds" : 1500
    },{
      "dateTime" : "2017-03-16T03:46:00.000",
      "level" : "restless",
      "seconds" : 180
    },{
      "dateTime" : "2017-03-16T03:49:00.000",
      "level" : "asleep",
      "seconds" : 60
    },{
      "dateTime" : "2017-03-16T03:50:00.000",
      "level" : "restless",
      "seconds" : 60
    },{
      "dateTime" : "2017-03-16T03:51:00.000",
      "level" : "asleep",
      "seconds" : 60
    },{
      "dateTime" : "2017-03-16T03:52:00.000",
      "level" : "restless",
      "seconds" : 60
    },{
      "dateTime" : "2017-03-16T03:53:00.000",
      "level" : "asleep",
      "seconds" : 6960
    },{
      "dateTime" : "2017-03-16T05:49:00.000",
      "level" : "restless",
      "seconds" : 180
    },{
      "dateTime" : "2017-03-16T05:52:00.000",
      "level" : "asleep",
      "seconds" : 4320
    },{
      "dateTime" : "2017-03-16T07:04:00.000",
      "level" : "restless",
      "seconds" : 180
    },{
      "dateTime" : "2017-03-16T07:07:00.000",
      "level" : "asleep",
      "seconds" : 60
    },{
      "dateTime" : "2017-03-16T07:08:00.000",
      "level" : "restless",
      "seconds" : 180
    },{
      "dateTime" : "2017-03-16T07:11:00.000",
      "level" : "asleep",
      "seconds" : 300
    },{
      "dateTime" : "2017-03-16T07:16:00.000",
      "level" : "restless",
      "seconds" : 60
    }]
  },
  "mainSleep" : true
},{
  "logId" : 14068064243,
  "dateOfSleep" : "2017-03-15",
  "startTime" : "2017-03-14T23:26:30.000",
  "endTime" : "2017-03-15T07:01:30.000",
  "duration" : 27300000,
  "minutesToFallAsleep" : 0,
  "minutesAsleep" : 421,
  "minutesAwake" : 34,
  "minutesAfterWakeup" : 0,
  "timeInBed" : 455,
  "efficiency" : 93,
  "type" : "classic",
  "infoCode" : 0,
  "logType" : "auto_detected",
  "levels" : {
    "summary" : {
      "restless" : {
        "count" : 13,
        "minutes" : 34
      },
      "awake" : {
        "count" : 0,
        "minutes" : 0
      },
      "asleep" : {
        "count" : 0,
        "minutes" : 421
      }
    },
    "data" : [{
      "dateTime" : "2017-03-14T23:26:30.000",
      "level" : "asleep",
      "seconds" : 240
    },{
      "dateTime" : "2017-03-14T23:30:30.000",
      "level" : "restless",
      "seconds" : 660
    },{
      "dateTime" : "2017-03-14T23:41:30.000",
      "level" : "asleep",
      "seconds" : 2820
    },{
      "dateTime" : "2017-03-15T00:28:30.000",
      "level" : "restless",
      "seconds" : 60
    },{
      "dateTime" : "2017-03-15T00:29:30.000",
      "level" : "asleep",
      "seconds" : 720
    },{
      "dateTime" : "2017-03-15T00:41:30.000",
      "level" : "restless",
      "seconds" : 120
    },{
      "dateTime" : "2017-03-15T00:43:30.000",
      "level" : "asleep",
      "seconds" : 3000
    },{
      "dateTime" : "2017-03-15T01:33:30.000",
      "level" : "restless",
      "seconds" : 360
    },{
      "dateTime" : "2017-03-15T01:39:30.000",
      "level" : "asleep",
      "seconds" : 1020
    },{
      "dateTime" : "2017-03-15T01:56:30.000",
      "level" : "restless",
      "seconds" : 60
    },{
      "dateTime" : "2017-03-15T01:57:30.000",
      "level" : "asleep",
      "seconds" : 2040
    },{
      "dateTime" : "2017-03-15T02:31:30.000",
      "level" : "restless",
      "seconds" : 120
    },{
      "dateTime" : "2017-03-15T02:33:30.000",
      "level" : "asleep",
      "seconds" : 120
    },{
      "dateTime" : "2017-03-15T02:35:30.000",
      "level" : "restless",
      "seconds" : 60
    },{
      "dateTime" : "2017-03-15T02:36:30.000",
      "level" : "asleep",
      "seconds" : 3720
    },{
      "dateTime" : "2017-03-15T03:38:30.000",
      "level" : "restless",
      "seconds" : 60
    },{
      "dateTime" : "2017-03-15T03:39:30.000",
      "level" : "asleep",
      "seconds" : 6780
    },{
      "dateTime" : "2017-03-15T05:32:30.000",
      "level" : "restless",
      "seconds" : 180
    },{
      "dateTime" : "2017-03-15T05:35:30.000",
      "level" : "asleep",
      "seconds" : 60
    },{
      "dateTime" : "2017-03-15T05:36:30.000",
      "level" : "restless",
      "seconds" : 60
    },{
      "dateTime" : "2017-03-15T05:37:30.000",
      "level" : "asleep",
      "seconds" : 1320
    },{
      "dateTime" : "2017-03-15T05:59:30.000",
      "level" : "restless",
      "seconds" : 180
    },{
      "dateTime" : "2017-03-15T06:02:30.000",
      "level" : "asleep",
      "seconds" : 60
    },{
      "dateTime" : "2017-03-15T06:03:30.000",
      "level" : "restless",
      "seconds" : 60
    },{
      "dateTime" : "2017-03-15T06:04:30.000",
      "level" : "asleep",
      "seconds" : 540
    },{
      "dateTime" : "2017-03-15T06:13:30.000",
      "level" : "restless",
      "seconds" : 60
    },{
      "dateTime" : "2017-03-15T06:14:30.000",
      "level" : "asleep",
      "seconds" : 2820
    }]
  },
  "mainSleep" : true
},{
  "logId" : 14065375433,
  "dateOfSleep" : "2017-03-14",
  "startTime" : "2017-03-14T01:19:00.000",
  "endTime" : "2017-03-14T08:30:00.000",
  "duration" : 25860000,
  "minutesToFallAsleep" : 0,
  "minutesAsleep" : 395,
  "minutesAwake" : 36,
  "minutesAfterWakeup" : 0,
  "timeInBed" : 431,
  "efficiency" : 92,
  "type" : "classic",
  "infoCode" : 0,
  "logType" : "auto_detected",
  "levels" : {
    "summary" : {
      "restless" : {
        "count" : 19,
        "minutes" : 29
      },
      "awake" : {
        "count" : 2,
        "minutes" : 7
      },
      "asleep" : {
        "count" : 0,
        "minutes" : 395
      }
    },
    "data" : [{
      "dateTime" : "2017-03-14T01:19:00.000",
      "level" : "awake",
      "seconds" : 120
    },{
      "dateTime" : "2017-03-14T01:21:00.000",
      "level" : "restless",
      "seconds" : 120
    },{
      "dateTime" : "2017-03-14T01:23:00.000",
      "level" : "asleep",
      "seconds" : 180
    },{
      "dateTime" : "2017-03-14T01:26:00.000",
      "level" : "restless",
      "seconds" : 120
    },{
      "dateTime" : "2017-03-14T01:28:00.000",
      "level" : "asleep",
      "seconds" : 120
    },{
      "dateTime" : "2017-03-14T01:30:00.000",
      "level" : "restless",
      "seconds" : 60
    },{
      "dateTime" : "2017-03-14T01:31:00.000",
      "level" : "asleep",
      "seconds" : 1080
    },{
      "dateTime" : "2017-03-14T01:49:00.000",
      "level" : "restless",
      "seconds" : 120
    },{
      "dateTime" : "2017-03-14T01:51:00.000",
      "level" : "asleep",
      "seconds" : 900
    },{
      "dateTime" : "2017-03-14T02:06:00.000",
      "level" : "restless",
      "seconds" : 60
    },{
      "dateTime" : "2017-03-14T02:07:00.000",
      "level" : "asleep",
      "seconds" : 900
    },{
      "dateTime" : "2017-03-14T02:22:00.000",
      "level" : "restless",
      "seconds" : 60
    },{
      "dateTime" : "2017-03-14T02:23:00.000",
      "level" : "asleep",
      "seconds" : 120
    },{
      "dateTime" : "2017-03-14T02:25:00.000",
      "level" : "restless",
      "seconds" : 120
    },{
      "dateTime" : "2017-03-14T02:27:00.000",
      "level" : "asleep",
      "seconds" : 4980
    },{
      "dateTime" : "2017-03-14T03:50:00.000",
      "level" : "restless",
      "seconds" : 120
    },{
      "dateTime" : "2017-03-14T03:52:00.000",
      "level" : "asleep",
      "seconds" : 2340
    },{
      "dateTime" : "2017-03-14T04:31:00.000",
      "level" : "restless",
      "seconds" : 60
    },{
      "dateTime" : "2017-03-14T04:32:00.000",
      "level" : "asleep",
      "seconds" : 1740
    },{
      "dateTime" : "2017-03-14T05:01:00.000",
      "level" : "restless",
      "seconds" : 120
    },{
      "dateTime" : "2017-03-14T05:03:00.000",
      "level" : "asleep",
      "seconds" : 5340
    },{
      "dateTime" : "2017-03-14T06:32:00.000",
      "level" : "restless",
      "seconds" : 60
    },{
      "dateTime" : "2017-03-14T06:33:00.000",
      "level" : "asleep",
      "seconds" : 180
    },{
      "dateTime" : "2017-03-14T06:36:00.000",
      "level" : "restless",
      "seconds" : 60
    },{
      "dateTime" : "2017-03-14T06:37:00.000",
      "level" : "asleep",
      "seconds" : 2580
    },{
      "dateTime" : "2017-03-14T07:20:00.000",
      "level" : "restless",
      "seconds" : 60
    },{
      "dateTime" : "2017-03-14T07:21:00.000",
      "level" : "asleep",
      "seconds" : 360
    },{
      "dateTime" : "2017-03-14T07:27:00.000",
      "level" : "restless",
      "seconds" : 180
    },{
      "dateTime" : "2017-03-14T07:30:00.000",
      "level" : "awake",
      "seconds" : 300
    },{
      "dateTime" : "2017-03-14T07:35:00.000",
      "level" : "restless",
      "seconds" : 60
    },{
      "dateTime" : "2017-03-14T07:36:00.000",
      "level" : "asleep",
      "seconds" : 540
    },{
      "dateTime" : "2017-03-14T07:45:00.000",
      "level" : "restless",
      "seconds" : 60
    },{
      "dateTime" : "2017-03-14T07:46:00.000",
      "level" : "asleep",
      "seconds" : 180
    },{
      "dateTime" : "2017-03-14T07:49:00.000",
      "level" : "restless",
      "seconds" : 60
    },{
      "dateTime" : "2017-03-14T07:50:00.000",
      "level" : "asleep",
      "seconds" : 1260
    },{
      "dateTime" : "2017-03-14T08:11:00.000",
      "level" : "restless",
      "seconds" : 180
    },{
      "dateTime" : "2017-03-14T08:14:00.000",
      "level" : "asleep",
      "seconds" : 60
    },{
      "dateTime" : "2017-03-14T08:15:00.000",
      "level" : "restless",
      "seconds" : 60
    },{
      "dateTime" : "2017-03-14T08:16:00.000",
      "level" : "asleep",
      "seconds" : 840
    }]
  },
  "mainSleep" : true
},{
  "logId" : 14048296004,
  "dateOfSleep" : "2017-03-13",
  "startTime" : "2017-03-13T00:53:30.000",
  "endTime" : "2017-03-13T08:35:30.000",
  "duration" : 27720000,
  "minutesToFallAsleep" : 0,
  "minutesAsleep" : 437,
  "minutesAwake" : 25,
  "minutesAfterWakeup" : 0,
  "timeInBed" : 462,
  "efficiency" : 95,
  "type" : "classic",
  "infoCode" : 0,
  "logType" : "auto_detected",
  "levels" : {
    "summary" : {
      "restless" : {
        "count" : 9,
        "minutes" : 23
      },
      "awake" : {
        "count" : 2,
        "minutes" : 2
      },
      "asleep" : {
        "count" : 0,
        "minutes" : 437
      }
    },
    "data" : [{
      "dateTime" : "2017-03-13T00:53:30.000",
      "level" : "asleep",
      "seconds" : 540
    },{
      "dateTime" : "2017-03-13T01:02:30.000",
      "level" : "restless",
      "seconds" : 420
    },{
      "dateTime" : "2017-03-13T01:09:30.000",
      "level" : "asleep",
      "seconds" : 13740
    },{
      "dateTime" : "2017-03-13T04:58:30.000",
      "level" : "restless",
      "seconds" : 60
    },{
      "dateTime" : "2017-03-13T04:59:30.000",
      "level" : "asleep",
      "seconds" : 3720
    },{
      "dateTime" : "2017-03-13T06:01:30.000",
      "level" : "restless",
      "seconds" : 120
    },{
      "dateTime" : "2017-03-13T06:03:30.000",
      "level" : "asleep",
      "seconds" : 3600
    },{
      "dateTime" : "2017-03-13T07:03:30.000",
      "level" : "restless",
      "seconds" : 60
    },{
      "dateTime" : "2017-03-13T07:04:30.000",
      "level" : "asleep",
      "seconds" : 3960
    },{
      "dateTime" : "2017-03-13T08:10:30.000",
      "level" : "restless",
      "seconds" : 60
    },{
      "dateTime" : "2017-03-13T08:11:30.000",
      "level" : "asleep",
      "seconds" : 60
    },{
      "dateTime" : "2017-03-13T08:12:30.000",
      "level" : "restless",
      "seconds" : 120
    },{
      "dateTime" : "2017-03-13T08:14:30.000",
      "level" : "asleep",
      "seconds" : 180
    },{
      "dateTime" : "2017-03-13T08:17:30.000",
      "level" : "restless",
      "seconds" : 60
    },{
      "dateTime" : "2017-03-13T08:18:30.000",
      "level" : "asleep",
      "seconds" : 360
    },{
      "dateTime" : "2017-03-13T08:24:30.000",
      "level" : "restless",
      "seconds" : 420
    },{
      "dateTime" : "2017-03-13T08:31:30.000",
      "level" : "awake",
      "seconds" : 60
    },{
      "dateTime" : "2017-03-13T08:32:30.000",
      "level" : "restless",
      "seconds" : 60
    },{
      "dateTime" : "2017-03-13T08:33:30.000",
      "level" : "awake",
      "seconds" : 60
    },{
      "dateTime" : "2017-03-13T08:34:30.000",
      "level" : "asleep",
      "seconds" : 60
    }]
  },
  "mainSleep" : true
},{
  "logId" : 14048166978,
  "dateOfSleep" : "2017-03-12",
  "startTime" : "2017-03-12T19:47:00.000",
  "endTime" : "2017-03-12T22:06:30.000",
  "duration" : 8340000,
  "minutesToFallAsleep" : 0,
  "minutesAsleep" : 128,
  "minutesAwake" : 11,
  "minutesAfterWakeup" : 0,
  "timeInBed" : 139,
  "efficiency" : 92,
  "type" : "classic",
  "infoCode" : 0,
  "logType" : "auto_detected",
  "levels" : {
    "summary" : {
      "restless" : {
        "count" : 8,
        "minutes" : 11
      },
      "awake" : {
        "count" : 0,
        "minutes" : 0
      },
      "asleep" : {
        "count" : 0,
        "minutes" : 128
      }
    },
    "data" : [{
      "dateTime" : "2017-03-12T19:47:00.000",
      "level" : "asleep",
      "seconds" : 300
    },{
      "dateTime" : "2017-03-12T19:52:00.000",
      "level" : "restless",
      "seconds" : 60
    },{
      "dateTime" : "2017-03-12T19:53:00.000",
      "level" : "asleep",
      "seconds" : 840
    },{
      "dateTime" : "2017-03-12T20:07:00.000",
      "level" : "restless",
      "seconds" : 60
    },{
      "dateTime" : "2017-03-12T20:08:00.000",
      "level" : "asleep",
      "seconds" : 300
    },{
      "dateTime" : "2017-03-12T20:13:00.000",
      "level" : "restless",
      "seconds" : 60
    },{
      "dateTime" : "2017-03-12T20:14:00.000",
      "level" : "asleep",
      "seconds" : 300
    },{
      "dateTime" : "2017-03-12T20:19:00.000",
      "level" : "restless",
      "seconds" : 60
    },{
      "dateTime" : "2017-03-12T20:20:00.000",
      "level" : "asleep",
      "seconds" : 600
    },{
      "dateTime" : "2017-03-12T20:30:00.000",
      "level" : "restless",
      "seconds" : 180
    },{
      "dateTime" : "2017-03-12T20:33:00.000",
      "level" : "asleep",
      "seconds" : 2100
    },{
      "dateTime" : "2017-03-12T21:08:00.000",
      "level" : "restless",
      "seconds" : 120
    },{
      "dateTime" : "2017-03-12T21:10:00.000",
      "level" : "asleep",
      "seconds" : 2040
    },{
      "dateTime" : "2017-03-12T21:44:00.000",
      "level" : "restless",
      "seconds" : 60
    },{
      "dateTime" : "2017-03-12T21:45:00.000",
      "level" : "asleep",
      "seconds" : 960
    },{
      "dateTime" : "2017-03-12T22:01:00.000",
      "level" : "restless",
      "seconds" : 60
    },{
      "dateTime" : "2017-03-12T22:02:00.000",
      "level" : "asleep",
      "seconds" : 240
    }]
  },
  "mainSleep" : true
},{
  "logId" : 14030556358,
  "dateOfSleep" : "2017-03-11",
  "startTime" : "2017-03-11T01:39:00.000",
  "endTime" : "2017-03-11T07:38:00.000",
  "duration" : 21540000,
  "minutesToFallAsleep" : 0,
  "minutesAsleep" : 334,
  "minutesAwake" : 25,
  "minutesAfterWakeup" : 0,
  "timeInBed" : 359,
  "efficiency" : 93,
  "type" : "classic",
  "infoCode" : 0,
  "logType" : "auto_detected",
  "levels" : {
    "summary" : {
      "restless" : {
        "count" : 8,
        "minutes" : 20
      },
      "awake" : {
        "count" : 1,
        "minutes" : 5
      },
      "asleep" : {
        "count" : 0,
        "minutes" : 334
      }
    },
    "data" : [{
      "dateTime" : "2017-03-11T01:39:00.000",
      "level" : "restless",
      "seconds" : 240
    },{
      "dateTime" : "2017-03-11T01:43:00.000",
      "level" : "awake",
      "seconds" : 300
    },{
      "dateTime" : "2017-03-11T01:48:00.000",
      "level" : "restless",
      "seconds" : 480
    },{
      "dateTime" : "2017-03-11T01:56:00.000",
      "level" : "asleep",
      "seconds" : 2400
    },{
      "dateTime" : "2017-03-11T02:36:00.000",
      "level" : "restless",
      "seconds" : 120
    },{
      "dateTime" : "2017-03-11T02:38:00.000",
      "level" : "asleep",
      "seconds" : 120
    },{
      "dateTime" : "2017-03-11T02:40:00.000",
      "level" : "restless",
      "seconds" : 60
    },{
      "dateTime" : "2017-03-11T02:41:00.000",
      "level" : "asleep",
      "seconds" : 3060
    },{
      "dateTime" : "2017-03-11T03:32:00.000",
      "level" : "restless",
      "seconds" : 60
    },{
      "dateTime" : "2017-03-11T03:33:00.000",
      "level" : "asleep",
      "seconds" : 780
    },{
      "dateTime" : "2017-03-11T03:46:00.000",
      "level" : "restless",
      "seconds" : 120
    },{
      "dateTime" : "2017-03-11T03:48:00.000",
      "level" : "asleep",
      "seconds" : 12300
    },{
      "dateTime" : "2017-03-11T07:13:00.000",
      "level" : "restless",
      "seconds" : 60
    },{
      "dateTime" : "2017-03-11T07:14:00.000",
      "level" : "asleep",
      "seconds" : 1020
    },{
      "dateTime" : "2017-03-11T07:31:00.000",
      "level" : "restless",
      "seconds" : 60
    },{
      "dateTime" : "2017-03-11T07:32:00.000",
      "level" : "asleep",
      "seconds" : 360
    }]
  },
  "mainSleep" : true
},{
  "logId" : 14030556357,
  "dateOfSleep" : "2017-03-10",
  "startTime" : "2017-03-10T00:52:30.000",
  "endTime" : "2017-03-10T07:01:00.000",
  "duration" : 22080000,
  "minutesToFallAsleep" : 0,
  "minutesAsleep" : 361,
  "minutesAwake" : 7,
  "minutesAfterWakeup" : 0,
  "timeInBed" : 368,
  "efficiency" : 98,
  "type" : "classic",
  "infoCode" : 0,
  "logType" : "auto_detected",
  "levels" : {
    "summary" : {
      "restless" : {
        "count" : 5,
        "minutes" : 6
      },
      "awake" : {
        "count" : 1,
        "minutes" : 1
      },
      "asleep" : {
        "count" : 0,
        "minutes" : 361
      }
    },
    "data" : [{
      "dateTime" : "2017-03-10T00:52:30.000",
      "level" : "awake",
      "seconds" : 60
    },{
      "dateTime" : "2017-03-10T00:53:30.000",
      "level" : "restless",
      "seconds" : 120
    },{
      "dateTime" : "2017-03-10T00:55:30.000",
      "level" : "asleep",
      "seconds" : 7320
    },{
      "dateTime" : "2017-03-10T02:57:30.000",
      "level" : "restless",
      "seconds" : 60
    },{
      "dateTime" : "2017-03-10T02:58:30.000",
      "level" : "asleep",
      "seconds" : 1320
    },{
      "dateTime" : "2017-03-10T03:20:30.000",
      "level" : "restless",
      "seconds" : 60
    },{
      "dateTime" : "2017-03-10T03:21:30.000",
      "level" : "asleep",
      "seconds" : 7920
    },{
      "dateTime" : "2017-03-10T05:33:30.000",
      "level" : "restless",
      "seconds" : 60
    },{
      "dateTime" : "2017-03-10T05:34:30.000",
      "level" : "asleep",
      "seconds" : 4500
    },{
      "dateTime" : "2017-03-10T06:49:30.000",
      "level" : "restless",
      "seconds" : 60
    },{
      "dateTime" : "2017-03-10T06:50:30.000",
      "level" : "asleep",
      "seconds" : 600
    }]
  },
  "mainSleep" : true
},{
  "logId" : 14030556356,
  "dateOfSleep" : "2017-03-09",
  "startTime" : "2017-03-08T22:54:30.000",
  "endTime" : "2017-03-09T07:05:30.000",
  "duration" : 29460000,
  "minutesToFallAsleep" : 0,
  "minutesAsleep" : 462,
  "minutesAwake" : 29,
  "minutesAfterWakeup" : 0,
  "timeInBed" : 491,
  "efficiency" : 94,
  "type" : "classic",
  "infoCode" : 0,
  "logType" : "auto_detected",
  "levels" : {
    "summary" : {
      "restless" : {
        "count" : 13,
        "minutes" : 26
      },
      "awake" : {
        "count" : 1,
        "minutes" : 3
      },
      "asleep" : {
        "count" : 0,
        "minutes" : 462
      }
    },
    "data" : [{
      "dateTime" : "2017-03-08T22:54:30.000",
      "level" : "asleep",
      "seconds" : 240
    },{
      "dateTime" : "2017-03-08T22:58:30.000",
      "level" : "restless",
      "seconds" : 180
    },{
      "dateTime" : "2017-03-08T23:01:30.000",
      "level" : "awake",
      "seconds" : 180
    },{
      "dateTime" : "2017-03-08T23:04:30.000",
      "level" : "restless",
      "seconds" : 60
    },{
      "dateTime" : "2017-03-08T23:05:30.000",
      "level" : "asleep",
      "seconds" : 2280
    },{
      "dateTime" : "2017-03-08T23:43:30.000",
      "level" : "restless",
      "seconds" : 120
    },{
      "dateTime" : "2017-03-08T23:45:30.000",
      "level" : "asleep",
      "seconds" : 120
    },{
      "dateTime" : "2017-03-08T23:47:30.000",
      "level" : "restless",
      "seconds" : 60
    },{
      "dateTime" : "2017-03-08T23:48:30.000",
      "level" : "asleep",
      "seconds" : 2340
    },{
      "dateTime" : "2017-03-09T00:27:30.000",
      "level" : "restless",
      "seconds" : 60
    },{
      "dateTime" : "2017-03-09T00:28:30.000",
      "level" : "asleep",
      "seconds" : 2760
    },{
      "dateTime" : "2017-03-09T01:14:30.000",
      "level" : "restless",
      "seconds" : 120
    },{
      "dateTime" : "2017-03-09T01:16:30.000",
      "level" : "asleep",
      "seconds" : 120
    },{
      "dateTime" : "2017-03-09T01:18:30.000",
      "level" : "restless",
      "seconds" : 60
    },{
      "dateTime" : "2017-03-09T01:19:30.000",
      "level" : "asleep",
      "seconds" : 4860
    },{
      "dateTime" : "2017-03-09T02:40:30.000",
      "level" : "restless",
      "seconds" : 120
    },{
      "dateTime" : "2017-03-09T02:42:30.000",
      "level" : "asleep",
      "seconds" : 60
    },{
      "dateTime" : "2017-03-09T02:43:30.000",
      "level" : "restless",
      "seconds" : 180
    },{
      "dateTime" : "2017-03-09T02:46:30.000",
      "level" : "asleep",
      "seconds" : 780
    },{
      "dateTime" : "2017-03-09T02:59:30.000",
      "level" : "restless",
      "seconds" : 60
    },{
      "dateTime" : "2017-03-09T03:00:30.000",
      "level" : "asleep",
      "seconds" : 6480
    },{
      "dateTime" : "2017-03-09T04:48:30.000",
      "level" : "restless",
      "seconds" : 120
    },{
      "dateTime" : "2017-03-09T04:50:30.000",
      "level" : "asleep",
      "seconds" : 3660
    },{
      "dateTime" : "2017-03-09T05:51:30.000",
      "level" : "restless",
      "seconds" : 60
    },{
      "dateTime" : "2017-03-09T05:52:30.000",
      "level" : "asleep",
      "seconds" : 3420
    },{
      "dateTime" : "2017-03-09T06:49:30.000",
      "level" : "restless",
      "seconds" : 360
    },{
      "dateTime" : "2017-03-09T06:55:30.000",
      "level" : "asleep",
      "seconds" : 600
    }]
  },
  "mainSleep" : true
},{
  "logId" : 13999543277,
  "dateOfSleep" : "2017-03-08",
  "startTime" : "2017-03-07T23:17:00.000",
  "endTime" : "2017-03-08T07:11:00.000",
  "duration" : 28440000,
  "minutesToFallAsleep" : 0,
  "minutesAsleep" : 446,
  "minutesAwake" : 28,
  "minutesAfterWakeup" : 0,
  "timeInBed" : 474,
  "efficiency" : 94,
  "type" : "classic",
  "infoCode" : 0,
  "logType" : "auto_detected",
  "levels" : {
    "summary" : {
      "restless" : {
        "count" : 16,
        "minutes" : 26
      },
      "awake" : {
        "count" : 1,
        "minutes" : 2
      },
      "asleep" : {
        "count" : 0,
        "minutes" : 446
      }
    },
    "data" : [{
      "dateTime" : "2017-03-07T23:17:00.000",
      "level" : "restless",
      "seconds" : 60
    },{
      "dateTime" : "2017-03-07T23:18:00.000",
      "level" : "asleep",
      "seconds" : 960
    },{
      "dateTime" : "2017-03-07T23:34:00.000",
      "level" : "restless",
      "seconds" : 180
    },{
      "dateTime" : "2017-03-07T23:37:00.000",
      "level" : "awake",
      "seconds" : 120
    },{
      "dateTime" : "2017-03-07T23:39:00.000",
      "level" : "restless",
      "seconds" : 120
    },{
      "dateTime" : "2017-03-07T23:41:00.000",
      "level" : "asleep",
      "seconds" : 120
    },{
      "dateTime" : "2017-03-07T23:43:00.000",
      "level" : "restless",
      "seconds" : 120
    },{
      "dateTime" : "2017-03-07T23:45:00.000",
      "level" : "asleep",
      "seconds" : 2460
    },{
      "dateTime" : "2017-03-08T00:26:00.000",
      "level" : "restless",
      "seconds" : 60
    },{
      "dateTime" : "2017-03-08T00:27:00.000",
      "level" : "asleep",
      "seconds" : 2160
    },{
      "dateTime" : "2017-03-08T01:03:00.000",
      "level" : "restless",
      "seconds" : 60
    },{
      "dateTime" : "2017-03-08T01:04:00.000",
      "level" : "asleep",
      "seconds" : 1560
    },{
      "dateTime" : "2017-03-08T01:30:00.000",
      "level" : "restless",
      "seconds" : 360
    },{
      "dateTime" : "2017-03-08T01:36:00.000",
      "level" : "asleep",
      "seconds" : 1320
    },{
      "dateTime" : "2017-03-08T01:58:00.000",
      "level" : "restless",
      "seconds" : 60
    },{
      "dateTime" : "2017-03-08T01:59:00.000",
      "level" : "asleep",
      "seconds" : 6900
    },{
      "dateTime" : "2017-03-08T03:54:00.000",
      "level" : "restless",
      "seconds" : 60
    },{
      "dateTime" : "2017-03-08T03:55:00.000",
      "level" : "asleep",
      "seconds" : 360
    },{
      "dateTime" : "2017-03-08T04:01:00.000",
      "level" : "restless",
      "seconds" : 120
    },{
      "dateTime" : "2017-03-08T04:03:00.000",
      "level" : "asleep",
      "seconds" : 120
    },{
      "dateTime" : "2017-03-08T04:05:00.000",
      "level" : "restless",
      "seconds" : 60
    },{
      "dateTime" : "2017-03-08T04:06:00.000",
      "level" : "asleep",
      "seconds" : 1620
    },{
      "dateTime" : "2017-03-08T04:33:00.000",
      "level" : "restless",
      "seconds" : 60
    },{
      "dateTime" : "2017-03-08T04:34:00.000",
      "level" : "asleep",
      "seconds" : 7680
    },{
      "dateTime" : "2017-03-08T06:42:00.000",
      "level" : "restless",
      "seconds" : 60
    },{
      "dateTime" : "2017-03-08T06:43:00.000",
      "level" : "asleep",
      "seconds" : 120
    },{
      "dateTime" : "2017-03-08T06:45:00.000",
      "level" : "restless",
      "seconds" : 60
    },{
      "dateTime" : "2017-03-08T06:46:00.000",
      "level" : "asleep",
      "seconds" : 840
    },{
      "dateTime" : "2017-03-08T07:00:00.000",
      "level" : "restless",
      "seconds" : 60
    },{
      "dateTime" : "2017-03-08T07:01:00.000",
      "level" : "asleep",
      "seconds" : 120
    },{
      "dateTime" : "2017-03-08T07:03:00.000",
      "level" : "restless",
      "seconds" : 60
    },{
      "dateTime" : "2017-03-08T07:04:00.000",
      "level" : "asleep",
      "seconds" : 420
    }]
  },
  "mainSleep" : true
},{
  "logId" : 13989142740,
  "dateOfSleep" : "2017-03-07",
  "startTime" : "2017-03-07T04:46:30.000",
  "endTime" : "2017-03-07T07:22:30.000",
  "duration" : 9360000,
  "minutesToFallAsleep" : 0,
  "minutesAsleep" : 150,
  "minutesAwake" : 5,
  "minutesAfterWakeup" : 1,
  "timeInBed" : 156,
  "efficiency" : 97,
  "type" : "classic",
  "infoCode" : 0,
  "logType" : "auto_detected",
  "levels" : {
    "summary" : {
      "restless" : {
        "count" : 2,
        "minutes" : 2
      },
      "awake" : {
        "count" : 1,
        "minutes" : 4
      },
      "asleep" : {
        "count" : 0,
        "minutes" : 150
      }
    },
    "data" : [{
      "dateTime" : "2017-03-07T04:46:30.000",
      "level" : "restless",
      "seconds" : 60
    },{
      "dateTime" : "2017-03-07T04:47:30.000",
      "level" : "awake",
      "seconds" : 240
    },{
      "dateTime" : "2017-03-07T04:51:30.000",
      "level" : "asleep",
      "seconds" : 9000
    },{
      "dateTime" : "2017-03-07T07:21:30.000",
      "level" : "restless",
      "seconds" : 60
    }]
  },
  "mainSleep" : true
},{
  "logId" : 13979165778,
  "dateOfSleep" : "2017-03-06",
  "startTime" : "2017-03-05T22:41:00.000",
  "endTime" : "2017-03-06T07:15:00.000",
  "duration" : 30840000,
  "minutesToFallAsleep" : 0,
  "minutesAsleep" : 497,
  "minutesAwake" : 17,
  "minutesAfterWakeup" : 0,
  "timeInBed" : 514,
  "efficiency" : 97,
  "type" : "classic",
  "infoCode" : 0,
  "logType" : "auto_detected",
  "levels" : {
    "summary" : {
      "restless" : {
        "count" : 8,
        "minutes" : 15
      },
      "awake" : {
        "count" : 1,
        "minutes" : 2
      },
      "asleep" : {
        "count" : 0,
        "minutes" : 497
      }
    },
    "data" : [{
      "dateTime" : "2017-03-05T22:41:00.000",
      "level" : "awake",
      "seconds" : 120
    },{
      "dateTime" : "2017-03-05T22:43:00.000",
      "level" : "restless",
      "seconds" : 360
    },{
      "dateTime" : "2017-03-05T22:49:00.000",
      "level" : "asleep",
      "seconds" : 240
    },{
      "dateTime" : "2017-03-05T22:53:00.000",
      "level" : "restless",
      "seconds" : 60
    },{
      "dateTime" : "2017-03-05T22:54:00.000",
      "level" : "asleep",
      "seconds" : 6060
    },{
      "dateTime" : "2017-03-06T00:35:00.000",
      "level" : "restless",
      "seconds" : 60
    },{
      "dateTime" : "2017-03-06T00:36:00.000",
      "level" : "asleep",
      "seconds" : 2640
    },{
      "dateTime" : "2017-03-06T01:20:00.000",
      "level" : "restless",
      "seconds" : 60
    },{
      "dateTime" : "2017-03-06T01:21:00.000",
      "level" : "asleep",
      "seconds" : 2220
    },{
      "dateTime" : "2017-03-06T01:58:00.000",
      "level" : "restless",
      "seconds" : 60
    },{
      "dateTime" : "2017-03-06T01:59:00.000",
      "level" : "asleep",
      "seconds" : 2220
    },{
      "dateTime" : "2017-03-06T02:36:00.000",
      "level" : "restless",
      "seconds" : 120
    },{
      "dateTime" : "2017-03-06T02:38:00.000",
      "level" : "asleep",
      "seconds" : 60
    },{
      "dateTime" : "2017-03-06T02:39:00.000",
      "level" : "restless",
      "seconds" : 120
    },{
      "dateTime" : "2017-03-06T02:41:00.000",
      "level" : "asleep",
      "seconds" : 900
    },{
      "dateTime" : "2017-03-06T02:56:00.000",
      "level" : "restless",
      "seconds" : 60
    },{
      "dateTime" : "2017-03-06T02:57:00.000",
      "level" : "asleep",
      "seconds" : 15480
    }]
  },
  "mainSleep" : true
},{
  "logId" : 13971793965,
  "dateOfSleep" : "2017-03-04",
  "startTime" : "2017-03-04T00:20:00.000",
  "endTime" : "2017-03-04T07:51:00.000",
  "duration" : 27060000,
  "minutesToFallAsleep" : 0,
  "minutesAsleep" : 445,
  "minutesAwake" : 6,
  "minutesAfterWakeup" : 0,
  "timeInBed" : 451,
  "efficiency" : 99,
  "type" : "classic",
  "infoCode" : 0,
  "logType" : "auto_detected",
  "levels" : {
    "summary" : {
      "restless" : {
        "count" : 4,
        "minutes" : 5
      },
      "awake" : {
        "count" : 1,
        "minutes" : 1
      },
      "asleep" : {
        "count" : 0,
        "minutes" : 445
      }
    },
    "data" : [{
      "dateTime" : "2017-03-04T00:20:00.000",
      "level" : "asleep",
      "seconds" : 3840
    },{
      "dateTime" : "2017-03-04T01:24:00.000",
      "level" : "restless",
      "seconds" : 60
    },{
      "dateTime" : "2017-03-04T01:25:00.000",
      "level" : "asleep",
      "seconds" : 60
    },{
      "dateTime" : "2017-03-04T01:26:00.000",
      "level" : "restless",
      "seconds" : 120
    },{
      "dateTime" : "2017-03-04T01:28:00.000",
      "level" : "awake",
      "seconds" : 60
    },{
      "dateTime" : "2017-03-04T01:29:00.000",
      "level" : "restless",
      "seconds" : 60
    },{
      "dateTime" : "2017-03-04T01:30:00.000",
      "level" : "asleep",
      "seconds" : 3660
    },{
      "dateTime" : "2017-03-04T02:31:00.000",
      "level" : "restless",
      "seconds" : 60
    },{
      "dateTime" : "2017-03-04T02:32:00.000",
      "level" : "asleep",
      "seconds" : 19140
    }]
  },
  "mainSleep" : true
},{
  "logId" : 13971793964,
  "dateOfSleep" : "2017-03-03",
  "startTime" : "2017-03-03T00:29:00.000",
  "endTime" : "2017-03-03T06:44:30.000",
  "duration" : 22500000,
  "minutesToFallAsleep" : 0,
  "minutesAsleep" : 365,
  "minutesAwake" : 10,
  "minutesAfterWakeup" : 0,
  "timeInBed" : 375,
  "efficiency" : 97,
  "type" : "classic",
  "infoCode" : 0,
  "logType" : "auto_detected",
  "levels" : {
    "summary" : {
      "restless" : {
        "count" : 7,
        "minutes" : 10
      },
      "awake" : {
        "count" : 0,
        "minutes" : 0
      },
      "asleep" : {
        "count" : 0,
        "minutes" : 365
      }
    },
    "data" : [{
      "dateTime" : "2017-03-03T00:29:00.000",
      "level" : "asleep",
      "seconds" : 420
    },{
      "dateTime" : "2017-03-03T00:36:00.000",
      "level" : "restless",
      "seconds" : 120
    },{
      "dateTime" : "2017-03-03T00:38:00.000",
      "level" : "asleep",
      "seconds" : 60
    },{
      "dateTime" : "2017-03-03T00:39:00.000",
      "level" : "restless",
      "seconds" : 180
    },{
      "dateTime" : "2017-03-03T00:42:00.000",
      "level" : "asleep",
      "seconds" : 6120
    },{
      "dateTime" : "2017-03-03T02:24:00.000",
      "level" : "restless",
      "seconds" : 60
    },{
      "dateTime" : "2017-03-03T02:25:00.000",
      "level" : "asleep",
      "seconds" : 1200
    },{
      "dateTime" : "2017-03-03T02:45:00.000",
      "level" : "restless",
      "seconds" : 60
    },{
      "dateTime" : "2017-03-03T02:46:00.000",
      "level" : "asleep",
      "seconds" : 11520
    },{
      "dateTime" : "2017-03-03T05:58:00.000",
      "level" : "restless",
      "seconds" : 60
    },{
      "dateTime" : "2017-03-03T05:59:00.000",
      "level" : "asleep",
      "seconds" : 1140
    },{
      "dateTime" : "2017-03-03T06:18:00.000",
      "level" : "restless",
      "seconds" : 60
    },{
      "dateTime" : "2017-03-03T06:19:00.000",
      "level" : "asleep",
      "seconds" : 180
    },{
      "dateTime" : "2017-03-03T06:22:00.000",
      "level" : "restless",
      "seconds" : 60
    },{
      "dateTime" : "2017-03-03T06:23:00.000",
      "level" : "asleep",
      "seconds" : 1260
    }]
  },
  "mainSleep" : true
},{
  "logId" : 13940301554,
  "dateOfSleep" : "2017-03-02",
  "startTime" : "2017-03-02T01:34:30.000",
  "endTime" : "2017-03-02T08:09:30.000",
  "duration" : 23700000,
  "minutesToFallAsleep" : 0,
  "minutesAsleep" : 369,
  "minutesAwake" : 26,
  "minutesAfterWakeup" : 0,
  "timeInBed" : 395,
  "efficiency" : 93,
  "type" : "classic",
  "infoCode" : 0,
  "logType" : "auto_detected",
  "levels" : {
    "summary" : {
      "restless" : {
        "count" : 9,
        "minutes" : 19
      },
      "awake" : {
        "count" : 2,
        "minutes" : 7
      },
      "asleep" : {
        "count" : 0,
        "minutes" : 369
      }
    },
    "data" : [{
      "dateTime" : "2017-03-02T01:34:30.000",
      "level" : "asleep",
      "seconds" : 720
    },{
      "dateTime" : "2017-03-02T01:46:30.000",
      "level" : "restless",
      "seconds" : 360
    },{
      "dateTime" : "2017-03-02T01:52:30.000",
      "level" : "awake",
      "seconds" : 120
    },{
      "dateTime" : "2017-03-02T01:54:30.000",
      "level" : "restless",
      "seconds" : 60
    },{
      "dateTime" : "2017-03-02T01:55:30.000",
      "level" : "asleep",
      "seconds" : 6600
    },{
      "dateTime" : "2017-03-02T03:45:30.000",
      "level" : "restless",
      "seconds" : 180
    },{
      "dateTime" : "2017-03-02T03:48:30.000",
      "level" : "asleep",
      "seconds" : 60
    },{
      "dateTime" : "2017-03-02T03:49:30.000",
      "level" : "restless",
      "seconds" : 60
    },{
      "dateTime" : "2017-03-02T03:50:30.000",
      "level" : "asleep",
      "seconds" : 6900
    },{
      "dateTime" : "2017-03-02T05:45:30.000",
      "level" : "restless",
      "seconds" : 60
    },{
      "dateTime" : "2017-03-02T05:46:30.000",
      "level" : "asleep",
      "seconds" : 4920
    },{
      "dateTime" : "2017-03-02T07:08:30.000",
      "level" : "restless",
      "seconds" : 180
    },{
      "dateTime" : "2017-03-02T07:11:30.000",
      "level" : "awake",
      "seconds" : 300
    },{
      "dateTime" : "2017-03-02T07:16:30.000",
      "level" : "restless",
      "seconds" : 60
    },{
      "dateTime" : "2017-03-02T07:17:30.000",
      "level" : "asleep",
      "seconds" : 2400
    },{
      "dateTime" : "2017-03-02T07:57:30.000",
      "level" : "restless",
      "seconds" : 120
    },{
      "dateTime" : "2017-03-02T07:59:30.000",
      "level" : "asleep",
      "seconds" : 120
    },{
      "dateTime" : "2017-03-02T08:01:30.000",
      "level" : "restless",
      "seconds" : 60
    },{
      "dateTime" : "2017-03-02T08:02:30.000",
      "level" : "asleep",
      "seconds" : 420
    }]
  },
  "mainSleep" : true
},{
  "logId" : 13933026782,
  "dateOfSleep" : "2017-03-01",
  "startTime" : "2017-02-28T23:19:30.000",
  "endTime" : "2017-03-01T07:17:00.000",
  "duration" : 28620000,
  "minutesToFallAsleep" : 0,
  "minutesAsleep" : 449,
  "minutesAwake" : 28,
  "minutesAfterWakeup" : 0,
  "timeInBed" : 477,
  "efficiency" : 94,
  "type" : "classic",
  "infoCode" : 0,
  "logType" : "auto_detected",
  "levels" : {
    "summary" : {
      "restless" : {
        "count" : 16,
        "minutes" : 27
      },
      "awake" : {
        "count" : 1,
        "minutes" : 1
      },
      "asleep" : {
        "count" : 0,
        "minutes" : 449
      }
    },
    "data" : [{
      "dateTime" : "2017-02-28T23:19:30.000",
      "level" : "asleep",
      "seconds" : 840
    },{
      "dateTime" : "2017-02-28T23:33:30.000",
      "level" : "restless",
      "seconds" : 180
    },{
      "dateTime" : "2017-02-28T23:36:30.000",
      "level" : "asleep",
      "seconds" : 3360
    },{
      "dateTime" : "2017-03-01T00:32:30.000",
      "level" : "restless",
      "seconds" : 60
    },{
      "dateTime" : "2017-03-01T00:33:30.000",
      "level" : "asleep",
      "seconds" : 2580
    },{
      "dateTime" : "2017-03-01T01:16:30.000",
      "level" : "restless",
      "seconds" : 120
    },{
      "dateTime" : "2017-03-01T01:18:30.000",
      "level" : "asleep",
      "seconds" : 6840
    },{
      "dateTime" : "2017-03-01T03:12:30.000",
      "level" : "restless",
      "seconds" : 240
    },{
      "dateTime" : "2017-03-01T03:16:30.000",
      "level" : "asleep",
      "seconds" : 60
    },{
      "dateTime" : "2017-03-01T03:17:30.000",
      "level" : "restless",
      "seconds" : 60
    },{
      "dateTime" : "2017-03-01T03:18:30.000",
      "level" : "asleep",
      "seconds" : 60
    },{
      "dateTime" : "2017-03-01T03:19:30.000",
      "level" : "restless",
      "seconds" : 60
    },{
      "dateTime" : "2017-03-01T03:20:30.000",
      "level" : "asleep",
      "seconds" : 2340
    },{
      "dateTime" : "2017-03-01T03:59:30.000",
      "level" : "restless",
      "seconds" : 120
    },{
      "dateTime" : "2017-03-01T04:01:30.000",
      "level" : "asleep",
      "seconds" : 120
    },{
      "dateTime" : "2017-03-01T04:03:30.000",
      "level" : "restless",
      "seconds" : 60
    },{
      "dateTime" : "2017-03-01T04:04:30.000",
      "level" : "asleep",
      "seconds" : 4860
    },{
      "dateTime" : "2017-03-01T05:25:30.000",
      "level" : "restless",
      "seconds" : 60
    },{
      "dateTime" : "2017-03-01T05:26:30.000",
      "level" : "asleep",
      "seconds" : 2940
    },{
      "dateTime" : "2017-03-01T06:15:30.000",
      "level" : "restless",
      "seconds" : 60
    },{
      "dateTime" : "2017-03-01T06:16:30.000",
      "level" : "asleep",
      "seconds" : 960
    },{
      "dateTime" : "2017-03-01T06:32:30.000",
      "level" : "restless",
      "seconds" : 180
    },{
      "dateTime" : "2017-03-01T06:35:30.000",
      "level" : "asleep",
      "seconds" : 60
    },{
      "dateTime" : "2017-03-01T06:36:30.000",
      "level" : "restless",
      "seconds" : 60
    },{
      "dateTime" : "2017-03-01T06:37:30.000",
      "level" : "asleep",
      "seconds" : 780
    },{
      "dateTime" : "2017-03-01T06:50:30.000",
      "level" : "restless",
      "seconds" : 60
    },{
      "dateTime" : "2017-03-01T06:51:30.000",
      "level" : "asleep",
      "seconds" : 660
    },{
      "dateTime" : "2017-03-01T07:02:30.000",
      "level" : "restless",
      "seconds" : 120
    },{
      "dateTime" : "2017-03-01T07:04:30.000",
      "level" : "asleep",
      "seconds" : 60
    },{
      "dateTime" : "2017-03-01T07:05:30.000",
      "level" : "restless",
      "seconds" : 120
    },{
      "dateTime" : "2017-03-01T07:07:30.000",
      "level" : "awake",
      "seconds" : 60
    },{
      "dateTime" : "2017-03-01T07:08:30.000",
      "level" : "restless",
      "seconds" : 60
    },{
      "dateTime" : "2017-03-01T07:09:30.000",
      "level" : "asleep",
      "seconds" : 420
    }]
  },
  "mainSleep" : true
},{
  "logId" : 13933026781,
  "dateOfSleep" : "2017-02-28",
  "startTime" : "2017-02-28T02:45:00.000",
  "endTime" : "2017-02-28T09:21:30.000",
  "duration" : 23760000,
  "minutesToFallAsleep" : 0,
  "minutesAsleep" : 380,
  "minutesAwake" : 16,
  "minutesAfterWakeup" : 0,
  "timeInBed" : 396,
  "efficiency" : 96,
  "type" : "classic",
  "infoCode" : 0,
  "logType" : "auto_detected",
  "levels" : {
    "summary" : {
      "restless" : {
        "count" : 10,
        "minutes" : 16
      },
      "awake" : {
        "count" : 0,
        "minutes" : 0
      },
      "asleep" : {
        "count" : 0,
        "minutes" : 380
      }
    },
    "data" : [{
      "dateTime" : "2017-02-28T02:45:00.000",
      "level" : "asleep",
      "seconds" : 60
    },{
      "dateTime" : "2017-02-28T02:46:00.000",
      "level" : "restless",
      "seconds" : 60
    },{
      "dateTime" : "2017-02-28T02:47:00.000",
      "level" : "asleep",
      "seconds" : 120
    },{
      "dateTime" : "2017-02-28T02:49:00.000",
      "level" : "restless",
      "seconds" : 180
    },{
      "dateTime" : "2017-02-28T02:52:00.000",
      "level" : "asleep",
      "seconds" : 60
    },{
      "dateTime" : "2017-02-28T02:53:00.000",
      "level" : "restless",
      "seconds" : 180
    },{
      "dateTime" : "2017-02-28T02:56:00.000",
      "level" : "asleep",
      "seconds" : 60
    },{
      "dateTime" : "2017-02-28T02:57:00.000",
      "level" : "restless",
      "seconds" : 60
    },{
      "dateTime" : "2017-02-28T02:58:00.000",
      "level" : "asleep",
      "seconds" : 13260
    },{
      "dateTime" : "2017-02-28T06:39:00.000",
      "level" : "restless",
      "seconds" : 60
    },{
      "dateTime" : "2017-02-28T06:40:00.000",
      "level" : "asleep",
      "seconds" : 1440
    },{
      "dateTime" : "2017-02-28T07:04:00.000",
      "level" : "restless",
      "seconds" : 60
    },{
      "dateTime" : "2017-02-28T07:05:00.000",
      "level" : "asleep",
      "seconds" : 5220
    },{
      "dateTime" : "2017-02-28T08:32:00.000",
      "level" : "restless",
      "seconds" : 60
    },{
      "dateTime" : "2017-02-28T08:33:00.000",
      "level" : "asleep",
      "seconds" : 60
    },{
      "dateTime" : "2017-02-28T08:34:00.000",
      "level" : "restless",
      "seconds" : 180
    },{
      "dateTime" : "2017-02-28T08:37:00.000",
      "level" : "asleep",
      "seconds" : 120
    },{
      "dateTime" : "2017-02-28T08:39:00.000",
      "level" : "restless",
      "seconds" : 60
    },{
      "dateTime" : "2017-02-28T08:40:00.000",
      "level" : "asleep",
      "seconds" : 780
    },{
      "dateTime" : "2017-02-28T08:53:00.000",
      "level" : "restless",
      "seconds" : 60
    },{
      "dateTime" : "2017-02-28T08:54:00.000",
      "level" : "asleep",
      "seconds" : 1620
    }]
  },
  "mainSleep" : true
}]