[{
  "logId" : 910829165,
  "dateOfSleep" : "2015-05-08",
  "startTime" : "2015-05-08T00:05:00.000",
  "endTime" : "2015-05-08T08:09:00.000",
  "duration" : 29040000,
  "minutesToFallAsleep" : 0,
  "minutesAsleep" : 456,
  "minutesAwake" : 12,
  "minutesAfterWakeup" : 0,
  "timeInBed" : 484,
  "efficiency" : 97,
  "type" : "classic",
  "infoCode" : 0,
  "logType" : "auto_detected",
  "levels" : {
    "summary" : {
      "restless" : {
        "count" : 13,
        "minutes" : 22
      },
      "awake" : {
        "count" : 1,
        "minutes" : 1
      },
      "asleep" : {
        "count" : 0,
        "minutes" : 456
      }
    },
    "data" : [{
      "dateTime" : "2015-05-08T00:05:00.000",
      "level" : "asleep",
      "seconds" : 180
    },{
      "dateTime" : "2015-05-08T00:08:00.000",
      "level" : "restless",
      "seconds" : 120
    },{
      "dateTime" : "2015-05-08T00:10:00.000",
      "level" : "asleep",
      "seconds" : 60
    },{
      "dateTime" : "2015-05-08T00:11:00.000",
      "level" : "restless",
      "seconds" : 180
    },{
      "dateTime" : "2015-05-08T00:14:00.000",
      "level" : "asleep",
      "seconds" : 60
    },{
      "dateTime" : "2015-05-08T00:15:00.000",
      "level" : "restless",
      "seconds" : 360
    },{
      "dateTime" : "2015-05-08T00:21:00.000",
      "level" : "asleep",
      "seconds" : 4980
    },{
      "dateTime" : "2015-05-08T01:44:00.000",
      "level" : "restless",
      "seconds" : 60
    },{
      "dateTime" : "2015-05-08T01:45:00.000",
      "level" : "asleep",
      "seconds" : 60
    },{
      "dateTime" : "2015-05-08T01:46:00.000",
      "level" : "restless",
      "seconds" : 60
    },{
      "dateTime" : "2015-05-08T01:47:00.000",
      "level" : "asleep",
      "seconds" : 4860
    },{
      "dateTime" : "2015-05-08T03:08:00.000",
      "level" : "restless",
      "seconds" : 120
    },{
      "dateTime" : "2015-05-08T03:10:00.000",
      "level" : "awake",
      "seconds" : 60
    },{
      "dateTime" : "2015-05-08T03:11:00.000",
      "level" : "restless",
      "seconds" : 60
    },{
      "dateTime" : "2015-05-08T03:12:00.000",
      "level" : "asleep",
      "seconds" : 2220
    },{
      "dateTime" : "2015-05-08T03:49:00.000",
      "level" : "restless",
      "seconds" : 60
    },{
      "dateTime" : "2015-05-08T03:50:00.000",
      "level" : "asleep",
      "seconds" : 9180
    },{
      "dateTime" : "2015-05-08T06:23:00.000",
      "level" : "restless",
      "seconds" : 60
    },{
      "dateTime" : "2015-05-08T06:24:00.000",
      "level" : "asleep",
      "seconds" : 2880
    },{
      "dateTime" : "2015-05-08T07:12:00.000",
      "level" : "restless",
      "seconds" : 60
    },{
      "dateTime" : "2015-05-08T07:13:00.000",
      "level" : "asleep",
      "seconds" : 360
    },{
      "dateTime" : "2015-05-08T07:19:00.000",
      "level" : "restless",
      "seconds" : 60
    },{
      "dateTime" : "2015-05-08T07:20:00.000",
      "level" : "asleep",
      "seconds" : 2280
    },{
      "dateTime" : "2015-05-08T07:58:00.000",
      "level" : "restless",
      "seconds" : 60
    },{
      "dateTime" : "2015-05-08T07:59:00.000",
      "level" : "asleep",
      "seconds" : 60
    },{
      "dateTime" : "2015-05-08T08:00:00.000",
      "level" : "restless",
      "seconds" : 60
    },{
      "dateTime" : "2015-05-08T08:01:00.000",
      "level" : "asleep",
      "seconds" : 480
    }]
  },
  "mainSleep" : true
},{
  "logId" : 908072619,
  "dateOfSleep" : "2015-05-07",
  "startTime" : "2015-05-06T23:52:00.000",
  "endTime" : "2015-05-07T08:28:00.000",
  "duration" : 30960000,
  "minutesToFallAsleep" : 0,
  "minutesAsleep" : 509,
  "minutesAwake" : 3,
  "minutesAfterWakeup" : 0,
  "timeInBed" : 516,
  "efficiency" : 99,
  "type" : "classic",
  "infoCode" : 0,
  "logType" : "auto_detected",
  "levels" : {
    "summary" : {
      "restless" : {
        "count" : 5,
        "minutes" : 6
      },
      "awake" : {
        "count" : 1,
        "minutes" : 1
      },
      "asleep" : {
        "count" : 0,
        "minutes" : 509
      }
    },
    "data" : [{
      "dateTime" : "2015-05-06T23:52:00.000",
      "level" : "restless",
      "seconds" : 120
    },{
      "dateTime" : "2015-05-06T23:54:00.000",
      "level" : "awake",
      "seconds" : 60
    },{
      "dateTime" : "2015-05-06T23:55:00.000",
      "level" : "restless",
      "seconds" : 60
    },{
      "dateTime" : "2015-05-06T23:56:00.000",
      "level" : "asleep",
      "seconds" : 3240
    },{
      "dateTime" : "2015-05-07T00:50:00.000",
      "level" : "restless",
      "seconds" : 60
    },{
      "dateTime" : "2015-05-07T00:51:00.000",
      "level" : "asleep",
      "seconds" : 23340
    },{
      "dateTime" : "2015-05-07T07:20:00.000",
      "level" : "restless",
      "seconds" : 60
    },{
      "dateTime" : "2015-05-07T07:21:00.000",
      "level" : "asleep",
      "seconds" : 120
    },{
      "dateTime" : "2015-05-07T07:23:00.000",
      "level" : "restless",
      "seconds" : 60
    },{
      "dateTime" : "2015-05-07T07:24:00.000",
      "level" : "asleep",
      "seconds" : 3840
    }]
  },
  "mainSleep" : true
},{
  "logId" : 905071345,
  "dateOfSleep" : "2015-05-06",
  "startTime" : "2015-05-05T23:02:00.000",
  "endTime" : "2015-05-06T07:02:00.000",
  "duration" : 28800000,
  "minutesToFallAsleep" : 0,
  "minutesAsleep" : 427,
  "minutesAwake" : 15,
  "minutesAfterWakeup" : 0,
  "timeInBed" : 480,
  "efficiency" : 97,
  "type" : "classic",
  "infoCode" : 0,
  "logType" : "auto_detected",
  "levels" : {
    "summary" : {
      "restless" : {
        "count" : 12,
        "minutes" : 22
      },
      "awake" : {
        "count" : 2,
        "minutes" : 8
      },
      "asleep" : {
        "count" : 0,
        "minutes" : 427
      }
    },
    "data" : [{
      "dateTime" : "2015-05-05T23:02:00.000",
      "level" : "restless",
      "seconds" : 180
    },{
      "dateTime" : "2015-05-05T23:05:00.000",
      "level" : "asleep",
      "seconds" : 60
    },{
      "dateTime" : "2015-05-05T23:06:00.000",
      "level" : "restless",
      "seconds" : 60
    },{
      "dateTime" : "2015-05-05T23:07:00.000",
      "level" : "asleep",
      "seconds" : 660
    },{
      "dateTime" : "2015-05-05T23:18:00.000",
      "level" : "restless",
      "seconds" : 300
    },{
      "dateTime" : "2015-05-05T23:23:00.000",
      "level" : "awake",
      "seconds" : 60
    },{
      "dateTime" : "2015-05-05T23:24:00.000",
      "level" : "restless",
      "seconds" : 60
    },{
      "dateTime" : "2015-05-05T23:25:00.000",
      "level" : "asleep",
      "seconds" : 360
    },{
      "dateTime" : "2015-05-05T23:31:00.000",
      "level" : "restless",
      "seconds" : 240
    },{
      "dateTime" : "2015-05-05T23:35:00.000",
      "level" : "asleep",
      "seconds" : 8280
    },{
      "dateTime" : "2015-05-06T01:53:00.000",
      "level" : "restless",
      "seconds" : 120
    },{
      "dateTime" : "2015-05-06T01:55:00.000",
      "level" : "awake",
      "seconds" : 420
    },{
      "dateTime" : "2015-05-06T02:02:00.000",
      "level" : "restless",
      "seconds" : 60
    },{
      "dateTime" : "2015-05-06T02:03:00.000",
      "level" : "asleep",
      "seconds" : 60
    },{
      "dateTime" : "2015-05-06T02:04:00.000",
      "level" : "restless",
      "seconds" : 60
    },{
      "dateTime" : "2015-05-06T02:05:00.000",
      "level" : "asleep",
      "seconds" : 2640
    },{
      "dateTime" : "2015-05-06T02:49:00.000",
      "level" : "restless",
      "seconds" : 60
    },{
      "dateTime" : "2015-05-06T02:50:00.000",
      "level" : "asleep",
      "seconds" : 11160
    },{
      "dateTime" : "2015-05-06T05:56:00.000",
      "level" : "restless",
      "seconds" : 60
    },{
      "dateTime" : "2015-05-06T05:57:00.000",
      "level" : "asleep",
      "seconds" : 2880
    },{
      "dateTime" : "2015-05-06T06:45:00.000",
      "level" : "restless",
      "seconds" : 60
    },{
      "dateTime" : "2015-05-06T06:46:00.000",
      "level" : "asleep",
      "seconds" : 240
    },{
      "dateTime" : "2015-05-06T06:50:00.000",
      "level" : "restless",
      "seconds" : 60
    },{
      "dateTime" : "2015-05-06T06:51:00.000",
      "level" : "asleep",
      "seconds" : 660
    }]
  },
  "mainSleep" : true
},{
  "logId" : 902572620,
  "dateOfSleep" : "2015-05-05",
  "startTime" : "2015-05-04T22:29:00.000",
  "endTime" : "2015-05-05T09:43:30.000",
  "duration" : 40440000,
  "minutesToFallAsleep" : 0,
  "minutesAsleep" : 641,
  "minutesAwake" : 26,
  "minutesAfterWakeup" : 0,
  "timeInBed" : 674,
  "efficiency" : 96,
  "type" : "classic",
  "infoCode" : 0,
  "logType" : "auto_detected",
  "levels" : {
    "summary" : {
      "restless" : {
        "count" : 16,
        "minutes" : 29
      },
      "awake" : {
        "count" : 2,
        "minutes" : 7
      },
      "asleep" : {
        "count" : 0,
        "minutes" : 641
      }
    },
    "data" : [{
      "dateTime" : "2015-05-04T22:29:00.000",
      "level" : "awake",
      "seconds" : 360
    },{
      "dateTime" : "2015-05-04T22:35:00.000",
      "level" : "restless",
      "seconds" : 60
    },{
      "dateTime" : "2015-05-04T22:36:00.000",
      "level" : "asleep",
      "seconds" : 1500
    },{
      "dateTime" : "2015-05-04T23:01:00.000",
      "level" : "restless",
      "seconds" : 180
    },{
      "dateTime" : "2015-05-04T23:04:00.000",
      "level" : "awake",
      "seconds" : 60
    },{
      "dateTime" : "2015-05-04T23:05:00.000",
      "level" : "restless",
      "seconds" : 120
    },{
      "dateTime" : "2015-05-04T23:07:00.000",
      "level" : "asleep",
      "seconds" : 60
    },{
      "dateTime" : "2015-05-04T23:08:00.000",
      "level" : "restless",
      "seconds" : 60
    },{
      "dateTime" : "2015-05-04T23:09:00.000",
      "level" : "asleep",
      "seconds" : 2160
    },{
      "dateTime" : "2015-05-04T23:45:00.000",
      "level" : "restless",
      "seconds" : 60
    },{
      "dateTime" : "2015-05-04T23:46:00.000",
      "level" : "asleep",
      "seconds" : 60
    },{
      "dateTime" : "2015-05-04T23:47:00.000",
      "level" : "restless",
      "seconds" : 120
    },{
      "dateTime" : "2015-05-04T23:49:00.000",
      "level" : "asleep",
      "seconds" : 60
    },{
      "dateTime" : "2015-05-04T23:50:00.000",
      "level" : "restless",
      "seconds" : 240
    },{
      "dateTime" : "2015-05-04T23:54:00.000",
      "level" : "asleep",
      "seconds" : 2100
    },{
      "dateTime" : "2015-05-05T00:29:00.000",
      "level" : "restless",
      "seconds" : 60
    },{
      "dateTime" : "2015-05-05T00:30:00.000",
      "level" : "asleep",
      "seconds" : 10680
    },{
      "dateTime" : "2015-05-05T03:28:00.000",
      "level" : "restless",
      "seconds" : 60
    },{
      "dateTime" : "2015-05-05T03:29:00.000",
      "level" : "asleep",
      "seconds" : 4800
    },{
      "dateTime" : "2015-05-05T04:49:00.000",
      "level" : "restless",
      "seconds" : 60
    },{
      "dateTime" : "2015-05-05T04:50:00.000",
      "level" : "asleep",
      "seconds" : 5340
    },{
      "dateTime" : "2015-05-05T06:19:00.000",
      "level" : "restless",
      "seconds" : 60
    },{
      "dateTime" : "2015-05-05T06:20:00.000",
      "level" : "asleep",
      "seconds" : 2580
    },{
      "dateTime" : "2015-05-05T07:03:00.000",
      "level" : "restless",
      "seconds" : 60
    },{
      "dateTime" : "2015-05-05T07:04:00.000",
      "level" : "asleep",
      "seconds" : 3720
    },{
      "dateTime" : "2015-05-05T08:06:00.000",
      "level" : "restless",
      "seconds" : 300
    },{
      "dateTime" : "2015-05-05T08:11:00.000",
      "level" : "asleep",
      "seconds" : 2760
    },{
      "dateTime" : "2015-05-05T08:57:00.000",
      "level" : "restless",
      "seconds" : 60
    },{
      "dateTime" : "2015-05-05T08:58:00.000",
      "level" : "asleep",
      "seconds" : 240
    },{
      "dateTime" : "2015-05-05T09:02:00.000",
      "level" : "restless",
      "seconds" : 60
    },{
      "dateTime" : "2015-05-05T09:03:00.000",
      "level" : "asleep",
      "seconds" : 2220
    },{
      "dateTime" : "2015-05-05T09:40:00.000",
      "level" : "restless",
      "seconds" : 180
    }]
  },
  "mainSleep" : true
},{
  "logId" : 899507932,
  "dateOfSleep" : "2015-05-04",
  "startTime" : "2015-05-04T01:51:00.000",
  "endTime" : "2015-05-04T08:04:30.000",
  "duration" : 22380000,
  "minutesToFallAsleep" : 0,
  "minutesAsleep" : 318,
  "minutesAwake" : 25,
  "minutesAfterWakeup" : 2,
  "timeInBed" : 373,
  "efficiency" : 93,
  "type" : "classic",
  "infoCode" : 0,
  "logType" : "auto_detected",
  "levels" : {
    "summary" : {
      "restless" : {
        "count" : 8,
        "minutes" : 24
      },
      "awake" : {
        "count" : 3,
        "minutes" : 4
      },
      "asleep" : {
        "count" : 0,
        "minutes" : 318
      }
    },
    "data" : [{
      "dateTime" : "2015-05-04T01:51:00.000",
      "level" : "asleep",
      "seconds" : 780
    },{
      "dateTime" : "2015-05-04T02:04:00.000",
      "level" : "awake",
      "seconds" : 60
    },{
      "dateTime" : "2015-05-04T02:05:00.000",
      "level" : "asleep",
      "seconds" : 8520
    },{
      "dateTime" : "2015-05-04T04:27:00.000",
      "level" : "restless",
      "seconds" : 240
    },{
      "dateTime" : "2015-05-04T04:31:00.000",
      "level" : "asleep",
      "seconds" : 1500
    },{
      "dateTime" : "2015-05-04T04:56:00.000",
      "level" : "restless",
      "seconds" : 240
    },{
      "dateTime" : "2015-05-04T05:00:00.000",
      "level" : "asleep",
      "seconds" : 420
    },{
      "dateTime" : "2015-05-04T05:07:00.000",
      "level" : "restless",
      "seconds" : 360
    },{
      "dateTime" : "2015-05-04T05:13:00.000",
      "level" : "asleep",
      "seconds" : 1800
    },{
      "dateTime" : "2015-05-04T05:43:00.000",
      "level" : "restless",
      "seconds" : 120
    },{
      "dateTime" : "2015-05-04T05:45:00.000",
      "level" : "asleep",
      "seconds" : 1440
    },{
      "dateTime" : "2015-05-04T06:09:00.000",
      "level" : "restless",
      "seconds" : 120
    },{
      "dateTime" : "2015-05-04T06:11:00.000",
      "level" : "asleep",
      "seconds" : 600
    },{
      "dateTime" : "2015-05-04T06:21:00.000",
      "level" : "restless",
      "seconds" : 120
    },{
      "dateTime" : "2015-05-04T06:23:00.000",
      "level" : "asleep",
      "seconds" : 2280
    },{
      "dateTime" : "2015-05-04T07:01:00.000",
      "level" : "restless",
      "seconds" : 60
    },{
      "dateTime" : "2015-05-04T07:02:00.000",
      "level" : "asleep",
      "seconds" : 3180
    },{
      "dateTime" : "2015-05-04T07:55:00.000",
      "level" : "restless",
      "seconds" : 180
    },{
      "dateTime" : "2015-05-04T07:58:00.000",
      "level" : "awake",
      "seconds" : 60
    },{
      "dateTime" : "2015-05-04T07:59:00.000",
      "level" : "asleep",
      "seconds" : 180
    },{
      "dateTime" : "2015-05-04T08:02:00.000",
      "level" : "awake",
      "seconds" : 120
    }]
  },
  "mainSleep" : true
},{
  "logId" : 896961273,
  "dateOfSleep" : "2015-05-03",
  "startTime" : "2015-05-02T22:40:00.000",
  "endTime" : "2015-05-03T08:26:00.000",
  "duration" : 35160000,
  "minutesToFallAsleep" : 0,
  "minutesAsleep" : 563,
  "minutesAwake" : 3,
  "minutesAfterWakeup" : 0,
  "timeInBed" : 586,
  "efficiency" : 99,
  "type" : "classic",
  "infoCode" : 0,
  "logType" : "auto_detected",
  "levels" : {
    "summary" : {
      "restless" : {
        "count" : 4,
        "minutes" : 4
      },
      "awake" : {
        "count" : 1,
        "minutes" : 5
      },
      "asleep" : {
        "count" : 0,
        "minutes" : 563
      }
    },
    "data" : [{
      "dateTime" : "2015-05-02T22:40:00.000",
      "level" : "awake",
      "seconds" : 300
    },{
      "dateTime" : "2015-05-02T22:45:00.000",
      "level" : "restless",
      "seconds" : 60
    },{
      "dateTime" : "2015-05-02T22:46:00.000",
      "level" : "asleep",
      "seconds" : 5580
    },{
      "dateTime" : "2015-05-03T00:19:00.000",
      "level" : "restless",
      "seconds" : 60
    },{
      "dateTime" : "2015-05-03T00:20:00.000",
      "level" : "asleep",
      "seconds" : 16800
    },{
      "dateTime" : "2015-05-03T05:00:00.000",
      "level" : "restless",
      "seconds" : 60
    },{
      "dateTime" : "2015-05-03T05:01:00.000",
      "level" : "asleep",
      "seconds" : 5880
    },{
      "dateTime" : "2015-05-03T06:39:00.000",
      "level" : "restless",
      "seconds" : 60
    },{
      "dateTime" : "2015-05-03T06:40:00.000",
      "level" : "asleep",
      "seconds" : 6360
    }]
  },
  "mainSleep" : true
},{
  "logId" : 894490752,
  "dateOfSleep" : "2015-05-02",
  "startTime" : "2015-05-02T01:27:00.000",
  "endTime" : "2015-05-02T09:04:30.000",
  "duration" : 27420000,
  "minutesToFallAsleep" : 0,
  "minutesAsleep" : 428,
  "minutesAwake" : 6,
  "minutesAfterWakeup" : 0,
  "timeInBed" : 457,
  "efficiency" : 99,
  "type" : "classic",
  "infoCode" : 0,
  "logType" : "auto_detected",
  "levels" : {
    "summary" : {
      "restless" : {
        "count" : 1,
        "minutes" : 5
      },
      "awake" : {
        "count" : 4,
        "minutes" : 9
      },
      "asleep" : {
        "count" : 0,
        "minutes" : 428
      }
    },
    "data" : [{
      "dateTime" : "2015-05-02T01:27:00.000",
      "level" : "restless",
      "seconds" : 300
    },{
      "dateTime" : "2015-05-02T01:32:00.000",
      "level" : "asleep",
      "seconds" : 420
    },{
      "dateTime" : "2015-05-02T01:39:00.000",
      "level" : "awake",
      "seconds" : 180
    },{
      "dateTime" : "2015-05-02T01:42:00.000",
      "level" : "asleep",
      "seconds" : 1680
    },{
      "dateTime" : "2015-05-02T02:10:00.000",
      "level" : "awake",
      "seconds" : 120
    },{
      "dateTime" : "2015-05-02T02:12:00.000",
      "level" : "asleep",
      "seconds" : 20700
    },{
      "dateTime" : "2015-05-02T07:57:00.000",
      "level" : "awake",
      "seconds" : 180
    },{
      "dateTime" : "2015-05-02T08:00:00.000",
      "level" : "asleep",
      "seconds" : 600
    },{
      "dateTime" : "2015-05-02T08:10:00.000",
      "level" : "awake",
      "seconds" : 60
    },{
      "dateTime" : "2015-05-02T08:11:00.000",
      "level" : "asleep",
      "seconds" : 3180
    }]
  },
  "mainSleep" : true
},{
  "logId" : 891923988,
  "dateOfSleep" : "2015-05-01",
  "startTime" : "2015-04-30T22:58:00.000",
  "endTime" : "2015-05-01T08:18:30.000",
  "duration" : 33600000,
  "minutesToFallAsleep" : 0,
  "minutesAsleep" : 523,
  "minutesAwake" : 7,
  "minutesAfterWakeup" : 0,
  "timeInBed" : 560,
  "efficiency" : 99,
  "type" : "classic",
  "infoCode" : 0,
  "logType" : "auto_detected",
  "levels" : {
    "summary" : {
      "restless" : {
        "count" : 8,
        "minutes" : 22
      },
      "awake" : {
        "count" : 1,
        "minutes" : 5
      },
      "asleep" : {
        "count" : 0,
        "minutes" : 523
      }
    },
    "data" : [{
      "dateTime" : "2015-04-30T22:58:00.000",
      "level" : "restless",
      "seconds" : 660
    },{
      "dateTime" : "2015-04-30T23:09:00.000",
      "level" : "asleep",
      "seconds" : 600
    },{
      "dateTime" : "2015-04-30T23:19:00.000",
      "level" : "restless",
      "seconds" : 180
    },{
      "dateTime" : "2015-04-30T23:22:00.000",
      "level" : "awake",
      "seconds" : 300
    },{
      "dateTime" : "2015-04-30T23:27:00.000",
      "level" : "restless",
      "seconds" : 60
    },{
      "dateTime" : "2015-04-30T23:28:00.000",
      "level" : "asleep",
      "seconds" : 6000
    },{
      "dateTime" : "2015-05-01T01:08:00.000",
      "level" : "restless",
      "seconds" : 60
    },{
      "dateTime" : "2015-05-01T01:09:00.000",
      "level" : "asleep",
      "seconds" : 120
    },{
      "dateTime" : "2015-05-01T01:11:00.000",
      "level" : "restless",
      "seconds" : 60
    },{
      "dateTime" : "2015-05-01T01:12:00.000",
      "level" : "asleep",
      "seconds" : 21000
    },{
      "dateTime" : "2015-05-01T07:02:00.000",
      "level" : "restless",
      "seconds" : 180
    },{
      "dateTime" : "2015-05-01T07:05:00.000",
      "level" : "asleep",
      "seconds" : 660
    },{
      "dateTime" : "2015-05-01T07:16:00.000",
      "level" : "restless",
      "seconds" : 60
    },{
      "dateTime" : "2015-05-01T07:17:00.000",
      "level" : "asleep",
      "seconds" : 2160
    },{
      "dateTime" : "2015-05-01T07:53:00.000",
      "level" : "restless",
      "seconds" : 60
    },{
      "dateTime" : "2015-05-01T07:54:00.000",
      "level" : "asleep",
      "seconds" : 1440
    }]
  },
  "mainSleep" : true
},{
  "logId" : 889219233,
  "dateOfSleep" : "2015-04-30",
  "startTime" : "2015-04-30T00:50:00.000",
  "endTime" : "2015-04-30T08:32:30.000",
  "duration" : 27720000,
  "minutesToFallAsleep" : 0,
  "minutesAsleep" : 433,
  "minutesAwake" : 14,
  "minutesAfterWakeup" : 0,
  "timeInBed" : 462,
  "efficiency" : 97,
  "type" : "classic",
  "infoCode" : 0,
  "logType" : "auto_detected",
  "levels" : {
    "summary" : {
      "restless" : {
        "count" : 12,
        "minutes" : 22
      },
      "awake" : {
        "count" : 2,
        "minutes" : 2
      },
      "asleep" : {
        "count" : 0,
        "minutes" : 433
      }
    },
    "data" : [{
      "dateTime" : "2015-04-30T00:50:00.000",
      "level" : "asleep",
      "seconds" : 60
    },{
      "dateTime" : "2015-04-30T00:51:00.000",
      "level" : "restless",
      "seconds" : 180
    },{
      "dateTime" : "2015-04-30T00:54:00.000",
      "level" : "asleep",
      "seconds" : 60
    },{
      "dateTime" : "2015-04-30T00:55:00.000",
      "level" : "restless",
      "seconds" : 60
    },{
      "dateTime" : "2015-04-30T00:56:00.000",
      "level" : "asleep",
      "seconds" : 180
    },{
      "dateTime" : "2015-04-30T00:59:00.000",
      "level" : "restless",
      "seconds" : 240
    },{
      "dateTime" : "2015-04-30T01:03:00.000",
      "level" : "awake",
      "seconds" : 60
    },{
      "dateTime" : "2015-04-30T01:04:00.000",
      "level" : "restless",
      "seconds" : 60
    },{
      "dateTime" : "2015-04-30T01:05:00.000",
      "level" : "asleep",
      "seconds" : 6120
    },{
      "dateTime" : "2015-04-30T02:47:00.000",
      "level" : "restless",
      "seconds" : 60
    },{
      "dateTime" : "2015-04-30T02:48:00.000",
      "level" : "asleep",
      "seconds" : 5640
    },{
      "dateTime" : "2015-04-30T04:22:00.000",
      "level" : "restless",
      "seconds" : 60
    },{
      "dateTime" : "2015-04-30T04:23:00.000",
      "level" : "asleep",
      "seconds" : 7680
    },{
      "dateTime" : "2015-04-30T06:31:00.000",
      "level" : "restless",
      "seconds" : 60
    },{
      "dateTime" : "2015-04-30T06:32:00.000",
      "level" : "asleep",
      "seconds" : 1860
    },{
      "dateTime" : "2015-04-30T07:03:00.000",
      "level" : "restless",
      "seconds" : 120
    },{
      "dateTime" : "2015-04-30T07:05:00.000",
      "level" : "asleep",
      "seconds" : 420
    },{
      "dateTime" : "2015-04-30T07:12:00.000",
      "level" : "restless",
      "seconds" : 60
    },{
      "dateTime" : "2015-04-30T07:13:00.000",
      "level" : "asleep",
      "seconds" : 3360
    },{
      "dateTime" : "2015-04-30T08:09:00.000",
      "level" : "restless",
      "seconds" : 240
    },{
      "dateTime" : "2015-04-30T08:13:00.000",
      "level" : "awake",
      "seconds" : 60
    },{
      "dateTime" : "2015-04-30T08:14:00.000",
      "level" : "restless",
      "seconds" : 120
    },{
      "dateTime" : "2015-04-30T08:16:00.000",
      "level" : "asleep",
      "seconds" : 600
    },{
      "dateTime" : "2015-04-30T08:26:00.000",
      "level" : "restless",
      "seconds" : 60
    },{
      "dateTime" : "2015-04-30T08:27:00.000",
      "level" : "asleep",
      "seconds" : 300
    }]
  },
  "mainSleep" : true
},{
  "logId" : 886381215,
  "dateOfSleep" : "2015-04-29",
  "startTime" : "2015-04-29T00:49:00.000",
  "endTime" : "2015-04-29T06:57:30.000",
  "duration" : 22080000,
  "minutesToFallAsleep" : 0,
  "minutesAsleep" : 360,
  "minutesAwake" : 2,
  "minutesAfterWakeup" : 0,
  "timeInBed" : 368,
  "efficiency" : 99,
  "type" : "classic",
  "infoCode" : 0,
  "logType" : "auto_detected",
  "levels" : {
    "summary" : {
      "restless" : {
        "count" : 4,
        "minutes" : 7
      },
      "awake" : {
        "count" : 0,
        "minutes" : 0
      },
      "asleep" : {
        "count" : 0,
        "minutes" : 360
      }
    },
    "data" : [{
      "dateTime" : "2015-04-29T00:49:00.000",
      "level" : "restless",
      "seconds" : 240
    },{
      "dateTime" : "2015-04-29T00:53:00.000",
      "level" : "asleep",
      "seconds" : 60
    },{
      "dateTime" : "2015-04-29T00:54:00.000",
      "level" : "restless",
      "seconds" : 60
    },{
      "dateTime" : "2015-04-29T00:55:00.000",
      "level" : "asleep",
      "seconds" : 600
    },{
      "dateTime" : "2015-04-29T01:05:00.000",
      "level" : "restless",
      "seconds" : 60
    },{
      "dateTime" : "2015-04-29T01:06:00.000",
      "level" : "asleep",
      "seconds" : 20820
    },{
      "dateTime" : "2015-04-29T06:53:00.000",
      "level" : "restless",
      "seconds" : 60
    },{
      "dateTime" : "2015-04-29T06:54:00.000",
      "level" : "asleep",
      "seconds" : 180
    }]
  },
  "mainSleep" : true
},{
  "logId" : 883623306,
  "dateOfSleep" : "2015-04-28",
  "startTime" : "2015-04-27T23:27:00.000",
  "endTime" : "2015-04-28T06:58:30.000",
  "duration" : 27060000,
  "minutesToFallAsleep" : 0,
  "minutesAsleep" : 431,
  "minutesAwake" : 2,
  "minutesAfterWakeup" : 0,
  "timeInBed" : 451,
  "efficiency" : 100,
  "type" : "classic",
  "infoCode" : 0,
  "logType" : "auto_detected",
  "levels" : {
    "summary" : {
      "restless" : {
        "count" : 5,
        "minutes" : 14
      },
      "awake" : {
        "count" : 2,
        "minutes" : 4
      },
      "asleep" : {
        "count" : 0,
        "minutes" : 431
      }
    },
    "data" : [{
      "dateTime" : "2015-04-27T23:27:00.000",
      "level" : "restless",
      "seconds" : 120
    },{
      "dateTime" : "2015-04-27T23:29:00.000",
      "level" : "asleep",
      "seconds" : 120
    },{
      "dateTime" : "2015-04-27T23:31:00.000",
      "level" : "restless",
      "seconds" : 300
    },{
      "dateTime" : "2015-04-27T23:36:00.000",
      "level" : "awake",
      "seconds" : 120
    },{
      "dateTime" : "2015-04-27T23:38:00.000",
      "level" : "restless",
      "seconds" : 240
    },{
      "dateTime" : "2015-04-27T23:42:00.000",
      "level" : "awake",
      "seconds" : 120
    },{
      "dateTime" : "2015-04-27T23:44:00.000",
      "level" : "restless",
      "seconds" : 60
    },{
      "dateTime" : "2015-04-27T23:45:00.000",
      "level" : "asleep",
      "seconds" : 25800
    },{
      "dateTime" : "2015-04-28T06:55:00.000",
      "level" : "restless",
      "seconds" : 120
    },{
      "dateTime" : "2015-04-28T06:57:00.000",
      "level" : "asleep",
      "seconds" : 60
    }]
  },
  "mainSleep" : true
},{
  "logId" : 880857321,
  "dateOfSleep" : "2015-04-27",
  "startTime" : "2015-04-26T23:59:00.000",
  "endTime" : "2015-04-27T06:53:30.000",
  "duration" : 24840000,
  "minutesToFallAsleep" : 0,
  "minutesAsleep" : 401,
  "minutesAwake" : 2,
  "minutesAfterWakeup" : 1,
  "timeInBed" : 414,
  "efficiency" : 100,
  "type" : "classic",
  "infoCode" : 0,
  "logType" : "auto_detected",
  "levels" : {
    "summary" : {
      "restless" : {
        "count" : 6,
        "minutes" : 8
      },
      "awake" : {
        "count" : 1,
        "minutes" : 3
      },
      "asleep" : {
        "count" : 0,
        "minutes" : 401
      }
    },
    "data" : [{
      "dateTime" : "2015-04-26T23:59:00.000",
      "level" : "restless",
      "seconds" : 60
    },{
      "dateTime" : "2015-04-27T00:00:00.000",
      "level" : "awake",
      "seconds" : 180
    },{
      "dateTime" : "2015-04-27T00:03:00.000",
      "level" : "restless",
      "seconds" : 180
    },{
      "dateTime" : "2015-04-27T00:06:00.000",
      "level" : "asleep",
      "seconds" : 120
    },{
      "dateTime" : "2015-04-27T00:08:00.000",
      "level" : "restless",
      "seconds" : 60
    },{
      "dateTime" : "2015-04-27T00:09:00.000",
      "level" : "asleep",
      "seconds" : 1140
    },{
      "dateTime" : "2015-04-27T00:28:00.000",
      "level" : "restless",
      "seconds" : 60
    },{
      "dateTime" : "2015-04-27T00:29:00.000",
      "level" : "asleep",
      "seconds" : 2220
    },{
      "dateTime" : "2015-04-27T01:06:00.000",
      "level" : "restless",
      "seconds" : 60
    },{
      "dateTime" : "2015-04-27T01:07:00.000",
      "level" : "asleep",
      "seconds" : 20700
    },{
      "dateTime" : "2015-04-27T06:52:00.000",
      "level" : "restless",
      "seconds" : 60
    }]
  },
  "mainSleep" : true
},{
  "logId" : 878439598,
  "dateOfSleep" : "2015-04-26",
  "startTime" : "2015-04-25T23:25:00.000",
  "endTime" : "2015-04-26T09:10:30.000",
  "duration" : 35100000,
  "minutesToFallAsleep" : 0,
  "minutesAsleep" : 573,
  "minutesAwake" : 9,
  "minutesAfterWakeup" : 0,
  "timeInBed" : 585,
  "efficiency" : 98,
  "type" : "classic",
  "infoCode" : 0,
  "logType" : "auto_detected",
  "levels" : {
    "summary" : {
      "restless" : {
        "count" : 6,
        "minutes" : 8
      },
      "awake" : {
        "count" : 2,
        "minutes" : 3
      },
      "asleep" : {
        "count" : 0,
        "minutes" : 573
      }
    },
    "data" : [{
      "dateTime" : "2015-04-25T23:25:00.000",
      "level" : "awake",
      "seconds" : 60
    },{
      "dateTime" : "2015-04-25T23:26:00.000",
      "level" : "asleep",
      "seconds" : 60
    },{
      "dateTime" : "2015-04-25T23:27:00.000",
      "level" : "restless",
      "seconds" : 60
    },{
      "dateTime" : "2015-04-25T23:28:00.000",
      "level" : "asleep",
      "seconds" : 360
    },{
      "dateTime" : "2015-04-25T23:34:00.000",
      "level" : "restless",
      "seconds" : 180
    },{
      "dateTime" : "2015-04-25T23:37:00.000",
      "level" : "awake",
      "seconds" : 120
    },{
      "dateTime" : "2015-04-25T23:39:00.000",
      "level" : "restless",
      "seconds" : 60
    },{
      "dateTime" : "2015-04-25T23:40:00.000",
      "level" : "asleep",
      "seconds" : 3300
    },{
      "dateTime" : "2015-04-26T00:35:00.000",
      "level" : "restless",
      "seconds" : 60
    },{
      "dateTime" : "2015-04-26T00:36:00.000",
      "level" : "asleep",
      "seconds" : 14460
    },{
      "dateTime" : "2015-04-26T04:37:00.000",
      "level" : "restless",
      "seconds" : 60
    },{
      "dateTime" : "2015-04-26T04:38:00.000",
      "level" : "asleep",
      "seconds" : 7440
    },{
      "dateTime" : "2015-04-26T06:42:00.000",
      "level" : "restless",
      "seconds" : 60
    },{
      "dateTime" : "2015-04-26T06:43:00.000",
      "level" : "asleep",
      "seconds" : 8820
    }]
  },
  "mainSleep" : true
},{
  "logId" : 875756653,
  "dateOfSleep" : "2015-04-25",
  "startTime" : "2015-04-25T01:30:00.000",
  "endTime" : "2015-04-25T07:45:30.000",
  "duration" : 22500000,
  "minutesToFallAsleep" : 0,
  "minutesAsleep" : 359,
  "minutesAwake" : 5,
  "minutesAfterWakeup" : 1,
  "timeInBed" : 375,
  "efficiency" : 99,
  "type" : "classic",
  "infoCode" : 0,
  "logType" : "auto_detected",
  "levels" : {
    "summary" : {
      "restless" : {
        "count" : 4,
        "minutes" : 11
      },
      "awake" : {
        "count" : 0,
        "minutes" : 0
      },
      "asleep" : {
        "count" : 0,
        "minutes" : 359
      }
    },
    "data" : [{
      "dateTime" : "2015-04-25T01:30:00.000",
      "level" : "restless",
      "seconds" : 300
    },{
      "dateTime" : "2015-04-25T01:35:00.000",
      "level" : "asleep",
      "seconds" : 6300
    },{
      "dateTime" : "2015-04-25T03:20:00.000",
      "level" : "restless",
      "seconds" : 240
    },{
      "dateTime" : "2015-04-25T03:24:00.000",
      "level" : "asleep",
      "seconds" : 4680
    },{
      "dateTime" : "2015-04-25T04:42:00.000",
      "level" : "restless",
      "seconds" : 60
    },{
      "dateTime" : "2015-04-25T04:43:00.000",
      "level" : "asleep",
      "seconds" : 10860
    },{
      "dateTime" : "2015-04-25T07:44:00.000",
      "level" : "restless",
      "seconds" : 60
    }]
  },
  "mainSleep" : true
},{
  "logId" : 873288584,
  "dateOfSleep" : "2015-04-24",
  "startTime" : "2015-04-23T23:14:30.000",
  "endTime" : "2015-04-24T07:44:00.000",
  "duration" : 30540000,
  "minutesToFallAsleep" : 0,
  "minutesAsleep" : 494,
  "minutesAwake" : 13,
  "minutesAfterWakeup" : 0,
  "timeInBed" : 509,
  "efficiency" : 97,
  "type" : "classic",
  "infoCode" : 0,
  "logType" : "auto_detected",
  "levels" : {
    "summary" : {
      "restless" : {
        "count" : 7,
        "minutes" : 13
      },
      "awake" : {
        "count" : 2,
        "minutes" : 2
      },
      "asleep" : {
        "count" : 0,
        "minutes" : 494
      }
    },
    "data" : [{
      "dateTime" : "2015-04-23T23:14:30.000",
      "level" : "awake",
      "seconds" : 60
    },{
      "dateTime" : "2015-04-23T23:15:30.000",
      "level" : "restless",
      "seconds" : 60
    },{
      "dateTime" : "2015-04-23T23:16:30.000",
      "level" : "asleep",
      "seconds" : 600
    },{
      "dateTime" : "2015-04-23T23:26:30.000",
      "level" : "restless",
      "seconds" : 60
    },{
      "dateTime" : "2015-04-23T23:27:30.000",
      "level" : "asleep",
      "seconds" : 2160
    },{
      "dateTime" : "2015-04-24T00:03:30.000",
      "level" : "restless",
      "seconds" : 120
    },{
      "dateTime" : "2015-04-24T00:05:30.000",
      "level" : "asleep",
      "seconds" : 480
    },{
      "dateTime" : "2015-04-24T00:13:30.000",
      "level" : "restless",
      "seconds" : 300
    },{
      "dateTime" : "2015-04-24T00:18:30.000",
      "level" : "asleep",
      "seconds" : 3900
    },{
      "dateTime" : "2015-04-24T01:23:30.000",
      "level" : "restless",
      "seconds" : 60
    },{
      "dateTime" : "2015-04-24T01:24:30.000",
      "level" : "asleep",
      "seconds" : 13440
    },{
      "dateTime" : "2015-04-24T05:08:30.000",
      "level" : "restless",
      "seconds" : 120
    },{
      "dateTime" : "2015-04-24T05:10:30.000",
      "level" : "awake",
      "seconds" : 60
    },{
      "dateTime" : "2015-04-24T05:11:30.000",
      "level" : "asleep",
      "seconds" : 2580
    },{
      "dateTime" : "2015-04-24T05:54:30.000",
      "level" : "restless",
      "seconds" : 60
    },{
      "dateTime" : "2015-04-24T05:55:30.000",
      "level" : "asleep",
      "seconds" : 6480
    }]
  },
  "mainSleep" : true
},{
  "logId" : 870672404,
  "dateOfSleep" : "2015-04-23",
  "startTime" : "2015-04-22T23:56:00.000",
  "endTime" : "2015-04-23T08:33:00.000",
  "duration" : 31020000,
  "minutesToFallAsleep" : 0,
  "minutesAsleep" : 484,
  "minutesAwake" : 6,
  "minutesAfterWakeup" : 0,
  "timeInBed" : 517,
  "efficiency" : 99,
  "type" : "classic",
  "infoCode" : 0,
  "logType" : "auto_detected",
  "levels" : {
    "summary" : {
      "restless" : {
        "count" : 6,
        "minutes" : 9
      },
      "awake" : {
        "count" : 1,
        "minutes" : 4
      },
      "asleep" : {
        "count" : 0,
        "minutes" : 484
      }
    },
    "data" : [{
      "dateTime" : "2015-04-22T23:56:00.000",
      "level" : "awake",
      "seconds" : 240
    },{
      "dateTime" : "2015-04-23T00:00:00.000",
      "level" : "restless",
      "seconds" : 60
    },{
      "dateTime" : "2015-04-23T00:01:00.000",
      "level" : "asleep",
      "seconds" : 600
    },{
      "dateTime" : "2015-04-23T00:11:00.000",
      "level" : "restless",
      "seconds" : 60
    },{
      "dateTime" : "2015-04-23T00:12:00.000",
      "level" : "asleep",
      "seconds" : 600
    },{
      "dateTime" : "2015-04-23T00:22:00.000",
      "level" : "restless",
      "seconds" : 60
    },{
      "dateTime" : "2015-04-23T00:23:00.000",
      "level" : "asleep",
      "seconds" : 23880
    },{
      "dateTime" : "2015-04-23T07:01:00.000",
      "level" : "restless",
      "seconds" : 60
    },{
      "dateTime" : "2015-04-23T07:02:00.000",
      "level" : "asleep",
      "seconds" : 120
    },{
      "dateTime" : "2015-04-23T07:04:00.000",
      "level" : "restless",
      "seconds" : 120
    },{
      "dateTime" : "2015-04-23T07:06:00.000",
      "level" : "asleep",
      "seconds" : 4680
    },{
      "dateTime" : "2015-04-23T08:24:00.000",
      "level" : "restless",
      "seconds" : 180
    },{
      "dateTime" : "2015-04-23T08:27:00.000",
      "level" : "asleep",
      "seconds" : 360
    }]
  },
  "mainSleep" : true
},{
  "logId" : 867829045,
  "dateOfSleep" : "2015-04-22",
  "startTime" : "2015-04-21T22:26:00.000",
  "endTime" : "2015-04-22T06:57:30.000",
  "duration" : 30660000,
  "minutesToFallAsleep" : 0,
  "minutesAsleep" : 495,
  "minutesAwake" : 7,
  "minutesAfterWakeup" : 0,
  "timeInBed" : 511,
  "efficiency" : 99,
  "type" : "classic",
  "infoCode" : 0,
  "logType" : "auto_detected",
  "levels" : {
    "summary" : {
      "restless" : {
        "count" : 7,
        "minutes" : 8
      },
      "awake" : {
        "count" : 1,
        "minutes" : 3
      },
      "asleep" : {
        "count" : 0,
        "minutes" : 495
      }
    },
    "data" : [{
      "dateTime" : "2015-04-21T22:26:00.000",
      "level" : "awake",
      "seconds" : 180
    },{
      "dateTime" : "2015-04-21T22:29:00.000",
      "level" : "restless",
      "seconds" : 60
    },{
      "dateTime" : "2015-04-21T22:30:00.000",
      "level" : "asleep",
      "seconds" : 1860
    },{
      "dateTime" : "2015-04-21T23:01:00.000",
      "level" : "restless",
      "seconds" : 60
    },{
      "dateTime" : "2015-04-21T23:02:00.000",
      "level" : "asleep",
      "seconds" : 1380
    },{
      "dateTime" : "2015-04-21T23:25:00.000",
      "level" : "restless",
      "seconds" : 120
    },{
      "dateTime" : "2015-04-21T23:27:00.000",
      "level" : "asleep",
      "seconds" : 2940
    },{
      "dateTime" : "2015-04-22T00:16:00.000",
      "level" : "restless",
      "seconds" : 60
    },{
      "dateTime" : "2015-04-22T00:17:00.000",
      "level" : "asleep",
      "seconds" : 13740
    },{
      "dateTime" : "2015-04-22T04:06:00.000",
      "level" : "restless",
      "seconds" : 60
    },{
      "dateTime" : "2015-04-22T04:07:00.000",
      "level" : "asleep",
      "seconds" : 720
    },{
      "dateTime" : "2015-04-22T04:19:00.000",
      "level" : "restless",
      "seconds" : 60
    },{
      "dateTime" : "2015-04-22T04:20:00.000",
      "level" : "asleep",
      "seconds" : 8460
    },{
      "dateTime" : "2015-04-22T06:41:00.000",
      "level" : "restless",
      "seconds" : 60
    },{
      "dateTime" : "2015-04-22T06:42:00.000",
      "level" : "asleep",
      "seconds" : 900
    }]
  },
  "mainSleep" : true
},{
  "logId" : 865084065,
  "dateOfSleep" : "2015-04-21",
  "startTime" : "2015-04-20T23:26:00.000",
  "endTime" : "2015-04-21T07:00:00.000",
  "duration" : 27240000,
  "minutesToFallAsleep" : 0,
  "minutesAsleep" : 399,
  "minutesAwake" : 5,
  "minutesAfterWakeup" : 0,
  "timeInBed" : 454,
  "efficiency" : 99,
  "type" : "classic",
  "infoCode" : 0,
  "logType" : "auto_detected",
  "levels" : {
    "summary" : {
      "restless" : {
        "count" : 8,
        "minutes" : 20
      },
      "awake" : {
        "count" : 0,
        "minutes" : 0
      },
      "asleep" : {
        "count" : 0,
        "minutes" : 399
      }
    },
    "data" : [{
      "dateTime" : "2015-04-20T23:26:00.000",
      "level" : "restless",
      "seconds" : 240
    },{
      "dateTime" : "2015-04-20T23:30:00.000",
      "level" : "asleep",
      "seconds" : 300
    },{
      "dateTime" : "2015-04-20T23:35:00.000",
      "level" : "restless",
      "seconds" : 60
    },{
      "dateTime" : "2015-04-20T23:36:00.000",
      "level" : "asleep",
      "seconds" : 360
    },{
      "dateTime" : "2015-04-20T23:42:00.000",
      "level" : "restless",
      "seconds" : 240
    },{
      "dateTime" : "2015-04-20T23:46:00.000",
      "level" : "asleep",
      "seconds" : 840
    },{
      "dateTime" : "2015-04-21T00:00:00.000",
      "level" : "restless",
      "seconds" : 60
    },{
      "dateTime" : "2015-04-21T00:01:00.000",
      "level" : "asleep",
      "seconds" : 120
    },{
      "dateTime" : "2015-04-21T00:03:00.000",
      "level" : "restless",
      "seconds" : 300
    },{
      "dateTime" : "2015-04-21T00:08:00.000",
      "level" : "asleep",
      "seconds" : 1920
    },{
      "dateTime" : "2015-04-21T00:40:00.000",
      "level" : "restless",
      "seconds" : 60
    },{
      "dateTime" : "2015-04-21T00:41:00.000",
      "level" : "asleep",
      "seconds" : 4980
    },{
      "dateTime" : "2015-04-21T02:04:00.000",
      "level" : "restless",
      "seconds" : 120
    },{
      "dateTime" : "2015-04-21T02:06:00.000",
      "level" : "asleep",
      "seconds" : 3300
    },{
      "dateTime" : "2015-04-21T03:01:00.000",
      "level" : "restless",
      "seconds" : 120
    },{
      "dateTime" : "2015-04-21T03:03:00.000",
      "level" : "asleep",
      "seconds" : 14220
    }]
  },
  "mainSleep" : true
},{
  "logId" : 862300199,
  "dateOfSleep" : "2015-04-20",
  "startTime" : "2015-04-19T22:50:00.000",
  "endTime" : "2015-04-20T06:43:30.000",
  "duration" : 28380000,
  "minutesToFallAsleep" : 0,
  "minutesAsleep" : 450,
  "minutesAwake" : 9,
  "minutesAfterWakeup" : 2,
  "timeInBed" : 473,
  "efficiency" : 98,
  "type" : "classic",
  "infoCode" : 0,
  "logType" : "auto_detected",
  "levels" : {
    "summary" : {
      "restless" : {
        "count" : 10,
        "minutes" : 15
      },
      "awake" : {
        "count" : 0,
        "minutes" : 0
      },
      "asleep" : {
        "count" : 0,
        "minutes" : 450
      }
    },
    "data" : [{
      "dateTime" : "2015-04-19T22:50:00.000",
      "level" : "asleep",
      "seconds" : 60
    },{
      "dateTime" : "2015-04-19T22:51:00.000",
      "level" : "restless",
      "seconds" : 240
    },{
      "dateTime" : "2015-04-19T22:55:00.000",
      "level" : "asleep",
      "seconds" : 1380
    },{
      "dateTime" : "2015-04-19T23:18:00.000",
      "level" : "restless",
      "seconds" : 120
    },{
      "dateTime" : "2015-04-19T23:20:00.000",
      "level" : "asleep",
      "seconds" : 7680
    },{
      "dateTime" : "2015-04-20T01:28:00.000",
      "level" : "restless",
      "seconds" : 60
    },{
      "dateTime" : "2015-04-20T01:29:00.000",
      "level" : "asleep",
      "seconds" : 120
    },{
      "dateTime" : "2015-04-20T01:31:00.000",
      "level" : "restless",
      "seconds" : 60
    },{
      "dateTime" : "2015-04-20T01:32:00.000",
      "level" : "asleep",
      "seconds" : 1020
    },{
      "dateTime" : "2015-04-20T01:49:00.000",
      "level" : "restless",
      "seconds" : 60
    },{
      "dateTime" : "2015-04-20T01:50:00.000",
      "level" : "asleep",
      "seconds" : 9060
    },{
      "dateTime" : "2015-04-20T04:21:00.000",
      "level" : "restless",
      "seconds" : 60
    },{
      "dateTime" : "2015-04-20T04:22:00.000",
      "level" : "asleep",
      "seconds" : 1860
    },{
      "dateTime" : "2015-04-20T04:53:00.000",
      "level" : "restless",
      "seconds" : 60
    },{
      "dateTime" : "2015-04-20T04:54:00.000",
      "level" : "asleep",
      "seconds" : 120
    },{
      "dateTime" : "2015-04-20T04:56:00.000",
      "level" : "restless",
      "seconds" : 60
    },{
      "dateTime" : "2015-04-20T04:57:00.000",
      "level" : "asleep",
      "seconds" : 120
    },{
      "dateTime" : "2015-04-20T04:59:00.000",
      "level" : "restless",
      "seconds" : 60
    },{
      "dateTime" : "2015-04-20T05:00:00.000",
      "level" : "asleep",
      "seconds" : 6060
    },{
      "dateTime" : "2015-04-20T06:41:00.000",
      "level" : "restless",
      "seconds" : 120
    }]
  },
  "mainSleep" : true
},{
  "logId" : 859973184,
  "dateOfSleep" : "2015-04-19",
  "startTime" : "2015-04-19T01:14:30.000",
  "endTime" : "2015-04-19T09:13:00.000",
  "duration" : 28680000,
  "minutesToFallAsleep" : 0,
  "minutesAsleep" : 473,
  "minutesAwake" : 0,
  "minutesAfterWakeup" : 0,
  "timeInBed" : 478,
  "efficiency" : 100,
  "type" : "classic",
  "infoCode" : 0,
  "logType" : "auto_detected",
  "levels" : {
    "summary" : {
      "restless" : {
        "count" : 1,
        "minutes" : 1
      },
      "awake" : {
        "count" : 0,
        "minutes" : 0
      },
      "asleep" : {
        "count" : 0,
        "minutes" : 473
      }
    },
    "data" : [{
      "dateTime" : "2015-04-19T01:14:30.000",
      "level" : "asleep",
      "seconds" : 240
    },{
      "dateTime" : "2015-04-19T01:18:30.000",
      "level" : "restless",
      "seconds" : 60
    },{
      "dateTime" : "2015-04-19T01:19:30.000",
      "level" : "asleep",
      "seconds" : 28380
    }]
  },
  "mainSleep" : true
},{
  "logId" : 857629485,
  "dateOfSleep" : "2015-04-18",
  "startTime" : "2015-04-17T23:43:30.000",
  "endTime" : "2015-04-18T10:43:30.000",
  "duration" : 39600000,
  "minutesToFallAsleep" : 0,
  "minutesAsleep" : 606,
  "minutesAwake" : 53,
  "minutesAfterWakeup" : 0,
  "timeInBed" : 660,
  "efficiency" : 92,
  "type" : "classic",
  "infoCode" : 0,
  "logType" : "auto_detected",
  "levels" : {
    "summary" : {
      "restless" : {
        "count" : 17,
        "minutes" : 51
      },
      "awake" : {
        "count" : 3,
        "minutes" : 3
      },
      "asleep" : {
        "count" : 0,
        "minutes" : 606
      }
    },
    "data" : [{
      "dateTime" : "2015-04-17T23:43:30.000",
      "level" : "restless",
      "seconds" : 60
    },{
      "dateTime" : "2015-04-17T23:44:30.000",
      "level" : "asleep",
      "seconds" : 900
    },{
      "dateTime" : "2015-04-17T23:59:30.000",
      "level" : "restless",
      "seconds" : 120
    },{
      "dateTime" : "2015-04-18T00:01:30.000",
      "level" : "asleep",
      "seconds" : 25800
    },{
      "dateTime" : "2015-04-18T07:11:30.000",
      "level" : "restless",
      "seconds" : 60
    },{
      "dateTime" : "2015-04-18T07:12:30.000",
      "level" : "asleep",
      "seconds" : 2220
    },{
      "dateTime" : "2015-04-18T07:49:30.000",
      "level" : "restless",
      "seconds" : 180
    },{
      "dateTime" : "2015-04-18T07:52:30.000",
      "level" : "asleep",
      "seconds" : 600
    },{
      "dateTime" : "2015-04-18T08:02:30.000",
      "level" : "restless",
      "seconds" : 180
    },{
      "dateTime" : "2015-04-18T08:05:30.000",
      "level" : "awake",
      "seconds" : 60
    },{
      "dateTime" : "2015-04-18T08:06:30.000",
      "level" : "restless",
      "seconds" : 180
    },{
      "dateTime" : "2015-04-18T08:09:30.000",
      "level" : "asleep",
      "seconds" : 900
    },{
      "dateTime" : "2015-04-18T08:24:30.000",
      "level" : "restless",
      "seconds" : 420
    },{
      "dateTime" : "2015-04-18T08:31:30.000",
      "level" : "asleep",
      "seconds" : 720
    },{
      "dateTime" : "2015-04-18T08:43:30.000",
      "level" : "restless",
      "seconds" : 420
    },{
      "dateTime" : "2015-04-18T08:50:30.000",
      "level" : "asleep",
      "seconds" : 60
    },{
      "dateTime" : "2015-04-18T08:51:30.000",
      "level" : "restless",
      "seconds" : 300
    },{
      "dateTime" : "2015-04-18T08:56:30.000",
      "level" : "asleep",
      "seconds" : 180
    },{
      "dateTime" : "2015-04-18T08:59:30.000",
      "level" : "restless",
      "seconds" : 180
    },{
      "dateTime" : "2015-04-18T09:02:30.000",
      "level" : "awake",
      "seconds" : 60
    },{
      "dateTime" : "2015-04-18T09:03:30.000",
      "level" : "restless",
      "seconds" : 120
    },{
      "dateTime" : "2015-04-18T09:05:30.000",
      "level" : "asleep",
      "seconds" : 1080
    },{
      "dateTime" : "2015-04-18T09:23:30.000",
      "level" : "restless",
      "seconds" : 60
    },{
      "dateTime" : "2015-04-18T09:24:30.000",
      "level" : "asleep",
      "seconds" : 660
    },{
      "dateTime" : "2015-04-18T09:35:30.000",
      "level" : "restless",
      "seconds" : 120
    },{
      "dateTime" : "2015-04-18T09:37:30.000",
      "level" : "asleep",
      "seconds" : 1500
    },{
      "dateTime" : "2015-04-18T10:02:30.000",
      "level" : "restless",
      "seconds" : 60
    },{
      "dateTime" : "2015-04-18T10:03:30.000",
      "level" : "asleep",
      "seconds" : 120
    },{
      "dateTime" : "2015-04-18T10:05:30.000",
      "level" : "restless",
      "seconds" : 300
    },{
      "dateTime" : "2015-04-18T10:10:30.000",
      "level" : "asleep",
      "seconds" : 120
    },{
      "dateTime" : "2015-04-18T10:12:30.000",
      "level" : "restless",
      "seconds" : 60
    },{
      "dateTime" : "2015-04-18T10:13:30.000",
      "level" : "asleep",
      "seconds" : 240
    },{
      "dateTime" : "2015-04-18T10:17:30.000",
      "level" : "restless",
      "seconds" : 240
    },{
      "dateTime" : "2015-04-18T10:21:30.000",
      "level" : "awake",
      "seconds" : 60
    },{
      "dateTime" : "2015-04-18T10:22:30.000",
      "level" : "asleep",
      "seconds" : 1260
    }]
  },
  "mainSleep" : true
},{
  "logId" : 854828167,
  "dateOfSleep" : "2015-04-17",
  "startTime" : "2015-04-17T00:11:00.000",
  "endTime" : "2015-04-17T07:47:00.000",
  "duration" : 27360000,
  "minutesToFallAsleep" : 0,
  "minutesAsleep" : 424,
  "minutesAwake" : 16,
  "minutesAfterWakeup" : 0,
  "timeInBed" : 456,
  "efficiency" : 96,
  "type" : "classic",
  "infoCode" : 0,
  "logType" : "auto_detected",
  "levels" : {
    "summary" : {
      "restless" : {
        "count" : 7,
        "minutes" : 18
      },
      "awake" : {
        "count" : 2,
        "minutes" : 8
      },
      "asleep" : {
        "count" : 0,
        "minutes" : 424
      }
    },
    "data" : [{
      "dateTime" : "2015-04-17T00:11:00.000",
      "level" : "asleep",
      "seconds" : 360
    },{
      "dateTime" : "2015-04-17T00:17:00.000",
      "level" : "restless",
      "seconds" : 120
    },{
      "dateTime" : "2015-04-17T00:19:00.000",
      "level" : "awake",
      "seconds" : 420
    },{
      "dateTime" : "2015-04-17T00:26:00.000",
      "level" : "restless",
      "seconds" : 60
    },{
      "dateTime" : "2015-04-17T00:27:00.000",
      "level" : "asleep",
      "seconds" : 540
    },{
      "dateTime" : "2015-04-17T00:36:00.000",
      "level" : "restless",
      "seconds" : 240
    },{
      "dateTime" : "2015-04-17T00:40:00.000",
      "level" : "asleep",
      "seconds" : 420
    },{
      "dateTime" : "2015-04-17T00:47:00.000",
      "level" : "restless",
      "seconds" : 240
    },{
      "dateTime" : "2015-04-17T00:51:00.000",
      "level" : "awake",
      "seconds" : 60
    },{
      "dateTime" : "2015-04-17T00:52:00.000",
      "level" : "restless",
      "seconds" : 180
    },{
      "dateTime" : "2015-04-17T00:55:00.000",
      "level" : "asleep",
      "seconds" : 21480
    },{
      "dateTime" : "2015-04-17T06:53:00.000",
      "level" : "restless",
      "seconds" : 60
    },{
      "dateTime" : "2015-04-17T06:54:00.000",
      "level" : "asleep",
      "seconds" : 2700
    },{
      "dateTime" : "2015-04-17T07:39:00.000",
      "level" : "restless",
      "seconds" : 180
    },{
      "dateTime" : "2015-04-17T07:42:00.000",
      "level" : "asleep",
      "seconds" : 300
    }]
  },
  "mainSleep" : true
},{
  "logId" : 852248111,
  "dateOfSleep" : "2015-04-16",
  "startTime" : "2015-04-16T02:34:30.000",
  "endTime" : "2015-04-16T07:55:30.000",
  "duration" : 19260000,
  "minutesToFallAsleep" : 0,
  "minutesAsleep" : 312,
  "minutesAwake" : 4,
  "minutesAfterWakeup" : 0,
  "timeInBed" : 321,
  "efficiency" : 99,
  "type" : "classic",
  "infoCode" : 0,
  "logType" : "auto_detected",
  "levels" : {
    "summary" : {
      "restless" : {
        "count" : 6,
        "minutes" : 6
      },
      "awake" : {
        "count" : 0,
        "minutes" : 0
      },
      "asleep" : {
        "count" : 0,
        "minutes" : 312
      }
    },
    "data" : [{
      "dateTime" : "2015-04-16T02:34:30.000",
      "level" : "restless",
      "seconds" : 60
    },{
      "dateTime" : "2015-04-16T02:35:30.000",
      "level" : "asleep",
      "seconds" : 60
    },{
      "dateTime" : "2015-04-16T02:36:30.000",
      "level" : "restless",
      "seconds" : 60
    },{
      "dateTime" : "2015-04-16T02:37:30.000",
      "level" : "asleep",
      "seconds" : 780
    },{
      "dateTime" : "2015-04-16T02:50:30.000",
      "level" : "restless",
      "seconds" : 60
    },{
      "dateTime" : "2015-04-16T02:51:30.000",
      "level" : "asleep",
      "seconds" : 120
    },{
      "dateTime" : "2015-04-16T02:53:30.000",
      "level" : "restless",
      "seconds" : 60
    },{
      "dateTime" : "2015-04-16T02:54:30.000",
      "level" : "asleep",
      "seconds" : 6600
    },{
      "dateTime" : "2015-04-16T04:44:30.000",
      "level" : "restless",
      "seconds" : 60
    },{
      "dateTime" : "2015-04-16T04:45:30.000",
      "level" : "asleep",
      "seconds" : 4380
    },{
      "dateTime" : "2015-04-16T05:58:30.000",
      "level" : "restless",
      "seconds" : 60
    },{
      "dateTime" : "2015-04-16T05:59:30.000",
      "level" : "asleep",
      "seconds" : 6960
    }]
  },
  "mainSleep" : true
},{
  "logId" : 849543542,
  "dateOfSleep" : "2015-04-15",
  "startTime" : "2015-04-14T22:19:30.000",
  "endTime" : "2015-04-15T07:02:30.000",
  "duration" : 31380000,
  "minutesToFallAsleep" : 0,
  "minutesAsleep" : 502,
  "minutesAwake" : 2,
  "minutesAfterWakeup" : 2,
  "timeInBed" : 523,
  "efficiency" : 100,
  "type" : "classic",
  "infoCode" : 0,
  "logType" : "auto_detected",
  "levels" : {
    "summary" : {
      "restless" : {
        "count" : 4,
        "minutes" : 11
      },
      "awake" : {
        "count" : 0,
        "minutes" : 0
      },
      "asleep" : {
        "count" : 0,
        "minutes" : 502
      }
    },
    "data" : [{
      "dateTime" : "2015-04-14T22:19:30.000",
      "level" : "asleep",
      "seconds" : 360
    },{
      "dateTime" : "2015-04-14T22:25:30.000",
      "level" : "restless",
      "seconds" : 360
    },{
      "dateTime" : "2015-04-14T22:31:30.000",
      "level" : "asleep",
      "seconds" : 120
    },{
      "dateTime" : "2015-04-14T22:33:30.000",
      "level" : "restless",
      "seconds" : 60
    },{
      "dateTime" : "2015-04-14T22:34:30.000",
      "level" : "asleep",
      "seconds" : 30180
    },{
      "dateTime" : "2015-04-15T06:57:30.000",
      "level" : "restless",
      "seconds" : 120
    },{
      "dateTime" : "2015-04-15T06:59:30.000",
      "level" : "asleep",
      "seconds" : 60
    },{
      "dateTime" : "2015-04-15T07:00:30.000",
      "level" : "restless",
      "seconds" : 120
    }]
  },
  "mainSleep" : true
},{
  "logId" : 846809728,
  "dateOfSleep" : "2015-04-14",
  "startTime" : "2015-04-13T23:11:00.000",
  "endTime" : "2015-04-14T06:48:00.000",
  "duration" : 27420000,
  "minutesToFallAsleep" : 0,
  "minutesAsleep" : 417,
  "minutesAwake" : 3,
  "minutesAfterWakeup" : 0,
  "timeInBed" : 457,
  "efficiency" : 99,
  "type" : "classic",
  "infoCode" : 0,
  "logType" : "auto_detected",
  "levels" : {
    "summary" : {
      "restless" : {
        "count" : 5,
        "minutes" : 9
      },
      "awake" : {
        "count" : 0,
        "minutes" : 0
      },
      "asleep" : {
        "count" : 0,
        "minutes" : 417
      }
    },
    "data" : [{
      "dateTime" : "2015-04-13T23:11:00.000",
      "level" : "asleep",
      "seconds" : 720
    },{
      "dateTime" : "2015-04-13T23:23:00.000",
      "level" : "restless",
      "seconds" : 60
    },{
      "dateTime" : "2015-04-13T23:24:00.000",
      "level" : "asleep",
      "seconds" : 1140
    },{
      "dateTime" : "2015-04-13T23:43:00.000",
      "level" : "restless",
      "seconds" : 300
    },{
      "dateTime" : "2015-04-13T23:48:00.000",
      "level" : "asleep",
      "seconds" : 2220
    },{
      "dateTime" : "2015-04-14T00:25:00.000",
      "level" : "restless",
      "seconds" : 60
    },{
      "dateTime" : "2015-04-14T00:26:00.000",
      "level" : "asleep",
      "seconds" : 14460
    },{
      "dateTime" : "2015-04-14T04:27:00.000",
      "level" : "restless",
      "seconds" : 60
    },{
      "dateTime" : "2015-04-14T04:28:00.000",
      "level" : "asleep",
      "seconds" : 4560
    },{
      "dateTime" : "2015-04-14T05:44:00.000",
      "level" : "restless",
      "seconds" : 60
    },{
      "dateTime" : "2015-04-14T05:45:00.000",
      "level" : "asleep",
      "seconds" : 3780
    }]
  },
  "mainSleep" : true
},{
  "logId" : 844322778,
  "dateOfSleep" : "2015-04-13",
  "startTime" : "2015-04-12T23:15:00.000",
  "endTime" : "2015-04-13T06:59:00.000",
  "duration" : 27840000,
  "minutesToFallAsleep" : 0,
  "minutesAsleep" : 407,
  "minutesAwake" : 2,
  "minutesAfterWakeup" : 0,
  "timeInBed" : 464,
  "efficiency" : 100,
  "type" : "classic",
  "infoCode" : 0,
  "logType" : "auto_detected",
  "levels" : {
    "summary" : {
      "restless" : {
        "count" : 10,
        "minutes" : 11
      },
      "awake" : {
        "count" : 1,
        "minutes" : 1
      },
      "asleep" : {
        "count" : 0,
        "minutes" : 407
      }
    },
    "data" : [{
      "dateTime" : "2015-04-12T23:15:00.000",
      "level" : "restless",
      "seconds" : 120
    },{
      "dateTime" : "2015-04-12T23:17:00.000",
      "level" : "awake",
      "seconds" : 60
    },{
      "dateTime" : "2015-04-12T23:18:00.000",
      "level" : "restless",
      "seconds" : 60
    },{
      "dateTime" : "2015-04-12T23:19:00.000",
      "level" : "asleep",
      "seconds" : 720
    },{
      "dateTime" : "2015-04-12T23:31:00.000",
      "level" : "restless",
      "seconds" : 60
    },{
      "dateTime" : "2015-04-12T23:32:00.000",
      "level" : "asleep",
      "seconds" : 60
    },{
      "dateTime" : "2015-04-12T23:33:00.000",
      "level" : "restless",
      "seconds" : 60
    },{
      "dateTime" : "2015-04-12T23:34:00.000",
      "level" : "asleep",
      "seconds" : 360
    },{
      "dateTime" : "2015-04-12T23:40:00.000",
      "level" : "restless",
      "seconds" : 60
    },{
      "dateTime" : "2015-04-12T23:41:00.000",
      "level" : "asleep",
      "seconds" : 780
    },{
      "dateTime" : "2015-04-12T23:54:00.000",
      "level" : "restless",
      "seconds" : 60
    },{
      "dateTime" : "2015-04-12T23:55:00.000",
      "level" : "asleep",
      "seconds" : 240
    },{
      "dateTime" : "2015-04-12T23:59:00.000",
      "level" : "restless",
      "seconds" : 60
    },{
      "dateTime" : "2015-04-13T00:00:00.000",
      "level" : "asleep",
      "seconds" : 120
    },{
      "dateTime" : "2015-04-13T00:02:00.000",
      "level" : "restless",
      "seconds" : 60
    },{
      "dateTime" : "2015-04-13T00:03:00.000",
      "level" : "asleep",
      "seconds" : 8820
    },{
      "dateTime" : "2015-04-13T02:30:00.000",
      "level" : "restless",
      "seconds" : 60
    },{
      "dateTime" : "2015-04-13T02:31:00.000",
      "level" : "asleep",
      "seconds" : 6120
    },{
      "dateTime" : "2015-04-13T04:13:00.000",
      "level" : "restless",
      "seconds" : 60
    },{
      "dateTime" : "2015-04-13T04:14:00.000",
      "level" : "asleep",
      "seconds" : 9900
    }]
  },
  "mainSleep" : true
},{
  "logId" : 841691103,
  "dateOfSleep" : "2015-04-12",
  "startTime" : "2015-04-11T22:36:00.000",
  "endTime" : "2015-04-12T09:05:30.000",
  "duration" : 37740000,
  "minutesToFallAsleep" : 0,
  "minutesAsleep" : 552,
  "minutesAwake" : 59,
  "minutesAfterWakeup" : 0,
  "timeInBed" : 629,
  "efficiency" : 90,
  "type" : "classic",
  "infoCode" : 0,
  "logType" : "auto_detected",
  "levels" : {
    "summary" : {
      "restless" : {
        "count" : 21,
        "minutes" : 48
      },
      "awake" : {
        "count" : 6,
        "minutes" : 14
      },
      "asleep" : {
        "count" : 0,
        "minutes" : 552
      }
    },
    "data" : [{
      "dateTime" : "2015-04-11T22:36:00.000",
      "level" : "restless",
      "seconds" : 120
    },{
      "dateTime" : "2015-04-11T22:38:00.000",
      "level" : "asleep",
      "seconds" : 60
    },{
      "dateTime" : "2015-04-11T22:39:00.000",
      "level" : "restless",
      "seconds" : 60
    },{
      "dateTime" : "2015-04-11T22:40:00.000",
      "level" : "asleep",
      "seconds" : 1260
    },{
      "dateTime" : "2015-04-11T23:01:00.000",
      "level" : "restless",
      "seconds" : 480
    },{
      "dateTime" : "2015-04-11T23:09:00.000",
      "level" : "awake",
      "seconds" : 120
    },{
      "dateTime" : "2015-04-11T23:11:00.000",
      "level" : "restless",
      "seconds" : 180
    },{
      "dateTime" : "2015-04-11T23:14:00.000",
      "level" : "asleep",
      "seconds" : 300
    },{
      "dateTime" : "2015-04-11T23:19:00.000",
      "level" : "restless",
      "seconds" : 300
    },{
      "dateTime" : "2015-04-11T23:24:00.000",
      "level" : "awake",
      "seconds" : 60
    },{
      "dateTime" : "2015-04-11T23:25:00.000",
      "level" : "restless",
      "seconds" : 60
    },{
      "dateTime" : "2015-04-11T23:26:00.000",
      "level" : "asleep",
      "seconds" : 840
    },{
      "dateTime" : "2015-04-11T23:40:00.000",
      "level" : "restless",
      "seconds" : 240
    },{
      "dateTime" : "2015-04-11T23:44:00.000",
      "level" : "awake",
      "seconds" : 60
    },{
      "dateTime" : "2015-04-11T23:45:00.000",
      "level" : "restless",
      "seconds" : 180
    },{
      "dateTime" : "2015-04-11T23:48:00.000",
      "level" : "awake",
      "seconds" : 120
    },{
      "dateTime" : "2015-04-11T23:50:00.000",
      "level" : "restless",
      "seconds" : 60
    },{
      "dateTime" : "2015-04-11T23:51:00.000",
      "level" : "asleep",
      "seconds" : 240
    },{
      "dateTime" : "2015-04-11T23:55:00.000",
      "level" : "restless",
      "seconds" : 180
    },{
      "dateTime" : "2015-04-11T23:58:00.000",
      "level" : "awake",
      "seconds" : 180
    },{
      "dateTime" : "2015-04-12T00:01:00.000",
      "level" : "restless",
      "seconds" : 120
    },{
      "dateTime" : "2015-04-12T00:03:00.000",
      "level" : "asleep",
      "seconds" : 4440
    },{
      "dateTime" : "2015-04-12T01:17:00.000",
      "level" : "restless",
      "seconds" : 60
    },{
      "dateTime" : "2015-04-12T01:18:00.000",
      "level" : "asleep",
      "seconds" : 6480
    },{
      "dateTime" : "2015-04-12T03:06:00.000",
      "level" : "restless",
      "seconds" : 120
    },{
      "dateTime" : "2015-04-12T03:08:00.000",
      "level" : "awake",
      "seconds" : 300
    },{
      "dateTime" : "2015-04-12T03:13:00.000",
      "level" : "restless",
      "seconds" : 60
    },{
      "dateTime" : "2015-04-12T03:14:00.000",
      "level" : "asleep",
      "seconds" : 900
    },{
      "dateTime" : "2015-04-12T03:29:00.000",
      "level" : "restless",
      "seconds" : 60
    },{
      "dateTime" : "2015-04-12T03:30:00.000",
      "level" : "asleep",
      "seconds" : 60
    },{
      "dateTime" : "2015-04-12T03:31:00.000",
      "level" : "restless",
      "seconds" : 120
    },{
      "dateTime" : "2015-04-12T03:33:00.000",
      "level" : "asleep",
      "seconds" : 60
    },{
      "dateTime" : "2015-04-12T03:34:00.000",
      "level" : "restless",
      "seconds" : 60
    },{
      "dateTime" : "2015-04-12T03:35:00.000",
      "level" : "asleep",
      "seconds" : 480
    },{
      "dateTime" : "2015-04-12T03:43:00.000",
      "level" : "restless",
      "seconds" : 60
    },{
      "dateTime" : "2015-04-12T03:44:00.000",
      "level" : "asleep",
      "seconds" : 420
    },{
      "dateTime" : "2015-04-12T03:51:00.000",
      "level" : "restless",
      "seconds" : 60
    },{
      "dateTime" : "2015-04-12T03:52:00.000",
      "level" : "asleep",
      "seconds" : 720
    },{
      "dateTime" : "2015-04-12T04:04:00.000",
      "level" : "restless",
      "seconds" : 120
    },{
      "dateTime" : "2015-04-12T04:06:00.000",
      "level" : "asleep",
      "seconds" : 14760
    },{
      "dateTime" : "2015-04-12T08:12:00.000",
      "level" : "restless",
      "seconds" : 180
    },{
      "dateTime" : "2015-04-12T08:15:00.000",
      "level" : "asleep",
      "seconds" : 3000
    }]
  },
  "mainSleep" : true
},{
  "logId" : 839465955,
  "dateOfSleep" : "2015-04-11",
  "startTime" : "2015-04-10T23:23:00.000",
  "endTime" : "2015-04-11T08:44:00.000",
  "duration" : 33660000,
  "minutesToFallAsleep" : 0,
  "minutesAsleep" : 536,
  "minutesAwake" : 21,
  "minutesAfterWakeup" : 0,
  "timeInBed" : 561,
  "efficiency" : 96,
  "type" : "classic",
  "infoCode" : 0,
  "logType" : "auto_detected",
  "levels" : {
    "summary" : {
      "restless" : {
        "count" : 6,
        "minutes" : 21
      },
      "awake" : {
        "count" : 0,
        "minutes" : 0
      },
      "asleep" : {
        "count" : 0,
        "minutes" : 536
      }
    },
    "data" : [{
      "dateTime" : "2015-04-10T23:23:00.000",
      "level" : "asleep",
      "seconds" : 720
    },{
      "dateTime" : "2015-04-10T23:35:00.000",
      "level" : "restless",
      "seconds" : 360
    },{
      "dateTime" : "2015-04-10T23:41:00.000",
      "level" : "asleep",
      "seconds" : 1020
    },{
      "dateTime" : "2015-04-10T23:58:00.000",
      "level" : "restless",
      "seconds" : 180
    },{
      "dateTime" : "2015-04-11T00:01:00.000",
      "level" : "asleep",
      "seconds" : 7320
    },{
      "dateTime" : "2015-04-11T02:03:00.000",
      "level" : "restless",
      "seconds" : 60
    },{
      "dateTime" : "2015-04-11T02:04:00.000",
      "level" : "asleep",
      "seconds" : 120
    },{
      "dateTime" : "2015-04-11T02:06:00.000",
      "level" : "restless",
      "seconds" : 60
    },{
      "dateTime" : "2015-04-11T02:07:00.000",
      "level" : "asleep",
      "seconds" : 21480
    },{
      "dateTime" : "2015-04-11T08:05:00.000",
      "level" : "restless",
      "seconds" : 180
    },{
      "dateTime" : "2015-04-11T08:08:00.000",
      "level" : "asleep",
      "seconds" : 900
    },{
      "dateTime" : "2015-04-11T08:23:00.000",
      "level" : "restless",
      "seconds" : 420
    },{
      "dateTime" : "2015-04-11T08:30:00.000",
      "level" : "asleep",
      "seconds" : 840
    }]
  },
  "mainSleep" : true
},{
  "logId" : 836812627,
  "dateOfSleep" : "2015-04-10",
  "startTime" : "2015-04-09T23:51:00.000",
  "endTime" : "2015-04-10T08:56:00.000",
  "duration" : 32700000,
  "minutesToFallAsleep" : 0,
  "minutesAsleep" : 509,
  "minutesAwake" : 11,
  "minutesAfterWakeup" : 10,
  "timeInBed" : 545,
  "efficiency" : 98,
  "type" : "classic",
  "infoCode" : 0,
  "logType" : "auto_detected",
  "levels" : {
    "summary" : {
      "restless" : {
        "count" : 12,
        "minutes" : 22
      },
      "awake" : {
        "count" : 2,
        "minutes" : 5
      },
      "asleep" : {
        "count" : 0,
        "minutes" : 509
      }
    },
    "data" : [{
      "dateTime" : "2015-04-09T23:51:00.000",
      "level" : "awake",
      "seconds" : 60
    },{
      "dateTime" : "2015-04-09T23:52:00.000",
      "level" : "restless",
      "seconds" : 60
    },{
      "dateTime" : "2015-04-09T23:53:00.000",
      "level" : "asleep",
      "seconds" : 120
    },{
      "dateTime" : "2015-04-09T23:55:00.000",
      "level" : "restless",
      "seconds" : 180
    },{
      "dateTime" : "2015-04-09T23:58:00.000",
      "level" : "asleep",
      "seconds" : 180
    },{
      "dateTime" : "2015-04-10T00:01:00.000",
      "level" : "restless",
      "seconds" : 60
    },{
      "dateTime" : "2015-04-10T00:02:00.000",
      "level" : "asleep",
      "seconds" : 23820
    },{
      "dateTime" : "2015-04-10T06:39:00.000",
      "level" : "restless",
      "seconds" : 60
    },{
      "dateTime" : "2015-04-10T06:40:00.000",
      "level" : "asleep",
      "seconds" : 5760
    },{
      "dateTime" : "2015-04-10T08:16:00.000",
      "level" : "restless",
      "seconds" : 120
    },{
      "dateTime" : "2015-04-10T08:18:00.000",
      "level" : "asleep",
      "seconds" : 480
    },{
      "dateTime" : "2015-04-10T08:26:00.000",
      "level" : "restless",
      "seconds" : 60
    },{
      "dateTime" : "2015-04-10T08:27:00.000",
      "level" : "asleep",
      "seconds" : 60
    },{
      "dateTime" : "2015-04-10T08:28:00.000",
      "level" : "restless",
      "seconds" : 120
    },{
      "dateTime" : "2015-04-10T08:30:00.000",
      "level" : "asleep",
      "seconds" : 60
    },{
      "dateTime" : "2015-04-10T08:31:00.000",
      "level" : "restless",
      "seconds" : 60
    },{
      "dateTime" : "2015-04-10T08:32:00.000",
      "level" : "asleep",
      "seconds" : 180
    },{
      "dateTime" : "2015-04-10T08:35:00.000",
      "level" : "restless",
      "seconds" : 60
    },{
      "dateTime" : "2015-04-10T08:36:00.000",
      "level" : "asleep",
      "seconds" : 120
    },{
      "dateTime" : "2015-04-10T08:38:00.000",
      "level" : "restless",
      "seconds" : 180
    },{
      "dateTime" : "2015-04-10T08:41:00.000",
      "level" : "asleep",
      "seconds" : 300
    },{
      "dateTime" : "2015-04-10T08:46:00.000",
      "level" : "restless",
      "seconds" : 240
    },{
      "dateTime" : "2015-04-10T08:50:00.000",
      "level" : "awake",
      "seconds" : 240
    },{
      "dateTime" : "2015-04-10T08:54:00.000",
      "level" : "restless",
      "seconds" : 120
    }]
  },
  "mainSleep" : true
}]