[{
  "logId" : 14502103970,
  "dateOfSleep" : "2017-04-28",
  "startTime" : "2017-04-27T22:00:30.000",
  "endTime" : "2017-04-28T02:17:30.000",
  "duration" : 15420000,
  "minutesToFallAsleep" : 0,
  "minutesAsleep" : 239,
  "minutesAwake" : 17,
  "minutesAfterWakeup" : 1,
  "timeInBed" : 257,
  "efficiency" : 93,
  "type" : "classic",
  "infoCode" : 0,
  "logType" : "auto_detected",
  "levels" : {
    "summary" : {
      "restless" : {
        "count" : 9,
        "minutes" : 17
      },
      "awake" : {
        "count" : 1,
        "minutes" : 1
      },
      "asleep" : {
        "count" : 0,
        "minutes" : 239
      }
    },
    "data" : [{
      "dateTime" : "2017-04-27T22:00:30.000",
      "level" : "asleep",
      "seconds" : 300
    },{
      "dateTime" : "2017-04-27T22:05:30.000",
      "level" : "restless",
      "seconds" : 180
    },{
      "dateTime" : "2017-04-27T22:08:30.000",
      "level" : "awake",
      "seconds" : 60
    },{
      "dateTime" : "2017-04-27T22:09:30.000",
      "level" : "restless",
      "seconds" : 180
    },{
      "dateTime" : "2017-04-27T22:12:30.000",
      "level" : "asleep",
      "seconds" : 3660
    },{
      "dateTime" : "2017-04-27T23:13:30.000",
      "level" : "restless",
      "seconds" : 60
    },{
      "dateTime" : "2017-04-27T23:14:30.000",
      "level" : "asleep",
      "seconds" : 2400
    },{
      "dateTime" : "2017-04-27T23:54:30.000",
      "level" : "restless",
      "seconds" : 60
    },{
      "dateTime" : "2017-04-27T23:55:30.000",
      "level" : "asleep",
      "seconds" : 60
    },{
      "dateTime" : "2017-04-27T23:56:30.000",
      "level" : "restless",
      "seconds" : 180
    },{
      "dateTime" : "2017-04-27T23:59:30.000",
      "level" : "asleep",
      "seconds" : 1200
    },{
      "dateTime" : "2017-04-28T00:19:30.000",
      "level" : "restless",
      "seconds" : 120
    },{
      "dateTime" : "2017-04-28T00:21:30.000",
      "level" : "asleep",
      "seconds" : 120
    },{
      "dateTime" : "2017-04-28T00:23:30.000",
      "level" : "restless",
      "seconds" : 60
    },{
      "dateTime" : "2017-04-28T00:24:30.000",
      "level" : "asleep",
      "seconds" : 360
    },{
      "dateTime" : "2017-04-28T00:30:30.000",
      "level" : "restless",
      "seconds" : 120
    },{
      "dateTime" : "2017-04-28T00:32:30.000",
      "level" : "asleep",
      "seconds" : 6240
    },{
      "dateTime" : "2017-04-28T02:16:30.000",
      "level" : "restless",
      "seconds" : 60
    }]
  },
  "mainSleep" : true
},{
  "logId" : 14478976591,
  "dateOfSleep" : "2017-04-27",
  "startTime" : "2017-04-26T23:46:00.000",
  "endTime" : "2017-04-27T07:13:30.000",
  "duration" : 26820000,
  "minutesToFallAsleep" : 0,
  "minutesAsleep" : 430,
  "minutesAwake" : 17,
  "minutesAfterWakeup" : 0,
  "timeInBed" : 447,
  "efficiency" : 96,
  "type" : "classic",
  "infoCode" : 0,
  "logType" : "auto_detected",
  "levels" : {
    "summary" : {
      "restless" : {
        "count" : 9,
        "minutes" : 17
      },
      "awake" : {
        "count" : 0,
        "minutes" : 0
      },
      "asleep" : {
        "count" : 0,
        "minutes" : 430
      }
    },
    "data" : [{
      "dateTime" : "2017-04-26T23:46:00.000",
      "level" : "asleep",
      "seconds" : 300
    },{
      "dateTime" : "2017-04-26T23:51:00.000",
      "level" : "restless",
      "seconds" : 60
    },{
      "dateTime" : "2017-04-26T23:52:00.000",
      "level" : "asleep",
      "seconds" : 180
    },{
      "dateTime" : "2017-04-26T23:55:00.000",
      "level" : "restless",
      "seconds" : 300
    },{
      "dateTime" : "2017-04-27T00:00:00.000",
      "level" : "asleep",
      "seconds" : 2220
    },{
      "dateTime" : "2017-04-27T00:37:00.000",
      "level" : "restless",
      "seconds" : 120
    },{
      "dateTime" : "2017-04-27T00:39:00.000",
      "level" : "asleep",
      "seconds" : 120
    },{
      "dateTime" : "2017-04-27T00:41:00.000",
      "level" : "restless",
      "seconds" : 60
    },{
      "dateTime" : "2017-04-27T00:42:00.000",
      "level" : "asleep",
      "seconds" : 8460
    },{
      "dateTime" : "2017-04-27T03:03:00.000",
      "level" : "restless",
      "seconds" : 60
    },{
      "dateTime" : "2017-04-27T03:04:00.000",
      "level" : "asleep",
      "seconds" : 1140
    },{
      "dateTime" : "2017-04-27T03:23:00.000",
      "level" : "restless",
      "seconds" : 60
    },{
      "dateTime" : "2017-04-27T03:24:00.000",
      "level" : "asleep",
      "seconds" : 180
    },{
      "dateTime" : "2017-04-27T03:27:00.000",
      "level" : "restless",
      "seconds" : 60
    },{
      "dateTime" : "2017-04-27T03:28:00.000",
      "level" : "asleep",
      "seconds" : 12780
    },{
      "dateTime" : "2017-04-27T07:01:00.000",
      "level" : "restless",
      "seconds" : 240
    },{
      "dateTime" : "2017-04-27T07:05:00.000",
      "level" : "asleep",
      "seconds" : 120
    },{
      "dateTime" : "2017-04-27T07:07:00.000",
      "level" : "restless",
      "seconds" : 60
    },{
      "dateTime" : "2017-04-27T07:08:00.000",
      "level" : "asleep",
      "seconds" : 300
    }]
  },
  "mainSleep" : true
},{
  "logId" : 14469412578,
  "dateOfSleep" : "2017-04-26",
  "startTime" : "2017-04-25T22:16:30.000",
  "endTime" : "2017-04-26T07:11:00.000",
  "duration" : 32040000,
  "minutesToFallAsleep" : 0,
  "minutesAsleep" : 510,
  "minutesAwake" : 24,
  "minutesAfterWakeup" : 0,
  "timeInBed" : 534,
  "efficiency" : 96,
  "type" : "classic",
  "infoCode" : 0,
  "logType" : "auto_detected",
  "levels" : {
    "summary" : {
      "restless" : {
        "count" : 15,
        "minutes" : 21
      },
      "awake" : {
        "count" : 1,
        "minutes" : 3
      },
      "asleep" : {
        "count" : 0,
        "minutes" : 510
      }
    },
    "data" : [{
      "dateTime" : "2017-04-25T22:16:30.000",
      "level" : "awake",
      "seconds" : 180
    },{
      "dateTime" : "2017-04-25T22:19:30.000",
      "level" : "restless",
      "seconds" : 60
    },{
      "dateTime" : "2017-04-25T22:20:30.000",
      "level" : "asleep",
      "seconds" : 1680
    },{
      "dateTime" : "2017-04-25T22:48:30.000",
      "level" : "restless",
      "seconds" : 60
    },{
      "dateTime" : "2017-04-25T22:49:30.000",
      "level" : "asleep",
      "seconds" : 4920
    },{
      "dateTime" : "2017-04-26T00:11:30.000",
      "level" : "restless",
      "seconds" : 60
    },{
      "dateTime" : "2017-04-26T00:12:30.000",
      "level" : "asleep",
      "seconds" : 180
    },{
      "dateTime" : "2017-04-26T00:15:30.000",
      "level" : "restless",
      "seconds" : 60
    },{
      "dateTime" : "2017-04-26T00:16:30.000",
      "level" : "asleep",
      "seconds" : 2820
    },{
      "dateTime" : "2017-04-26T01:03:30.000",
      "level" : "restless",
      "seconds" : 120
    },{
      "dateTime" : "2017-04-26T01:05:30.000",
      "level" : "asleep",
      "seconds" : 9780
    },{
      "dateTime" : "2017-04-26T03:48:30.000",
      "level" : "restless",
      "seconds" : 60
    },{
      "dateTime" : "2017-04-26T03:49:30.000",
      "level" : "asleep",
      "seconds" : 60
    },{
      "dateTime" : "2017-04-26T03:50:30.000",
      "level" : "restless",
      "seconds" : 60
    },{
      "dateTime" : "2017-04-26T03:51:30.000",
      "level" : "asleep",
      "seconds" : 60
    },{
      "dateTime" : "2017-04-26T03:52:30.000",
      "level" : "restless",
      "seconds" : 60
    },{
      "dateTime" : "2017-04-26T03:53:30.000",
      "level" : "asleep",
      "seconds" : 2460
    },{
      "dateTime" : "2017-04-26T04:34:30.000",
      "level" : "restless",
      "seconds" : 180
    },{
      "dateTime" : "2017-04-26T04:37:30.000",
      "level" : "asleep",
      "seconds" : 60
    },{
      "dateTime" : "2017-04-26T04:38:30.000",
      "level" : "restless",
      "seconds" : 60
    },{
      "dateTime" : "2017-04-26T04:39:30.000",
      "level" : "asleep",
      "seconds" : 60
    },{
      "dateTime" : "2017-04-26T04:40:30.000",
      "level" : "restless",
      "seconds" : 60
    },{
      "dateTime" : "2017-04-26T04:41:30.000",
      "level" : "asleep",
      "seconds" : 3900
    },{
      "dateTime" : "2017-04-26T05:46:30.000",
      "level" : "restless",
      "seconds" : 60
    },{
      "dateTime" : "2017-04-26T05:47:30.000",
      "level" : "asleep",
      "seconds" : 180
    },{
      "dateTime" : "2017-04-26T05:50:30.000",
      "level" : "restless",
      "seconds" : 60
    },{
      "dateTime" : "2017-04-26T05:51:30.000",
      "level" : "asleep",
      "seconds" : 3060
    },{
      "dateTime" : "2017-04-26T06:42:30.000",
      "level" : "restless",
      "seconds" : 60
    },{
      "dateTime" : "2017-04-26T06:43:30.000",
      "level" : "asleep",
      "seconds" : 1080
    },{
      "dateTime" : "2017-04-26T07:01:30.000",
      "level" : "restless",
      "seconds" : 240
    },{
      "dateTime" : "2017-04-26T07:05:30.000",
      "level" : "asleep",
      "seconds" : 300
    }]
  },
  "mainSleep" : true
},{
  "logId" : 14459745418,
  "dateOfSleep" : "2017-04-25",
  "startTime" : "2017-04-25T02:11:00.000",
  "endTime" : "2017-04-25T06:59:30.000",
  "duration" : 17280000,
  "minutesToFallAsleep" : 0,
  "minutesAsleep" : 282,
  "minutesAwake" : 6,
  "minutesAfterWakeup" : 0,
  "timeInBed" : 288,
  "efficiency" : 98,
  "type" : "classic",
  "infoCode" : 0,
  "logType" : "auto_detected",
  "levels" : {
    "summary" : {
      "restless" : {
        "count" : 4,
        "minutes" : 4
      },
      "awake" : {
        "count" : 1,
        "minutes" : 2
      },
      "asleep" : {
        "count" : 0,
        "minutes" : 282
      }
    },
    "data" : [{
      "dateTime" : "2017-04-25T02:11:00.000",
      "level" : "awake",
      "seconds" : 120
    },{
      "dateTime" : "2017-04-25T02:13:00.000",
      "level" : "restless",
      "seconds" : 60
    },{
      "dateTime" : "2017-04-25T02:14:00.000",
      "level" : "asleep",
      "seconds" : 6300
    },{
      "dateTime" : "2017-04-25T03:59:00.000",
      "level" : "restless",
      "seconds" : 60
    },{
      "dateTime" : "2017-04-25T04:00:00.000",
      "level" : "asleep",
      "seconds" : 720
    },{
      "dateTime" : "2017-04-25T04:12:00.000",
      "level" : "restless",
      "seconds" : 60
    },{
      "dateTime" : "2017-04-25T04:13:00.000",
      "level" : "asleep",
      "seconds" : 9420
    },{
      "dateTime" : "2017-04-25T06:50:00.000",
      "level" : "restless",
      "seconds" : 60
    },{
      "dateTime" : "2017-04-25T06:51:00.000",
      "level" : "asleep",
      "seconds" : 480
    }]
  },
  "mainSleep" : true
},{
  "logId" : 14449335378,
  "dateOfSleep" : "2017-04-24",
  "startTime" : "2017-04-24T00:15:00.000",
  "endTime" : "2017-04-24T07:27:30.000",
  "duration" : 25920000,
  "minutesToFallAsleep" : 0,
  "minutesAsleep" : 403,
  "minutesAwake" : 29,
  "minutesAfterWakeup" : 0,
  "timeInBed" : 432,
  "efficiency" : 93,
  "type" : "classic",
  "infoCode" : 0,
  "logType" : "auto_detected",
  "levels" : {
    "summary" : {
      "restless" : {
        "count" : 12,
        "minutes" : 24
      },
      "awake" : {
        "count" : 1,
        "minutes" : 5
      },
      "asleep" : {
        "count" : 0,
        "minutes" : 403
      }
    },
    "data" : [{
      "dateTime" : "2017-04-24T00:15:00.000",
      "level" : "awake",
      "seconds" : 300
    },{
      "dateTime" : "2017-04-24T00:20:00.000",
      "level" : "restless",
      "seconds" : 120
    },{
      "dateTime" : "2017-04-24T00:22:00.000",
      "level" : "asleep",
      "seconds" : 3960
    },{
      "dateTime" : "2017-04-24T01:28:00.000",
      "level" : "restless",
      "seconds" : 60
    },{
      "dateTime" : "2017-04-24T01:29:00.000",
      "level" : "asleep",
      "seconds" : 360
    },{
      "dateTime" : "2017-04-24T01:35:00.000",
      "level" : "restless",
      "seconds" : 60
    },{
      "dateTime" : "2017-04-24T01:36:00.000",
      "level" : "asleep",
      "seconds" : 660
    },{
      "dateTime" : "2017-04-24T01:47:00.000",
      "level" : "restless",
      "seconds" : 120
    },{
      "dateTime" : "2017-04-24T01:49:00.000",
      "level" : "asleep",
      "seconds" : 120
    },{
      "dateTime" : "2017-04-24T01:51:00.000",
      "level" : "restless",
      "seconds" : 120
    },{
      "dateTime" : "2017-04-24T01:53:00.000",
      "level" : "asleep",
      "seconds" : 1740
    },{
      "dateTime" : "2017-04-24T02:22:00.000",
      "level" : "restless",
      "seconds" : 180
    },{
      "dateTime" : "2017-04-24T02:25:00.000",
      "level" : "asleep",
      "seconds" : 60
    },{
      "dateTime" : "2017-04-24T02:26:00.000",
      "level" : "restless",
      "seconds" : 60
    },{
      "dateTime" : "2017-04-24T02:27:00.000",
      "level" : "asleep",
      "seconds" : 1020
    },{
      "dateTime" : "2017-04-24T02:44:00.000",
      "level" : "restless",
      "seconds" : 120
    },{
      "dateTime" : "2017-04-24T02:46:00.000",
      "level" : "asleep",
      "seconds" : 120
    },{
      "dateTime" : "2017-04-24T02:48:00.000",
      "level" : "restless",
      "seconds" : 120
    },{
      "dateTime" : "2017-04-24T02:50:00.000",
      "level" : "asleep",
      "seconds" : 8700
    },{
      "dateTime" : "2017-04-24T05:15:00.000",
      "level" : "restless",
      "seconds" : 60
    },{
      "dateTime" : "2017-04-24T05:16:00.000",
      "level" : "asleep",
      "seconds" : 6300
    },{
      "dateTime" : "2017-04-24T07:01:00.000",
      "level" : "restless",
      "seconds" : 60
    },{
      "dateTime" : "2017-04-24T07:02:00.000",
      "level" : "asleep",
      "seconds" : 60
    },{
      "dateTime" : "2017-04-24T07:03:00.000",
      "level" : "restless",
      "seconds" : 360
    },{
      "dateTime" : "2017-04-24T07:09:00.000",
      "level" : "asleep",
      "seconds" : 1080
    }]
  },
  "mainSleep" : true
},{
  "logId" : 14440410552,
  "dateOfSleep" : "2017-04-23",
  "startTime" : "2017-04-23T00:59:30.000",
  "endTime" : "2017-04-23T08:27:00.000",
  "duration" : 26820000,
  "minutesToFallAsleep" : 0,
  "minutesAsleep" : 437,
  "minutesAwake" : 10,
  "minutesAfterWakeup" : 0,
  "timeInBed" : 447,
  "efficiency" : 98,
  "type" : "classic",
  "infoCode" : 0,
  "logType" : "auto_detected",
  "levels" : {
    "summary" : {
      "restless" : {
        "count" : 5,
        "minutes" : 10
      },
      "awake" : {
        "count" : 0,
        "minutes" : 0
      },
      "asleep" : {
        "count" : 0,
        "minutes" : 437
      }
    },
    "data" : [{
      "dateTime" : "2017-04-23T00:59:30.000",
      "level" : "restless",
      "seconds" : 60
    },{
      "dateTime" : "2017-04-23T01:00:30.000",
      "level" : "asleep",
      "seconds" : 7680
    },{
      "dateTime" : "2017-04-23T03:08:30.000",
      "level" : "restless",
      "seconds" : 60
    },{
      "dateTime" : "2017-04-23T03:09:30.000",
      "level" : "asleep",
      "seconds" : 4440
    },{
      "dateTime" : "2017-04-23T04:23:30.000",
      "level" : "restless",
      "seconds" : 180
    },{
      "dateTime" : "2017-04-23T04:26:30.000",
      "level" : "asleep",
      "seconds" : 4260
    },{
      "dateTime" : "2017-04-23T05:37:30.000",
      "level" : "restless",
      "seconds" : 60
    },{
      "dateTime" : "2017-04-23T05:38:30.000",
      "level" : "asleep",
      "seconds" : 5040
    },{
      "dateTime" : "2017-04-23T07:02:30.000",
      "level" : "restless",
      "seconds" : 240
    },{
      "dateTime" : "2017-04-23T07:06:30.000",
      "level" : "asleep",
      "seconds" : 4800
    }]
  },
  "mainSleep" : true
},{
  "logId" : 14431354620,
  "dateOfSleep" : "2017-04-22",
  "startTime" : "2017-04-22T01:33:30.000",
  "endTime" : "2017-04-22T07:25:00.000",
  "duration" : 21060000,
  "minutesToFallAsleep" : 0,
  "minutesAsleep" : 335,
  "minutesAwake" : 15,
  "minutesAfterWakeup" : 1,
  "timeInBed" : 351,
  "efficiency" : 96,
  "type" : "classic",
  "infoCode" : 0,
  "logType" : "auto_detected",
  "levels" : {
    "summary" : {
      "restless" : {
        "count" : 10,
        "minutes" : 16
      },
      "awake" : {
        "count" : 0,
        "minutes" : 0
      },
      "asleep" : {
        "count" : 0,
        "minutes" : 335
      }
    },
    "data" : [{
      "dateTime" : "2017-04-22T01:33:30.000",
      "level" : "asleep",
      "seconds" : 120
    },{
      "dateTime" : "2017-04-22T01:35:30.000",
      "level" : "restless",
      "seconds" : 120
    },{
      "dateTime" : "2017-04-22T01:37:30.000",
      "level" : "asleep",
      "seconds" : 4980
    },{
      "dateTime" : "2017-04-22T03:00:30.000",
      "level" : "restless",
      "seconds" : 60
    },{
      "dateTime" : "2017-04-22T03:01:30.000",
      "level" : "asleep",
      "seconds" : 180
    },{
      "dateTime" : "2017-04-22T03:04:30.000",
      "level" : "restless",
      "seconds" : 60
    },{
      "dateTime" : "2017-04-22T03:05:30.000",
      "level" : "asleep",
      "seconds" : 1620
    },{
      "dateTime" : "2017-04-22T03:32:30.000",
      "level" : "restless",
      "seconds" : 60
    },{
      "dateTime" : "2017-04-22T03:33:30.000",
      "level" : "asleep",
      "seconds" : 840
    },{
      "dateTime" : "2017-04-22T03:47:30.000",
      "level" : "restless",
      "seconds" : 180
    },{
      "dateTime" : "2017-04-22T03:50:30.000",
      "level" : "asleep",
      "seconds" : 5100
    },{
      "dateTime" : "2017-04-22T05:15:30.000",
      "level" : "restless",
      "seconds" : 60
    },{
      "dateTime" : "2017-04-22T05:16:30.000",
      "level" : "asleep",
      "seconds" : 5700
    },{
      "dateTime" : "2017-04-22T06:51:30.000",
      "level" : "restless",
      "seconds" : 60
    },{
      "dateTime" : "2017-04-22T06:52:30.000",
      "level" : "asleep",
      "seconds" : 1260
    },{
      "dateTime" : "2017-04-22T07:13:30.000",
      "level" : "restless",
      "seconds" : 60
    },{
      "dateTime" : "2017-04-22T07:14:30.000",
      "level" : "asleep",
      "seconds" : 60
    },{
      "dateTime" : "2017-04-22T07:15:30.000",
      "level" : "restless",
      "seconds" : 240
    },{
      "dateTime" : "2017-04-22T07:19:30.000",
      "level" : "asleep",
      "seconds" : 240
    },{
      "dateTime" : "2017-04-22T07:23:30.000",
      "level" : "restless",
      "seconds" : 60
    }]
  },
  "mainSleep" : true
},{
  "logId" : 14426130154,
  "dateOfSleep" : "2017-04-21",
  "startTime" : "2017-04-21T01:41:30.000",
  "endTime" : "2017-04-21T06:59:30.000",
  "duration" : 19080000,
  "minutesToFallAsleep" : 0,
  "minutesAsleep" : 313,
  "minutesAwake" : 5,
  "minutesAfterWakeup" : 0,
  "timeInBed" : 318,
  "efficiency" : 98,
  "type" : "classic",
  "infoCode" : 0,
  "logType" : "auto_detected",
  "levels" : {
    "summary" : {
      "restless" : {
        "count" : 3,
        "minutes" : 5
      },
      "awake" : {
        "count" : 0,
        "minutes" : 0
      },
      "asleep" : {
        "count" : 0,
        "minutes" : 313
      }
    },
    "data" : [{
      "dateTime" : "2017-04-21T01:41:30.000",
      "level" : "restless",
      "seconds" : 60
    },{
      "dateTime" : "2017-04-21T01:42:30.000",
      "level" : "asleep",
      "seconds" : 300
    },{
      "dateTime" : "2017-04-21T01:47:30.000",
      "level" : "restless",
      "seconds" : 60
    },{
      "dateTime" : "2017-04-21T01:48:30.000",
      "level" : "asleep",
      "seconds" : 15420
    },{
      "dateTime" : "2017-04-21T06:05:30.000",
      "level" : "restless",
      "seconds" : 180
    },{
      "dateTime" : "2017-04-21T06:08:30.000",
      "level" : "asleep",
      "seconds" : 3060
    }]
  },
  "mainSleep" : true
},{
  "logId" : 14412719098,
  "dateOfSleep" : "2017-04-20",
  "startTime" : "2017-04-20T01:10:00.000",
  "endTime" : "2017-04-20T06:56:00.000",
  "duration" : 20760000,
  "minutesToFallAsleep" : 0,
  "minutesAsleep" : 327,
  "minutesAwake" : 15,
  "minutesAfterWakeup" : 4,
  "timeInBed" : 346,
  "efficiency" : 96,
  "type" : "classic",
  "infoCode" : 0,
  "logType" : "auto_detected",
  "levels" : {
    "summary" : {
      "restless" : {
        "count" : 11,
        "minutes" : 18
      },
      "awake" : {
        "count" : 1,
        "minutes" : 1
      },
      "asleep" : {
        "count" : 0,
        "minutes" : 327
      }
    },
    "data" : [{
      "dateTime" : "2017-04-20T01:10:00.000",
      "level" : "asleep",
      "seconds" : 120
    },{
      "dateTime" : "2017-04-20T01:12:00.000",
      "level" : "restless",
      "seconds" : 120
    },{
      "dateTime" : "2017-04-20T01:14:00.000",
      "level" : "awake",
      "seconds" : 60
    },{
      "dateTime" : "2017-04-20T01:15:00.000",
      "level" : "restless",
      "seconds" : 120
    },{
      "dateTime" : "2017-04-20T01:17:00.000",
      "level" : "asleep",
      "seconds" : 60
    },{
      "dateTime" : "2017-04-20T01:18:00.000",
      "level" : "restless",
      "seconds" : 60
    },{
      "dateTime" : "2017-04-20T01:19:00.000",
      "level" : "asleep",
      "seconds" : 300
    },{
      "dateTime" : "2017-04-20T01:24:00.000",
      "level" : "restless",
      "seconds" : 180
    },{
      "dateTime" : "2017-04-20T01:27:00.000",
      "level" : "asleep",
      "seconds" : 180
    },{
      "dateTime" : "2017-04-20T01:30:00.000",
      "level" : "restless",
      "seconds" : 60
    },{
      "dateTime" : "2017-04-20T01:31:00.000",
      "level" : "asleep",
      "seconds" : 5700
    },{
      "dateTime" : "2017-04-20T03:06:00.000",
      "level" : "restless",
      "seconds" : 60
    },{
      "dateTime" : "2017-04-20T03:07:00.000",
      "level" : "asleep",
      "seconds" : 8820
    },{
      "dateTime" : "2017-04-20T05:34:00.000",
      "level" : "restless",
      "seconds" : 60
    },{
      "dateTime" : "2017-04-20T05:35:00.000",
      "level" : "asleep",
      "seconds" : 60
    },{
      "dateTime" : "2017-04-20T05:36:00.000",
      "level" : "restless",
      "seconds" : 60
    },{
      "dateTime" : "2017-04-20T05:37:00.000",
      "level" : "asleep",
      "seconds" : 60
    },{
      "dateTime" : "2017-04-20T05:38:00.000",
      "level" : "restless",
      "seconds" : 60
    },{
      "dateTime" : "2017-04-20T05:39:00.000",
      "level" : "asleep",
      "seconds" : 2760
    },{
      "dateTime" : "2017-04-20T06:25:00.000",
      "level" : "restless",
      "seconds" : 60
    },{
      "dateTime" : "2017-04-20T06:26:00.000",
      "level" : "asleep",
      "seconds" : 1560
    },{
      "dateTime" : "2017-04-20T06:52:00.000",
      "level" : "restless",
      "seconds" : 240
    }]
  },
  "mainSleep" : true
},{
  "logId" : 14389560432,
  "dateOfSleep" : "2017-04-18",
  "startTime" : "2017-04-17T20:59:00.000",
  "endTime" : "2017-04-18T06:44:00.000",
  "duration" : 35100000,
  "minutesToFallAsleep" : 0,
  "minutesAsleep" : 497,
  "minutesAwake" : 33,
  "minutesAfterWakeup" : 0,
  "timeInBed" : 585,
  "efficiency" : 94,
  "type" : "classic",
  "infoCode" : 0,
  "logType" : "auto_detected",
  "levels" : {
    "summary" : {
      "restless" : {
        "count" : 15,
        "minutes" : 78
      },
      "awake" : {
        "count" : 5,
        "minutes" : 10
      },
      "asleep" : {
        "count" : 0,
        "minutes" : 497
      }
    },
    "data" : [{
      "dateTime" : "2017-04-17T20:59:00.000",
      "level" : "restless",
      "seconds" : 120
    },{
      "dateTime" : "2017-04-17T21:01:00.000",
      "level" : "awake",
      "seconds" : 60
    },{
      "dateTime" : "2017-04-17T21:02:00.000",
      "level" : "restless",
      "seconds" : 180
    },{
      "dateTime" : "2017-04-17T21:05:00.000",
      "level" : "asleep",
      "seconds" : 1020
    },{
      "dateTime" : "2017-04-17T21:22:00.000",
      "level" : "restless",
      "seconds" : 60
    },{
      "dateTime" : "2017-04-17T21:23:00.000",
      "level" : "asleep",
      "seconds" : 420
    },{
      "dateTime" : "2017-04-17T21:30:00.000",
      "level" : "restless",
      "seconds" : 60
    },{
      "dateTime" : "2017-04-17T21:31:00.000",
      "level" : "asleep",
      "seconds" : 60
    },{
      "dateTime" : "2017-04-17T21:32:00.000",
      "level" : "restless",
      "seconds" : 180
    },{
      "dateTime" : "2017-04-17T21:35:00.000",
      "level" : "asleep",
      "seconds" : 780
    },{
      "dateTime" : "2017-04-17T21:48:00.000",
      "level" : "restless",
      "seconds" : 120
    },{
      "dateTime" : "2017-04-17T21:50:00.000",
      "level" : "asleep",
      "seconds" : 60
    },{
      "dateTime" : "2017-04-17T21:51:00.000",
      "level" : "restless",
      "seconds" : 180
    },{
      "dateTime" : "2017-04-17T21:54:00.000",
      "level" : "asleep",
      "seconds" : 1740
    },{
      "dateTime" : "2017-04-17T22:23:00.000",
      "level" : "restless",
      "seconds" : 240
    },{
      "dateTime" : "2017-04-17T22:27:00.000",
      "level" : "awake",
      "seconds" : 60
    },{
      "dateTime" : "2017-04-17T22:28:00.000",
      "level" : "restless",
      "seconds" : 60
    },{
      "dateTime" : "2017-04-17T22:29:00.000",
      "level" : "awake",
      "seconds" : 120
    },{
      "dateTime" : "2017-04-17T22:31:00.000",
      "level" : "restless",
      "seconds" : 180
    },{
      "dateTime" : "2017-04-17T22:34:00.000",
      "level" : "awake",
      "seconds" : 60
    },{
      "dateTime" : "2017-04-17T22:35:00.000",
      "level" : "restless",
      "seconds" : 120
    },{
      "dateTime" : "2017-04-17T22:37:00.000",
      "level" : "asleep",
      "seconds" : 420
    },{
      "dateTime" : "2017-04-17T22:44:00.000",
      "level" : "restless",
      "seconds" : 180
    },{
      "dateTime" : "2017-04-17T22:47:00.000",
      "level" : "awake",
      "seconds" : 300
    },{
      "dateTime" : "2017-04-17T22:52:00.000",
      "level" : "restless",
      "seconds" : 120
    },{
      "dateTime" : "2017-04-17T22:54:00.000",
      "level" : "asleep",
      "seconds" : 8220
    },{
      "dateTime" : "2017-04-18T01:11:00.000",
      "level" : "restless",
      "seconds" : 60
    },{
      "dateTime" : "2017-04-18T01:12:00.000",
      "level" : "asleep",
      "seconds" : 3840
    },{
      "dateTime" : "2017-04-18T02:16:00.000",
      "level" : "restless",
      "seconds" : 60
    },{
      "dateTime" : "2017-04-18T02:17:00.000",
      "level" : "asleep",
      "seconds" : 7680
    },{
      "dateTime" : "2017-04-18T04:25:00.000",
      "level" : "restless",
      "seconds" : 60
    },{
      "dateTime" : "2017-04-18T04:26:00.000",
      "level" : "asleep",
      "seconds" : 180
    },{
      "dateTime" : "2017-04-18T04:29:00.000",
      "level" : "restless",
      "seconds" : 60
    },{
      "dateTime" : "2017-04-18T04:30:00.000",
      "level" : "asleep",
      "seconds" : 3660
    },{
      "dateTime" : "2017-04-18T05:31:00.000",
      "level" : "restless",
      "seconds" : 60
    },{
      "dateTime" : "2017-04-18T05:32:00.000",
      "level" : "asleep",
      "seconds" : 3600
    },{
      "dateTime" : "2017-04-18T06:32:00.000",
      "level" : "restless",
      "seconds" : 60
    },{
      "dateTime" : "2017-04-18T06:33:00.000",
      "level" : "asleep",
      "seconds" : 60
    },{
      "dateTime" : "2017-04-18T06:34:00.000",
      "level" : "restless",
      "seconds" : 180
    },{
      "dateTime" : "2017-04-18T06:37:00.000",
      "level" : "asleep",
      "seconds" : 420
    }]
  },
  "mainSleep" : true
},{
  "logId" : 14387073156,
  "dateOfSleep" : "2017-04-17",
  "startTime" : "2017-04-16T21:59:30.000",
  "endTime" : "2017-04-17T07:46:30.000",
  "duration" : 35220000,
  "minutesToFallAsleep" : 0,
  "minutesAsleep" : 536,
  "minutesAwake" : 51,
  "minutesAfterWakeup" : 0,
  "timeInBed" : 587,
  "efficiency" : 91,
  "type" : "classic",
  "infoCode" : 0,
  "logType" : "auto_detected",
  "levels" : {
    "summary" : {
      "restless" : {
        "count" : 26,
        "minutes" : 51
      },
      "awake" : {
        "count" : 0,
        "minutes" : 0
      },
      "asleep" : {
        "count" : 0,
        "minutes" : 536
      }
    },
    "data" : [{
      "dateTime" : "2017-04-16T21:59:30.000",
      "level" : "asleep",
      "seconds" : 120
    },{
      "dateTime" : "2017-04-16T22:01:30.000",
      "level" : "restless",
      "seconds" : 180
    },{
      "dateTime" : "2017-04-16T22:04:30.000",
      "level" : "asleep",
      "seconds" : 4440
    },{
      "dateTime" : "2017-04-16T23:18:30.000",
      "level" : "restless",
      "seconds" : 60
    },{
      "dateTime" : "2017-04-16T23:19:30.000",
      "level" : "asleep",
      "seconds" : 180
    },{
      "dateTime" : "2017-04-16T23:22:30.000",
      "level" : "restless",
      "seconds" : 60
    },{
      "dateTime" : "2017-04-16T23:23:30.000",
      "level" : "asleep",
      "seconds" : 1140
    },{
      "dateTime" : "2017-04-16T23:42:30.000",
      "level" : "restless",
      "seconds" : 60
    },{
      "dateTime" : "2017-04-16T23:43:30.000",
      "level" : "asleep",
      "seconds" : 12960
    },{
      "dateTime" : "2017-04-17T03:19:30.000",
      "level" : "restless",
      "seconds" : 180
    },{
      "dateTime" : "2017-04-17T03:22:30.000",
      "level" : "asleep",
      "seconds" : 60
    },{
      "dateTime" : "2017-04-17T03:23:30.000",
      "level" : "restless",
      "seconds" : 60
    },{
      "dateTime" : "2017-04-17T03:24:30.000",
      "level" : "asleep",
      "seconds" : 660
    },{
      "dateTime" : "2017-04-17T03:35:30.000",
      "level" : "restless",
      "seconds" : 120
    },{
      "dateTime" : "2017-04-17T03:37:30.000",
      "level" : "asleep",
      "seconds" : 120
    },{
      "dateTime" : "2017-04-17T03:39:30.000",
      "level" : "restless",
      "seconds" : 60
    },{
      "dateTime" : "2017-04-17T03:40:30.000",
      "level" : "asleep",
      "seconds" : 780
    },{
      "dateTime" : "2017-04-17T03:53:30.000",
      "level" : "restless",
      "seconds" : 60
    },{
      "dateTime" : "2017-04-17T03:54:30.000",
      "level" : "asleep",
      "seconds" : 180
    },{
      "dateTime" : "2017-04-17T03:57:30.000",
      "level" : "restless",
      "seconds" : 60
    },{
      "dateTime" : "2017-04-17T03:58:30.000",
      "level" : "asleep",
      "seconds" : 4800
    },{
      "dateTime" : "2017-04-17T05:18:30.000",
      "level" : "restless",
      "seconds" : 180
    },{
      "dateTime" : "2017-04-17T05:21:30.000",
      "level" : "asleep",
      "seconds" : 60
    },{
      "dateTime" : "2017-04-17T05:22:30.000",
      "level" : "restless",
      "seconds" : 60
    },{
      "dateTime" : "2017-04-17T05:23:30.000",
      "level" : "asleep",
      "seconds" : 60
    },{
      "dateTime" : "2017-04-17T05:24:30.000",
      "level" : "restless",
      "seconds" : 60
    },{
      "dateTime" : "2017-04-17T05:25:30.000",
      "level" : "asleep",
      "seconds" : 1500
    },{
      "dateTime" : "2017-04-17T05:50:30.000",
      "level" : "restless",
      "seconds" : 60
    },{
      "dateTime" : "2017-04-17T05:51:30.000",
      "level" : "asleep",
      "seconds" : 120
    },{
      "dateTime" : "2017-04-17T05:53:30.000",
      "level" : "restless",
      "seconds" : 240
    },{
      "dateTime" : "2017-04-17T05:57:30.000",
      "level" : "asleep",
      "seconds" : 540
    },{
      "dateTime" : "2017-04-17T06:06:30.000",
      "level" : "restless",
      "seconds" : 60
    },{
      "dateTime" : "2017-04-17T06:07:30.000",
      "level" : "asleep",
      "seconds" : 480
    },{
      "dateTime" : "2017-04-17T06:15:30.000",
      "level" : "restless",
      "seconds" : 120
    },{
      "dateTime" : "2017-04-17T06:17:30.000",
      "level" : "asleep",
      "seconds" : 60
    },{
      "dateTime" : "2017-04-17T06:18:30.000",
      "level" : "restless",
      "seconds" : 120
    },{
      "dateTime" : "2017-04-17T06:20:30.000",
      "level" : "asleep",
      "seconds" : 60
    },{
      "dateTime" : "2017-04-17T06:21:30.000",
      "level" : "restless",
      "seconds" : 180
    },{
      "dateTime" : "2017-04-17T06:24:30.000",
      "level" : "asleep",
      "seconds" : 1860
    },{
      "dateTime" : "2017-04-17T06:55:30.000",
      "level" : "restless",
      "seconds" : 180
    },{
      "dateTime" : "2017-04-17T06:58:30.000",
      "level" : "asleep",
      "seconds" : 60
    },{
      "dateTime" : "2017-04-17T06:59:30.000",
      "level" : "restless",
      "seconds" : 180
    },{
      "dateTime" : "2017-04-17T07:02:30.000",
      "level" : "asleep",
      "seconds" : 60
    },{
      "dateTime" : "2017-04-17T07:03:30.000",
      "level" : "restless",
      "seconds" : 60
    },{
      "dateTime" : "2017-04-17T07:04:30.000",
      "level" : "asleep",
      "seconds" : 240
    },{
      "dateTime" : "2017-04-17T07:08:30.000",
      "level" : "restless",
      "seconds" : 360
    },{
      "dateTime" : "2017-04-17T07:14:30.000",
      "level" : "asleep",
      "seconds" : 120
    },{
      "dateTime" : "2017-04-17T07:16:30.000",
      "level" : "restless",
      "seconds" : 60
    },{
      "dateTime" : "2017-04-17T07:17:30.000",
      "level" : "asleep",
      "seconds" : 1380
    },{
      "dateTime" : "2017-04-17T07:40:30.000",
      "level" : "restless",
      "seconds" : 180
    },{
      "dateTime" : "2017-04-17T07:43:30.000",
      "level" : "asleep",
      "seconds" : 60
    },{
      "dateTime" : "2017-04-17T07:44:30.000",
      "level" : "restless",
      "seconds" : 60
    },{
      "dateTime" : "2017-04-17T07:45:30.000",
      "level" : "asleep",
      "seconds" : 60
    }]
  },
  "mainSleep" : true
},{
  "logId" : 14387073155,
  "dateOfSleep" : "2017-04-16",
  "startTime" : "2017-04-15T22:24:30.000",
  "endTime" : "2017-04-16T06:48:30.000",
  "duration" : 30240000,
  "minutesToFallAsleep" : 0,
  "minutesAsleep" : 465,
  "minutesAwake" : 39,
  "minutesAfterWakeup" : 0,
  "timeInBed" : 504,
  "efficiency" : 92,
  "type" : "classic",
  "infoCode" : 0,
  "logType" : "auto_detected",
  "levels" : {
    "summary" : {
      "restless" : {
        "count" : 17,
        "minutes" : 37
      },
      "awake" : {
        "count" : 1,
        "minutes" : 2
      },
      "asleep" : {
        "count" : 0,
        "minutes" : 465
      }
    },
    "data" : [{
      "dateTime" : "2017-04-15T22:24:30.000",
      "level" : "asleep",
      "seconds" : 3060
    },{
      "dateTime" : "2017-04-15T23:15:30.000",
      "level" : "restless",
      "seconds" : 60
    },{
      "dateTime" : "2017-04-15T23:16:30.000",
      "level" : "asleep",
      "seconds" : 3660
    },{
      "dateTime" : "2017-04-16T00:17:30.000",
      "level" : "restless",
      "seconds" : 360
    },{
      "dateTime" : "2017-04-16T00:23:30.000",
      "level" : "asleep",
      "seconds" : 1200
    },{
      "dateTime" : "2017-04-16T00:43:30.000",
      "level" : "restless",
      "seconds" : 120
    },{
      "dateTime" : "2017-04-16T00:45:30.000",
      "level" : "asleep",
      "seconds" : 120
    },{
      "dateTime" : "2017-04-16T00:47:30.000",
      "level" : "restless",
      "seconds" : 60
    },{
      "dateTime" : "2017-04-16T00:48:30.000",
      "level" : "asleep",
      "seconds" : 2040
    },{
      "dateTime" : "2017-04-16T01:22:30.000",
      "level" : "restless",
      "seconds" : 180
    },{
      "dateTime" : "2017-04-16T01:25:30.000",
      "level" : "asleep",
      "seconds" : 60
    },{
      "dateTime" : "2017-04-16T01:26:30.000",
      "level" : "restless",
      "seconds" : 180
    },{
      "dateTime" : "2017-04-16T01:29:30.000",
      "level" : "asleep",
      "seconds" : 120
    },{
      "dateTime" : "2017-04-16T01:31:30.000",
      "level" : "restless",
      "seconds" : 120
    },{
      "dateTime" : "2017-04-16T01:33:30.000",
      "level" : "asleep",
      "seconds" : 5520
    },{
      "dateTime" : "2017-04-16T03:05:30.000",
      "level" : "restless",
      "seconds" : 120
    },{
      "dateTime" : "2017-04-16T03:07:30.000",
      "level" : "asleep",
      "seconds" : 720
    },{
      "dateTime" : "2017-04-16T03:19:30.000",
      "level" : "restless",
      "seconds" : 240
    },{
      "dateTime" : "2017-04-16T03:23:30.000",
      "level" : "awake",
      "seconds" : 120
    },{
      "dateTime" : "2017-04-16T03:25:30.000",
      "level" : "restless",
      "seconds" : 120
    },{
      "dateTime" : "2017-04-16T03:27:30.000",
      "level" : "asleep",
      "seconds" : 1620
    },{
      "dateTime" : "2017-04-16T03:54:30.000",
      "level" : "restless",
      "seconds" : 60
    },{
      "dateTime" : "2017-04-16T03:55:30.000",
      "level" : "asleep",
      "seconds" : 2820
    },{
      "dateTime" : "2017-04-16T04:42:30.000",
      "level" : "restless",
      "seconds" : 60
    },{
      "dateTime" : "2017-04-16T04:43:30.000",
      "level" : "asleep",
      "seconds" : 1800
    },{
      "dateTime" : "2017-04-16T05:13:30.000",
      "level" : "restless",
      "seconds" : 120
    },{
      "dateTime" : "2017-04-16T05:15:30.000",
      "level" : "asleep",
      "seconds" : 480
    },{
      "dateTime" : "2017-04-16T05:23:30.000",
      "level" : "restless",
      "seconds" : 120
    },{
      "dateTime" : "2017-04-16T05:25:30.000",
      "level" : "asleep",
      "seconds" : 120
    },{
      "dateTime" : "2017-04-16T05:27:30.000",
      "level" : "restless",
      "seconds" : 60
    },{
      "dateTime" : "2017-04-16T05:28:30.000",
      "level" : "asleep",
      "seconds" : 2640
    },{
      "dateTime" : "2017-04-16T06:12:30.000",
      "level" : "restless",
      "seconds" : 120
    },{
      "dateTime" : "2017-04-16T06:14:30.000",
      "level" : "asleep",
      "seconds" : 1740
    },{
      "dateTime" : "2017-04-16T06:43:30.000",
      "level" : "restless",
      "seconds" : 120
    },{
      "dateTime" : "2017-04-16T06:45:30.000",
      "level" : "asleep",
      "seconds" : 180
    }]
  },
  "mainSleep" : true
},{
  "logId" : 14357849774,
  "dateOfSleep" : "2017-04-14",
  "startTime" : "2017-04-13T23:39:30.000",
  "endTime" : "2017-04-14T07:49:00.000",
  "duration" : 29340000,
  "minutesToFallAsleep" : 0,
  "minutesAsleep" : 444,
  "minutesAwake" : 45,
  "minutesAfterWakeup" : 0,
  "timeInBed" : 489,
  "efficiency" : 91,
  "type" : "classic",
  "infoCode" : 0,
  "logType" : "auto_detected",
  "levels" : {
    "summary" : {
      "restless" : {
        "count" : 21,
        "minutes" : 38
      },
      "awake" : {
        "count" : 3,
        "minutes" : 7
      },
      "asleep" : {
        "count" : 0,
        "minutes" : 444
      }
    },
    "data" : [{
      "dateTime" : "2017-04-13T23:39:30.000",
      "level" : "asleep",
      "seconds" : 60
    },{
      "dateTime" : "2017-04-13T23:40:30.000",
      "level" : "restless",
      "seconds" : 120
    },{
      "dateTime" : "2017-04-13T23:42:30.000",
      "level" : "awake",
      "seconds" : 120
    },{
      "dateTime" : "2017-04-13T23:44:30.000",
      "level" : "restless",
      "seconds" : 60
    },{
      "dateTime" : "2017-04-13T23:45:30.000",
      "level" : "asleep",
      "seconds" : 300
    },{
      "dateTime" : "2017-04-13T23:50:30.000",
      "level" : "restless",
      "seconds" : 60
    },{
      "dateTime" : "2017-04-13T23:51:30.000",
      "level" : "asleep",
      "seconds" : 60
    },{
      "dateTime" : "2017-04-13T23:52:30.000",
      "level" : "restless",
      "seconds" : 120
    },{
      "dateTime" : "2017-04-13T23:54:30.000",
      "level" : "awake",
      "seconds" : 60
    },{
      "dateTime" : "2017-04-13T23:55:30.000",
      "level" : "asleep",
      "seconds" : 480
    },{
      "dateTime" : "2017-04-14T00:03:30.000",
      "level" : "restless",
      "seconds" : 60
    },{
      "dateTime" : "2017-04-14T00:04:30.000",
      "level" : "asleep",
      "seconds" : 2400
    },{
      "dateTime" : "2017-04-14T00:44:30.000",
      "level" : "restless",
      "seconds" : 120
    },{
      "dateTime" : "2017-04-14T00:46:30.000",
      "level" : "asleep",
      "seconds" : 120
    },{
      "dateTime" : "2017-04-14T00:48:30.000",
      "level" : "restless",
      "seconds" : 120
    },{
      "dateTime" : "2017-04-14T00:50:30.000",
      "level" : "asleep",
      "seconds" : 1440
    },{
      "dateTime" : "2017-04-14T01:14:30.000",
      "level" : "restless",
      "seconds" : 60
    },{
      "dateTime" : "2017-04-14T01:15:30.000",
      "level" : "asleep",
      "seconds" : 1500
    },{
      "dateTime" : "2017-04-14T01:40:30.000",
      "level" : "restless",
      "seconds" : 120
    },{
      "dateTime" : "2017-04-14T01:42:30.000",
      "level" : "asleep",
      "seconds" : 120
    },{
      "dateTime" : "2017-04-14T01:44:30.000",
      "level" : "restless",
      "seconds" : 120
    },{
      "dateTime" : "2017-04-14T01:46:30.000",
      "level" : "asleep",
      "seconds" : 1020
    },{
      "dateTime" : "2017-04-14T02:03:30.000",
      "level" : "restless",
      "seconds" : 60
    },{
      "dateTime" : "2017-04-14T02:04:30.000",
      "level" : "asleep",
      "seconds" : 180
    },{
      "dateTime" : "2017-04-14T02:07:30.000",
      "level" : "restless",
      "seconds" : 60
    },{
      "dateTime" : "2017-04-14T02:08:30.000",
      "level" : "asleep",
      "seconds" : 3120
    },{
      "dateTime" : "2017-04-14T03:00:30.000",
      "level" : "restless",
      "seconds" : 60
    },{
      "dateTime" : "2017-04-14T03:01:30.000",
      "level" : "asleep",
      "seconds" : 60
    },{
      "dateTime" : "2017-04-14T03:02:30.000",
      "level" : "restless",
      "seconds" : 120
    },{
      "dateTime" : "2017-04-14T03:04:30.000",
      "level" : "asleep",
      "seconds" : 2820
    },{
      "dateTime" : "2017-04-14T03:51:30.000",
      "level" : "restless",
      "seconds" : 180
    },{
      "dateTime" : "2017-04-14T03:54:30.000",
      "level" : "asleep",
      "seconds" : 60
    },{
      "dateTime" : "2017-04-14T03:55:30.000",
      "level" : "restless",
      "seconds" : 60
    },{
      "dateTime" : "2017-04-14T03:56:30.000",
      "level" : "asleep",
      "seconds" : 6840
    },{
      "dateTime" : "2017-04-14T05:50:30.000",
      "level" : "restless",
      "seconds" : 60
    },{
      "dateTime" : "2017-04-14T05:51:30.000",
      "level" : "asleep",
      "seconds" : 4320
    },{
      "dateTime" : "2017-04-14T07:03:30.000",
      "level" : "restless",
      "seconds" : 240
    },{
      "dateTime" : "2017-04-14T07:07:30.000",
      "level" : "asleep",
      "seconds" : 60
    },{
      "dateTime" : "2017-04-14T07:08:30.000",
      "level" : "restless",
      "seconds" : 120
    },{
      "dateTime" : "2017-04-14T07:10:30.000",
      "level" : "asleep",
      "seconds" : 1380
    },{
      "dateTime" : "2017-04-14T07:33:30.000",
      "level" : "restless",
      "seconds" : 240
    },{
      "dateTime" : "2017-04-14T07:37:30.000",
      "level" : "awake",
      "seconds" : 240
    },{
      "dateTime" : "2017-04-14T07:41:30.000",
      "level" : "restless",
      "seconds" : 120
    },{
      "dateTime" : "2017-04-14T07:43:30.000",
      "level" : "asleep",
      "seconds" : 300
    }]
  },
  "mainSleep" : true
},{
  "logId" : 14357849773,
  "dateOfSleep" : "2017-04-13",
  "startTime" : "2017-04-12T23:48:00.000",
  "endTime" : "2017-04-13T08:08:30.000",
  "duration" : 30000000,
  "minutesToFallAsleep" : 0,
  "minutesAsleep" : 463,
  "minutesAwake" : 37,
  "minutesAfterWakeup" : 0,
  "timeInBed" : 500,
  "efficiency" : 93,
  "type" : "classic",
  "infoCode" : 0,
  "logType" : "auto_detected",
  "levels" : {
    "summary" : {
      "restless" : {
        "count" : 26,
        "minutes" : 37
      },
      "awake" : {
        "count" : 0,
        "minutes" : 0
      },
      "asleep" : {
        "count" : 0,
        "minutes" : 463
      }
    },
    "data" : [{
      "dateTime" : "2017-04-12T23:48:00.000",
      "level" : "restless",
      "seconds" : 120
    },{
      "dateTime" : "2017-04-12T23:50:00.000",
      "level" : "asleep",
      "seconds" : 1440
    },{
      "dateTime" : "2017-04-13T00:14:00.000",
      "level" : "restless",
      "seconds" : 60
    },{
      "dateTime" : "2017-04-13T00:15:00.000",
      "level" : "asleep",
      "seconds" : 120
    },{
      "dateTime" : "2017-04-13T00:17:00.000",
      "level" : "restless",
      "seconds" : 60
    },{
      "dateTime" : "2017-04-13T00:18:00.000",
      "level" : "asleep",
      "seconds" : 180
    },{
      "dateTime" : "2017-04-13T00:21:00.000",
      "level" : "restless",
      "seconds" : 60
    },{
      "dateTime" : "2017-04-13T00:22:00.000",
      "level" : "asleep",
      "seconds" : 2400
    },{
      "dateTime" : "2017-04-13T01:02:00.000",
      "level" : "restless",
      "seconds" : 120
    },{
      "dateTime" : "2017-04-13T01:04:00.000",
      "level" : "asleep",
      "seconds" : 3900
    },{
      "dateTime" : "2017-04-13T02:09:00.000",
      "level" : "restless",
      "seconds" : 60
    },{
      "dateTime" : "2017-04-13T02:10:00.000",
      "level" : "asleep",
      "seconds" : 60
    },{
      "dateTime" : "2017-04-13T02:11:00.000",
      "level" : "restless",
      "seconds" : 60
    },{
      "dateTime" : "2017-04-13T02:12:00.000",
      "level" : "asleep",
      "seconds" : 900
    },{
      "dateTime" : "2017-04-13T02:27:00.000",
      "level" : "restless",
      "seconds" : 60
    },{
      "dateTime" : "2017-04-13T02:28:00.000",
      "level" : "asleep",
      "seconds" : 300
    },{
      "dateTime" : "2017-04-13T02:33:00.000",
      "level" : "restless",
      "seconds" : 60
    },{
      "dateTime" : "2017-04-13T02:34:00.000",
      "level" : "asleep",
      "seconds" : 7380
    },{
      "dateTime" : "2017-04-13T04:37:00.000",
      "level" : "restless",
      "seconds" : 60
    },{
      "dateTime" : "2017-04-13T04:38:00.000",
      "level" : "asleep",
      "seconds" : 60
    },{
      "dateTime" : "2017-04-13T04:39:00.000",
      "level" : "restless",
      "seconds" : 120
    },{
      "dateTime" : "2017-04-13T04:41:00.000",
      "level" : "asleep",
      "seconds" : 780
    },{
      "dateTime" : "2017-04-13T04:54:00.000",
      "level" : "restless",
      "seconds" : 120
    },{
      "dateTime" : "2017-04-13T04:56:00.000",
      "level" : "asleep",
      "seconds" : 120
    },{
      "dateTime" : "2017-04-13T04:58:00.000",
      "level" : "restless",
      "seconds" : 120
    },{
      "dateTime" : "2017-04-13T05:00:00.000",
      "level" : "asleep",
      "seconds" : 480
    },{
      "dateTime" : "2017-04-13T05:08:00.000",
      "level" : "restless",
      "seconds" : 120
    },{
      "dateTime" : "2017-04-13T05:10:00.000",
      "level" : "asleep",
      "seconds" : 180
    },{
      "dateTime" : "2017-04-13T05:13:00.000",
      "level" : "restless",
      "seconds" : 60
    },{
      "dateTime" : "2017-04-13T05:14:00.000",
      "level" : "asleep",
      "seconds" : 1740
    },{
      "dateTime" : "2017-04-13T05:43:00.000",
      "level" : "restless",
      "seconds" : 60
    },{
      "dateTime" : "2017-04-13T05:44:00.000",
      "level" : "asleep",
      "seconds" : 1380
    },{
      "dateTime" : "2017-04-13T06:07:00.000",
      "level" : "restless",
      "seconds" : 60
    },{
      "dateTime" : "2017-04-13T06:08:00.000",
      "level" : "asleep",
      "seconds" : 600
    },{
      "dateTime" : "2017-04-13T06:18:00.000",
      "level" : "restless",
      "seconds" : 60
    },{
      "dateTime" : "2017-04-13T06:19:00.000",
      "level" : "asleep",
      "seconds" : 180
    },{
      "dateTime" : "2017-04-13T06:22:00.000",
      "level" : "restless",
      "seconds" : 60
    },{
      "dateTime" : "2017-04-13T06:23:00.000",
      "level" : "asleep",
      "seconds" : 300
    },{
      "dateTime" : "2017-04-13T06:28:00.000",
      "level" : "restless",
      "seconds" : 60
    },{
      "dateTime" : "2017-04-13T06:29:00.000",
      "level" : "asleep",
      "seconds" : 1860
    },{
      "dateTime" : "2017-04-13T07:00:00.000",
      "level" : "restless",
      "seconds" : 120
    },{
      "dateTime" : "2017-04-13T07:02:00.000",
      "level" : "asleep",
      "seconds" : 60
    },{
      "dateTime" : "2017-04-13T07:03:00.000",
      "level" : "restless",
      "seconds" : 180
    },{
      "dateTime" : "2017-04-13T07:06:00.000",
      "level" : "asleep",
      "seconds" : 60
    },{
      "dateTime" : "2017-04-13T07:07:00.000",
      "level" : "restless",
      "seconds" : 60
    },{
      "dateTime" : "2017-04-13T07:08:00.000",
      "level" : "asleep",
      "seconds" : 1560
    },{
      "dateTime" : "2017-04-13T07:34:00.000",
      "level" : "restless",
      "seconds" : 60
    },{
      "dateTime" : "2017-04-13T07:35:00.000",
      "level" : "asleep",
      "seconds" : 1320
    },{
      "dateTime" : "2017-04-13T07:57:00.000",
      "level" : "restless",
      "seconds" : 120
    },{
      "dateTime" : "2017-04-13T07:59:00.000",
      "level" : "asleep",
      "seconds" : 120
    },{
      "dateTime" : "2017-04-13T08:01:00.000",
      "level" : "restless",
      "seconds" : 120
    },{
      "dateTime" : "2017-04-13T08:03:00.000",
      "level" : "asleep",
      "seconds" : 300
    }]
  },
  "mainSleep" : true
},{
  "logId" : 14329614968,
  "dateOfSleep" : "2017-04-11",
  "startTime" : "2017-04-11T01:18:30.000",
  "endTime" : "2017-04-11T08:45:00.000",
  "duration" : 26760000,
  "minutesToFallAsleep" : 0,
  "minutesAsleep" : 415,
  "minutesAwake" : 31,
  "minutesAfterWakeup" : 0,
  "timeInBed" : 446,
  "efficiency" : 93,
  "type" : "classic",
  "infoCode" : 0,
  "logType" : "auto_detected",
  "levels" : {
    "summary" : {
      "restless" : {
        "count" : 12,
        "minutes" : 31
      },
      "awake" : {
        "count" : 0,
        "minutes" : 0
      },
      "asleep" : {
        "count" : 0,
        "minutes" : 415
      }
    },
    "data" : [{
      "dateTime" : "2017-04-11T01:18:30.000",
      "level" : "asleep",
      "seconds" : 1260
    },{
      "dateTime" : "2017-04-11T01:39:30.000",
      "level" : "restless",
      "seconds" : 120
    },{
      "dateTime" : "2017-04-11T01:41:30.000",
      "level" : "asleep",
      "seconds" : 60
    },{
      "dateTime" : "2017-04-11T01:42:30.000",
      "level" : "restless",
      "seconds" : 120
    },{
      "dateTime" : "2017-04-11T01:44:30.000",
      "level" : "asleep",
      "seconds" : 1500
    },{
      "dateTime" : "2017-04-11T02:09:30.000",
      "level" : "restless",
      "seconds" : 420
    },{
      "dateTime" : "2017-04-11T02:16:30.000",
      "level" : "asleep",
      "seconds" : 6360
    },{
      "dateTime" : "2017-04-11T04:02:30.000",
      "level" : "restless",
      "seconds" : 180
    },{
      "dateTime" : "2017-04-11T04:05:30.000",
      "level" : "asleep",
      "seconds" : 1500
    },{
      "dateTime" : "2017-04-11T04:30:30.000",
      "level" : "restless",
      "seconds" : 60
    },{
      "dateTime" : "2017-04-11T04:31:30.000",
      "level" : "asleep",
      "seconds" : 1920
    },{
      "dateTime" : "2017-04-11T05:03:30.000",
      "level" : "restless",
      "seconds" : 60
    },{
      "dateTime" : "2017-04-11T05:04:30.000",
      "level" : "asleep",
      "seconds" : 3120
    },{
      "dateTime" : "2017-04-11T05:56:30.000",
      "level" : "restless",
      "seconds" : 60
    },{
      "dateTime" : "2017-04-11T05:57:30.000",
      "level" : "asleep",
      "seconds" : 1860
    },{
      "dateTime" : "2017-04-11T06:28:30.000",
      "level" : "restless",
      "seconds" : 180
    },{
      "dateTime" : "2017-04-11T06:31:30.000",
      "level" : "asleep",
      "seconds" : 1920
    },{
      "dateTime" : "2017-04-11T07:03:30.000",
      "level" : "restless",
      "seconds" : 120
    },{
      "dateTime" : "2017-04-11T07:05:30.000",
      "level" : "asleep",
      "seconds" : 2100
    },{
      "dateTime" : "2017-04-11T07:40:30.000",
      "level" : "restless",
      "seconds" : 120
    },{
      "dateTime" : "2017-04-11T07:42:30.000",
      "level" : "asleep",
      "seconds" : 2640
    },{
      "dateTime" : "2017-04-11T08:26:30.000",
      "level" : "restless",
      "seconds" : 360
    },{
      "dateTime" : "2017-04-11T08:32:30.000",
      "level" : "asleep",
      "seconds" : 360
    },{
      "dateTime" : "2017-04-11T08:38:30.000",
      "level" : "restless",
      "seconds" : 60
    },{
      "dateTime" : "2017-04-11T08:39:30.000",
      "level" : "asleep",
      "seconds" : 300
    }]
  },
  "mainSleep" : true
},{
  "logId" : 14320297047,
  "dateOfSleep" : "2017-04-10",
  "startTime" : "2017-04-10T00:33:00.000",
  "endTime" : "2017-04-10T08:42:00.000",
  "duration" : 29340000,
  "minutesToFallAsleep" : 0,
  "minutesAsleep" : 470,
  "minutesAwake" : 19,
  "minutesAfterWakeup" : 0,
  "timeInBed" : 489,
  "efficiency" : 96,
  "type" : "classic",
  "infoCode" : 0,
  "logType" : "auto_detected",
  "levels" : {
    "summary" : {
      "restless" : {
        "count" : 12,
        "minutes" : 19
      },
      "awake" : {
        "count" : 0,
        "minutes" : 0
      },
      "asleep" : {
        "count" : 0,
        "minutes" : 470
      }
    },
    "data" : [{
      "dateTime" : "2017-04-10T00:33:00.000",
      "level" : "asleep",
      "seconds" : 1080
    },{
      "dateTime" : "2017-04-10T00:51:00.000",
      "level" : "restless",
      "seconds" : 60
    },{
      "dateTime" : "2017-04-10T00:52:00.000",
      "level" : "asleep",
      "seconds" : 2640
    },{
      "dateTime" : "2017-04-10T01:36:00.000",
      "level" : "restless",
      "seconds" : 60
    },{
      "dateTime" : "2017-04-10T01:37:00.000",
      "level" : "asleep",
      "seconds" : 120
    },{
      "dateTime" : "2017-04-10T01:39:00.000",
      "level" : "restless",
      "seconds" : 180
    },{
      "dateTime" : "2017-04-10T01:42:00.000",
      "level" : "asleep",
      "seconds" : 5040
    },{
      "dateTime" : "2017-04-10T03:06:00.000",
      "level" : "restless",
      "seconds" : 60
    },{
      "dateTime" : "2017-04-10T03:07:00.000",
      "level" : "asleep",
      "seconds" : 4860
    },{
      "dateTime" : "2017-04-10T04:28:00.000",
      "level" : "restless",
      "seconds" : 60
    },{
      "dateTime" : "2017-04-10T04:29:00.000",
      "level" : "asleep",
      "seconds" : 1860
    },{
      "dateTime" : "2017-04-10T05:00:00.000",
      "level" : "restless",
      "seconds" : 60
    },{
      "dateTime" : "2017-04-10T05:01:00.000",
      "level" : "asleep",
      "seconds" : 120
    },{
      "dateTime" : "2017-04-10T05:03:00.000",
      "level" : "restless",
      "seconds" : 120
    },{
      "dateTime" : "2017-04-10T05:05:00.000",
      "level" : "asleep",
      "seconds" : 120
    },{
      "dateTime" : "2017-04-10T05:07:00.000",
      "level" : "restless",
      "seconds" : 60
    },{
      "dateTime" : "2017-04-10T05:08:00.000",
      "level" : "asleep",
      "seconds" : 1980
    },{
      "dateTime" : "2017-04-10T05:41:00.000",
      "level" : "restless",
      "seconds" : 60
    },{
      "dateTime" : "2017-04-10T05:42:00.000",
      "level" : "asleep",
      "seconds" : 180
    },{
      "dateTime" : "2017-04-10T05:45:00.000",
      "level" : "restless",
      "seconds" : 60
    },{
      "dateTime" : "2017-04-10T05:46:00.000",
      "level" : "asleep",
      "seconds" : 5520
    },{
      "dateTime" : "2017-04-10T07:18:00.000",
      "level" : "restless",
      "seconds" : 300
    },{
      "dateTime" : "2017-04-10T07:23:00.000",
      "level" : "asleep",
      "seconds" : 4560
    },{
      "dateTime" : "2017-04-10T08:39:00.000",
      "level" : "restless",
      "seconds" : 60
    },{
      "dateTime" : "2017-04-10T08:40:00.000",
      "level" : "asleep",
      "seconds" : 120
    }]
  },
  "mainSleep" : true
},{
  "logId" : 14309012776,
  "dateOfSleep" : "2017-04-09",
  "startTime" : "2017-04-09T01:18:30.000",
  "endTime" : "2017-04-09T08:59:30.000",
  "duration" : 27660000,
  "minutesToFallAsleep" : 0,
  "minutesAsleep" : 444,
  "minutesAwake" : 17,
  "minutesAfterWakeup" : 0,
  "timeInBed" : 461,
  "efficiency" : 96,
  "type" : "classic",
  "infoCode" : 0,
  "logType" : "auto_detected",
  "levels" : {
    "summary" : {
      "restless" : {
        "count" : 8,
        "minutes" : 13
      },
      "awake" : {
        "count" : 1,
        "minutes" : 4
      },
      "asleep" : {
        "count" : 0,
        "minutes" : 444
      }
    },
    "data" : [{
      "dateTime" : "2017-04-09T01:18:30.000",
      "level" : "awake",
      "seconds" : 240
    },{
      "dateTime" : "2017-04-09T01:22:30.000",
      "level" : "restless",
      "seconds" : 60
    },{
      "dateTime" : "2017-04-09T01:23:30.000",
      "level" : "asleep",
      "seconds" : 11820
    },{
      "dateTime" : "2017-04-09T04:40:30.000",
      "level" : "restless",
      "seconds" : 60
    },{
      "dateTime" : "2017-04-09T04:41:30.000",
      "level" : "asleep",
      "seconds" : 2340
    },{
      "dateTime" : "2017-04-09T05:20:30.000",
      "level" : "restless",
      "seconds" : 120
    },{
      "dateTime" : "2017-04-09T05:22:30.000",
      "level" : "asleep",
      "seconds" : 1380
    },{
      "dateTime" : "2017-04-09T05:45:30.000",
      "level" : "restless",
      "seconds" : 120
    },{
      "dateTime" : "2017-04-09T05:47:30.000",
      "level" : "asleep",
      "seconds" : 120
    },{
      "dateTime" : "2017-04-09T05:49:30.000",
      "level" : "restless",
      "seconds" : 120
    },{
      "dateTime" : "2017-04-09T05:51:30.000",
      "level" : "asleep",
      "seconds" : 1620
    },{
      "dateTime" : "2017-04-09T06:18:30.000",
      "level" : "restless",
      "seconds" : 60
    },{
      "dateTime" : "2017-04-09T06:19:30.000",
      "level" : "asleep",
      "seconds" : 840
    },{
      "dateTime" : "2017-04-09T06:33:30.000",
      "level" : "restless",
      "seconds" : 120
    },{
      "dateTime" : "2017-04-09T06:35:30.000",
      "level" : "asleep",
      "seconds" : 120
    },{
      "dateTime" : "2017-04-09T06:37:30.000",
      "level" : "restless",
      "seconds" : 120
    },{
      "dateTime" : "2017-04-09T06:39:30.000",
      "level" : "asleep",
      "seconds" : 8400
    }]
  },
  "mainSleep" : true
},{
  "logId" : 14301708423,
  "dateOfSleep" : "2017-04-08",
  "startTime" : "2017-04-08T14:25:00.000",
  "endTime" : "2017-04-08T15:30:00.000",
  "duration" : 3900000,
  "minutesToFallAsleep" : 0,
  "minutesAsleep" : 60,
  "minutesAwake" : 5,
  "minutesAfterWakeup" : 0,
  "timeInBed" : 65,
  "efficiency" : 92,
  "type" : "classic",
  "infoCode" : 0,
  "logType" : "auto_detected",
  "levels" : {
    "summary" : {
      "restless" : {
        "count" : 2,
        "minutes" : 5
      },
      "awake" : {
        "count" : 0,
        "minutes" : 0
      },
      "asleep" : {
        "count" : 0,
        "minutes" : 60
      }
    },
    "data" : [{
      "dateTime" : "2017-04-08T14:25:00.000",
      "level" : "asleep",
      "seconds" : 2220
    },{
      "dateTime" : "2017-04-08T15:02:00.000",
      "level" : "restless",
      "seconds" : 120
    },{
      "dateTime" : "2017-04-08T15:04:00.000",
      "level" : "asleep",
      "seconds" : 900
    },{
      "dateTime" : "2017-04-08T15:19:00.000",
      "level" : "restless",
      "seconds" : 180
    },{
      "dateTime" : "2017-04-08T15:22:00.000",
      "level" : "asleep",
      "seconds" : 480
    }]
  },
  "mainSleep" : false
},{
  "logId" : 14299937307,
  "dateOfSleep" : "2017-04-08",
  "startTime" : "2017-04-08T02:43:00.000",
  "endTime" : "2017-04-08T08:32:00.000",
  "duration" : 20940000,
  "minutesToFallAsleep" : 0,
  "minutesAsleep" : 332,
  "minutesAwake" : 17,
  "minutesAfterWakeup" : 0,
  "timeInBed" : 349,
  "efficiency" : 95,
  "type" : "classic",
  "infoCode" : 0,
  "logType" : "auto_detected",
  "levels" : {
    "summary" : {
      "restless" : {
        "count" : 11,
        "minutes" : 15
      },
      "awake" : {
        "count" : 1,
        "minutes" : 2
      },
      "asleep" : {
        "count" : 0,
        "minutes" : 332
      }
    },
    "data" : [{
      "dateTime" : "2017-04-08T02:43:00.000",
      "level" : "restless",
      "seconds" : 120
    },{
      "dateTime" : "2017-04-08T02:45:00.000",
      "level" : "awake",
      "seconds" : 120
    },{
      "dateTime" : "2017-04-08T02:47:00.000",
      "level" : "restless",
      "seconds" : 60
    },{
      "dateTime" : "2017-04-08T02:48:00.000",
      "level" : "asleep",
      "seconds" : 2340
    },{
      "dateTime" : "2017-04-08T03:27:00.000",
      "level" : "restless",
      "seconds" : 60
    },{
      "dateTime" : "2017-04-08T03:28:00.000",
      "level" : "asleep",
      "seconds" : 3840
    },{
      "dateTime" : "2017-04-08T04:32:00.000",
      "level" : "restless",
      "seconds" : 60
    },{
      "dateTime" : "2017-04-08T04:33:00.000",
      "level" : "asleep",
      "seconds" : 2220
    },{
      "dateTime" : "2017-04-08T05:10:00.000",
      "level" : "restless",
      "seconds" : 60
    },{
      "dateTime" : "2017-04-08T05:11:00.000",
      "level" : "asleep",
      "seconds" : 180
    },{
      "dateTime" : "2017-04-08T05:14:00.000",
      "level" : "restless",
      "seconds" : 60
    },{
      "dateTime" : "2017-04-08T05:15:00.000",
      "level" : "asleep",
      "seconds" : 1020
    },{
      "dateTime" : "2017-04-08T05:32:00.000",
      "level" : "restless",
      "seconds" : 180
    },{
      "dateTime" : "2017-04-08T05:35:00.000",
      "level" : "asleep",
      "seconds" : 7140
    },{
      "dateTime" : "2017-04-08T07:34:00.000",
      "level" : "restless",
      "seconds" : 60
    },{
      "dateTime" : "2017-04-08T07:35:00.000",
      "level" : "asleep",
      "seconds" : 120
    },{
      "dateTime" : "2017-04-08T07:37:00.000",
      "level" : "restless",
      "seconds" : 120
    },{
      "dateTime" : "2017-04-08T07:39:00.000",
      "level" : "asleep",
      "seconds" : 2520
    },{
      "dateTime" : "2017-04-08T08:21:00.000",
      "level" : "restless",
      "seconds" : 60
    },{
      "dateTime" : "2017-04-08T08:22:00.000",
      "level" : "asleep",
      "seconds" : 120
    },{
      "dateTime" : "2017-04-08T08:24:00.000",
      "level" : "restless",
      "seconds" : 60
    },{
      "dateTime" : "2017-04-08T08:25:00.000",
      "level" : "asleep",
      "seconds" : 420
    }]
  },
  "mainSleep" : true
},{
  "logId" : 14290963011,
  "dateOfSleep" : "2017-04-07",
  "startTime" : "2017-04-07T01:13:30.000",
  "endTime" : "2017-04-07T09:05:30.000",
  "duration" : 28320000,
  "minutesToFallAsleep" : 0,
  "minutesAsleep" : 456,
  "minutesAwake" : 16,
  "minutesAfterWakeup" : 0,
  "timeInBed" : 472,
  "efficiency" : 97,
  "type" : "classic",
  "infoCode" : 0,
  "logType" : "auto_detected",
  "levels" : {
    "summary" : {
      "restless" : {
        "count" : 10,
        "minutes" : 16
      },
      "awake" : {
        "count" : 0,
        "minutes" : 0
      },
      "asleep" : {
        "count" : 0,
        "minutes" : 456
      }
    },
    "data" : [{
      "dateTime" : "2017-04-07T01:13:30.000",
      "level" : "asleep",
      "seconds" : 240
    },{
      "dateTime" : "2017-04-07T01:17:30.000",
      "level" : "restless",
      "seconds" : 60
    },{
      "dateTime" : "2017-04-07T01:18:30.000",
      "level" : "asleep",
      "seconds" : 7800
    },{
      "dateTime" : "2017-04-07T03:28:30.000",
      "level" : "restless",
      "seconds" : 120
    },{
      "dateTime" : "2017-04-07T03:30:30.000",
      "level" : "asleep",
      "seconds" : 6060
    },{
      "dateTime" : "2017-04-07T05:11:30.000",
      "level" : "restless",
      "seconds" : 60
    },{
      "dateTime" : "2017-04-07T05:12:30.000",
      "level" : "asleep",
      "seconds" : 840
    },{
      "dateTime" : "2017-04-07T05:26:30.000",
      "level" : "restless",
      "seconds" : 120
    },{
      "dateTime" : "2017-04-07T05:28:30.000",
      "level" : "asleep",
      "seconds" : 840
    },{
      "dateTime" : "2017-04-07T05:42:30.000",
      "level" : "restless",
      "seconds" : 60
    },{
      "dateTime" : "2017-04-07T05:43:30.000",
      "level" : "asleep",
      "seconds" : 2220
    },{
      "dateTime" : "2017-04-07T06:20:30.000",
      "level" : "restless",
      "seconds" : 60
    },{
      "dateTime" : "2017-04-07T06:21:30.000",
      "level" : "asleep",
      "seconds" : 660
    },{
      "dateTime" : "2017-04-07T06:32:30.000",
      "level" : "restless",
      "seconds" : 60
    },{
      "dateTime" : "2017-04-07T06:33:30.000",
      "level" : "asleep",
      "seconds" : 1800
    },{
      "dateTime" : "2017-04-07T07:03:30.000",
      "level" : "restless",
      "seconds" : 60
    },{
      "dateTime" : "2017-04-07T07:04:30.000",
      "level" : "asleep",
      "seconds" : 540
    },{
      "dateTime" : "2017-04-07T07:13:30.000",
      "level" : "restless",
      "seconds" : 60
    },{
      "dateTime" : "2017-04-07T07:14:30.000",
      "level" : "asleep",
      "seconds" : 3060
    },{
      "dateTime" : "2017-04-07T08:05:30.000",
      "level" : "restless",
      "seconds" : 300
    },{
      "dateTime" : "2017-04-07T08:10:30.000",
      "level" : "asleep",
      "seconds" : 3300
    }]
  },
  "mainSleep" : true
},{
  "logId" : 14280468067,
  "dateOfSleep" : "2017-04-06",
  "startTime" : "2017-04-06T03:20:00.000",
  "endTime" : "2017-04-06T06:28:30.000",
  "duration" : 11280000,
  "minutesToFallAsleep" : 0,
  "minutesAsleep" : 166,
  "minutesAwake" : 22,
  "minutesAfterWakeup" : 0,
  "timeInBed" : 188,
  "efficiency" : 88,
  "type" : "classic",
  "infoCode" : 0,
  "logType" : "auto_detected",
  "levels" : {
    "summary" : {
      "restless" : {
        "count" : 10,
        "minutes" : 22
      },
      "awake" : {
        "count" : 0,
        "minutes" : 0
      },
      "asleep" : {
        "count" : 0,
        "minutes" : 166
      }
    },
    "data" : [{
      "dateTime" : "2017-04-06T03:20:00.000",
      "level" : "asleep",
      "seconds" : 120
    },{
      "dateTime" : "2017-04-06T03:22:00.000",
      "level" : "restless",
      "seconds" : 60
    },{
      "dateTime" : "2017-04-06T03:23:00.000",
      "level" : "asleep",
      "seconds" : 180
    },{
      "dateTime" : "2017-04-06T03:26:00.000",
      "level" : "restless",
      "seconds" : 120
    },{
      "dateTime" : "2017-04-06T03:28:00.000",
      "level" : "asleep",
      "seconds" : 120
    },{
      "dateTime" : "2017-04-06T03:30:00.000",
      "level" : "restless",
      "seconds" : 120
    },{
      "dateTime" : "2017-04-06T03:32:00.000",
      "level" : "asleep",
      "seconds" : 3660
    },{
      "dateTime" : "2017-04-06T04:33:00.000",
      "level" : "restless",
      "seconds" : 120
    },{
      "dateTime" : "2017-04-06T04:35:00.000",
      "level" : "asleep",
      "seconds" : 120
    },{
      "dateTime" : "2017-04-06T04:37:00.000",
      "level" : "restless",
      "seconds" : 120
    },{
      "dateTime" : "2017-04-06T04:39:00.000",
      "level" : "asleep",
      "seconds" : 1260
    },{
      "dateTime" : "2017-04-06T05:00:00.000",
      "level" : "restless",
      "seconds" : 300
    },{
      "dateTime" : "2017-04-06T05:05:00.000",
      "level" : "asleep",
      "seconds" : 60
    },{
      "dateTime" : "2017-04-06T05:06:00.000",
      "level" : "restless",
      "seconds" : 120
    },{
      "dateTime" : "2017-04-06T05:08:00.000",
      "level" : "asleep",
      "seconds" : 60
    },{
      "dateTime" : "2017-04-06T05:09:00.000",
      "level" : "restless",
      "seconds" : 120
    },{
      "dateTime" : "2017-04-06T05:11:00.000",
      "level" : "asleep",
      "seconds" : 1560
    },{
      "dateTime" : "2017-04-06T05:37:00.000",
      "level" : "restless",
      "seconds" : 60
    },{
      "dateTime" : "2017-04-06T05:38:00.000",
      "level" : "asleep",
      "seconds" : 60
    },{
      "dateTime" : "2017-04-06T05:39:00.000",
      "level" : "restless",
      "seconds" : 180
    },{
      "dateTime" : "2017-04-06T05:42:00.000",
      "level" : "asleep",
      "seconds" : 2760
    }]
  },
  "mainSleep" : true
},{
  "logId" : 14271587648,
  "dateOfSleep" : "2017-04-05",
  "startTime" : "2017-04-05T03:58:00.000",
  "endTime" : "2017-04-05T08:35:30.000",
  "duration" : 16620000,
  "minutesToFallAsleep" : 0,
  "minutesAsleep" : 253,
  "minutesAwake" : 24,
  "minutesAfterWakeup" : 0,
  "timeInBed" : 277,
  "efficiency" : 91,
  "type" : "classic",
  "infoCode" : 0,
  "logType" : "auto_detected",
  "levels" : {
    "summary" : {
      "restless" : {
        "count" : 10,
        "minutes" : 20
      },
      "awake" : {
        "count" : 2,
        "minutes" : 4
      },
      "asleep" : {
        "count" : 0,
        "minutes" : 253
      }
    },
    "data" : [{
      "dateTime" : "2017-04-05T03:58:00.000",
      "level" : "asleep",
      "seconds" : 240
    },{
      "dateTime" : "2017-04-05T04:02:00.000",
      "level" : "restless",
      "seconds" : 240
    },{
      "dateTime" : "2017-04-05T04:06:00.000",
      "level" : "awake",
      "seconds" : 180
    },{
      "dateTime" : "2017-04-05T04:09:00.000",
      "level" : "restless",
      "seconds" : 60
    },{
      "dateTime" : "2017-04-05T04:10:00.000",
      "level" : "awake",
      "seconds" : 60
    },{
      "dateTime" : "2017-04-05T04:11:00.000",
      "level" : "restless",
      "seconds" : 60
    },{
      "dateTime" : "2017-04-05T04:12:00.000",
      "level" : "asleep",
      "seconds" : 2100
    },{
      "dateTime" : "2017-04-05T04:47:00.000",
      "level" : "restless",
      "seconds" : 120
    },{
      "dateTime" : "2017-04-05T04:49:00.000",
      "level" : "asleep",
      "seconds" : 120
    },{
      "dateTime" : "2017-04-05T04:51:00.000",
      "level" : "restless",
      "seconds" : 120
    },{
      "dateTime" : "2017-04-05T04:53:00.000",
      "level" : "asleep",
      "seconds" : 3000
    },{
      "dateTime" : "2017-04-05T05:43:00.000",
      "level" : "restless",
      "seconds" : 60
    },{
      "dateTime" : "2017-04-05T05:44:00.000",
      "level" : "asleep",
      "seconds" : 2100
    },{
      "dateTime" : "2017-04-05T06:19:00.000",
      "level" : "restless",
      "seconds" : 180
    },{
      "dateTime" : "2017-04-05T06:22:00.000",
      "level" : "asleep",
      "seconds" : 60
    },{
      "dateTime" : "2017-04-05T06:23:00.000",
      "level" : "restless",
      "seconds" : 180
    },{
      "dateTime" : "2017-04-05T06:26:00.000",
      "level" : "asleep",
      "seconds" : 5760
    },{
      "dateTime" : "2017-04-05T08:02:00.000",
      "level" : "restless",
      "seconds" : 120
    },{
      "dateTime" : "2017-04-05T08:04:00.000",
      "level" : "asleep",
      "seconds" : 120
    },{
      "dateTime" : "2017-04-05T08:06:00.000",
      "level" : "restless",
      "seconds" : 60
    },{
      "dateTime" : "2017-04-05T08:07:00.000",
      "level" : "asleep",
      "seconds" : 1680
    }]
  },
  "mainSleep" : true
},{
  "logId" : 14261246417,
  "dateOfSleep" : "2017-04-04",
  "startTime" : "2017-04-03T23:09:00.000",
  "endTime" : "2017-04-04T08:14:00.000",
  "duration" : 32700000,
  "minutesToFallAsleep" : 0,
  "minutesAsleep" : 484,
  "minutesAwake" : 61,
  "minutesAfterWakeup" : 0,
  "timeInBed" : 545,
  "efficiency" : 89,
  "type" : "classic",
  "infoCode" : 0,
  "logType" : "auto_detected",
  "levels" : {
    "summary" : {
      "restless" : {
        "count" : 22,
        "minutes" : 48
      },
      "awake" : {
        "count" : 6,
        "minutes" : 13
      },
      "asleep" : {
        "count" : 0,
        "minutes" : 484
      }
    },
    "data" : [{
      "dateTime" : "2017-04-03T23:09:00.000",
      "level" : "awake",
      "seconds" : 120
    },{
      "dateTime" : "2017-04-03T23:11:00.000",
      "level" : "restless",
      "seconds" : 60
    },{
      "dateTime" : "2017-04-03T23:12:00.000",
      "level" : "asleep",
      "seconds" : 300
    },{
      "dateTime" : "2017-04-03T23:17:00.000",
      "level" : "restless",
      "seconds" : 60
    },{
      "dateTime" : "2017-04-03T23:18:00.000",
      "level" : "asleep",
      "seconds" : 120
    },{
      "dateTime" : "2017-04-03T23:20:00.000",
      "level" : "restless",
      "seconds" : 240
    },{
      "dateTime" : "2017-04-03T23:24:00.000",
      "level" : "asleep",
      "seconds" : 4620
    },{
      "dateTime" : "2017-04-04T00:41:00.000",
      "level" : "restless",
      "seconds" : 60
    },{
      "dateTime" : "2017-04-04T00:42:00.000",
      "level" : "asleep",
      "seconds" : 180
    },{
      "dateTime" : "2017-04-04T00:45:00.000",
      "level" : "restless",
      "seconds" : 60
    },{
      "dateTime" : "2017-04-04T00:46:00.000",
      "level" : "asleep",
      "seconds" : 2340
    },{
      "dateTime" : "2017-04-04T01:25:00.000",
      "level" : "restless",
      "seconds" : 120
    },{
      "dateTime" : "2017-04-04T01:27:00.000",
      "level" : "asleep",
      "seconds" : 120
    },{
      "dateTime" : "2017-04-04T01:29:00.000",
      "level" : "restless",
      "seconds" : 60
    },{
      "dateTime" : "2017-04-04T01:30:00.000",
      "level" : "asleep",
      "seconds" : 3480
    },{
      "dateTime" : "2017-04-04T02:28:00.000",
      "level" : "restless",
      "seconds" : 60
    },{
      "dateTime" : "2017-04-04T02:29:00.000",
      "level" : "asleep",
      "seconds" : 2100
    },{
      "dateTime" : "2017-04-04T03:04:00.000",
      "level" : "restless",
      "seconds" : 60
    },{
      "dateTime" : "2017-04-04T03:05:00.000",
      "level" : "asleep",
      "seconds" : 7920
    },{
      "dateTime" : "2017-04-04T05:17:00.000",
      "level" : "restless",
      "seconds" : 120
    },{
      "dateTime" : "2017-04-04T05:19:00.000",
      "level" : "asleep",
      "seconds" : 120
    },{
      "dateTime" : "2017-04-04T05:21:00.000",
      "level" : "restless",
      "seconds" : 120
    },{
      "dateTime" : "2017-04-04T05:23:00.000",
      "level" : "asleep",
      "seconds" : 4380
    },{
      "dateTime" : "2017-04-04T06:36:00.000",
      "level" : "restless",
      "seconds" : 120
    },{
      "dateTime" : "2017-04-04T06:38:00.000",
      "level" : "awake",
      "seconds" : 60
    },{
      "dateTime" : "2017-04-04T06:39:00.000",
      "level" : "restless",
      "seconds" : 120
    },{
      "dateTime" : "2017-04-04T06:41:00.000",
      "level" : "asleep",
      "seconds" : 1320
    },{
      "dateTime" : "2017-04-04T07:03:00.000",
      "level" : "restless",
      "seconds" : 60
    },{
      "dateTime" : "2017-04-04T07:04:00.000",
      "level" : "awake",
      "seconds" : 60
    },{
      "dateTime" : "2017-04-04T07:05:00.000",
      "level" : "restless",
      "seconds" : 60
    },{
      "dateTime" : "2017-04-04T07:06:00.000",
      "level" : "awake",
      "seconds" : 120
    },{
      "dateTime" : "2017-04-04T07:08:00.000",
      "level" : "restless",
      "seconds" : 360
    },{
      "dateTime" : "2017-04-04T07:14:00.000",
      "level" : "asleep",
      "seconds" : 780
    },{
      "dateTime" : "2017-04-04T07:27:00.000",
      "level" : "restless",
      "seconds" : 240
    },{
      "dateTime" : "2017-04-04T07:31:00.000",
      "level" : "awake",
      "seconds" : 120
    },{
      "dateTime" : "2017-04-04T07:33:00.000",
      "level" : "restless",
      "seconds" : 180
    },{
      "dateTime" : "2017-04-04T07:36:00.000",
      "level" : "asleep",
      "seconds" : 60
    },{
      "dateTime" : "2017-04-04T07:37:00.000",
      "level" : "restless",
      "seconds" : 540
    },{
      "dateTime" : "2017-04-04T07:46:00.000",
      "level" : "asleep",
      "seconds" : 240
    },{
      "dateTime" : "2017-04-04T07:50:00.000",
      "level" : "restless",
      "seconds" : 60
    },{
      "dateTime" : "2017-04-04T07:51:00.000",
      "level" : "awake",
      "seconds" : 300
    },{
      "dateTime" : "2017-04-04T07:56:00.000",
      "level" : "restless",
      "seconds" : 60
    },{
      "dateTime" : "2017-04-04T07:57:00.000",
      "level" : "asleep",
      "seconds" : 180
    },{
      "dateTime" : "2017-04-04T08:00:00.000",
      "level" : "restless",
      "seconds" : 60
    },{
      "dateTime" : "2017-04-04T08:01:00.000",
      "level" : "asleep",
      "seconds" : 780
    }]
  },
  "mainSleep" : true
},{
  "logId" : 14251332348,
  "dateOfSleep" : "2017-04-03",
  "startTime" : "2017-04-03T02:43:30.000",
  "endTime" : "2017-04-03T08:10:30.000",
  "duration" : 19620000,
  "minutesToFallAsleep" : 0,
  "minutesAsleep" : 309,
  "minutesAwake" : 18,
  "minutesAfterWakeup" : 0,
  "timeInBed" : 327,
  "efficiency" : 94,
  "type" : "classic",
  "infoCode" : 0,
  "logType" : "auto_detected",
  "levels" : {
    "summary" : {
      "restless" : {
        "count" : 10,
        "minutes" : 18
      },
      "awake" : {
        "count" : 0,
        "minutes" : 0
      },
      "asleep" : {
        "count" : 0,
        "minutes" : 309
      }
    },
    "data" : [{
      "dateTime" : "2017-04-03T02:43:30.000",
      "level" : "asleep",
      "seconds" : 360
    },{
      "dateTime" : "2017-04-03T02:49:30.000",
      "level" : "restless",
      "seconds" : 120
    },{
      "dateTime" : "2017-04-03T02:51:30.000",
      "level" : "asleep",
      "seconds" : 60
    },{
      "dateTime" : "2017-04-03T02:52:30.000",
      "level" : "restless",
      "seconds" : 240
    },{
      "dateTime" : "2017-04-03T02:56:30.000",
      "level" : "asleep",
      "seconds" : 4020
    },{
      "dateTime" : "2017-04-03T04:03:30.000",
      "level" : "restless",
      "seconds" : 60
    },{
      "dateTime" : "2017-04-03T04:04:30.000",
      "level" : "asleep",
      "seconds" : 10500
    },{
      "dateTime" : "2017-04-03T06:59:30.000",
      "level" : "restless",
      "seconds" : 180
    },{
      "dateTime" : "2017-04-03T07:02:30.000",
      "level" : "asleep",
      "seconds" : 60
    },{
      "dateTime" : "2017-04-03T07:03:30.000",
      "level" : "restless",
      "seconds" : 120
    },{
      "dateTime" : "2017-04-03T07:05:30.000",
      "level" : "asleep",
      "seconds" : 840
    },{
      "dateTime" : "2017-04-03T07:19:30.000",
      "level" : "restless",
      "seconds" : 60
    },{
      "dateTime" : "2017-04-03T07:20:30.000",
      "level" : "asleep",
      "seconds" : 1620
    },{
      "dateTime" : "2017-04-03T07:47:30.000",
      "level" : "restless",
      "seconds" : 60
    },{
      "dateTime" : "2017-04-03T07:48:30.000",
      "level" : "asleep",
      "seconds" : 120
    },{
      "dateTime" : "2017-04-03T07:50:30.000",
      "level" : "restless",
      "seconds" : 120
    },{
      "dateTime" : "2017-04-03T07:52:30.000",
      "level" : "asleep",
      "seconds" : 300
    },{
      "dateTime" : "2017-04-03T07:57:30.000",
      "level" : "restless",
      "seconds" : 60
    },{
      "dateTime" : "2017-04-03T07:58:30.000",
      "level" : "asleep",
      "seconds" : 540
    },{
      "dateTime" : "2017-04-03T08:07:30.000",
      "level" : "restless",
      "seconds" : 60
    },{
      "dateTime" : "2017-04-03T08:08:30.000",
      "level" : "asleep",
      "seconds" : 120
    }]
  },
  "mainSleep" : true
},{
  "logId" : 14242319579,
  "dateOfSleep" : "2017-04-02",
  "startTime" : "2017-04-02T00:53:30.000",
  "endTime" : "2017-04-02T08:05:30.000",
  "duration" : 25920000,
  "minutesToFallAsleep" : 0,
  "minutesAsleep" : 423,
  "minutesAwake" : 9,
  "minutesAfterWakeup" : 0,
  "timeInBed" : 432,
  "efficiency" : 98,
  "type" : "classic",
  "infoCode" : 0,
  "logType" : "auto_detected",
  "levels" : {
    "summary" : {
      "restless" : {
        "count" : 7,
        "minutes" : 9
      },
      "awake" : {
        "count" : 0,
        "minutes" : 0
      },
      "asleep" : {
        "count" : 0,
        "minutes" : 423
      }
    },
    "data" : [{
      "dateTime" : "2017-04-02T00:53:30.000",
      "level" : "asleep",
      "seconds" : 120
    },{
      "dateTime" : "2017-04-02T00:55:30.000",
      "level" : "restless",
      "seconds" : 60
    },{
      "dateTime" : "2017-04-02T00:56:30.000",
      "level" : "asleep",
      "seconds" : 15780
    },{
      "dateTime" : "2017-04-02T05:19:30.000",
      "level" : "restless",
      "seconds" : 180
    },{
      "dateTime" : "2017-04-02T05:22:30.000",
      "level" : "asleep",
      "seconds" : 1380
    },{
      "dateTime" : "2017-04-02T05:45:30.000",
      "level" : "restless",
      "seconds" : 60
    },{
      "dateTime" : "2017-04-02T05:46:30.000",
      "level" : "asleep",
      "seconds" : 2520
    },{
      "dateTime" : "2017-04-02T06:28:30.000",
      "level" : "restless",
      "seconds" : 60
    },{
      "dateTime" : "2017-04-02T06:29:30.000",
      "level" : "asleep",
      "seconds" : 180
    },{
      "dateTime" : "2017-04-02T06:32:30.000",
      "level" : "restless",
      "seconds" : 60
    },{
      "dateTime" : "2017-04-02T06:33:30.000",
      "level" : "asleep",
      "seconds" : 3900
    },{
      "dateTime" : "2017-04-02T07:38:30.000",
      "level" : "restless",
      "seconds" : 60
    },{
      "dateTime" : "2017-04-02T07:39:30.000",
      "level" : "asleep",
      "seconds" : 1260
    },{
      "dateTime" : "2017-04-02T08:00:30.000",
      "level" : "restless",
      "seconds" : 60
    },{
      "dateTime" : "2017-04-02T08:01:30.000",
      "level" : "asleep",
      "seconds" : 240
    }]
  },
  "mainSleep" : true
},{
  "logId" : 14235151796,
  "dateOfSleep" : "2017-04-01",
  "startTime" : "2017-04-01T01:31:00.000",
  "endTime" : "2017-04-01T09:08:00.000",
  "duration" : 27420000,
  "minutesToFallAsleep" : 0,
  "minutesAsleep" : 427,
  "minutesAwake" : 27,
  "minutesAfterWakeup" : 3,
  "timeInBed" : 457,
  "efficiency" : 94,
  "type" : "classic",
  "infoCode" : 0,
  "logType" : "auto_detected",
  "levels" : {
    "summary" : {
      "restless" : {
        "count" : 17,
        "minutes" : 30
      },
      "awake" : {
        "count" : 0,
        "minutes" : 0
      },
      "asleep" : {
        "count" : 0,
        "minutes" : 427
      }
    },
    "data" : [{
      "dateTime" : "2017-04-01T01:31:00.000",
      "level" : "restless",
      "seconds" : 60
    },{
      "dateTime" : "2017-04-01T01:32:00.000",
      "level" : "asleep",
      "seconds" : 5640
    },{
      "dateTime" : "2017-04-01T03:06:00.000",
      "level" : "restless",
      "seconds" : 60
    },{
      "dateTime" : "2017-04-01T03:07:00.000",
      "level" : "asleep",
      "seconds" : 1260
    },{
      "dateTime" : "2017-04-01T03:28:00.000",
      "level" : "restless",
      "seconds" : 300
    },{
      "dateTime" : "2017-04-01T03:33:00.000",
      "level" : "asleep",
      "seconds" : 60
    },{
      "dateTime" : "2017-04-01T03:34:00.000",
      "level" : "restless",
      "seconds" : 60
    },{
      "dateTime" : "2017-04-01T03:35:00.000",
      "level" : "asleep",
      "seconds" : 60
    },{
      "dateTime" : "2017-04-01T03:36:00.000",
      "level" : "restless",
      "seconds" : 60
    },{
      "dateTime" : "2017-04-01T03:37:00.000",
      "level" : "asleep",
      "seconds" : 840
    },{
      "dateTime" : "2017-04-01T03:51:00.000",
      "level" : "restless",
      "seconds" : 120
    },{
      "dateTime" : "2017-04-01T03:53:00.000",
      "level" : "asleep",
      "seconds" : 180
    },{
      "dateTime" : "2017-04-01T03:56:00.000",
      "level" : "restless",
      "seconds" : 60
    },{
      "dateTime" : "2017-04-01T03:57:00.000",
      "level" : "asleep",
      "seconds" : 780
    },{
      "dateTime" : "2017-04-01T04:10:00.000",
      "level" : "restless",
      "seconds" : 120
    },{
      "dateTime" : "2017-04-01T04:12:00.000",
      "level" : "asleep",
      "seconds" : 120
    },{
      "dateTime" : "2017-04-01T04:14:00.000",
      "level" : "restless",
      "seconds" : 60
    },{
      "dateTime" : "2017-04-01T04:15:00.000",
      "level" : "asleep",
      "seconds" : 2520
    },{
      "dateTime" : "2017-04-01T04:57:00.000",
      "level" : "restless",
      "seconds" : 60
    },{
      "dateTime" : "2017-04-01T04:58:00.000",
      "level" : "asleep",
      "seconds" : 4680
    },{
      "dateTime" : "2017-04-01T06:16:00.000",
      "level" : "restless",
      "seconds" : 60
    },{
      "dateTime" : "2017-04-01T06:17:00.000",
      "level" : "asleep",
      "seconds" : 2580
    },{
      "dateTime" : "2017-04-01T07:00:00.000",
      "level" : "restless",
      "seconds" : 240
    },{
      "dateTime" : "2017-04-01T07:04:00.000",
      "level" : "asleep",
      "seconds" : 2220
    },{
      "dateTime" : "2017-04-01T07:41:00.000",
      "level" : "restless",
      "seconds" : 120
    },{
      "dateTime" : "2017-04-01T07:43:00.000",
      "level" : "asleep",
      "seconds" : 600
    },{
      "dateTime" : "2017-04-01T07:53:00.000",
      "level" : "restless",
      "seconds" : 60
    },{
      "dateTime" : "2017-04-01T07:54:00.000",
      "level" : "asleep",
      "seconds" : 180
    },{
      "dateTime" : "2017-04-01T07:57:00.000",
      "level" : "restless",
      "seconds" : 60
    },{
      "dateTime" : "2017-04-01T07:58:00.000",
      "level" : "asleep",
      "seconds" : 3840
    },{
      "dateTime" : "2017-04-01T09:02:00.000",
      "level" : "restless",
      "seconds" : 120
    },{
      "dateTime" : "2017-04-01T09:04:00.000",
      "level" : "asleep",
      "seconds" : 60
    },{
      "dateTime" : "2017-04-01T09:05:00.000",
      "level" : "restless",
      "seconds" : 180
    }]
  },
  "mainSleep" : true
},{
  "logId" : 14223581473,
  "dateOfSleep" : "2017-03-31",
  "startTime" : "2017-03-30T22:54:00.000",
  "endTime" : "2017-03-31T07:05:00.000",
  "duration" : 29460000,
  "minutesToFallAsleep" : 0,
  "minutesAsleep" : 461,
  "minutesAwake" : 29,
  "minutesAfterWakeup" : 1,
  "timeInBed" : 491,
  "efficiency" : 94,
  "type" : "classic",
  "infoCode" : 0,
  "logType" : "auto_detected",
  "levels" : {
    "summary" : {
      "restless" : {
        "count" : 17,
        "minutes" : 29
      },
      "awake" : {
        "count" : 1,
        "minutes" : 1
      },
      "asleep" : {
        "count" : 0,
        "minutes" : 461
      }
    },
    "data" : [{
      "dateTime" : "2017-03-30T22:54:00.000",
      "level" : "restless",
      "seconds" : 240
    },{
      "dateTime" : "2017-03-30T22:58:00.000",
      "level" : "awake",
      "seconds" : 60
    },{
      "dateTime" : "2017-03-30T22:59:00.000",
      "level" : "restless",
      "seconds" : 120
    },{
      "dateTime" : "2017-03-30T23:01:00.000",
      "level" : "asleep",
      "seconds" : 180
    },{
      "dateTime" : "2017-03-30T23:04:00.000",
      "level" : "restless",
      "seconds" : 120
    },{
      "dateTime" : "2017-03-30T23:06:00.000",
      "level" : "asleep",
      "seconds" : 180
    },{
      "dateTime" : "2017-03-30T23:09:00.000",
      "level" : "restless",
      "seconds" : 60
    },{
      "dateTime" : "2017-03-30T23:10:00.000",
      "level" : "asleep",
      "seconds" : 8580
    },{
      "dateTime" : "2017-03-31T01:33:00.000",
      "level" : "restless",
      "seconds" : 60
    },{
      "dateTime" : "2017-03-31T01:34:00.000",
      "level" : "asleep",
      "seconds" : 720
    },{
      "dateTime" : "2017-03-31T01:46:00.000",
      "level" : "restless",
      "seconds" : 180
    },{
      "dateTime" : "2017-03-31T01:49:00.000",
      "level" : "asleep",
      "seconds" : 3060
    },{
      "dateTime" : "2017-03-31T02:40:00.000",
      "level" : "restless",
      "seconds" : 120
    },{
      "dateTime" : "2017-03-31T02:42:00.000",
      "level" : "asleep",
      "seconds" : 2520
    },{
      "dateTime" : "2017-03-31T03:24:00.000",
      "level" : "restless",
      "seconds" : 120
    },{
      "dateTime" : "2017-03-31T03:26:00.000",
      "level" : "asleep",
      "seconds" : 120
    },{
      "dateTime" : "2017-03-31T03:28:00.000",
      "level" : "restless",
      "seconds" : 120
    },{
      "dateTime" : "2017-03-31T03:30:00.000",
      "level" : "asleep",
      "seconds" : 2160
    },{
      "dateTime" : "2017-03-31T04:06:00.000",
      "level" : "restless",
      "seconds" : 60
    },{
      "dateTime" : "2017-03-31T04:07:00.000",
      "level" : "asleep",
      "seconds" : 180
    },{
      "dateTime" : "2017-03-31T04:10:00.000",
      "level" : "restless",
      "seconds" : 60
    },{
      "dateTime" : "2017-03-31T04:11:00.000",
      "level" : "asleep",
      "seconds" : 1440
    },{
      "dateTime" : "2017-03-31T04:35:00.000",
      "level" : "restless",
      "seconds" : 120
    },{
      "dateTime" : "2017-03-31T04:37:00.000",
      "level" : "asleep",
      "seconds" : 1740
    },{
      "dateTime" : "2017-03-31T05:06:00.000",
      "level" : "restless",
      "seconds" : 60
    },{
      "dateTime" : "2017-03-31T05:07:00.000",
      "level" : "asleep",
      "seconds" : 120
    },{
      "dateTime" : "2017-03-31T05:09:00.000",
      "level" : "restless",
      "seconds" : 120
    },{
      "dateTime" : "2017-03-31T05:11:00.000",
      "level" : "asleep",
      "seconds" : 6180
    },{
      "dateTime" : "2017-03-31T06:54:00.000",
      "level" : "restless",
      "seconds" : 60
    },{
      "dateTime" : "2017-03-31T06:55:00.000",
      "level" : "asleep",
      "seconds" : 120
    },{
      "dateTime" : "2017-03-31T06:57:00.000",
      "level" : "restless",
      "seconds" : 60
    },{
      "dateTime" : "2017-03-31T06:58:00.000",
      "level" : "asleep",
      "seconds" : 360
    },{
      "dateTime" : "2017-03-31T07:04:00.000",
      "level" : "restless",
      "seconds" : 60
    }]
  },
  "mainSleep" : true
},{
  "logId" : 14214776639,
  "dateOfSleep" : "2017-03-30",
  "startTime" : "2017-03-30T03:40:00.000",
  "endTime" : "2017-03-30T07:34:30.000",
  "duration" : 14040000,
  "minutesToFallAsleep" : 0,
  "minutesAsleep" : 217,
  "minutesAwake" : 17,
  "minutesAfterWakeup" : 0,
  "timeInBed" : 234,
  "efficiency" : 93,
  "type" : "classic",
  "infoCode" : 0,
  "logType" : "auto_detected",
  "levels" : {
    "summary" : {
      "restless" : {
        "count" : 7,
        "minutes" : 12
      },
      "awake" : {
        "count" : 1,
        "minutes" : 5
      },
      "asleep" : {
        "count" : 0,
        "minutes" : 217
      }
    },
    "data" : [{
      "dateTime" : "2017-03-30T03:40:00.000",
      "level" : "awake",
      "seconds" : 300
    },{
      "dateTime" : "2017-03-30T03:45:00.000",
      "level" : "restless",
      "seconds" : 60
    },{
      "dateTime" : "2017-03-30T03:46:00.000",
      "level" : "asleep",
      "seconds" : 8040
    },{
      "dateTime" : "2017-03-30T06:00:00.000",
      "level" : "restless",
      "seconds" : 180
    },{
      "dateTime" : "2017-03-30T06:03:00.000",
      "level" : "asleep",
      "seconds" : 60
    },{
      "dateTime" : "2017-03-30T06:04:00.000",
      "level" : "restless",
      "seconds" : 120
    },{
      "dateTime" : "2017-03-30T06:06:00.000",
      "level" : "asleep",
      "seconds" : 3480
    },{
      "dateTime" : "2017-03-30T07:04:00.000",
      "level" : "restless",
      "seconds" : 120
    },{
      "dateTime" : "2017-03-30T07:06:00.000",
      "level" : "asleep",
      "seconds" : 60
    },{
      "dateTime" : "2017-03-30T07:07:00.000",
      "level" : "restless",
      "seconds" : 60
    },{
      "dateTime" : "2017-03-30T07:08:00.000",
      "level" : "asleep",
      "seconds" : 180
    },{
      "dateTime" : "2017-03-30T07:11:00.000",
      "level" : "restless",
      "seconds" : 120
    },{
      "dateTime" : "2017-03-30T07:13:00.000",
      "level" : "asleep",
      "seconds" : 120
    },{
      "dateTime" : "2017-03-30T07:15:00.000",
      "level" : "restless",
      "seconds" : 60
    },{
      "dateTime" : "2017-03-30T07:16:00.000",
      "level" : "asleep",
      "seconds" : 1080
    }]
  },
  "mainSleep" : true
}]