[{
  "logId" : 13933026781,
  "dateOfSleep" : "2017-02-28",
  "startTime" : "2017-02-28T02:45:00.000",
  "endTime" : "2017-02-28T09:21:30.000",
  "duration" : 23760000,
  "minutesToFallAsleep" : 0,
  "minutesAsleep" : 380,
  "minutesAwake" : 16,
  "minutesAfterWakeup" : 0,
  "timeInBed" : 396,
  "efficiency" : 96,
  "type" : "classic",
  "infoCode" : 0,
  "logType" : "auto_detected",
  "levels" : {
    "summary" : {
      "restless" : {
        "count" : 10,
        "minutes" : 16
      },
      "awake" : {
        "count" : 0,
        "minutes" : 0
      },
      "asleep" : {
        "count" : 0,
        "minutes" : 380
      }
    },
    "data" : [{
      "dateTime" : "2017-02-28T02:45:00.000",
      "level" : "asleep",
      "seconds" : 60
    },{
      "dateTime" : "2017-02-28T02:46:00.000",
      "level" : "restless",
      "seconds" : 60
    },{
      "dateTime" : "2017-02-28T02:47:00.000",
      "level" : "asleep",
      "seconds" : 120
    },{
      "dateTime" : "2017-02-28T02:49:00.000",
      "level" : "restless",
      "seconds" : 180
    },{
      "dateTime" : "2017-02-28T02:52:00.000",
      "level" : "asleep",
      "seconds" : 60
    },{
      "dateTime" : "2017-02-28T02:53:00.000",
      "level" : "restless",
      "seconds" : 180
    },{
      "dateTime" : "2017-02-28T02:56:00.000",
      "level" : "asleep",
      "seconds" : 60
    },{
      "dateTime" : "2017-02-28T02:57:00.000",
      "level" : "restless",
      "seconds" : 60
    },{
      "dateTime" : "2017-02-28T02:58:00.000",
      "level" : "asleep",
      "seconds" : 13260
    },{
      "dateTime" : "2017-02-28T06:39:00.000",
      "level" : "restless",
      "seconds" : 60
    },{
      "dateTime" : "2017-02-28T06:40:00.000",
      "level" : "asleep",
      "seconds" : 1440
    },{
      "dateTime" : "2017-02-28T07:04:00.000",
      "level" : "restless",
      "seconds" : 60
    },{
      "dateTime" : "2017-02-28T07:05:00.000",
      "level" : "asleep",
      "seconds" : 5220
    },{
      "dateTime" : "2017-02-28T08:32:00.000",
      "level" : "restless",
      "seconds" : 60
    },{
      "dateTime" : "2017-02-28T08:33:00.000",
      "level" : "asleep",
      "seconds" : 60
    },{
      "dateTime" : "2017-02-28T08:34:00.000",
      "level" : "restless",
      "seconds" : 180
    },{
      "dateTime" : "2017-02-28T08:37:00.000",
      "level" : "asleep",
      "seconds" : 120
    },{
      "dateTime" : "2017-02-28T08:39:00.000",
      "level" : "restless",
      "seconds" : 60
    },{
      "dateTime" : "2017-02-28T08:40:00.000",
      "level" : "asleep",
      "seconds" : 780
    },{
      "dateTime" : "2017-02-28T08:53:00.000",
      "level" : "restless",
      "seconds" : 60
    },{
      "dateTime" : "2017-02-28T08:54:00.000",
      "level" : "asleep",
      "seconds" : 1620
    }]
  },
  "mainSleep" : true
},{
  "logId" : 13933026780,
  "dateOfSleep" : "2017-02-27",
  "startTime" : "2017-02-27T00:19:30.000",
  "endTime" : "2017-02-27T07:00:00.000",
  "duration" : 24000000,
  "minutesToFallAsleep" : 0,
  "minutesAsleep" : 390,
  "minutesAwake" : 10,
  "minutesAfterWakeup" : 0,
  "timeInBed" : 400,
  "efficiency" : 98,
  "type" : "classic",
  "infoCode" : 0,
  "logType" : "auto_detected",
  "levels" : {
    "summary" : {
      "restless" : {
        "count" : 8,
        "minutes" : 10
      },
      "awake" : {
        "count" : 0,
        "minutes" : 0
      },
      "asleep" : {
        "count" : 0,
        "minutes" : 390
      }
    },
    "data" : [{
      "dateTime" : "2017-02-27T00:19:30.000",
      "level" : "asleep",
      "seconds" : 420
    },{
      "dateTime" : "2017-02-27T00:26:30.000",
      "level" : "restless",
      "seconds" : 60
    },{
      "dateTime" : "2017-02-27T00:27:30.000",
      "level" : "asleep",
      "seconds" : 5940
    },{
      "dateTime" : "2017-02-27T02:06:30.000",
      "level" : "restless",
      "seconds" : 120
    },{
      "dateTime" : "2017-02-27T02:08:30.000",
      "level" : "asleep",
      "seconds" : 120
    },{
      "dateTime" : "2017-02-27T02:10:30.000",
      "level" : "restless",
      "seconds" : 60
    },{
      "dateTime" : "2017-02-27T02:11:30.000",
      "level" : "asleep",
      "seconds" : 1740
    },{
      "dateTime" : "2017-02-27T02:40:30.000",
      "level" : "restless",
      "seconds" : 60
    },{
      "dateTime" : "2017-02-27T02:41:30.000",
      "level" : "asleep",
      "seconds" : 7440
    },{
      "dateTime" : "2017-02-27T04:45:30.000",
      "level" : "restless",
      "seconds" : 60
    },{
      "dateTime" : "2017-02-27T04:46:30.000",
      "level" : "asleep",
      "seconds" : 2700
    },{
      "dateTime" : "2017-02-27T05:31:30.000",
      "level" : "restless",
      "seconds" : 60
    },{
      "dateTime" : "2017-02-27T05:32:30.000",
      "level" : "asleep",
      "seconds" : 3420
    },{
      "dateTime" : "2017-02-27T06:29:30.000",
      "level" : "restless",
      "seconds" : 120
    },{
      "dateTime" : "2017-02-27T06:31:30.000",
      "level" : "asleep",
      "seconds" : 120
    },{
      "dateTime" : "2017-02-27T06:33:30.000",
      "level" : "restless",
      "seconds" : 60
    },{
      "dateTime" : "2017-02-27T06:34:30.000",
      "level" : "asleep",
      "seconds" : 1500
    }]
  },
  "mainSleep" : true
},{
  "logId" : 13933026779,
  "dateOfSleep" : "2017-02-26",
  "startTime" : "2017-02-26T06:08:30.000",
  "endTime" : "2017-02-26T10:08:00.000",
  "duration" : 14340000,
  "minutesToFallAsleep" : 0,
  "minutesAsleep" : 218,
  "minutesAwake" : 18,
  "minutesAfterWakeup" : 3,
  "timeInBed" : 239,
  "efficiency" : 92,
  "type" : "classic",
  "infoCode" : 0,
  "logType" : "auto_detected",
  "levels" : {
    "summary" : {
      "restless" : {
        "count" : 13,
        "minutes" : 21
      },
      "awake" : {
        "count" : 0,
        "minutes" : 0
      },
      "asleep" : {
        "count" : 0,
        "minutes" : 218
      }
    },
    "data" : [{
      "dateTime" : "2017-02-26T06:08:30.000",
      "level" : "restless",
      "seconds" : 60
    },{
      "dateTime" : "2017-02-26T06:09:30.000",
      "level" : "asleep",
      "seconds" : 1260
    },{
      "dateTime" : "2017-02-26T06:30:30.000",
      "level" : "restless",
      "seconds" : 60
    },{
      "dateTime" : "2017-02-26T06:31:30.000",
      "level" : "asleep",
      "seconds" : 120
    },{
      "dateTime" : "2017-02-26T06:33:30.000",
      "level" : "restless",
      "seconds" : 120
    },{
      "dateTime" : "2017-02-26T06:35:30.000",
      "level" : "asleep",
      "seconds" : 3120
    },{
      "dateTime" : "2017-02-26T07:27:30.000",
      "level" : "restless",
      "seconds" : 120
    },{
      "dateTime" : "2017-02-26T07:29:30.000",
      "level" : "asleep",
      "seconds" : 120
    },{
      "dateTime" : "2017-02-26T07:31:30.000",
      "level" : "restless",
      "seconds" : 60
    },{
      "dateTime" : "2017-02-26T07:32:30.000",
      "level" : "asleep",
      "seconds" : 4800
    },{
      "dateTime" : "2017-02-26T08:52:30.000",
      "level" : "restless",
      "seconds" : 120
    },{
      "dateTime" : "2017-02-26T08:54:30.000",
      "level" : "asleep",
      "seconds" : 120
    },{
      "dateTime" : "2017-02-26T08:56:30.000",
      "level" : "restless",
      "seconds" : 120
    },{
      "dateTime" : "2017-02-26T08:58:30.000",
      "level" : "asleep",
      "seconds" : 1140
    },{
      "dateTime" : "2017-02-26T09:17:30.000",
      "level" : "restless",
      "seconds" : 60
    },{
      "dateTime" : "2017-02-26T09:18:30.000",
      "level" : "asleep",
      "seconds" : 180
    },{
      "dateTime" : "2017-02-26T09:21:30.000",
      "level" : "restless",
      "seconds" : 60
    },{
      "dateTime" : "2017-02-26T09:22:30.000",
      "level" : "asleep",
      "seconds" : 1020
    },{
      "dateTime" : "2017-02-26T09:39:30.000",
      "level" : "restless",
      "seconds" : 120
    },{
      "dateTime" : "2017-02-26T09:41:30.000",
      "level" : "asleep",
      "seconds" : 120
    },{
      "dateTime" : "2017-02-26T09:43:30.000",
      "level" : "restless",
      "seconds" : 120
    },{
      "dateTime" : "2017-02-26T09:45:30.000",
      "level" : "asleep",
      "seconds" : 660
    },{
      "dateTime" : "2017-02-26T09:56:30.000",
      "level" : "restless",
      "seconds" : 60
    },{
      "dateTime" : "2017-02-26T09:57:30.000",
      "level" : "asleep",
      "seconds" : 420
    },{
      "dateTime" : "2017-02-26T10:04:30.000",
      "level" : "restless",
      "seconds" : 180
    }]
  },
  "mainSleep" : true
},{
  "logId" : 13886872226,
  "dateOfSleep" : "2017-02-24",
  "startTime" : "2017-02-23T22:52:00.000",
  "endTime" : "2017-02-24T07:11:30.000",
  "duration" : 29940000,
  "minutesToFallAsleep" : 0,
  "minutesAsleep" : 479,
  "minutesAwake" : 20,
  "minutesAfterWakeup" : 0,
  "timeInBed" : 499,
  "efficiency" : 96,
  "type" : "classic",
  "infoCode" : 0,
  "logType" : "auto_detected",
  "levels" : {
    "summary" : {
      "restless" : {
        "count" : 8,
        "minutes" : 15
      },
      "awake" : {
        "count" : 1,
        "minutes" : 5
      },
      "asleep" : {
        "count" : 0,
        "minutes" : 479
      }
    },
    "data" : [{
      "dateTime" : "2017-02-23T22:52:00.000",
      "level" : "awake",
      "seconds" : 300
    },{
      "dateTime" : "2017-02-23T22:57:00.000",
      "level" : "restless",
      "seconds" : 120
    },{
      "dateTime" : "2017-02-23T22:59:00.000",
      "level" : "asleep",
      "seconds" : 5700
    },{
      "dateTime" : "2017-02-24T00:34:00.000",
      "level" : "restless",
      "seconds" : 120
    },{
      "dateTime" : "2017-02-24T00:36:00.000",
      "level" : "asleep",
      "seconds" : 1980
    },{
      "dateTime" : "2017-02-24T01:09:00.000",
      "level" : "restless",
      "seconds" : 120
    },{
      "dateTime" : "2017-02-24T01:11:00.000",
      "level" : "asleep",
      "seconds" : 1860
    },{
      "dateTime" : "2017-02-24T01:42:00.000",
      "level" : "restless",
      "seconds" : 60
    },{
      "dateTime" : "2017-02-24T01:43:00.000",
      "level" : "asleep",
      "seconds" : 8400
    },{
      "dateTime" : "2017-02-24T04:03:00.000",
      "level" : "restless",
      "seconds" : 60
    },{
      "dateTime" : "2017-02-24T04:04:00.000",
      "level" : "asleep",
      "seconds" : 420
    },{
      "dateTime" : "2017-02-24T04:11:00.000",
      "level" : "restless",
      "seconds" : 60
    },{
      "dateTime" : "2017-02-24T04:12:00.000",
      "level" : "asleep",
      "seconds" : 180
    },{
      "dateTime" : "2017-02-24T04:15:00.000",
      "level" : "restless",
      "seconds" : 60
    },{
      "dateTime" : "2017-02-24T04:16:00.000",
      "level" : "asleep",
      "seconds" : 9840
    },{
      "dateTime" : "2017-02-24T07:00:00.000",
      "level" : "restless",
      "seconds" : 300
    },{
      "dateTime" : "2017-02-24T07:05:00.000",
      "level" : "asleep",
      "seconds" : 360
    }]
  },
  "mainSleep" : true
},{
  "logId" : 13876774238,
  "dateOfSleep" : "2017-02-23",
  "startTime" : "2017-02-22T23:13:30.000",
  "endTime" : "2017-02-23T07:14:00.000",
  "duration" : 28800000,
  "minutesToFallAsleep" : 0,
  "minutesAsleep" : 466,
  "minutesAwake" : 14,
  "minutesAfterWakeup" : 0,
  "timeInBed" : 480,
  "efficiency" : 97,
  "type" : "classic",
  "infoCode" : 0,
  "logType" : "auto_detected",
  "levels" : {
    "summary" : {
      "restless" : {
        "count" : 10,
        "minutes" : 13
      },
      "awake" : {
        "count" : 1,
        "minutes" : 1
      },
      "asleep" : {
        "count" : 0,
        "minutes" : 466
      }
    },
    "data" : [{
      "dateTime" : "2017-02-22T23:13:30.000",
      "level" : "restless",
      "seconds" : 120
    },{
      "dateTime" : "2017-02-22T23:15:30.000",
      "level" : "asleep",
      "seconds" : 5760
    },{
      "dateTime" : "2017-02-23T00:51:30.000",
      "level" : "restless",
      "seconds" : 60
    },{
      "dateTime" : "2017-02-23T00:52:30.000",
      "level" : "asleep",
      "seconds" : 60
    },{
      "dateTime" : "2017-02-23T00:53:30.000",
      "level" : "restless",
      "seconds" : 120
    },{
      "dateTime" : "2017-02-23T00:55:30.000",
      "level" : "awake",
      "seconds" : 60
    },{
      "dateTime" : "2017-02-23T00:56:30.000",
      "level" : "restless",
      "seconds" : 60
    },{
      "dateTime" : "2017-02-23T00:57:30.000",
      "level" : "asleep",
      "seconds" : 2640
    },{
      "dateTime" : "2017-02-23T01:41:30.000",
      "level" : "restless",
      "seconds" : 60
    },{
      "dateTime" : "2017-02-23T01:42:30.000",
      "level" : "asleep",
      "seconds" : 180
    },{
      "dateTime" : "2017-02-23T01:45:30.000",
      "level" : "restless",
      "seconds" : 60
    },{
      "dateTime" : "2017-02-23T01:46:30.000",
      "level" : "asleep",
      "seconds" : 6000
    },{
      "dateTime" : "2017-02-23T03:26:30.000",
      "level" : "restless",
      "seconds" : 120
    },{
      "dateTime" : "2017-02-23T03:28:30.000",
      "level" : "asleep",
      "seconds" : 2040
    },{
      "dateTime" : "2017-02-23T04:02:30.000",
      "level" : "restless",
      "seconds" : 60
    },{
      "dateTime" : "2017-02-23T04:03:30.000",
      "level" : "asleep",
      "seconds" : 10800
    },{
      "dateTime" : "2017-02-23T07:03:30.000",
      "level" : "restless",
      "seconds" : 60
    },{
      "dateTime" : "2017-02-23T07:04:30.000",
      "level" : "asleep",
      "seconds" : 360
    },{
      "dateTime" : "2017-02-23T07:10:30.000",
      "level" : "restless",
      "seconds" : 60
    },{
      "dateTime" : "2017-02-23T07:11:30.000",
      "level" : "asleep",
      "seconds" : 120
    }]
  },
  "mainSleep" : true
},{
  "logId" : 13866054928,
  "dateOfSleep" : "2017-02-22",
  "startTime" : "2017-02-21T23:04:00.000",
  "endTime" : "2017-02-22T07:06:00.000",
  "duration" : 28920000,
  "minutesToFallAsleep" : 0,
  "minutesAsleep" : 452,
  "minutesAwake" : 28,
  "minutesAfterWakeup" : 2,
  "timeInBed" : 482,
  "efficiency" : 94,
  "type" : "classic",
  "infoCode" : 0,
  "logType" : "auto_detected",
  "levels" : {
    "summary" : {
      "restless" : {
        "count" : 10,
        "minutes" : 23
      },
      "awake" : {
        "count" : 3,
        "minutes" : 7
      },
      "asleep" : {
        "count" : 0,
        "minutes" : 452
      }
    },
    "data" : [{
      "dateTime" : "2017-02-21T23:04:00.000",
      "level" : "asleep",
      "seconds" : 540
    },{
      "dateTime" : "2017-02-21T23:13:00.000",
      "level" : "restless",
      "seconds" : 180
    },{
      "dateTime" : "2017-02-21T23:16:00.000",
      "level" : "awake",
      "seconds" : 300
    },{
      "dateTime" : "2017-02-21T23:21:00.000",
      "level" : "restless",
      "seconds" : 60
    },{
      "dateTime" : "2017-02-21T23:22:00.000",
      "level" : "awake",
      "seconds" : 60
    },{
      "dateTime" : "2017-02-21T23:23:00.000",
      "level" : "restless",
      "seconds" : 120
    },{
      "dateTime" : "2017-02-21T23:25:00.000",
      "level" : "asleep",
      "seconds" : 1140
    },{
      "dateTime" : "2017-02-21T23:44:00.000",
      "level" : "restless",
      "seconds" : 60
    },{
      "dateTime" : "2017-02-21T23:45:00.000",
      "level" : "asleep",
      "seconds" : 60
    },{
      "dateTime" : "2017-02-21T23:46:00.000",
      "level" : "restless",
      "seconds" : 420
    },{
      "dateTime" : "2017-02-21T23:53:00.000",
      "level" : "asleep",
      "seconds" : 4980
    },{
      "dateTime" : "2017-02-22T01:16:00.000",
      "level" : "restless",
      "seconds" : 60
    },{
      "dateTime" : "2017-02-22T01:17:00.000",
      "level" : "asleep",
      "seconds" : 10740
    },{
      "dateTime" : "2017-02-22T04:16:00.000",
      "level" : "restless",
      "seconds" : 180
    },{
      "dateTime" : "2017-02-22T04:19:00.000",
      "level" : "asleep",
      "seconds" : 1020
    },{
      "dateTime" : "2017-02-22T04:36:00.000",
      "level" : "restless",
      "seconds" : 60
    },{
      "dateTime" : "2017-02-22T04:37:00.000",
      "level" : "asleep",
      "seconds" : 60
    },{
      "dateTime" : "2017-02-22T04:38:00.000",
      "level" : "restless",
      "seconds" : 120
    },{
      "dateTime" : "2017-02-22T04:40:00.000",
      "level" : "awake",
      "seconds" : 60
    },{
      "dateTime" : "2017-02-22T04:41:00.000",
      "level" : "asleep",
      "seconds" : 8580
    },{
      "dateTime" : "2017-02-22T07:04:00.000",
      "level" : "restless",
      "seconds" : 120
    }]
  },
  "mainSleep" : true
},{
  "logId" : 13851584119,
  "dateOfSleep" : "2017-02-21",
  "startTime" : "2017-02-20T19:47:30.000",
  "endTime" : "2017-02-21T07:05:30.000",
  "duration" : 40680000,
  "minutesToFallAsleep" : 0,
  "minutesAsleep" : 632,
  "minutesAwake" : 46,
  "minutesAfterWakeup" : 0,
  "timeInBed" : 678,
  "efficiency" : 93,
  "type" : "classic",
  "infoCode" : 0,
  "logType" : "auto_detected",
  "levels" : {
    "summary" : {
      "restless" : {
        "count" : 22,
        "minutes" : 39
      },
      "awake" : {
        "count" : 3,
        "minutes" : 7
      },
      "asleep" : {
        "count" : 0,
        "minutes" : 632
      }
    },
    "data" : [{
      "dateTime" : "2017-02-20T19:47:30.000",
      "level" : "restless",
      "seconds" : 180
    },{
      "dateTime" : "2017-02-20T19:50:30.000",
      "level" : "asleep",
      "seconds" : 4560
    },{
      "dateTime" : "2017-02-20T21:06:30.000",
      "level" : "restless",
      "seconds" : 120
    },{
      "dateTime" : "2017-02-20T21:08:30.000",
      "level" : "awake",
      "seconds" : 300
    },{
      "dateTime" : "2017-02-20T21:13:30.000",
      "level" : "restless",
      "seconds" : 60
    },{
      "dateTime" : "2017-02-20T21:14:30.000",
      "level" : "asleep",
      "seconds" : 2280
    },{
      "dateTime" : "2017-02-20T21:52:30.000",
      "level" : "restless",
      "seconds" : 60
    },{
      "dateTime" : "2017-02-20T21:53:30.000",
      "level" : "asleep",
      "seconds" : 480
    },{
      "dateTime" : "2017-02-20T22:01:30.000",
      "level" : "restless",
      "seconds" : 420
    },{
      "dateTime" : "2017-02-20T22:08:30.000",
      "level" : "asleep",
      "seconds" : 120
    },{
      "dateTime" : "2017-02-20T22:10:30.000",
      "level" : "restless",
      "seconds" : 60
    },{
      "dateTime" : "2017-02-20T22:11:30.000",
      "level" : "asleep",
      "seconds" : 540
    },{
      "dateTime" : "2017-02-20T22:20:30.000",
      "level" : "restless",
      "seconds" : 120
    },{
      "dateTime" : "2017-02-20T22:22:30.000",
      "level" : "asleep",
      "seconds" : 420
    },{
      "dateTime" : "2017-02-20T22:29:30.000",
      "level" : "restless",
      "seconds" : 60
    },{
      "dateTime" : "2017-02-20T22:30:30.000",
      "level" : "asleep",
      "seconds" : 120
    },{
      "dateTime" : "2017-02-20T22:32:30.000",
      "level" : "restless",
      "seconds" : 60
    },{
      "dateTime" : "2017-02-20T22:33:30.000",
      "level" : "asleep",
      "seconds" : 240
    },{
      "dateTime" : "2017-02-20T22:37:30.000",
      "level" : "restless",
      "seconds" : 60
    },{
      "dateTime" : "2017-02-20T22:38:30.000",
      "level" : "asleep",
      "seconds" : 60
    },{
      "dateTime" : "2017-02-20T22:39:30.000",
      "level" : "restless",
      "seconds" : 60
    },{
      "dateTime" : "2017-02-20T22:40:30.000",
      "level" : "asleep",
      "seconds" : 1680
    },{
      "dateTime" : "2017-02-20T23:08:30.000",
      "level" : "restless",
      "seconds" : 120
    },{
      "dateTime" : "2017-02-20T23:10:30.000",
      "level" : "awake",
      "seconds" : 60
    },{
      "dateTime" : "2017-02-20T23:11:30.000",
      "level" : "asleep",
      "seconds" : 780
    },{
      "dateTime" : "2017-02-20T23:24:30.000",
      "level" : "restless",
      "seconds" : 60
    },{
      "dateTime" : "2017-02-20T23:25:30.000",
      "level" : "asleep",
      "seconds" : 600
    },{
      "dateTime" : "2017-02-20T23:35:30.000",
      "level" : "restless",
      "seconds" : 180
    },{
      "dateTime" : "2017-02-20T23:38:30.000",
      "level" : "awake",
      "seconds" : 60
    },{
      "dateTime" : "2017-02-20T23:39:30.000",
      "level" : "restless",
      "seconds" : 60
    },{
      "dateTime" : "2017-02-20T23:40:30.000",
      "level" : "asleep",
      "seconds" : 240
    },{
      "dateTime" : "2017-02-20T23:44:30.000",
      "level" : "restless",
      "seconds" : 120
    },{
      "dateTime" : "2017-02-20T23:46:30.000",
      "level" : "asleep",
      "seconds" : 60
    },{
      "dateTime" : "2017-02-20T23:47:30.000",
      "level" : "restless",
      "seconds" : 120
    },{
      "dateTime" : "2017-02-20T23:49:30.000",
      "level" : "asleep",
      "seconds" : 5100
    },{
      "dateTime" : "2017-02-21T01:14:30.000",
      "level" : "restless",
      "seconds" : 60
    },{
      "dateTime" : "2017-02-21T01:15:30.000",
      "level" : "asleep",
      "seconds" : 60
    },{
      "dateTime" : "2017-02-21T01:16:30.000",
      "level" : "restless",
      "seconds" : 120
    },{
      "dateTime" : "2017-02-21T01:18:30.000",
      "level" : "asleep",
      "seconds" : 3240
    },{
      "dateTime" : "2017-02-21T02:12:30.000",
      "level" : "restless",
      "seconds" : 120
    },{
      "dateTime" : "2017-02-21T02:14:30.000",
      "level" : "asleep",
      "seconds" : 4500
    },{
      "dateTime" : "2017-02-21T03:29:30.000",
      "level" : "restless",
      "seconds" : 60
    },{
      "dateTime" : "2017-02-21T03:30:30.000",
      "level" : "asleep",
      "seconds" : 12780
    },{
      "dateTime" : "2017-02-21T07:03:30.000",
      "level" : "restless",
      "seconds" : 60
    },{
      "dateTime" : "2017-02-21T07:04:30.000",
      "level" : "asleep",
      "seconds" : 60
    }]
  },
  "mainSleep" : true
},{
  "logId" : 13842052178,
  "dateOfSleep" : "2017-02-20",
  "startTime" : "2017-02-20T00:31:30.000",
  "endTime" : "2017-02-20T07:33:30.000",
  "duration" : 25320000,
  "minutesToFallAsleep" : 0,
  "minutesAsleep" : 406,
  "minutesAwake" : 12,
  "minutesAfterWakeup" : 4,
  "timeInBed" : 422,
  "efficiency" : 97,
  "type" : "classic",
  "infoCode" : 0,
  "logType" : "auto_detected",
  "levels" : {
    "summary" : {
      "restless" : {
        "count" : 9,
        "minutes" : 13
      },
      "awake" : {
        "count" : 2,
        "minutes" : 3
      },
      "asleep" : {
        "count" : 0,
        "minutes" : 406
      }
    },
    "data" : [{
      "dateTime" : "2017-02-20T00:31:30.000",
      "level" : "awake",
      "seconds" : 60
    },{
      "dateTime" : "2017-02-20T00:32:30.000",
      "level" : "restless",
      "seconds" : 60
    },{
      "dateTime" : "2017-02-20T00:33:30.000",
      "level" : "asleep",
      "seconds" : 7560
    },{
      "dateTime" : "2017-02-20T02:39:30.000",
      "level" : "restless",
      "seconds" : 60
    },{
      "dateTime" : "2017-02-20T02:40:30.000",
      "level" : "asleep",
      "seconds" : 6660
    },{
      "dateTime" : "2017-02-20T04:31:30.000",
      "level" : "restless",
      "seconds" : 120
    },{
      "dateTime" : "2017-02-20T04:33:30.000",
      "level" : "asleep",
      "seconds" : 120
    },{
      "dateTime" : "2017-02-20T04:35:30.000",
      "level" : "restless",
      "seconds" : 60
    },{
      "dateTime" : "2017-02-20T04:36:30.000",
      "level" : "asleep",
      "seconds" : 7020
    },{
      "dateTime" : "2017-02-20T06:33:30.000",
      "level" : "restless",
      "seconds" : 60
    },{
      "dateTime" : "2017-02-20T06:34:30.000",
      "level" : "asleep",
      "seconds" : 1560
    },{
      "dateTime" : "2017-02-20T07:00:30.000",
      "level" : "restless",
      "seconds" : 60
    },{
      "dateTime" : "2017-02-20T07:01:30.000",
      "level" : "asleep",
      "seconds" : 960
    },{
      "dateTime" : "2017-02-20T07:17:30.000",
      "level" : "restless",
      "seconds" : 60
    },{
      "dateTime" : "2017-02-20T07:18:30.000",
      "level" : "asleep",
      "seconds" : 60
    },{
      "dateTime" : "2017-02-20T07:19:30.000",
      "level" : "restless",
      "seconds" : 180
    },{
      "dateTime" : "2017-02-20T07:22:30.000",
      "level" : "asleep",
      "seconds" : 420
    },{
      "dateTime" : "2017-02-20T07:29:30.000",
      "level" : "restless",
      "seconds" : 120
    },{
      "dateTime" : "2017-02-20T07:31:30.000",
      "level" : "awake",
      "seconds" : 120
    }]
  },
  "mainSleep" : true
},{
  "logId" : 13824999499,
  "dateOfSleep" : "2017-02-18",
  "startTime" : "2017-02-18T02:35:00.000",
  "endTime" : "2017-02-18T09:46:30.000",
  "duration" : 25860000,
  "minutesToFallAsleep" : 0,
  "minutesAsleep" : 408,
  "minutesAwake" : 23,
  "minutesAfterWakeup" : 0,
  "timeInBed" : 431,
  "efficiency" : 95,
  "type" : "classic",
  "infoCode" : 0,
  "logType" : "auto_detected",
  "levels" : {
    "summary" : {
      "restless" : {
        "count" : 8,
        "minutes" : 23
      },
      "awake" : {
        "count" : 0,
        "minutes" : 0
      },
      "asleep" : {
        "count" : 0,
        "minutes" : 408
      }
    },
    "data" : [{
      "dateTime" : "2017-02-18T02:35:00.000",
      "level" : "restless",
      "seconds" : 180
    },{
      "dateTime" : "2017-02-18T02:38:00.000",
      "level" : "asleep",
      "seconds" : 60
    },{
      "dateTime" : "2017-02-18T02:39:00.000",
      "level" : "restless",
      "seconds" : 180
    },{
      "dateTime" : "2017-02-18T02:42:00.000",
      "level" : "asleep",
      "seconds" : 60
    },{
      "dateTime" : "2017-02-18T02:43:00.000",
      "level" : "restless",
      "seconds" : 360
    },{
      "dateTime" : "2017-02-18T02:49:00.000",
      "level" : "asleep",
      "seconds" : 2460
    },{
      "dateTime" : "2017-02-18T03:30:00.000",
      "level" : "restless",
      "seconds" : 60
    },{
      "dateTime" : "2017-02-18T03:31:00.000",
      "level" : "asleep",
      "seconds" : 12420
    },{
      "dateTime" : "2017-02-18T06:58:00.000",
      "level" : "restless",
      "seconds" : 120
    },{
      "dateTime" : "2017-02-18T07:00:00.000",
      "level" : "asleep",
      "seconds" : 120
    },{
      "dateTime" : "2017-02-18T07:02:00.000",
      "level" : "restless",
      "seconds" : 60
    },{
      "dateTime" : "2017-02-18T07:03:00.000",
      "level" : "asleep",
      "seconds" : 3060
    },{
      "dateTime" : "2017-02-18T07:54:00.000",
      "level" : "restless",
      "seconds" : 120
    },{
      "dateTime" : "2017-02-18T07:56:00.000",
      "level" : "asleep",
      "seconds" : 5940
    },{
      "dateTime" : "2017-02-18T09:35:00.000",
      "level" : "restless",
      "seconds" : 300
    },{
      "dateTime" : "2017-02-18T09:40:00.000",
      "level" : "asleep",
      "seconds" : 360
    }]
  },
  "mainSleep" : true
},{
  "logId" : 13811816209,
  "dateOfSleep" : "2017-02-17",
  "startTime" : "2017-02-17T00:28:30.000",
  "endTime" : "2017-02-17T07:22:00.000",
  "duration" : 24780000,
  "minutesToFallAsleep" : 0,
  "minutesAsleep" : 395,
  "minutesAwake" : 18,
  "minutesAfterWakeup" : 0,
  "timeInBed" : 413,
  "efficiency" : 96,
  "type" : "classic",
  "infoCode" : 0,
  "logType" : "auto_detected",
  "levels" : {
    "summary" : {
      "restless" : {
        "count" : 8,
        "minutes" : 10
      },
      "awake" : {
        "count" : 2,
        "minutes" : 8
      },
      "asleep" : {
        "count" : 0,
        "minutes" : 395
      }
    },
    "data" : [{
      "dateTime" : "2017-02-17T00:28:30.000",
      "level" : "awake",
      "seconds" : 300
    },{
      "dateTime" : "2017-02-17T00:33:30.000",
      "level" : "restless",
      "seconds" : 60
    },{
      "dateTime" : "2017-02-17T00:34:30.000",
      "level" : "awake",
      "seconds" : 180
    },{
      "dateTime" : "2017-02-17T00:37:30.000",
      "level" : "asleep",
      "seconds" : 9000
    },{
      "dateTime" : "2017-02-17T03:07:30.000",
      "level" : "restless",
      "seconds" : 60
    },{
      "dateTime" : "2017-02-17T03:08:30.000",
      "level" : "asleep",
      "seconds" : 120
    },{
      "dateTime" : "2017-02-17T03:10:30.000",
      "level" : "restless",
      "seconds" : 60
    },{
      "dateTime" : "2017-02-17T03:11:30.000",
      "level" : "asleep",
      "seconds" : 2460
    },{
      "dateTime" : "2017-02-17T03:52:30.000",
      "level" : "restless",
      "seconds" : 60
    },{
      "dateTime" : "2017-02-17T03:53:30.000",
      "level" : "asleep",
      "seconds" : 10740
    },{
      "dateTime" : "2017-02-17T06:52:30.000",
      "level" : "restless",
      "seconds" : 60
    },{
      "dateTime" : "2017-02-17T06:53:30.000",
      "level" : "asleep",
      "seconds" : 360
    },{
      "dateTime" : "2017-02-17T06:59:30.000",
      "level" : "restless",
      "seconds" : 60
    },{
      "dateTime" : "2017-02-17T07:00:30.000",
      "level" : "asleep",
      "seconds" : 180
    },{
      "dateTime" : "2017-02-17T07:03:30.000",
      "level" : "restless",
      "seconds" : 60
    },{
      "dateTime" : "2017-02-17T07:04:30.000",
      "level" : "asleep",
      "seconds" : 600
    },{
      "dateTime" : "2017-02-17T07:14:30.000",
      "level" : "restless",
      "seconds" : 180
    },{
      "dateTime" : "2017-02-17T07:17:30.000",
      "level" : "asleep",
      "seconds" : 240
    }]
  },
  "mainSleep" : true
},{
  "logId" : 13811816208,
  "dateOfSleep" : "2017-02-16",
  "startTime" : "2017-02-15T23:17:30.000",
  "endTime" : "2017-02-16T07:02:00.000",
  "duration" : 27840000,
  "minutesToFallAsleep" : 0,
  "minutesAsleep" : 454,
  "minutesAwake" : 10,
  "minutesAfterWakeup" : 0,
  "timeInBed" : 464,
  "efficiency" : 98,
  "type" : "classic",
  "infoCode" : 0,
  "logType" : "auto_detected",
  "levels" : {
    "summary" : {
      "restless" : {
        "count" : 8,
        "minutes" : 8
      },
      "awake" : {
        "count" : 1,
        "minutes" : 2
      },
      "asleep" : {
        "count" : 0,
        "minutes" : 454
      }
    },
    "data" : [{
      "dateTime" : "2017-02-15T23:17:30.000",
      "level" : "awake",
      "seconds" : 120
    },{
      "dateTime" : "2017-02-15T23:19:30.000",
      "level" : "restless",
      "seconds" : 60
    },{
      "dateTime" : "2017-02-15T23:20:30.000",
      "level" : "asleep",
      "seconds" : 2880
    },{
      "dateTime" : "2017-02-16T00:08:30.000",
      "level" : "restless",
      "seconds" : 60
    },{
      "dateTime" : "2017-02-16T00:09:30.000",
      "level" : "asleep",
      "seconds" : 1980
    },{
      "dateTime" : "2017-02-16T00:42:30.000",
      "level" : "restless",
      "seconds" : 60
    },{
      "dateTime" : "2017-02-16T00:43:30.000",
      "level" : "asleep",
      "seconds" : 4560
    },{
      "dateTime" : "2017-02-16T01:59:30.000",
      "level" : "restless",
      "seconds" : 60
    },{
      "dateTime" : "2017-02-16T02:00:30.000",
      "level" : "asleep",
      "seconds" : 660
    },{
      "dateTime" : "2017-02-16T02:11:30.000",
      "level" : "restless",
      "seconds" : 60
    },{
      "dateTime" : "2017-02-16T02:12:30.000",
      "level" : "asleep",
      "seconds" : 120
    },{
      "dateTime" : "2017-02-16T02:14:30.000",
      "level" : "restless",
      "seconds" : 60
    },{
      "dateTime" : "2017-02-16T02:15:30.000",
      "level" : "asleep",
      "seconds" : 7260
    },{
      "dateTime" : "2017-02-16T04:16:30.000",
      "level" : "restless",
      "seconds" : 60
    },{
      "dateTime" : "2017-02-16T04:17:30.000",
      "level" : "asleep",
      "seconds" : 1800
    },{
      "dateTime" : "2017-02-16T04:47:30.000",
      "level" : "restless",
      "seconds" : 60
    },{
      "dateTime" : "2017-02-16T04:48:30.000",
      "level" : "asleep",
      "seconds" : 7980
    }]
  },
  "mainSleep" : true
},{
  "logId" : 13791070202,
  "dateOfSleep" : "2017-02-15",
  "startTime" : "2017-02-15T00:24:00.000",
  "endTime" : "2017-02-15T07:10:00.000",
  "duration" : 24360000,
  "minutesToFallAsleep" : 0,
  "minutesAsleep" : 402,
  "minutesAwake" : 4,
  "minutesAfterWakeup" : 0,
  "timeInBed" : 406,
  "efficiency" : 99,
  "type" : "classic",
  "infoCode" : 0,
  "logType" : "auto_detected",
  "levels" : {
    "summary" : {
      "restless" : {
        "count" : 3,
        "minutes" : 4
      },
      "awake" : {
        "count" : 0,
        "minutes" : 0
      },
      "asleep" : {
        "count" : 0,
        "minutes" : 402
      }
    },
    "data" : [{
      "dateTime" : "2017-02-15T00:24:00.000",
      "level" : "asleep",
      "seconds" : 60
    },{
      "dateTime" : "2017-02-15T00:25:00.000",
      "level" : "restless",
      "seconds" : 60
    },{
      "dateTime" : "2017-02-15T00:26:00.000",
      "level" : "asleep",
      "seconds" : 6120
    },{
      "dateTime" : "2017-02-15T02:08:00.000",
      "level" : "restless",
      "seconds" : 60
    },{
      "dateTime" : "2017-02-15T02:09:00.000",
      "level" : "asleep",
      "seconds" : 12540
    },{
      "dateTime" : "2017-02-15T05:38:00.000",
      "level" : "restless",
      "seconds" : 120
    },{
      "dateTime" : "2017-02-15T05:40:00.000",
      "level" : "asleep",
      "seconds" : 5400
    }]
  },
  "mainSleep" : true
},{
  "logId" : 13791070201,
  "dateOfSleep" : "2017-02-14",
  "startTime" : "2017-02-14T00:34:00.000",
  "endTime" : "2017-02-14T07:11:00.000",
  "duration" : 23820000,
  "minutesToFallAsleep" : 0,
  "minutesAsleep" : 371,
  "minutesAwake" : 26,
  "minutesAfterWakeup" : 0,
  "timeInBed" : 397,
  "efficiency" : 93,
  "type" : "classic",
  "infoCode" : 0,
  "logType" : "auto_detected",
  "levels" : {
    "summary" : {
      "restless" : {
        "count" : 13,
        "minutes" : 24
      },
      "awake" : {
        "count" : 2,
        "minutes" : 2
      },
      "asleep" : {
        "count" : 0,
        "minutes" : 371
      }
    },
    "data" : [{
      "dateTime" : "2017-02-14T00:34:00.000",
      "level" : "awake",
      "seconds" : 60
    },{
      "dateTime" : "2017-02-14T00:35:00.000",
      "level" : "restless",
      "seconds" : 120
    },{
      "dateTime" : "2017-02-14T00:37:00.000",
      "level" : "asleep",
      "seconds" : 1680
    },{
      "dateTime" : "2017-02-14T01:05:00.000",
      "level" : "restless",
      "seconds" : 60
    },{
      "dateTime" : "2017-02-14T01:06:00.000",
      "level" : "asleep",
      "seconds" : 120
    },{
      "dateTime" : "2017-02-14T01:08:00.000",
      "level" : "restless",
      "seconds" : 60
    },{
      "dateTime" : "2017-02-14T01:09:00.000",
      "level" : "asleep",
      "seconds" : 900
    },{
      "dateTime" : "2017-02-14T01:24:00.000",
      "level" : "restless",
      "seconds" : 60
    },{
      "dateTime" : "2017-02-14T01:25:00.000",
      "level" : "asleep",
      "seconds" : 3060
    },{
      "dateTime" : "2017-02-14T02:16:00.000",
      "level" : "restless",
      "seconds" : 60
    },{
      "dateTime" : "2017-02-14T02:17:00.000",
      "level" : "asleep",
      "seconds" : 780
    },{
      "dateTime" : "2017-02-14T02:30:00.000",
      "level" : "restless",
      "seconds" : 60
    },{
      "dateTime" : "2017-02-14T02:31:00.000",
      "level" : "asleep",
      "seconds" : 5700
    },{
      "dateTime" : "2017-02-14T04:06:00.000",
      "level" : "restless",
      "seconds" : 60
    },{
      "dateTime" : "2017-02-14T04:07:00.000",
      "level" : "asleep",
      "seconds" : 120
    },{
      "dateTime" : "2017-02-14T04:09:00.000",
      "level" : "restless",
      "seconds" : 60
    },{
      "dateTime" : "2017-02-14T04:10:00.000",
      "level" : "asleep",
      "seconds" : 780
    },{
      "dateTime" : "2017-02-14T04:23:00.000",
      "level" : "restless",
      "seconds" : 240
    },{
      "dateTime" : "2017-02-14T04:27:00.000",
      "level" : "asleep",
      "seconds" : 240
    },{
      "dateTime" : "2017-02-14T04:31:00.000",
      "level" : "restless",
      "seconds" : 360
    },{
      "dateTime" : "2017-02-14T04:37:00.000",
      "level" : "awake",
      "seconds" : 60
    },{
      "dateTime" : "2017-02-14T04:38:00.000",
      "level" : "asleep",
      "seconds" : 5100
    },{
      "dateTime" : "2017-02-14T06:03:00.000",
      "level" : "restless",
      "seconds" : 60
    },{
      "dateTime" : "2017-02-14T06:04:00.000",
      "level" : "asleep",
      "seconds" : 660
    },{
      "dateTime" : "2017-02-14T06:15:00.000",
      "level" : "restless",
      "seconds" : 60
    },{
      "dateTime" : "2017-02-14T06:16:00.000",
      "level" : "asleep",
      "seconds" : 2820
    },{
      "dateTime" : "2017-02-14T07:03:00.000",
      "level" : "restless",
      "seconds" : 180
    },{
      "dateTime" : "2017-02-14T07:06:00.000",
      "level" : "asleep",
      "seconds" : 300
    }]
  },
  "mainSleep" : true
},{
  "logId" : 13791070199,
  "dateOfSleep" : "2017-02-13",
  "startTime" : "2017-02-12T23:06:30.000",
  "endTime" : "2017-02-13T07:08:30.000",
  "duration" : 28920000,
  "minutesToFallAsleep" : 0,
  "minutesAsleep" : 474,
  "minutesAwake" : 8,
  "minutesAfterWakeup" : 0,
  "timeInBed" : 482,
  "efficiency" : 98,
  "type" : "classic",
  "infoCode" : 0,
  "logType" : "auto_detected",
  "levels" : {
    "summary" : {
      "restless" : {
        "count" : 6,
        "minutes" : 8
      },
      "awake" : {
        "count" : 0,
        "minutes" : 0
      },
      "asleep" : {
        "count" : 0,
        "minutes" : 474
      }
    },
    "data" : [{
      "dateTime" : "2017-02-12T23:06:30.000",
      "level" : "asleep",
      "seconds" : 120
    },{
      "dateTime" : "2017-02-12T23:08:30.000",
      "level" : "restless",
      "seconds" : 60
    },{
      "dateTime" : "2017-02-12T23:09:30.000",
      "level" : "asleep",
      "seconds" : 7200
    },{
      "dateTime" : "2017-02-13T01:09:30.000",
      "level" : "restless",
      "seconds" : 60
    },{
      "dateTime" : "2017-02-13T01:10:30.000",
      "level" : "asleep",
      "seconds" : 7260
    },{
      "dateTime" : "2017-02-13T03:11:30.000",
      "level" : "restless",
      "seconds" : 120
    },{
      "dateTime" : "2017-02-13T03:13:30.000",
      "level" : "asleep",
      "seconds" : 60
    },{
      "dateTime" : "2017-02-13T03:14:30.000",
      "level" : "restless",
      "seconds" : 60
    },{
      "dateTime" : "2017-02-13T03:15:30.000",
      "level" : "asleep",
      "seconds" : 5280
    },{
      "dateTime" : "2017-02-13T04:43:30.000",
      "level" : "restless",
      "seconds" : 60
    },{
      "dateTime" : "2017-02-13T04:44:30.000",
      "level" : "asleep",
      "seconds" : 8340
    },{
      "dateTime" : "2017-02-13T07:03:30.000",
      "level" : "restless",
      "seconds" : 120
    },{
      "dateTime" : "2017-02-13T07:05:30.000",
      "level" : "asleep",
      "seconds" : 180
    }]
  },
  "mainSleep" : true
},{
  "logId" : 13754691067,
  "dateOfSleep" : "2017-02-11",
  "startTime" : "2017-02-11T13:34:30.000",
  "endTime" : "2017-02-11T15:54:00.000",
  "duration" : 8340000,
  "minutesToFallAsleep" : 0,
  "minutesAsleep" : 136,
  "minutesAwake" : 3,
  "minutesAfterWakeup" : 0,
  "timeInBed" : 139,
  "efficiency" : 98,
  "type" : "classic",
  "infoCode" : 0,
  "logType" : "auto_detected",
  "levels" : {
    "summary" : {
      "restless" : {
        "count" : 2,
        "minutes" : 3
      },
      "awake" : {
        "count" : 0,
        "minutes" : 0
      },
      "asleep" : {
        "count" : 0,
        "minutes" : 136
      }
    },
    "data" : [{
      "dateTime" : "2017-02-11T13:34:30.000",
      "level" : "asleep",
      "seconds" : 900
    },{
      "dateTime" : "2017-02-11T13:49:30.000",
      "level" : "restless",
      "seconds" : 60
    },{
      "dateTime" : "2017-02-11T13:50:30.000",
      "level" : "asleep",
      "seconds" : 60
    },{
      "dateTime" : "2017-02-11T13:51:30.000",
      "level" : "restless",
      "seconds" : 120
    },{
      "dateTime" : "2017-02-11T13:53:30.000",
      "level" : "asleep",
      "seconds" : 7200
    }]
  },
  "mainSleep" : false
},{
  "logId" : 13752560291,
  "dateOfSleep" : "2017-02-11",
  "startTime" : "2017-02-11T02:01:00.000",
  "endTime" : "2017-02-11T08:34:00.000",
  "duration" : 23580000,
  "minutesToFallAsleep" : 0,
  "minutesAsleep" : 382,
  "minutesAwake" : 11,
  "minutesAfterWakeup" : 0,
  "timeInBed" : 393,
  "efficiency" : 97,
  "type" : "classic",
  "infoCode" : 0,
  "logType" : "auto_detected",
  "levels" : {
    "summary" : {
      "restless" : {
        "count" : 5,
        "minutes" : 10
      },
      "awake" : {
        "count" : 1,
        "minutes" : 1
      },
      "asleep" : {
        "count" : 0,
        "minutes" : 382
      }
    },
    "data" : [{
      "dateTime" : "2017-02-11T02:01:00.000",
      "level" : "awake",
      "seconds" : 60
    },{
      "dateTime" : "2017-02-11T02:02:00.000",
      "level" : "restless",
      "seconds" : 120
    },{
      "dateTime" : "2017-02-11T02:04:00.000",
      "level" : "asleep",
      "seconds" : 60
    },{
      "dateTime" : "2017-02-11T02:05:00.000",
      "level" : "restless",
      "seconds" : 240
    },{
      "dateTime" : "2017-02-11T02:09:00.000",
      "level" : "asleep",
      "seconds" : 13980
    },{
      "dateTime" : "2017-02-11T06:02:00.000",
      "level" : "restless",
      "seconds" : 60
    },{
      "dateTime" : "2017-02-11T06:03:00.000",
      "level" : "asleep",
      "seconds" : 1260
    },{
      "dateTime" : "2017-02-11T06:24:00.000",
      "level" : "restless",
      "seconds" : 120
    },{
      "dateTime" : "2017-02-11T06:26:00.000",
      "level" : "asleep",
      "seconds" : 4200
    },{
      "dateTime" : "2017-02-11T07:36:00.000",
      "level" : "restless",
      "seconds" : 60
    },{
      "dateTime" : "2017-02-11T07:37:00.000",
      "level" : "asleep",
      "seconds" : 3420
    }]
  },
  "mainSleep" : true
},{
  "logId" : 13742672773,
  "dateOfSleep" : "2017-02-10",
  "startTime" : "2017-02-09T23:17:30.000",
  "endTime" : "2017-02-10T07:06:30.000",
  "duration" : 28140000,
  "minutesToFallAsleep" : 0,
  "minutesAsleep" : 453,
  "minutesAwake" : 16,
  "minutesAfterWakeup" : 0,
  "timeInBed" : 469,
  "efficiency" : 97,
  "type" : "classic",
  "infoCode" : 0,
  "logType" : "auto_detected",
  "levels" : {
    "summary" : {
      "restless" : {
        "count" : 7,
        "minutes" : 13
      },
      "awake" : {
        "count" : 1,
        "minutes" : 3
      },
      "asleep" : {
        "count" : 0,
        "minutes" : 453
      }
    },
    "data" : [{
      "dateTime" : "2017-02-09T23:17:30.000",
      "level" : "awake",
      "seconds" : 180
    },{
      "dateTime" : "2017-02-09T23:20:30.000",
      "level" : "restless",
      "seconds" : 120
    },{
      "dateTime" : "2017-02-09T23:22:30.000",
      "level" : "asleep",
      "seconds" : 3120
    },{
      "dateTime" : "2017-02-10T00:14:30.000",
      "level" : "restless",
      "seconds" : 60
    },{
      "dateTime" : "2017-02-10T00:15:30.000",
      "level" : "asleep",
      "seconds" : 4560
    },{
      "dateTime" : "2017-02-10T01:31:30.000",
      "level" : "restless",
      "seconds" : 120
    },{
      "dateTime" : "2017-02-10T01:33:30.000",
      "level" : "asleep",
      "seconds" : 4140
    },{
      "dateTime" : "2017-02-10T02:42:30.000",
      "level" : "restless",
      "seconds" : 120
    },{
      "dateTime" : "2017-02-10T02:44:30.000",
      "level" : "asleep",
      "seconds" : 60
    },{
      "dateTime" : "2017-02-10T02:45:30.000",
      "level" : "restless",
      "seconds" : 120
    },{
      "dateTime" : "2017-02-10T02:47:30.000",
      "level" : "asleep",
      "seconds" : 13740
    },{
      "dateTime" : "2017-02-10T06:36:30.000",
      "level" : "restless",
      "seconds" : 60
    },{
      "dateTime" : "2017-02-10T06:37:30.000",
      "level" : "asleep",
      "seconds" : 1440
    },{
      "dateTime" : "2017-02-10T07:01:30.000",
      "level" : "restless",
      "seconds" : 180
    },{
      "dateTime" : "2017-02-10T07:04:30.000",
      "level" : "asleep",
      "seconds" : 120
    }]
  },
  "mainSleep" : true
},{
  "logId" : 13732510695,
  "dateOfSleep" : "2017-02-09",
  "startTime" : "2017-02-08T22:23:00.000",
  "endTime" : "2017-02-09T07:02:00.000",
  "duration" : 31140000,
  "minutesToFallAsleep" : 0,
  "minutesAsleep" : 471,
  "minutesAwake" : 48,
  "minutesAfterWakeup" : 0,
  "timeInBed" : 519,
  "efficiency" : 91,
  "type" : "classic",
  "infoCode" : 0,
  "logType" : "auto_detected",
  "levels" : {
    "summary" : {
      "restless" : {
        "count" : 19,
        "minutes" : 40
      },
      "awake" : {
        "count" : 3,
        "minutes" : 8
      },
      "asleep" : {
        "count" : 0,
        "minutes" : 471
      }
    },
    "data" : [{
      "dateTime" : "2017-02-08T22:23:00.000",
      "level" : "restless",
      "seconds" : 420
    },{
      "dateTime" : "2017-02-08T22:30:00.000",
      "level" : "awake",
      "seconds" : 300
    },{
      "dateTime" : "2017-02-08T22:35:00.000",
      "level" : "restless",
      "seconds" : 60
    },{
      "dateTime" : "2017-02-08T22:36:00.000",
      "level" : "asleep",
      "seconds" : 180
    },{
      "dateTime" : "2017-02-08T22:39:00.000",
      "level" : "restless",
      "seconds" : 120
    },{
      "dateTime" : "2017-02-08T22:41:00.000",
      "level" : "asleep",
      "seconds" : 60
    },{
      "dateTime" : "2017-02-08T22:42:00.000",
      "level" : "restless",
      "seconds" : 60
    },{
      "dateTime" : "2017-02-08T22:43:00.000",
      "level" : "asleep",
      "seconds" : 960
    },{
      "dateTime" : "2017-02-08T22:59:00.000",
      "level" : "restless",
      "seconds" : 120
    },{
      "dateTime" : "2017-02-08T23:01:00.000",
      "level" : "awake",
      "seconds" : 120
    },{
      "dateTime" : "2017-02-08T23:03:00.000",
      "level" : "restless",
      "seconds" : 120
    },{
      "dateTime" : "2017-02-08T23:05:00.000",
      "level" : "asleep",
      "seconds" : 300
    },{
      "dateTime" : "2017-02-08T23:10:00.000",
      "level" : "restless",
      "seconds" : 120
    },{
      "dateTime" : "2017-02-08T23:12:00.000",
      "level" : "asleep",
      "seconds" : 120
    },{
      "dateTime" : "2017-02-08T23:14:00.000",
      "level" : "restless",
      "seconds" : 60
    },{
      "dateTime" : "2017-02-08T23:15:00.000",
      "level" : "asleep",
      "seconds" : 720
    },{
      "dateTime" : "2017-02-08T23:27:00.000",
      "level" : "restless",
      "seconds" : 120
    },{
      "dateTime" : "2017-02-08T23:29:00.000",
      "level" : "asleep",
      "seconds" : 60
    },{
      "dateTime" : "2017-02-08T23:30:00.000",
      "level" : "restless",
      "seconds" : 60
    },{
      "dateTime" : "2017-02-08T23:31:00.000",
      "level" : "asleep",
      "seconds" : 120
    },{
      "dateTime" : "2017-02-08T23:33:00.000",
      "level" : "restless",
      "seconds" : 600
    },{
      "dateTime" : "2017-02-08T23:43:00.000",
      "level" : "awake",
      "seconds" : 60
    },{
      "dateTime" : "2017-02-08T23:44:00.000",
      "level" : "restless",
      "seconds" : 60
    },{
      "dateTime" : "2017-02-08T23:45:00.000",
      "level" : "asleep",
      "seconds" : 2400
    },{
      "dateTime" : "2017-02-09T00:25:00.000",
      "level" : "restless",
      "seconds" : 60
    },{
      "dateTime" : "2017-02-09T00:26:00.000",
      "level" : "asleep",
      "seconds" : 2940
    },{
      "dateTime" : "2017-02-09T01:15:00.000",
      "level" : "restless",
      "seconds" : 120
    },{
      "dateTime" : "2017-02-09T01:17:00.000",
      "level" : "asleep",
      "seconds" : 60
    },{
      "dateTime" : "2017-02-09T01:18:00.000",
      "level" : "restless",
      "seconds" : 60
    },{
      "dateTime" : "2017-02-09T01:19:00.000",
      "level" : "asleep",
      "seconds" : 2820
    },{
      "dateTime" : "2017-02-09T02:06:00.000",
      "level" : "restless",
      "seconds" : 60
    },{
      "dateTime" : "2017-02-09T02:07:00.000",
      "level" : "asleep",
      "seconds" : 5160
    },{
      "dateTime" : "2017-02-09T03:33:00.000",
      "level" : "restless",
      "seconds" : 60
    },{
      "dateTime" : "2017-02-09T03:34:00.000",
      "level" : "asleep",
      "seconds" : 8160
    },{
      "dateTime" : "2017-02-09T05:50:00.000",
      "level" : "restless",
      "seconds" : 60
    },{
      "dateTime" : "2017-02-09T05:51:00.000",
      "level" : "asleep",
      "seconds" : 120
    },{
      "dateTime" : "2017-02-09T05:53:00.000",
      "level" : "restless",
      "seconds" : 60
    },{
      "dateTime" : "2017-02-09T05:54:00.000",
      "level" : "asleep",
      "seconds" : 4080
    }]
  },
  "mainSleep" : true
},{
  "logId" : 13721672473,
  "dateOfSleep" : "2017-02-08",
  "startTime" : "2017-02-08T01:41:00.000",
  "endTime" : "2017-02-08T06:59:30.000",
  "duration" : 19080000,
  "minutesToFallAsleep" : 0,
  "minutesAsleep" : 308,
  "minutesAwake" : 10,
  "minutesAfterWakeup" : 0,
  "timeInBed" : 318,
  "efficiency" : 97,
  "type" : "classic",
  "infoCode" : 0,
  "logType" : "auto_detected",
  "levels" : {
    "summary" : {
      "restless" : {
        "count" : 3,
        "minutes" : 4
      },
      "awake" : {
        "count" : 1,
        "minutes" : 6
      },
      "asleep" : {
        "count" : 0,
        "minutes" : 308
      }
    },
    "data" : [{
      "dateTime" : "2017-02-08T01:41:00.000",
      "level" : "awake",
      "seconds" : 360
    },{
      "dateTime" : "2017-02-08T01:47:00.000",
      "level" : "restless",
      "seconds" : 60
    },{
      "dateTime" : "2017-02-08T01:48:00.000",
      "level" : "asleep",
      "seconds" : 1380
    },{
      "dateTime" : "2017-02-08T02:11:00.000",
      "level" : "restless",
      "seconds" : 60
    },{
      "dateTime" : "2017-02-08T02:12:00.000",
      "level" : "asleep",
      "seconds" : 7980
    },{
      "dateTime" : "2017-02-08T04:25:00.000",
      "level" : "restless",
      "seconds" : 120
    },{
      "dateTime" : "2017-02-08T04:27:00.000",
      "level" : "asleep",
      "seconds" : 9120
    }]
  },
  "mainSleep" : true
}]